id,title,description,publishTime,kind_stats,duration_seconds,viewCount,likeCount,commentCount,contentDetails.duration,contentDetails.dimension
nAiKLoCP-kU,"Reach the Money, Win $10,000",,2025-02-14 18:15:00+00:00,youtube#video,25,507982357.0,7832383.0,10183.0,PT25S,2d
8krJy31Diow,Holding Bigger And Bigger Dogs,,2024-09-16 18:00:00+00:00,youtube#video,17,337368731.0,8147667.0,10661.0,PT17S,2d
8bTQMDM4qvY,"Spot The Fake Animal For $10,000",,2024-07-19 16:00:00+00:00,youtube#video,40,630333749.0,17226333.0,29307.0,PT40S,2d
SWc8fI_9iqA,Ronaldo Teaches Me How To SIUU,,2024-12-01 17:00:00+00:00,youtube#video,15,358678223.0,9435226.0,36312.0,PT15S,2d
R_BmT1OJw98,Every YouTube Play Button I Have,,2025-08-15 16:00:01+00:00,youtube#video,15,219472125.0,3326622.0,19983.0,PT15S,2d
CWbV3NItSdY,The World&#39;s Fastest Cleaners,,2024-04-25 16:00:03+00:00,youtube#video,35,714704219.0,26452610.0,43624.0,PT35S,2d
IemzxkkzI5s,I Tipped A Pizza Delivery Driver A Car,,2023-10-12 17:30:03+00:00,youtube#video,52,681691296.0,26672724.0,35135.0,PT52S,2d
oiZvK6MY7tI,"Call Your Ex, Win $10,000",,2025-10-07 16:00:00+00:00,youtube#video,34,100673121.0,2645356.0,9732.0,PT34S,2d
c0v8OPItCOg,"$100,000,000 Bathroom",,2023-10-17 17:00:00+00:00,youtube#video,50,365659431.0,12727207.0,23267.0,PT50S,2d
yhB3BgJyGl8,7 Days Stranded At Sea,Launch a store on Shopify right now https://shopify.com/mrbeast ad shopifypartner Go get your free box of Feastables while ...,2023-08-05 16:00:01+00:00,youtube#video,1085,413876615.0,8286033.0,127551.0,PT18M5S,2d
7IKab3HcfFk,I Survived 50 Hours In Antarctica,Check out my interview! http://bit.ly/Shopify-Behind-Beast shopifypartner Thank you to ALE https://antarctic-logistics.com/ Stream ...,2022-12-24 20:59:59+00:00,youtube#video,730,253852698.0,5829134.0,142929.0,PT12M10S,2d
Hwybp38GnZw,I Built Willy Wonka&#39;s Chocolate Factory!,MILK Chocolate Win a Tesla or be in a MrBeast video - Buy now ▸ https://feastables.com SUBSCRIBE TO GORDON!,2022-06-04 20:00:02+00:00,youtube#video,971,370487069.0,6925330.0,155663.0,PT16M11S,2d
gar4U3n-ILY,Guess What Age Punched You,,2026-02-09 17:00:00+00:00,youtube#video,37,125113627.0,2384311.0,17584.0,PT37S,2d
h5NvTTOlOtI,Hydraulic Press Vs Lamborghini,Hello Neighbor 2 is out now on PC & Consoles! It's time to find out what your creepy Neighbors are hiding.,2022-12-10 21:00:01+00:00,youtube#video,625,266002002.0,5791199.0,124219.0,PT10M25S,2d
vp5sSqyZ5Go,I Filled My Brother’s House With Slime &amp; Bought Him A New One,I did not expect that to happen..... New Merch - https://mrbeast.store Check out Viewstats! - https://www.viewstats.com/ My Brothers ...,2020-10-10 20:00:31+00:00,youtube#video,565,259656374.0,4123270.0,115913.0,PT9M25S,2d
TQHEJj68Jew,I Got Hunted By A Real Bounty Hunter,New Merch - https://mrbeast.store Check out Viewstats! - https://www.viewstats.com/ SUBSCRIBE OR I TAKE YOUR DOG ...,2021-04-24 20:00:00+00:00,youtube#video,808,236568965.0,4365883.0,119911.0,PT13M28S,2d
iogcY_4xGjo,"$1 vs $1,000,000 Hotel Room!",The hotel at the end is worth the wait! Download the Experian App: https://smart.link/n3op1gefxlzjn or Visit Experian.com/Boost.,2022-10-22 21:00:00+00:00,youtube#video,941,424951967.0,7496932.0,114286.0,PT15M41S,2d
26QQE7EsnLA,MrBeast Lab Disaster!,,2025-11-03 17:00:01+00:00,youtube#video,67,33099757.0,1282994.0,16319.0,PT1M7S,2d
kX3nB4PpJko,"Last To Take Hand Off Jet, Keeps It!",Close this and watch to the end to see who wins! New Merch - https://mrbeast.store Check out Viewstats!,2022-11-12 21:00:00+00:00,youtube#video,937,245309990.0,4944058.0,99917.0,PT15M37S,2d
nM89Wl03Q4g,I Survived 50 Hours In A Maximum Security Prison,I can't believe this prison let me do this lol New Merch - https://mrbeast.store Check out Viewstats! - https://www.viewstats.com/ ...,2021-06-26 20:00:02+00:00,youtube#video,754,295462413.0,4455062.0,98687.0,PT12M34S,2d
K_CbgLpvH9E,I Spent 7 Days In Solitary Confinement,I started going insane at the end of this challenge Bet you can't guess MrBeast's favorite flavor - find out & get one for FREE at ...,2023-12-30 17:00:03+00:00,youtube#video,1216,276017144.0,5449703.0,83802.0,PT20M16S,2d
XbaZ45LVzzM,Surprising My Fiancée With A Chocolate Heart,,2026-02-12 17:00:01+00:00,youtube#video,37,47762999.0,1370891.0,11353.0,PT37S,2d
anFxsa5jXrE,"I Searched 100 Dumpsters, Here&#39;s What I Found",YOU WON'T BELIEVE WHAT WE FOUND! LOL New Merch - https://mrbeast.store Check out Viewstats!,2019-10-12 20:10:01+00:00,youtube#video,1029,233580762.0,3200805.0,57080.0,PT17M9S,2d
9WEQts7b8Pw,"Ages 1 - 100 Race For $250,000!",Watching 100 people from every age compete was absolute chaos lol This Sunday you could win $1000000 worth of prizes on ...,2026-02-07 17:00:01+00:00,youtube#video,1411,54301092.0,1269388.0,65628.0,PT23M31S,2d
sF5LYGgKbUA,Every Minute One Person Is Eliminated,Watch Beast Games now on Prime Video: https://linktr.ee/beastgames AmazonPrimePartner ad New Merch - https://mrbeast.store ...,2025-01-25 17:00:01+00:00,youtube#video,2086,159283898.0,3129699.0,76139.0,PT34M46S,2d
TOcGSwJBPMQ,I Spent 24 Hours Straight At Area 51,YOU WON'T BELIEVE WHAT WE FOUND OUT!!!!!! New Merch - https://mrbeast.store Check out Viewstats!,2019-08-02 21:00:01+00:00,youtube#video,915,195738465.0,4004939.0,99818.0,PT15M15S,2d
7ESeQBeikKs,"Protect $500,000 Keep It!",He spent so much money lol Grow your money with the Mighty Oak debit card from Acorns. Sign up at ...,2024-01-13 17:00:00+00:00,youtube#video,934,191049867.0,4796715.0,70335.0,PT15M34S,2d
OAbP-V6fEVc,I Broke Into A House,His reaction was hilarious New Merch - https://mrbeast.store Check out Viewstats! - https://www.viewstats.com/ SUBSCRIBE OR I ...,2020-06-25 20:00:00+00:00,youtube#video,842,210078986.0,3965094.0,197708.0,PT14M2S,2d
Xj0Jtjg3lHQ,"$1 vs $500,000 Experiences!","I didn't know some of these were possible MrBeast Lab Swarms are flying off the shelves! Grab yours now at Walmart, Target, ...",2024-11-02 16:00:00+00:00,youtube#video,1060,270605478.0,5099237.0,56229.0,PT17M40S,2d
WcwGleN38zE,"Extreme $100,000 Game of Tag!",I cant believe he actually won.. New Merch - https://mrbeast.store Check out Viewstats! - https://www.viewstats.com/ SUBSCRIBE ...,2021-04-17 20:00:00+00:00,youtube#video,999,269835910.0,4007180.0,116279.0,PT16M39S,2d
3ryID_SwU5E,"$1 vs $100,000,000 House!",I can't believe how expensive the last house is In case you want to buy the $139000000 House...,2023-10-14 16:00:00+00:00,youtube#video,1023,409167477.0,6424618.0,134827.0,PT17M3S,2d
Ooke4YZv8Ts,Surviving 24 Hours Straight In A Desert,WE WENT TO A DESERT AND SPENT 24 HOURS IN IT New Merch - https://mrbeast.store Check out Viewstats!,2019-03-16 20:05:00+00:00,youtube#video,844,187717977.0,3412202.0,96506.0,PT14M4S,2d
_qAJMXfL6o0,"Would You Rather Have $100,000 OR This Mystery Key?","Honestly, this is probably the most ive spent on a video so please subscribe New Merch - https://mrbeast.store Check out ...",2020-06-13 20:00:01+00:00,youtube#video,1075,282863578.0,4248221.0,121074.0,PT17M55S,2d
tQ4m4zD7BBA,"Last To Fall Wins $1,000,000 (Part 1)",BUY MY MERCH!! - https://mrbeast.store FOLLOW MY INSTAGRAM!! - https://www.instagram.com/mrbeast Check out Viewstats!,2019-11-14 21:00:31+00:00,youtube#video,1017,169624656.0,3170391.0,56655.0,PT16M57S,2d
YQDDm9HLkV4,I Adopted EVERY Dog In A Dog Shelter,"This is my favorite video i have ever made, it took me 9 months to film. PLEASE DONATE HERE: https://furkids.org/donation/ New ...",2020-07-23 20:00:11+00:00,youtube#video,964,277526210.0,5005146.0,207134.0,PT16M4S,2d
00NgUctWoLQ,"Extreme $1,000,000 Hide And Seek",I didn't expect that to happen at the end I was so confused haha ...,2021-12-18 21:00:00+00:00,youtube#video,729,110477301.0,3652397.0,116568.0,PT12M9S,2d
YSoJPA8-oHc,If You Click This Video I&#39;ll Give My Friend .001$,Make sure you watch this video a bunch! New Merch - https://mrbeast.store Check out Viewstats! - https://www.viewstats.com/ ...,2020-05-23 21:01:02+00:00,youtube#video,1041,228381119.0,7544229.0,168828.0,PT17M21S,2d
ZFoNBxpXen4,"Survive 30 Days Trapped In The Sky, Win $250,000","You won't believe how much they struggled to stay up there Special thanks to my friends at Starbucks, find your local coffeehouse ...",2025-12-20 17:00:01+00:00,youtube#video,2246,140328351.0,2507026.0,100193.0,PT37M26S,2d
TDv56whosPQ,"Survive 100 Days In Prison, Win $500,000",I did not expect them to do that lol Get your hands on the new MrBeast Lab Hybrids here: ...,2025-08-16 19:00:02+00:00,youtube#video,2376,143377963.0,3032299.0,42296.0,PT39M36S,2d
94A-bsumX9A,How Much Youtube Money Do I Make???,"Have you ever wondered how much money big youtubers make off of youtube? Well, if so you can just compare the stats from this ...",2015-08-03 02:19:22+00:00,youtube#video,148,454543.0,10547.0,684.0,PT2M28S,2d
JgJrQnDIRgg,"First to Answer the Phone, Wins $10,000",,2025-10-17 16:00:00+00:00,youtube#video,46,61550991.0,1877498.0,9359.0,PT46S,2d
HISfrcjiNPM,I Surprised 50 Make-A-Wish Kids With Disneyland,,2025-11-21 19:40:01+00:00,youtube#video,29,37498797.0,914884.0,12142.0,PT29S,2d
bn0Kh9c4Zv4,7 Days Exploring An Underground City,"This salt mine is the coolest underground city I've ever seen Get Zaxbys MrBeast Box while you still can - Chicken Fingerz™, ...",2024-10-12 16:00:00+00:00,youtube#video,1235,173701354.0,3724195.0,34277.0,PT20M35S,2d
Rj_vssRaZlQ,I Ate The World’s Largest Slice Of Pizza,This slice of pizza was expensive... New Merch - https://mrbeast.store Check out Viewstats! - https://www.viewstats.com/ ...,2020-08-01 20:00:02+00:00,youtube#video,483,327185372.0,4891425.0,137296.0,PT8M3S,2d
_sBRk9ADpK8,"Flip a Coin, Win $30,000",,2026-01-27 17:00:03+00:00,youtube#video,47,196728839.0,3631320.0,19568.0,PT47S,2d
3OFj6l2tQ9s,World&#39;s Most Dangerous Trap!,I can't believe how crazy the last room is Grab my FREE Jail Time Jimmy skin when you download Stumble Guys! Jump into the ...,2023-10-07 16:00:00+00:00,youtube#video,1174,337402181.0,6696244.0,149463.0,PT19M34S,2d
KkCXLABwHP0,I Built 100 Houses And Gave Them Away!,Thank you for making this video possible Techo: https://techo.org/ FFTP: https://foodforthepoor.org/housing-jamaica/ New Story: ...,2024-06-29 16:00:00+00:00,youtube#video,576,241882719.0,7905641.0,291445.0,PT9M36S,2d
kNLr-cduzuo,Wait... Was He Famous?,,2026-01-25 20:00:01+00:00,youtube#video,14,87227596.0,2319016.0,22550.0,PT14S,2d
0IJulOmiz28,Ages 1-100 Try Lunchly,,2026-01-20 17:00:02+00:00,youtube#video,40,12018134.0,457444.0,14754.0,PT40S,2d
pAnGwRiQ4-4,"$1 vs $1,000,000,000 Futuristic Tech!",This video made me truly realize how awesome the future is going to be Shopify technology made it possible for way more people ...,2026-01-24 17:00:01+00:00,youtube#video,1384,85278481.0,2360114.0,74560.0,PT23M4S,2d
KrLj6nc516A,"$1 vs $100,000,000 Car!",I have no idea why the last car was so expensive See how cool the Samsung Galaxy Z Flip5 is for yourself: ...,2023-09-16 16:00:01+00:00,youtube#video,988,530975549.0,8003111.0,156023.0,PT16M28S,2d
aRcUVhVlSHg,"Men Vs Women Survive In The Wilderness For $500,000","Some of these strategies were wild! Wet things clean better than dry things, so ditch the toilet paper and get confidently clean with ...",2024-09-07 16:00:00+00:00,youtube#video,1908,221209328.0,4350488.0,53202.0,PT31M48S,2d
QxGVgXf_LNk,"Going Through The Same Drive Thru 1,000 Times",I can't believe we did this lol New Merch - https://mrbeast.store Check out Viewstats! - https://www.viewstats.com/ SUBSCRIBE OR ...,2019-10-05 20:00:08+00:00,youtube#video,938,313420208.0,5227246.0,132026.0,PT15M38S,2d
pzBi1nwDn8U,"Survive 100 Days Trapped In A Private Jet, Keep It","Spending that much time in a jet is crazy 10 people will win $10000 thanks to DoorDash. Enter promo code JET on any grocery, ...",2025-07-19 16:00:01+00:00,youtube#video,1983,138218018.0,3435981.0,45842.0,PT33M3S,2d
gHzuabZUd6c,"Survive 100 Days In Circle, Win $500,000",New Merch - https://mrbeast.store Check out Viewstats! - https://www.viewstats.com/ SUBSCRIBE OR I TAKE YOUR DOG ...,2022-09-24 19:59:59+00:00,youtube#video,1030,395875476.0,6299950.0,100477.0,PT17M10S,2d
r7zJ8srwwjk,I Spent 50 Hours In Solitary Confinement,i borderline went crazy about 30 hours in... New Merch - https://mrbeast.store Check out Viewstats! - https://www.viewstats.com/ ...,2020-05-30 20:10:08+00:00,youtube#video,952,340681299.0,5097180.0,116634.0,PT15M52S,2d
zajUgQLviwk,"Last to Leave Their Circle Wins $500,000",Seeing these past contestants battle it out for $500000 was wild Launch a store on Shopify and I'll buy from 100 random stores ...,2025-03-01 17:00:01+00:00,youtube#video,2318,193916009.0,3077426.0,83718.0,PT38M38S,2d
Z4hVGCWH1Kc,"2,000,000 People Get Clean Water For The First Time!",will provide 1 person with clean water for a year Thanks to Shopify for supporting our mission to raise $40000000 for clean water ...,2025-08-01 16:00:01+00:00,youtube#video,620,93114260.0,2361830.0,46030.0,PT10M20S,2d
pe_ejTiIcSs,"Lose 100 LBs, Win $250,000!",Go start the business you've been dreaming of and visit https://www.Shopify.com/MrBeast to start your trial now. ad shopify **In ...,2025-06-21 16:00:01+00:00,youtube#video,2210,226543330.0,6610320.0,108912.0,PT36M50S,2d
hD1YtmKXNb4,"$10,000 Every Day You Survive Prison",SUBSCRIBE IN THE NEXT 7 DAYS FOR A CHANCE TO WIN $10000! New Merch - https://mrbeast.store Check out Viewstats!,2022-04-09 20:00:00+00:00,youtube#video,839,245170147.0,5626251.0,127574.0,PT13M59S,2d
vaIgyRoUkQI,I Didn’t Eat Food For 30 Days,This was one of my hardest videos. I went as long as possible not eating any food. New Chocolate - https://feastables.com/ Check ...,2022-07-02 20:00:02+00:00,youtube#video,784,126956970.0,4291218.0,105838.0,PT13M4S,2d
oBXSvS2QKxU,100 Kids Vs World&#39;s Strongest Man!,No one could have predicted that outcome at the end lol Feastables launched a new variety bag in Costco just in time for ...,2025-10-11 16:00:00+00:00,youtube#video,1641,149677247.0,2720143.0,50470.0,PT27M21S,2d
wSh8fAFWEWs,Survivor vs Beast Games,,2026-01-16 19:00:01+00:00,youtube#video,28,19946584.0,584956.0,11619.0,PT28S,2d
3GNyw4uaAqU,Subscribe for an iPhone,"NO PURCHASE NECESSARY TO ENTER OR WIN. Takes place from 12:00 p.m. ET on January 13, 2026 through 11:59 a.m. ET ...",2026-01-13 19:00:04+00:00,youtube#video,15,311583278.0,3237626.0,111718.0,PT15S,2d
Wdjh81uH6FU,"$1 vs $10,000,000 Job!","I can't believe they actually hired me lol Try Immortals of Aveum today with a free trial for Playstation 5 and Xbox Series X|S, and a ...",2023-11-25 17:00:00+00:00,youtube#video,939,303268895.0,4852379.0,62426.0,PT15M39S,2d
hTSaweR8qMI,"$1 vs $500,000 Date",Experiencing all of this was incredible Buy Feastables! It tastes amazing and it's ethically sourced https://fstbls.com/5mj6dv ad ...,2025-06-07 16:00:00+00:00,youtube#video,1042,161537167.0,3444112.0,60858.0,PT17M22S,2d
ooAwCOP67GQ,Do Pawnshops Scam You?,,2023-06-03 16:59:57+00:00,youtube#video,33,431513839.0,16502032.0,25628.0,PT33S,2d
V6In4tmd-w8,"$1 vs $25,000 VFX",Huge thanks to every VFX artist that made this happen! $1 - @HelloXRyan $1000 - @scottconveryvfx $10000 - @krimium. $25000 ...,2025-06-19 17:00:41+00:00,youtube#video,23,101738071.0,2433234.0,13353.0,PT23S,2d
ywIcdSNJolo,Pass the Phone,,2026-01-09 19:00:05+00:00,youtube#video,23,46634348.0,1246918.0,10146.0,PT23S,2d
NDsO1LT_0lw,I Spent 100 Hours Inside The Pyramids!,I can't believe we were allowed to do this Season 2 of swarms is out now! You can even find a Gold Swarm worth $10000!,2025-02-08 17:00:00+00:00,youtube#video,1303,223974342.0,5338791.0,100594.0,PT21M43S,2d
gs8qfL9PNac,"2,000 People Fight For $5,000,000",Watch Beast Games now on Prime Video: https://linktr.ee/beastgames AmazonPrimePartner Thank you to @MoneyLion for ...,2024-12-19 17:00:00+00:00,youtube#video,1485,193085605.0,4615942.0,50984.0,PT24M45S,2d
Ah_uuTwGOYU,World&#39;s Strongest Man Vs Robot,You won't believe what happened in the final challenge Unlock the power of fusion and get your own unique MrBeast Lab Hybrid ...,2025-11-22 17:00:01+00:00,youtube#video,1104,92894697.0,1791765.0,63331.0,PT18M24S,2d
QJI0an6irrA,"30 Celebrities Fight For $1,000,000!","I was not prepared for how intense that ending was Beast Games 2: Strong vs Smart is live now on Prime Video, go watch it right ...",2026-01-07 20:00:09+00:00,youtube#video,2518,83371521.0,2132818.0,95591.0,PT41M58S,2d
mktYW177p6U,Guess the Animal,,2026-01-06 17:00:02+00:00,youtube#video,53,206081270.0,3629016.0,14045.0,PT53S,2d
zo7i8VTpfNM,"Would You Risk Dying For $500,000?",i cant believe he did that at the end Jack Link's x MrBeast beef sticks have arrived! Click and go get yours now ...,2025-09-27 16:00:04+00:00,youtube#video,1526,112888461.0,2172544.0,30760.0,PT25M26S,2d
3RmOvxilbPM,100 People Vs World’s Biggest Trap!,The traps got crazier and crazier that i didnt really expect what happened by the end lol See how we use Slack to plan every ...,2025-11-08 17:00:00+00:00,youtube#video,1843,97895386.0,1843175.0,82445.0,PT30M43S,2d
UPrkC1LdlLY,"Survive 100 Days In Nuclear Bunker, Win $500,000","This video was really fun to make, I hope you enjoy it :) Download Monster Hunter Now and take on my hunting challenge ...",2024-08-03 16:00:00+00:00,youtube#video,1941,342725550.0,6181544.0,87401.0,PT32M21S,2d
0BjlBnfHcHM,"Beat Ronaldo, Win $1,000,000",I still can't believe we got all of these athletes for this Thanks Yahoo Sports for sponsoring. Enter for a chance to meet me at one of ...,2024-11-30 17:00:00+00:00,youtube#video,1365,344047337.0,8184795.0,118836.0,PT22M45S,2d
KOEfDvr4DcQ,"Face Your Biggest Fear To Win $800,000",I can't believe how far he got Face your fears and start your business on Shopify right now https://shopify.com/mrbeast ad ...,2024-02-10 17:00:00+00:00,youtube#video,1323,366842935.0,6642895.0,226397.0,PT22M3S,2d
D9lVNzyhYnc,Surviving 24 Hours Straight In The Bermuda Triangle,THIS IS ONE OF THE CRAZIEST THINGS I'VE EVER DONE! DONATE TO TEAM TREES: https://teamtrees.org/ New Merch ...,2019-11-09 21:00:55+00:00,youtube#video,701,265817605.0,4465448.0,99880.0,PT11M41S,2d
SM66GDRyIVY,"I Helped 2,000 People Walk Again",Thank you for making this video possible ROMP: https://rompglobal.org/beastmode Martin Bionics: ...,2025-01-11 17:00:02+00:00,youtube#video,931,131267109.0,2978110.0,55377.0,PT15M31S,2d
7aE4EhHXzlA,I Paid Everyone Stuck in Traffic,,2025-12-26 17:00:05+00:00,youtube#video,27,56272249.0,1773244.0,29535.0,PT27S,2d
_AbFXuGDRTs,"$1 vs $1,000,000,000 Nuclear Bunker!","Feastables Creamy Hazelnut Cups are available for a limited time at Five Below, Circle K, and Albertsons! Go get them while you ...",2025-08-30 16:00:11+00:00,youtube#video,1038,137405666.0,2743814.0,35480.0,PT17M18S,2d
IJkB-oapuks,"Giving Away $1,000,000 in Gifts To My Subscribers",NO PURCHASE NECESSARY TO ENTER OR WIN. Takes place from 12/21/25 at 12:00 p.m. ET to 2/1/26 at 11:59 p.m. ET.,2025-12-21 17:00:01+00:00,youtube#video,19,233642710.0,3095826.0,161298.0,PT19S,2d
RB71Z-vVvCc,"Find The Real Celebrity, Win $10,000",,2025-12-19 17:00:02+00:00,youtube#video,33,104203150.0,2426210.0,9501.0,PT33S,2d
zxYjTTXc-J8,"Last To Leave Circle Wins $500,000",THIS WAS THE CRAZIEST THING IVE EVER DONE! New Merch - https://mrbeast.store Check out Viewstats!,2021-08-31 20:01:03+00:00,youtube#video,1064,544888549.0,7827823.0,128820.0,PT17M44S,2d
N0pwLtonPdg,Slippery vs Sticky Stairs,,2025-05-16 16:00:01+00:00,youtube#video,36,745659141.0,8173794.0,24802.0,PT36S,2d
3dxksf0CzS8,World’s Fastest Robbers,That robber kinda looks like @DanielLaBelle.,2025-05-02 16:00:00+00:00,youtube#video,32,274301647.0,5500074.0,13270.0,PT32S,2d
nywT2SenPIo,"Last To Remove Hand, Gets Lamborghini Challenge",YOU WON'T BELIEVE WHO WINS THE COMPETITION AND HOW THEY DO IT! New Merch - https://mrbeast.store Check out ...,2018-11-02 20:05:01+00:00,youtube#video,1185,97127678.0,1714169.0,73547.0,PT19M45S,2d
fO5FwBcCJBY,"Would You Date Him for $10,000?",,2025-12-12 17:00:03+00:00,youtube#video,33,72725108.0,2127701.0,14335.0,PT33S,2d
XE9pUM9MEFA,I Built A Working Car Using Only LEGOS,I CAN'T BELIEVE WE DROVE THIS ON THE HIGHWAY Subscribe for a cookie New Merch - https://mrbeast.store Check out ...,2018-06-23 21:09:58+00:00,youtube#video,744,75308874.0,1647573.0,98774.0,PT12M24S,2d
Er6QUQZbv0w,Breaking The Law,I can't believe I did this SUBSCRIBE FOR A FREE CAR Shout out to Luke for inspiring this video!!,2017-07-09 21:20:50+00:00,youtube#video,236,32188188.0,831082.0,33452.0,PT3M56S,2d
DpIvW6av0pI,IT FINALLY CAME IN THE MAIL,SILVER PLAY BUTTON song used (comment I sent u) - https://www.youtube.com/watch?v=T_phH3ULSn4 Rock ...,2016-10-10 21:05:39+00:00,youtube#video,303,359245.0,11993.0,1293.0,PT5M3S,2d
pJSbLk-Iixc,Savage Level 9000,SCREW SOCIETY SUBSCRIBE FOR A FREE CAR INSPIRED BY THIS COMEDIAN PLZ SUB GO HIM ...,2017-03-08 23:10:06+00:00,youtube#video,110,7401795.0,321246.0,14880.0,PT1M50S,2d
tqO3_AKC5Ks,CUTTING TABLE IN HALF WITH PLASTIC KNIVES,SONG (tell him I sent you) - https://twitter.com/IvanBnw Song name is sweaters.,2016-06-04 20:31:28+00:00,youtube#video,245,3770817.0,165856.0,6869.0,PT4M5S,2d
op0N7axawJA,"I Gave $20,000 To Random Homeless People",THEY WERE SO HAPPY! NEW Merch Store! - https://mrbeast.store Check out Viewstats! - https://www.viewstats.com/ For any ...,2018-02-17 00:40:00+00:00,youtube#video,656,47713551.0,1305700.0,72334.0,PT10M56S,2d
sg_XFT4K3N4,"I Dropped $20,000 From A Drone",THIS WAS THE CRAZIEST THING I'VE EVER DONE Buy My Apparel So I Don't Go Broke - https://mrbeast.store Check out ...,2018-03-08 00:13:02+00:00,youtube#video,705,7831373.0,248519.0,17027.0,PT11M45S,2d
ln9aLVd__8w,"Can 100,000 Pieces Of Paper Stop A Bullet?",I CAN'T BELIEVE WE DID THIS! NEW Merch Store! - https://mrbeast.store Check out Viewstats! - https://www.viewstats.com/ For ...,2017-12-06 22:46:59+00:00,youtube#video,759,26016094.0,481280.0,56011.0,PT12M39S,2d
KcsRxHwGz7A,Every Challenge I&#39;ve Ever Done,This is basically my life in a nutshell SUBSCRIBE FOR A FREE CAR My Friend Who Helps Me ALOT ...,2017-06-23 18:31:22+00:00,youtube#video,85686,952481.0,29788.0,4523.0,PT23H48M6S,2d
J_z-W4UVHkw,"Every Country On Earth Fights For $250,000!",New Merch - https://mrbeast.store Thanks! https://fie.org Check out Viewstats! - https://www.viewstats.com/ SUBSCRIBE OR I TAKE ...,2023-08-19 16:00:01+00:00,youtube#video,1093,251322791.0,6424109.0,369799.0,PT18M13S,2d
lglIQkCHO0g,Do Men Lie About Their Height?,New Merch - https://shopmrbeast.com/ SUBSCRIBE OR I TAKE YOUR DOG ...,2023-02-14 21:00:14+00:00,youtube#video,47,559873195.0,21534699.0,28776.0,PT47S,2d
SE9xF1l3ZwE,"Hit The Target, Keep The Prize",,2025-12-05 17:00:03+00:00,youtube#video,26,33124454.0,752984.0,6763.0,PT26S,2d
snUyLbGx6U4,"Buy Feastables, Win Unlimited Money",,2024-04-30 16:00:00+00:00,youtube#video,51,419570920.0,12768516.0,30157.0,PT51S,2d
U-x6KxH1kB4,How Many People to Pull a Plane?,Thanks to Saudia Airlines for letting us use their plane!,2025-12-06 19:55:52+00:00,youtube#video,27,22884938.0,527689.0,8498.0,PT27S,2d
Pv0iVoSZzN8,In 10 Minutes This Room Will Explode!,I didn't expect that to happen… There's no jumping through hoops (or plate glass windows) with T-Mobile. Customers can get ...,2024-04-27 16:00:00+00:00,youtube#video,600,162646983.0,4153910.0,77268.0,PT10M,2d
8bMh8azh3CY,100 Pilots Fight For A Private Jet,No one could have predicted that outcome at the end lol New Merch - https://mrbeast.store Check out Viewstats!,2025-12-06 17:00:01+00:00,youtube#video,1726,76833403.0,1424035.0,55872.0,PT28M46S,2d
DZIASl9q90s,"Beat Neymar, Win $500,000",The amount of skill in this video is insane If you wanna score tons of Magenta Status perks and benefits like Aaron Judge and ...,2025-05-24 16:00:01+00:00,youtube#video,1673,155171229.0,3516070.0,80357.0,PT27M53S,2d
F0OkwXKcPSE,Hi Me In 10 Years,Holy crap I will probably be so different when this goes public. I will be done with highschool I will have gone through college ...,2025-10-04 16:00:07+00:00,youtube#video,194,51979992.0,3434736.0,106869.0,PT3M14S,2d
rF00lQ_upzg,"Whatever You Hold Onto, You Keep",,2025-12-02 20:00:01+00:00,youtube#video,26,34991353.0,523426.0,7823.0,PT26S,2d
uZY9xr-QAk0,"Flip a Coin, I’ll Pay For Your College",,2025-11-28 17:00:01+00:00,youtube#video,34,84080741.0,2200856.0,13299.0,PT34S,2d
AWBsoArakNY,Who Has The Fastest Reaction Time?,,2025-11-25 17:00:00+00:00,youtube#video,31,48748930.0,1168147.0,6455.0,PT31S,2d
se50viFJ0AQ,Would You Fly To Paris For A Baguette?,New Merch - https://shopmrbeast.com/ SUBSCRIBE OR I TAKE YOUR DOG ...,2022-12-08 20:12:27+00:00,youtube#video,48,1639754975.0,57115830.0,121421.0,PT48S,2d
KSKJKLmAqpI,"Lambo Race, Winner Keeps Lambo",New Merch - https://mrbeast.store Check out Viewstats! - https://www.viewstats.com/ SUBSCRIBE OR ELSE For any questions or ...,2020-02-08 21:00:02+00:00,youtube#video,888,151041816.0,2756132.0,54948.0,PT14M48S,2d
tVWWp1PqDus,"100 Boys Vs 100 Girls For $500,000",Giving away $25k on Current! Sign up and use my code “BEAST250” for a chance to win*: https://www.current.com/beast250 ...,2022-07-23 20:00:09+00:00,youtube#video,1013,287158625.0,4998971.0,136626.0,PT16M53S,2d
yeqARWqjkps,"Last To Take Hand Off $1,000,000 Keeps It",Watch to the end of the video to see who becomes a millionaire... SUBSCRIBE OR ILL PUNCH YOU New Merch ...,2019-12-19 21:00:12+00:00,youtube#video,917,149173342.0,3452728.0,295851.0,PT15M17S,2d
Oo9EbArcQ1c,"I Saved 1,000 Animals From Dying","Hey everyone, just wanted to leave this note here as a thank you to all of the organizations we got to work with! Obviously I'm just ...",2025-10-25 16:00:01+00:00,youtube#video,1056,116158898.0,2750152.0,50422.0,PT17M36S,2d
WROMyJAJmp4,Can I Beat An F1 Driver?,,2025-11-18 17:00:01+00:00,youtube#video,11,138574438.0,1323850.0,8678.0,PT11S,2d
tAwzBYE18Us,How I Became MrBeef,,2025-11-16 20:00:02+00:00,youtube#video,46,18417931.0,781012.0,11581.0,PT46S,2d
LyFMbY-c_Lc,I Raced Noah Lyles,,2025-11-14 17:00:01+00:00,youtube#video,32,141809067.0,2207236.0,7549.0,PT32S,2d
EvqtfK_RaRg,This obstacle course is WILD,,2025-01-10 17:00:00+00:00,youtube#video,32,205400106.0,3858006.0,5379.0,PT32S,2d
QtD-CeUdRUQ,"Real Or Cake For $10,000",,2024-08-29 16:00:00+00:00,youtube#video,37,235284897.0,7764068.0,18172.0,PT37S,2d
0yPgljFcTR4,"Subscribe to Win $50,000",Thanks to Jack Link's Jerky for helping me give away $500000! New subscribers only will receive an entry for a chance to win by ...,2025-05-07 16:00:01+00:00,youtube#video,15,86019211.0,4204973.0,150074.0,PT15S,2d
UQtltNZ_pjs,I Won Every Prize At A Theme Park,WE WON OVER 10000 STUFFED ANIMALS LOL New Merch - https://mrbeast.store Check out Viewstats!,2019-08-15 19:59:59+00:00,youtube#video,802,187657443.0,3031172.0,67675.0,PT13M22S,2d
U_LlX4t0A9I,"$10,000 Every Day You Survive In The Wilderness","They survived longer than I expected lol Feast like a Beast with Zaxby's new MrBeast Box, served with 4 Chicken Fingerz™, ...",2024-06-01 16:00:00+00:00,youtube#video,1570,329929045.0,8654858.0,334475.0,PT26M10S,2d
R7MkZL5i3FQ,Giving Trick-or-Treaters Weirder and Weirder Gifts,,2025-11-07 17:00:05+00:00,youtube#video,27,96309925.0,1209714.0,10443.0,PT27S,2d
FD-0KG-h2-c,Gordon Ramsay Tries Most Expensive Chocolate Bar!,New Merch - https://shopmrbeast.com/ SUBSCRIBE OR I TAKE YOUR DOG ...,2022-11-19 20:59:59+00:00,youtube#video,40,803401025.0,30305993.0,51099.0,PT40S,2d
ykRq_rp7NhM,I Got Naruto to Subscribe to Me,,2023-05-20 20:00:00+00:00,youtube#video,20,313924224.0,13338524.0,24034.0,PT20S,2d
NPYPXWJBTWM,"$10,000 Girl Scout Cookies",,2023-03-11 17:00:47+00:00,youtube#video,23,628533510.0,13706403.0,18442.0,PT23S,2d
YlvcFJOE-OE,Giving iPhones Instead Of Candy on Halloween,New Merch - https://shopmrbeast.com/ SUBSCRIBE OR I TAKE YOUR DOG ...,2022-11-02 21:00:01+00:00,youtube#video,40,1585806289.0,40552492.0,138755.0,PT40S,2d
8kggT2ej-lo,Would You Pet a Cheetah in Africa?,,2023-05-01 20:00:02+00:00,youtube#video,39,861562025.0,28269689.0,39019.0,PT39S,2d
TJ2ifmkGGus,"1,000 Blind People See For The First Time","If you would like to support more of this sight-restoring work, visit https://seeintl.org/join Try My MrBeast Snacks!",2023-01-28 21:00:00+00:00,youtube#video,481,210604923.0,10399205.0,380177.0,PT8M1S,2d
cV2gBU6hKfY,I Cleaned The World’s Dirtiest Beach #TeamSeas,Donated = 1 Pound Of Trash Out Of The Ocean - https://teamseas.org/ HELP US REMOVE 30000000 POUNDS OF TRASH FROM ...,2021-10-29 19:59:43+00:00,youtube#video,295,133903163.0,5612784.0,166638.0,PT4M55S,2d
65fN_OUawjk,I Hunted 100 People!,We just opened our very first Beast Burger!! And I'll be working there all day tomorrow! Come visit us in the American Dream Mall ...,2022-09-03 19:59:59+00:00,youtube#video,723,257859725.0,3995155.0,65315.0,PT12M3S,2d
jdMNoQE3mIQ,Can I Survive A Plane Crash?,Thanks again to the Coast Guard for the lift! New Merch - https://mrbeast.store Check out Viewstats! - https://www.viewstats.com/ ...,2022-08-20 20:00:00+00:00,youtube#video,494,228090007.0,4265039.0,73932.0,PT8M14S,2d
HfJMs4mrSJM,Molten Lava Vs Giant Ice Block Experiment,In this video we played with lava and dumped it on things Buy Your Maverick Merch Here - https://mrbeast.store Check out ...,2019-04-27 20:00:02+00:00,youtube#video,458,100543777.0,1858475.0,41109.0,PT7M38S,2d
tWYsfOSY9vY,I Survived 7 Days In An Abandoned City,This was one of the hardest challenges we've ever done A deal so good it feels like stealing - score a FREE double insulated ...,2024-03-02 17:00:00+00:00,youtube#video,1044,317152110.0,6603078.0,198986.0,PT17M24S,2d
3jS_yEK8qVI,World’s Most Dangerous Escape Room!,Buy my new chocolate bar: https://www.Feastables.com for a chance to win my chocolate factory in an upcoming video ...,2022-01-29 21:00:01+00:00,youtube#video,481,288816246.0,5580629.0,130162.0,PT8M1S,2d
YLt73w6criQ,I Paid A Real Assassin To Try To Kill Me,File with TurboTax today to get your biggest refund possible http://bit.ly/MrBeastxTurboTax #ad #turbotaxpartner New Merch ...,2023-03-18 20:00:01+00:00,youtube#video,737,322075082.0,6383258.0,104081.0,PT12M17S,2d
QbJJwaVdgIs,I Got Hunted By The Military,I'm not sure how they drove over that... it wasnt supposed to happen New Merch - https://mrbeast.store Check out Viewstats!,2021-12-10 21:30:02+00:00,youtube#video,627,256187915.0,4822282.0,92783.0,PT10M27S,2d
UtnsWzaoRtg,World&#39;s Largest Game Of Dodgeball,THIS GAME OF DODGEBALL WAS INSANE!!!!! New Merch - https://mrbeast.store Check out Viewstats!,2019-07-12 20:05:00+00:00,youtube#video,677,93410804.0,1712375.0,56934.0,PT11M17S,2d
erQ_9yEz0ls,"$1 vs $100,000 Firework!",I cant believe i spent this much money on fireworks lol Thanks to Fireworks by Grucci for helping! https://www.grucci.com/ Follow ...,2020-07-03 21:00:20+00:00,youtube#video,669,255206839.0,5473303.0,180545.0,PT11M9S,2d
cExLQ1o2pDw,"First To Rob Bank Wins $100,000",I didnt think he would actually rob the bank... Sign up for Current and use my code “BEASTBANK” to get $1. Request $$ from me ...,2021-09-26 20:00:06+00:00,youtube#video,482,210448852.0,4550472.0,117423.0,PT8M2S,2d
0CTp1a-aCUM,"100 Kids Fight Parents For $500,000",The new Nerf Pro Gelfire x MrBeast blaster is available for preorder HERE: https://bit.ly/MrBeastxNerf #ad #NERFPartner ...,2022-12-03 21:00:00+00:00,youtube#video,923,324536830.0,4886660.0,92439.0,PT15M23S,2d
q0OK-zHnvnA,Can A Glowing 1000 Degree Sword Slice A Car In Half?,WILL THE SWORD CUT RIGHT THRU THE CAR????? New Merch - https://mrbeast.store Check out Viewstats!,2018-09-06 21:09:00+00:00,youtube#video,598,70010880.0,1140478.0,37683.0,PT9M58S,2d
48h57PspBec,"$1 vs $1,000,000,000 Yacht!",Buy Feastables anywhere to get a secret MrBeast video: https://bit.ly/_feastables #ad #feastablespartner Go watch Pete ...,2023-06-10 16:00:00+00:00,youtube#video,887,509094263.0,8206362.0,162490.0,PT14M47S,2d
lBYC4_Lccjw,Surviving 24 Hours On A Deserted Island,"This was Insane, I Can't Believe We Did This! New Merch - https://mrbeast.store Check out Viewstats! - https://www.viewstats.com/ ...",2019-08-22 20:00:07+00:00,youtube#video,832,212398149.0,3662871.0,79939.0,PT13M52S,2d
syMozMiJneM,Why I Stopped Playing Video Games - Video Game Commentary,"Why I stopped Playing Video Games, is what I talk about in this video and I hope you enjoy! CLICK THIS LINK FOR PIE!",2015-10-25 21:20:24+00:00,youtube#video,284,68398.0,1753.0,215.0,PT4M44S,2d
LnlKwzc_TNA,"Would You Swim With Sharks For $100,000?",Try Experian Boost to boost your credit scores: https://smart.link/n3op1gefxlzjn Results may vary. See App Store or website for ...,2022-03-19 20:02:32+00:00,youtube#video,541,205410444.0,4181210.0,86533.0,PT9M1S,2d
9bqk6ZUsKyA,I Spent 50 Hours Buried Alive,This was the most insane thing I've ever done New Merch - https://mrbeast.store Check out Viewstats! - https://www.viewstats.com/ ...,2021-03-27 20:00:04+00:00,youtube#video,760,337260942.0,8343841.0,242700.0,PT12M40S,2d
59AYXzCa-Cs,I Built The World&#39;s Largest Lego Tower,I didnt think they would actually build that high lol New Merch - https://mrbeast.store Check out Viewstats!,2020-06-06 20:00:01+00:00,youtube#video,836,214035477.0,3626418.0,76535.0,PT13M56S,2d
xpNeg0hPZIs,Playing Battleship With Real Ships,THIS IS 100% THE BEST THING WE HAVE EVER DONE! New Merch - https://mrbeast.store Check out Viewstats!,2019-04-06 20:05:58+00:00,youtube#video,932,38494608.0,1012493.0,34395.0,PT15M32S,2d
mpZWt5pGKZ8,The Real Way Dinosaurs Went Extinct,SCHOOLS HAVE BEEN LYING TO YOU ALL YOUR LIFE! New Merch - https://mrbeast.store Check out Viewstats!,2018-06-28 21:12:01+00:00,youtube#video,351,29595653.0,806589.0,43516.0,PT5M51S,2d
qrIh-ZHN4-E,World&#39;s Hottest Substance Vs Coldest Substance,I Poured Liquid Nitrogen On Liquid Napalm subscribe or i'll eat you New Merch - https://mrbeast.store Check out Viewstats!,2018-06-30 21:09:00+00:00,youtube#video,712,96877731.0,1780142.0,53733.0,PT11M52S,2d
X1jMMFOqxEw,"$50,000 Game Of Extreme Hide And Seek - Challenge",ENTER ON INSTAGRAM TOO https://www.instagram.com/mrbeast New Merch - https://mrbeast.store Check out Viewstats!,2019-11-28 21:00:01+00:00,youtube#video,828,168161161.0,3119492.0,51191.0,PT13M48S,2d
RCvnytndd9c,"Last To Leave VR Wins $20,000",YOU WON'T BELIEVE HOW LONG THEY LASTED!!! New Merch - https://mrbeast.store Check out Viewstats!,2019-06-08 20:00:01+00:00,youtube#video,858,169377464.0,3295591.0,93796.0,PT14M18S,2d
5V2B28OqfqM,"I Spent $1,000,000 On Lottery Tickets and WON",I didnt think i was going to win that much... looks like im buying an island New Merch - https://mrbeast.store Check out Viewstats!,2020-08-08 20:00:02+00:00,youtube#video,613,149604881.0,3397170.0,84632.0,PT10M13S,2d
GLoeAJUcz38,"Press This Button To Win $100,000!","Push the red subscribe button and you could also win $100000! (Seriously, we always fly subscribers down lol) New Merch ...",2020-11-14 21:00:02+00:00,youtube#video,911,354650133.0,4827070.0,91919.0,PT15M11S,2d
ws694xrKopA,"Can 50,000 Magnets Catch A Cannon Ball?",YOU WON'T BELIEVE WHAT HAPPENS WHEN WE TRY THIS! New Merch - https://mrbeast.store Check out Viewstats!,2019-07-20 20:00:02+00:00,youtube#video,569,135116672.0,2219176.0,46269.0,PT9M29S,2d
wbzD04leeLI,Do Water Repellent Shoes Actually Work?,I CAN'T BELIEVE I WALKED ON WATER! New Merch - https://mrbeast.store Check out Viewstats! - https://www.viewstats.com/ ...,2018-06-22 22:11:00+00:00,youtube#video,698,132277773.0,2002206.0,63825.0,PT11M38S,2d
NfhuGUyWYfQ,Would Your Grandma Go Skydiving?,,2025-09-26 18:00:07+00:00,youtube#video,42,72826136.0,2158781.0,7556.0,PT42S,2d
C680oxL__ck,"I Ate $100,000 Golden Ice Cream",I cant believe how insane that ice cream looked at the end New Merch - https://mrbeast.store Check out Viewstats!,2021-01-22 21:00:03+00:00,youtube#video,797,298108683.0,6129647.0,172137.0,PT13M17S,2d
M1STzb7k9L8,Extreme Helmet Game,,2025-04-25 16:15:00+00:00,youtube#video,23,208546440.0,2250968.0,5099.0,PT23S,2d
PryTbmudhS8,Can We Stop World&#39;s Best Tennis Player,,2025-10-31 16:00:02+00:00,youtube#video,23,49939457.0,943415.0,8794.0,PT23S,2d
T8I165Qxeo8,Sprinting with More and More Money,,2024-05-30 16:00:01+00:00,youtube#video,29,313765013.0,11904601.0,85523.0,PT29S,2d
sH48lKbayNU,Unboxing My 200M Subscriber Play Button,,2024-02-29 17:00:00+00:00,youtube#video,46,239480291.0,14351366.0,51636.0,PT46S,2d
4krBgDFycgY,7k SUBS! Smashing Ghost + AW! Plus Channel Talk!,7000 Subscribers! To celebrate I attempt to smash my Ghost and Advanced Warfare disk! CLICK THIS LINK FOR PIE!,2015-09-09 21:48:18+00:00,youtube#video,298,94271.0,3232.0,371.0,PT4M58S,2d
VWa0ImMY2bQ,Five Facts You Didn&#39;t Know About Youtube.,"I pretty much go over it all in the video, let me know what you think down below. ▻ Subscribe? - http://bit.ly/1sBQXmi ▻ Follow?",2014-12-01 22:00:05+00:00,youtube#video,261,108737.0,2199.0,237.0,PT4M21S,2d
NCv0drAPm_M,Minecraft Build-off Fun!!!!!,We have a build off competition in minecraft. Leave a comment on who you thought won each build! ▻ Subscribe?,2014-06-09 12:00:07+00:00,youtube#video,213,78558.0,2064.0,215.0,PT3M33S,2d
b91vrgVY-ZQ,"Attempting The Impossible Maze - $10,000 Challenge",NO ONE HAS EVER SOLVED THIS MAZE!! Build A Website For Free - https://www.wix.com/go/mrbeast 7000000th Subscriber ...,2018-08-15 21:08:59+00:00,youtube#video,1187,57098726.0,1009482.0,32161.0,PT19M47S,2d
7Pr0HP-Trgk,How To Become A Gaming Youtuber! All You Need To Know!,In this video I talk about everything you need to know to kick off your gaming channel.,2015-07-08 22:00:01+00:00,youtube#video,422,60835.0,2125.0,464.0,PT7M2S,2d
C82suucz4i4,Black ops 2 Gameplay w/ commentary. Hipsters,This is my first video in a while but hopefully I can get back into the grove of things and keep pumping out content for you guys!,2013-07-03 17:48:10+00:00,youtube#video,261,373954.0,12319.0,888.0,PT4M21S,2d
A8IkOqb_7Yg,How Much Money Does Pewdiepie Make????? (Updated 2015),"HOLY CRAP THANKS FOR THE LIKES! Hey there, I did a video on how much pewds makes a couple months ago, and it got a lot ...",2014-01-11 20:31:34+00:00,youtube#video,250,2030070.0,29684.0,2082.0,PT4M10S,2d
yWnmEPgLroQ,TWITCH STREAMERS REACT TO RECEIVING THOUSANDS FROM SAME GUY!,This is a compilation of twitch streams reacting to receiving thousands of dollars. Just so you know every donation in this video ...,2015-07-13 10:00:01+00:00,youtube#video,452,224106.0,2269.0,266.0,PT7M32S,2d
x7yv72s8h0o,Would You Go On Vacation With A Stranger?,,2025-04-29 16:00:00+00:00,youtube#video,63,263058685.0,7970858.0,22821.0,PT1M3S,2d
q6Qw8mUVTrE,I Put 10 Million Legos in Friend&#39;s House,YOU WON'T BELIEVE HOW HE REACTED WHEN HE CAME HOME LOL New Merch - https://mrbeast.store Check out Viewstats!,2019-01-18 22:04:59+00:00,youtube#video,917,117411208.0,1721999.0,62305.0,PT15M17S,2d
8E5Ygl02wtM,How Much Money Does &quot;Chris Smooth&quot; Make?????,"The title says it all, I hope you enjoy! ▻ Subscribe? - http://bit.ly/1sBQXmi ▻ Follow? - http://bit.ly/1ljKsl1 I read every comment, ...",2014-08-21 22:46:35+00:00,youtube#video,242,79315.0,1354.0,181.0,PT4M2S,2d
yWEUL3crU_E,I Baked a Cake In a Race Car,,2025-10-21 16:00:01+00:00,youtube#video,38,26462533.0,532764.0,5432.0,PT38S,2d
0NGWT9COcEI,"I Gave My Brother 24 Hours To Spend $100,000",YOU WON'T BELIEVE WHAT HE BOUGHT LOL My Brother's Channel ...,2019-08-31 20:00:01+00:00,youtube#video,788,107873847.0,2585414.0,56497.0,PT13M8S,2d
tBEBc4KQVsU,I Hope This Magic Trick Works,WE ATTEMPTED POPULAR MAGIC TRICKS AND THIS HAPPENED OPEN and follow all these guys! Chris Ramsey ...,2018-09-11 21:13:59+00:00,youtube#video,982,43673879.0,717690.0,18830.0,PT16M22S,2d
erLbbextvlY,7 Days Stranded On An Island,I can't believe we actually did this Play the Official Fortnite Creative Map For This Video Here: MrBeast Zombie Island ...,2024-03-30 16:00:01+00:00,youtube#video,1346,428643964.0,7346932.0,146674.0,PT22M26S,2d
ayXxwJJId_c,"I Bought The World&#39;s Largest Mystery Box! ($500,000)",I cant believe I spent over $500000 on mystery boxes New Merch - https://mrbeast.store Check out Viewstats!,2021-04-03 20:00:01+00:00,youtube#video,650,289171677.0,5518005.0,174061.0,PT10M50S,2d
ORUX1lHbOa8,I Opened A FREE BANK,New Merch - https://mrbeast.store Check out Viewstats! - https://www.viewstats.com/ SUBSCRIBE AND ILL BUY AN OSTRICH ...,2019-11-23 21:00:17+00:00,youtube#video,652,128115278.0,3043024.0,94075.0,PT10M52S,2d
urtFrxDUV6c,"Would You Quit School For $100,000?",You won't believe what they chose! New Merch - https://mrbeast.store Check out Viewstats! - https://www.viewstats.com/ ...,2021-07-10 20:00:09+00:00,youtube#video,612,187696012.0,3690579.0,82788.0,PT10M12S,2d
wMuYiLby3-s,"Last To Stop Riding Bike Wins $1,000,000 (Part 4)",YOU WONT BELIEVE WHO WON THIS New Merch - https://mrbeast.store Instagram - https://www.instagram.com/mrbeast Check ...,2019-12-14 20:59:57+00:00,youtube#video,705,68483125.0,1505528.0,91640.0,PT11M45S,2d
gtkqnhN0VkU,"Answer The Door, Win $10,000",,2025-10-14 16:00:00+00:00,youtube#video,31,48317281.0,1594907.0,29282.0,PT31S,2d
6wsFjjhZPJI,"Last To Leave Revolving Door Wins $50,000",YOU WON'T BELIEVE WHAT HAPPENS IN THIS VIDEO LOL New Merch - https://mrbeast.store Check out Viewstats!,2019-07-02 20:00:01+00:00,youtube#video,824,169346563.0,3700232.0,179922.0,PT13M44S,2d
UTdcX1e0cMA,"Jump Over The Lava, Win!",,2025-10-10 16:00:01+00:00,youtube#video,63,49013228.0,1490715.0,8903.0,PT1M3S,2d
19NmWqv4Alk,How Many School Buses Can We Stack?,,2023-09-05 16:59:57+00:00,youtube#video,45,491266950.0,15438325.0,28601.0,PT45S,2d
L5kIXRdwGAI,Katana Vs Bullet,,2023-09-07 17:00:01+00:00,youtube#video,41,1085305868.0,37581950.0,51053.0,PT41S,2d
lOKASgtr6kU,I Adopted 100 Dogs!,I'm so happy all of these dogs will be going to great homes Get an exclusive Surfshark VPN deal! Enter promo code MRBEAST for ...,2023-12-23 17:00:00+00:00,youtube#video,903,351546969.0,6508936.0,107388.0,PT15M3S,2d
JUiijjJOInw,What It Takes To Be A Full Time Youtuber...,In this video I talk about what it takes to do youtube as a job. I think its a very interesting topic and hope you like the video. = Enjoy ...,2014-03-27 19:00:05+00:00,youtube#video,281,63551.0,1962.0,464.0,PT4M41S,2d
e5DqdX-7_g4,Surprising TFue With A Fortnite Battle Bus In Real Life,YOU WON'T BELIEVE HOW TFUE REACTED TO THE BATTLE BUS New Merch - https://mrbeast.store Check out Viewstats!,2018-12-07 22:11:00+00:00,youtube#video,865,103082643.0,1891119.0,63020.0,PT14M25S,2d
eBklqeeIu10,I Hate Spam On Youtube,This is just a little rant about spam and then I talk about some new things going on with this channel! Let me know if you like my ...,2015-07-12 19:08:52+00:00,youtube#video,189,60472.0,1995.0,590.0,PT3M9S,2d
tnTPaLOaHz8,"$10,000 Every Day You Survive In A Grocery Store","I didn't expect him to stay that long Shop Kanga Coolers, powered by Shopify: https://go.shop.app/kangacoolers #ad ...",2023-12-02 17:00:00+00:00,youtube#video,1292,461998948.0,7264567.0,84865.0,PT21M32S,2d
Ds9H2UnUHL0,Quitting?,"I say everything in the video, I really feel motivated to upload again but I dont want to do like I always have and upload 5 videos ...",2015-02-06 22:27:38+00:00,youtube#video,226,140579.0,4906.0,656.0,PT3M46S,2d
pl4xmh3RWfE,Amazing minecraft Cathedral!,This is an insane minecraft cathedral. Expand Music: https://www.youtube.com/watch?v=M3AE1Nqtcm0 Download: ...,2013-04-21 01:36:32+00:00,youtube#video,58,438093.0,14342.0,1256.0,PT58S,2d
t1BWMa8btIw,I Mailed Myself IN A BOX &amp; it REALLY WORKED! (Human Mail Challenge),WHAT IS WRONG WITH ME like or your computer will explode Rock - https://www.youtube.com/watch?v=KkS_sth28rs Paper ...,2016-11-30 02:31:18+00:00,youtube#video,302,16514181.0,454621.0,15825.0,PT5M2S,2d
7ALCsEyn3mg,I Bought The World&#39;s Most Expensive Apps ($10k),I CAN'T BELIEVE APPS COST THIS MUCH! NEW Merch Store! - https://mrbeast.store Check out Viewstats!,2018-02-08 23:35:00+00:00,youtube#video,619,27106036.0,761284.0,24773.0,PT10M19S,2d
686PL7rt654,World’s Fastest Dinner Date,,2025-10-03 16:00:03+00:00,youtube#video,34,160883918.0,2639379.0,7675.0,PT34S,2d
4l97aNza_Zc,"Survive 30 Days Chained To Your Ex, Win $250,000",I can't believe they chose to do that Sign up for Current ...,2025-09-13 16:00:01+00:00,youtube#video,2224,138018991.0,3233325.0,50972.0,PT37M4S,2d
4SNThp0YiU4,"50 YouTubers Fight For $1,000,000",I can't believe how intense this video got The Samsung Galaxy Ring and Z Flip6 blew my mind in this video – you've gotta check ...,2024-07-13 16:00:01+00:00,youtube#video,2487,413195642.0,9547201.0,346975.0,PT41M27S,2d
uyiG6uw-6pA,"Would You Risk Drowning for $500,000?",These were crazy dangerous so everything was performed under professional supervision Jack Link's Jerky can fuel anything.,2025-04-26 16:00:00+00:00,youtube#video,1546,189048955.0,3145068.0,43055.0,PT25M46S,2d
9CVwXBYVqVk,"Counting To 200,000 (Road To A Mil)","I can't believe I did this *expand* Like I said at the beginning of the video, I didn't want to speed this up but I had no choice.",2017-02-18 00:00:03+00:00,youtube#video,84878,4072461.0,155090.0,19083.0,PT23H34M38S,2d
7dYTw-jAYkY,I Spent 7 Days Buried Alive,Please don't try this at home lol Verizon 5G Home Internet for as low as $35/month. Opt-in and you could get a $200 Amazon.com ...,2023-11-18 17:00:01+00:00,youtube#video,1114,275991119.0,7817014.0,117131.0,PT18M34S,2d
fMfipiV_17o,"Would You Sit In Snakes For $10,000?",Would you sit in a tub of snakes for $10000? New Merch - https://mrbeast.store Subscribe to Brian Barczyk: ...,2021-04-10 21:00:07+00:00,youtube#video,847,370528524.0,5743684.0,139772.0,PT14M7S,2d
qWnyJ55KBKo,Minimum Wage,"Hey, that beast guy uploaded again 0.o ▻ Subscribe? - http://bit.ly/1sBQXmi ▻ Follow? - http://bit.ly/1ljKsl1 Sponsor ...",2015-05-07 23:27:32+00:00,youtube#video,119,78427.0,1698.0,172.0,PT1M59S,2d
ejlkNGm82w4,SAT And Some Random Stuff,The uploads have slowed down because of this and I have been busy but don't worry I will always manage to get at least 1 video ...,2015-08-04 22:14:13+00:00,youtube#video,206,60048.0,1760.0,664.0,PT3M26S,2d
anZbhN0Wh_4,How Much Does PewDiePie Make????? 2016,Yes I have made 2 videos like this in the past but this is the last one I will make. Pewdiepie is the number one youtuber and alot of ...,2014-05-24 19:33:12+00:00,youtube#video,206,435501.0,6019.0,435.0,PT3M26S,2d
sirrTXiPFmw,I Bought One Snickers Bar From Every Walmart,i can't believe i did this SUBSCRIBE FOR A FREE CAR NEW Merch Store! - https://mrbeast.store Check out Viewstats!,2018-01-13 23:15:01+00:00,youtube#video,608,45048521.0,1120252.0,69436.0,PT10M8S,2d
vGB2d5cQJpY,How Much Money Do Youtubers Make? Real Numbers!,Have you ever wondered how much money youtubers make? In this video I will show you real numbers from my analytics. Twitter ...,2015-08-30 21:37:55+00:00,youtube#video,194,433932.0,12011.0,701.0,PT3M14S,2d
__SaaKSW9iE,Cut Coms vs Uncut Coms,For all you youtubers out there ▻ Subscribe? - http://bit.ly/1sBQXmi ▻ Follow? - http://bit.ly/1ljKsl1 Sponsor ...,2015-05-09 06:53:13+00:00,youtube#video,159,59735.0,1547.0,312.0,PT2M39S,2d
wIpWCJKfRXs,I Cooked A Pizza With Power Tools,,2025-09-23 16:00:07+00:00,youtube#video,40,169524139.0,4016332.0,13901.0,PT40S,2d
KzwTYZ2W3ZA,Microwaving A Microwave,IT BLEW UP WTF like or i steal yo girl NEW Merch Store! - https://mrbeast.store Check out Viewstats! - https://www.viewstats.com/ ...,2016-12-09 02:45:18+00:00,youtube#video,545,11814006.0,439426.0,41242.0,PT9M5S,2d
9Xeepzg1B8I,Which Celebrity Punches The Hardest?,,2025-09-19 16:00:03+00:00,youtube#video,47,83416223.0,2197041.0,7060.0,PT47S,2d
50G0kIty7Cg,"Answer The Call, Win $10,000",,2025-09-16 17:00:04+00:00,youtube#video,39,124061097.0,3477799.0,9176.0,PT39S,2d
3ih2bPKSWsQ,I Arrested IShowSpeed,,2025-09-12 17:00:01+00:00,youtube#video,35,44660806.0,1547677.0,4569.0,PT35S,2d
0e3GPea1Tyg,"$456,000 Squid Game In Real Life!",MAKE SURE YOU WATCH UNTIL GLASS BRIDGE IT'S INSANE! Watch Beast Games now on Prime Video!!!,2021-11-24 21:00:01+00:00,youtube#video,1542,876009287.0,19716434.0,634830.0,PT25M42S,2d
9RhWXPcKBI8,"Survive 100 Days Trapped, Win $500,000",This video got crazier the longer we kept filming lol Don't miss your chance to get on MrBeast's gift list! Submit your wish in the ...,2023-12-16 17:00:01+00:00,youtube#video,1628,420594306.0,6793417.0,95574.0,PT27M8S,2d
dg2Ag3e8W-Q,I Opened A Restaurant That Pays You To Eat At It,Buy Feastables!! https://feastables.com Check out Viewstats! - https://www.viewstats.com/ SUBSCRIBE OR I TAKE YOUR DOG ...,2020-12-19 22:00:03+00:00,youtube#video,572,200062645.0,5166882.0,725846.0,PT9M32S,2d
NkE0AMGzpJY,"Last To Leave $800,000 Island Keeps It",I can't believe I gave away a private island. subscribe to help me pay for it New Merch - https://mrbeast.store Check out Viewstats!,2020-08-15 20:00:02+00:00,youtube#video,1275,289170983.0,5860288.0,224121.0,PT21M15S,2d
uA9Zcg3vHvo,I Raced IShowSpeed,New Merch - https://mrbeast.store Check out Viewstats! - https://www.viewstats.com/ SUBSCRIBE OR I TAKE YOUR DOG ...,2025-09-01 20:45:41+00:00,youtube#video,47,233028571.0,5311241.0,6463.0,PT47S,2d
MOGW3v3pJ5Y,1 Subscriber = 1 Penny Donated,,2025-08-29 16:00:10+00:00,youtube#video,18,243840857.0,10370116.0,10823.0,PT18S,2d
1WEAJ-DFkHE,World&#39;s Most Expensive Flights!,Check out ALL of MrBeast's awesome jobs or discover a new opportunity at https://bit.ly/MrBeast_ZipRecruiter New Merch ...,2023-04-01 20:00:04+00:00,youtube#video,740,513189313.0,8747933.0,171345.0,PT12M20S,2d
XNtTO_339kU,"Pick The Wrong Tube, Get Slimed",,2025-08-27 16:00:02+00:00,youtube#video,36,75750795.0,1685022.0,5864.0,PT36S,2d
r0Jp6emDM6s,"We Raised Over $40,000,000 For #TeamWater",DONATE TO TEAMWATER HERE - https://tilt.fyi/xyfO8H4ULh New Merch - https://mrbeast.store Check out Viewstats!,2025-09-01 01:01:21+00:00,youtube#video,143,4374672.0,390214.0,9033.0,PT2M23S,2d
d1010B3sKNQ,Surviving 24 Hours Straight In A Rain Forest,This was a lot of fun! New Merch - https://mrbeast.store Check out Viewstats! - https://www.viewstats.com/ SUBSCRIBE OR I TAKE ...,2019-09-21 21:00:00+00:00,youtube#video,789,143808264.0,2710158.0,72902.0,PT13M9S,2d
gL6iSCSHjco,"Last To Leave Roller Coaster Wins $20,000 - Challenge",THEY TOOK OVER 100 LAPS LOL New Merch - https://mrbeast.store Check out Viewstats! - https://www.viewstats.com/ ...,2019-08-17 20:00:00+00:00,youtube#video,907,166186208.0,3063978.0,66577.0,PT15M7S,2d
kw2Ei-rM3do,"Streaming Until We Raise $40,000,000 For Charity",DONATE TO TEAMWATER HERE - https://tilt.fyi/xyfO8H4ULh New Merch - https://mrbeast.store Check out Viewstats!,2025-08-27 15:08:57+00:00,youtube#video,0,807538.0,116008.0,0.0,P0D,2d
figrl0aOULs,Click This Video To Feed 1 Person,Buying 1 Hoodie = 100 Meals for people in need! Go get it now: https://www.doordash.com/p/dashmart-near-me Thank you ...,2025-04-12 16:00:01+00:00,youtube#video,629,71277968.0,4198751.0,73637.0,PT10M29S,2d
rB9NynBZ4go,Reaction Time Challenge,,2025-08-19 16:00:02+00:00,youtube#video,29,78460023.0,1329812.0,9773.0,PT29S,2d
Dx0Da_Y2fBg,I Am The World’s Greatest Samurai,Shorts The title is total not a joke.,2020-09-18 13:15:01+00:00,youtube#video,11,481022907.0,14421253.0,64883.0,PT11S,2d
FWAdfuPpLOc,World&#39;s Fastest Car Vs Cheetah!,I still can't believe we got all these animals for this Check out the latest Lenovo Legion Pro 7i with Intel® Core™ Ultra 9 Processor: ...,2025-07-05 16:00:01+00:00,youtube#video,1237,148295927.0,3138954.0,44488.0,PT20M37S,2d
SZQhgExjBvQ,I Survived 24 Hours Straight In Ice,i borderline went crazy about 17 hours in... New Merch - https://mrbeast.store Check out Viewstats! - https://www.viewstats.com/ ...,2020-10-29 20:17:44+00:00,youtube#video,694,179936547.0,4248676.0,193062.0,PT11M34S,2d
5Fg9oZk-5uA,I Bought Everything In 5 Stores,Please subscribe this video costed so much money Buy Merch Here!! - https://mrbeast.store Check out Viewstats!,2021-01-09 21:01:25+00:00,youtube#video,830,197790265.0,5667991.0,189218.0,PT13M50S,2d
AiGKBNGlzHo,I Ran A Marathon In The World&#39;s Largest Shoes,New Merch - https://mrbeast.store Check out Viewstats! - https://www.viewstats.com/ SUBSCRIBE OR I TAKE YOUR SHOES (my ...,2020-03-21 20:00:02+00:00,youtube#video,829,186737819.0,3538399.0,70496.0,PT13M49S,2d
n6qc4LHN2KQ,I Opened The World&#39;s First FREE Store,EVERYTHING IN THE STORE WAS %100 FREE!!!!! New Merch - https://mrbeast.store Check out Viewstats!,2019-06-15 20:00:00+00:00,youtube#video,891,96624396.0,2383570.0,75881.0,PT14M51S,2d
3ix_gbcubTo,"Last To Leave Slime Pit Wins $20,000 - Challenge",LAST ONE TO GET OUT OF THE SLIME PIT WINS $20000!! New Merch - https://mrbeast.store Check out Viewstats!,2018-11-30 21:11:01+00:00,youtube#video,1070,149483469.0,2409354.0,73074.0,PT17M50S,2d
71VpdDb8e6U,"Last Youtuber To Leave Wins $100,000 - Challenge",WHO EVER LEFT THE CIRCLE LAST WON $100000 OPEN FOR EVERYONE THAT COMPETED IN THE VIDEO Leon Lush ...,2018-12-12 21:00:02+00:00,youtube#video,1479,106076151.0,2163308.0,94716.0,PT24M39S,2d
snX5YyflrGw,"100 Identical Twins Fight For $250,000","I've never seen this many twins in one place before lol Our brand new flavor is here: Cookies & Creme, made with rich chocolatey ...",2024-09-28 16:00:00+00:00,youtube#video,2140,171980261.0,3293370.0,28102.0,PT35M40S,2d
IiW2smvEcBM,I Opened The World’s Cheapest Store,EVERYTHING IN THE STORE IS ONLY $1 New Merch BUY NOW - https://mrbeast.store Check out Viewstats!,2019-01-26 21:05:00+00:00,youtube#video,919,41682158.0,1145658.0,82538.0,PT15M19S,2d
984NGLLYDUg,"20,000 Magnets Vs A Car",CAN 20000 MAGNETS CATCH A CAR IN THE AIR????? New Merch - https://mrbeast.store Check out Viewstats!,2019-01-14 22:05:00+00:00,youtube#video,723,34430624.0,770767.0,23461.0,PT12M3S,2d
oD155zWANQg,"Get This Random Person 1,000,000 Subscribers",Watch the entire video before subscribing @zealous His Channel: ...,2020-09-05 20:00:17+00:00,youtube#video,845,87286201.0,2651968.0,120010.0,PT14M5S,2d
yuGEB4ZZdUQ,Tying My Shoes In Every State (World Record),THIS TOOK 200 HOURS SUBSCRIBE OR I DELETE YOUR MINECRAFT ACCOUNT NEW Merch Store! - https://mrbeast.store ...,2018-03-16 22:09:02+00:00,youtube#video,910,18147636.0,454006.0,41131.0,PT15M10S,2d
9cCpZl8euLI,I Gave A Homeless Man A Home,WE GAVE A HOMELESS PERSON A HOUSE idk y caps New Merch - https://mrbeast.store Check out Viewstats!,2019-02-28 22:06:00+00:00,youtube#video,777,86226016.0,2222787.0,111329.0,PT12M57S,2d
NS3hse9ezik,"Sitting In A Pool of Ramen for $20,000","Whoever left the ramen noodles last, won $20000! New Merch - https://mrbeast.store Check out Viewstats!",2019-09-13 20:00:05+00:00,youtube#video,872,77699690.0,1601429.0,43724.0,PT14M32S,2d
IQxea9UB1nQ,"$100,000,000 Car Doors",,2023-09-19 17:00:00+00:00,youtube#video,29,1186290758.0,29074158.0,38163.0,PT29S,2d
vpRW4JhzfSE,1 Subscriber = 1 Second In The Arctic,,2025-08-08 16:00:02+00:00,youtube#video,17,48541394.0,1839323.0,8393.0,PT17S,2d
qIsgdOVGA04,"Last To Take Hand Off Lamborghini, Keeps It",Subscribe if you want to compete! Watch My Documentary Now On Curiosity: http://curiositystream.com/BEAST New Merch ...,2021-10-23 20:00:01+00:00,youtube#video,908,196461601.0,4805028.0,126606.0,PT15M8S,2d
oI6aXhowFDY,"Get Every Boy Scout Badge, Win $10,000",WATCH UNTIL THE END TO SEE THE ULTIMATE BETRAYAL New Merch - https://mrbeast.store Check out Viewstats!,2020-01-25 21:00:01+00:00,youtube#video,818,129550843.0,2313968.0,45841.0,PT13M38S,2d
mwKJfNYwvm8,I Built 100 Wells In Africa,Click the link below to donate https://www.beastphilanthropy.org/campaign/mrbeast-100-wells New Merch - https://mrbeast.store ...,2023-11-04 16:00:00+00:00,youtube#video,630,251305103.0,10350965.0,212991.0,PT10M30S,2d
aKq8bkY5eTU,I Survived The 5 Deadliest Places On Earth,"It's crazy we actually did this Our new Feastables Peanut Butter Cups roll out over the next two weeks into every Target, Walmart, ...",2025-03-22 16:00:00+00:00,youtube#video,803,144592985.0,3060686.0,54222.0,PT13M23S,2d
qXW93Cois2s,Guess What Hit You,,2025-08-05 16:00:01+00:00,youtube#video,32,40308551.0,813333.0,4293.0,PT32S,2d
HBMmK1c44sE,I Spent 24 Hours In A Doomsday Bunker,The bunker gets crazier as the video goes on! SUBSCRIBE OR YOU'LL HAVE BAD LUCK For more info on this bunker check out ...,2020-04-11 20:00:00+00:00,youtube#video,719,227013085.0,3432198.0,79408.0,PT11M59S,2d
2nd73lyvq4w,Giant Monopoly Game With Real Money,"WE PLAYED A GAME OF MONOPOLY WITH REAL CASH, IT WAS CRAZY New Merch - https://mrbeast.store Check out Viewstats ...",2019-02-15 22:05:00+00:00,youtube#video,895,133875917.0,2481217.0,68063.0,PT14M55S,2d
IoZri9hq7z4,I Uber’d People And Let Them Keep The Car,Subscribe for a free car! New Merch -https://mrbeast.store Check out Viewstats! - https://www.viewstats.com/ I uber people and ...,2020-10-24 20:00:01+00:00,youtube#video,851,149024866.0,4185942.0,85164.0,PT14M11S,2d
A-vX1AGBGsc,"Pass All 12 Grades, Win $10,000",me and the squad went back to first grade for fun LAST DAY TO BUY MERCH - https://mrbeast.store Check out Viewstats!,2019-01-31 22:05:00+00:00,youtube#video,1051,227676566.0,3508506.0,142059.0,PT17M31S,2d
7zi0bi-RDj4,"Eating A $10,000 Golden Steak (24k Gold)",YOU WON'T BELIEVE WHAT THIS GOLDEN STEAK TASTED LIKE! BEAST APPAREL - https://mrbeast.store Check out Viewstats!,2019-01-11 22:05:00+00:00,youtube#video,990,160427301.0,2434430.0,89240.0,PT16M30S,2d
IYVjOfoU3uI,I Gave My Credit Card To Random People,Watch until the end to see how much they spend! New Merch - https://mrbeast.store Check out Viewstats!,2020-02-01 21:00:01+00:00,youtube#video,1008,199073110.0,4114039.0,97270.0,PT16M48S,2d
DuQbOQwVaNE,"Offering People $100,000 To Quit Their Job",New Merch - https://mrbeast.store Check out Viewstats! - https://www.viewstats.com/ SUBSCRIBE OR I TAKE YOUR DOG ...,2021-03-13 21:00:02+00:00,youtube#video,627,166174815.0,3528679.0,111508.0,PT10M27S,2d
UE5AHE2Ypr8,"I Gave My 40,000,000th Subscriber 40 Cars",I was able to afford this because you guys bought the 40 mil merch! Thank you so much!!! Buy New Merch! - https://mrbeast.store ...,2020-09-19 20:00:02+00:00,youtube#video,1031,205396616.0,4825010.0,184292.0,PT17M11S,2d
r7f0L48dHpc,$1  = One Year of Clean Water,,2025-08-02 16:00:02+00:00,youtube#video,32,78828914.0,2790095.0,11918.0,PT32S,2d
Vl3swga-Xrk,"Would You Rather Have A Giant Diamond or $100,000?",I cant believe i spent this much again.... Download link: https://dragoncity.onelink.me/DDHl/MrBeast New Merch ...,2020-09-26 20:40:02+00:00,youtube#video,744,199288246.0,3064212.0,71506.0,PT12M24S,2d
PKtnafFtfEo,YOUTUBE REWIND: 2020,This is what Youtube Rewind would look like if it was made by creators lol SUBSCRIBE TO THESE SMALL CHANNELS NOW ...,2021-01-01 21:00:03+00:00,youtube#video,391,73027484.0,5036767.0,274307.0,PT6M31S,2d
5Hg_QSIJm8I,"I Gave $200,000 To People Who Lost Their Jobs (Corona Virus)",New Merch - https://mrbeast.store Check out Viewstats! - https://www.viewstats.com/ SUBSCRIBE OR I TAKE YOUR COOKIES For ...,2020-05-07 19:59:59+00:00,youtube#video,919,47295794.0,1407948.0,63530.0,PT15M19S,2d
LeYsRMZFUq0,"I Gave People $1,000,000 But ONLY 1 Minute To Spend It!",Subscribe right now and you might be picked to be in my next video! (its epic) New Merch - https://mrbeast.store Check out ...,2020-12-15 21:00:11+00:00,youtube#video,858,232092156.0,6989383.0,184097.0,PT14M18S,2d
F4Y3Pkn95GI,"I Ate A $70,000 Golden Pizza",I cant believe we actually did this... Please vote and help me win a Kids Choice Award (I'm on page 20) https://kca.nick.tv/vote/ ...,2020-02-29 21:00:22+00:00,youtube#video,756,277454038.0,4482885.0,110490.0,PT12M36S,2d
zxuICI0kL3s,"Don’t Turn Around, Win $10k",,2025-07-31 16:00:01+00:00,youtube#video,31,177603201.0,4019366.0,5876.0,PT31S,2d
xRwy_rKc7gI,"Last To Leave World&#39;s Largest Bowl Of Cereal Wins $10,000",YOU WON'T BELIEVE HOW BIG IT WAS LOL New Merch - https://mrbeast.store Check out Viewstats! - https://www.viewstats.com/ ...,2019-05-15 21:05:01+00:00,youtube#video,942,253365896.0,3436633.0,86559.0,PT15M42S,2d
QjvpjXdgugA,"10 People Vs World&#39;s Deadliest Laser Maze for $250,000","I can't believe what happened at the end… Drink PRIME Hydration, now at Walmart, Target, 7-Eleven, and Kroger Family Stores.",2023-10-28 15:59:59+00:00,youtube#video,1559,277587272.0,4766089.0,82841.0,PT25M59S,2d
jObOjhUkf50,Cheap vs Luxury Vacations!,I did not expect the $250000 vacation to be that crazy… Thank you teamLab Planets TOKYO for letting us film! Thanks to the ...,2023-08-12 15:59:59+00:00,youtube#video,958,366632042.0,6593058.0,107273.0,PT15M58S,2d
gsWPpE4Rid0,Videos I Couldn&#39;t Upload..,The last video i couldnt upload took forever to film SUBSCRIBE OR YOU'LL HAVE BAD LUCK New Merch - https://mrbeast.store ...,2020-04-30 20:00:08+00:00,youtube#video,812,172722310.0,4128758.0,65569.0,PT13M32S,2d
R1SFXJo-FlE,Subscribe To Explode The TNT,,2025-07-29 16:00:01+00:00,youtube#video,19,69474052.0,2176914.0,8226.0,PT19S,2d
NbaWrbJDr48,"Last To Leave Toilet Wins $1,000,000 (Part 3)",New Merch - https://mrbeast.store Instagram - https://www.instagram.com/mrbeast Check out Viewstats!,2019-12-07 21:11:07+00:00,youtube#video,946,103845221.0,1964630.0,48798.0,PT15M46S,2d
jokVbbLqV_E,"I Spent $100,000 On Lottery Tickets And Won!","Chris vs Chandler, who will win? Watch to the end! New Merch - https://mrbeast.store Check out Viewstats!",2019-10-31 20:00:02+00:00,youtube#video,910,57893571.0,1434416.0,29834.0,PT15M10S,2d
HPJKxAhLw5I,"Planting 20,000,000 Trees, My Biggest Project Ever!",HELP US ACHIEVE OUR GOAL OF PLANTING 20000000 TREES! PLEASE DONATE ! - https://teamtrees.org/ #teamtrees Check ...,2019-10-25 19:01:01+00:00,youtube#video,443,116323164.0,4547971.0,160758.0,PT7M23S,2d
vJH28ICkCdU,I Sold My House For $1,New Merch - https://mrbeast.store Check out Viewstats! - https://www.viewstats.com/ SUBSCRIBE OR I TAKE YOUR DOG ...,2021-03-06 21:00:02+00:00,youtube#video,560,177567407.0,4005445.0,114500.0,PT9M20S,2d
Ims5p6wjW9s,"Last To Take Hand Off Boat, Keeps It",Last one to remove their hand kept the boat! New Merch - https://mrbeast.store Check out Viewstats! - https://www.viewstats.com/ ...,2019-10-19 20:06:01+00:00,youtube#video,1008,135522720.0,2154155.0,57147.0,PT16M48S,2d
Y6jC6VaO3j0,"Donating $100,000 To Streamers With 0 Viewers",YOU WON'T BELIEVE HOW MUCH WE GAVE AWAY LOL Merch - https://mrbeast.store Buy so i don't go broke lol Check out ...,2019-03-24 20:00:04+00:00,youtube#video,877,106747849.0,3504410.0,75144.0,PT14M37S,2d
RwnN2FVaHmw,"Last to Stop Swinging Wins $1,000,000 (Part 2)",I BET YOU DIDNT EXPECT THAT TO HAPPEN LOL (watch till the end) New Merch - https://mrbeast.store Check out Viewstats!,2019-11-30 21:00:03+00:00,youtube#video,783,146183643.0,2381392.0,80953.0,PT13M3S,2d
AA-VpIj8F5Y,"Last To Stop Running Wins $20,000",You won't believe what happens to chandler!! New Merch - https://mrbeast.store Check out Viewstats! - https://www.viewstats.com/ ...,2019-06-06 20:00:00+00:00,youtube#video,898,122551379.0,2384476.0,65876.0,PT14M58S,2d
sfv1QaRzJg8,I Ordered Pizza And Tipped The House,I Was In Youtube Rewind 2019 New Merch - https://mrbeast.store Check out Viewstats! - https://www.viewstats.com/ SUBSCRIBE ...,2019-12-05 21:00:02+00:00,youtube#video,770,154699969.0,4383333.0,105294.0,PT12M50S,2d
Gz3yak1cl-8,"Last To Leave Circle Wins $10,000 - Challenge",THE LAST PERSON TO STEP OUTSIDE THE CIRLCE WINS $10000 NO JOKE THIS WAS INSANE! SUBSCRIBE OR I EAT ...,2018-10-12 22:05:04+00:00,youtube#video,996,97770857.0,1669773.0,59098.0,PT16M36S,2d
YyhKdOCwD7s,24 Hours In The Most Haunted Place On Earth,YOU WON'T BELIEVE WHAT WE FOUND! lol New Merch - https://mrbeast.store Check out Viewstats! - https://www.viewstats.com/ ...,2019-05-30 20:07:01+00:00,youtube#video,907,151328249.0,3132644.0,139678.0,PT15M7S,2d
LdMx2U5tby0,"$60,000 Extreme Hide And Seek - Challenge",THERE IS NO WAY THIS HAPPENED AGAIN LOL WATCH UNTIL THE END New Merch - https://mrbeast.store Check out ...,2020-01-17 21:00:01+00:00,youtube#video,1079,173695348.0,2964221.0,50411.0,PT17M59S,2d
uE6gud1voDs,"Ordering Water Then Tipping $30,000",You won't believe how they reacted to the $30000 we tipped! subscribe for a car New Merch - https://mrbeast.store/ Check out ...,2018-10-23 20:11:02+00:00,youtube#video,705,45390849.0,1197611.0,46329.0,PT11M45S,2d
H1WBdh56Vq4,Spending 24 Hours In A City With No Laws,"We spent 24 hours straight in slab city, aka the city with no laws. New Merch - https://mrbeast.store Check out Viewstats!",2019-05-07 21:00:01+00:00,youtube#video,869,184077865.0,2996231.0,67291.0,PT14M29S,2d
sESRuTyfsEk,I Spent 24 Hours Straight In Prison - Challenge,"I CAN'T BELIEVE THEY CAUGHT US, MY MOM WILL BE SO MAD! New Merch - https://mrbeast.store Check out Viewstats!",2018-12-19 21:05:02+00:00,youtube#video,781,118947416.0,2112926.0,74105.0,PT13M1S,2d
al6130OD1Ck,"Donating $100,000 To Random Streamers",Its been awhile since I did this. It was fun :)))) Install Raid for Free ✓ IOS: https://link.plrm.zone/install/raid/c980/MrBeast/ios ...,2019-09-28 20:29:58+00:00,youtube#video,886,66403826.0,1904189.0,42409.0,PT14M46S,2d
oBYbxw8f5OI,"Giving $1,000,000 Of Food To People In Need",This video took months of planning and over $1000000. I genuinely hope you enjoy it :) DONATE HERE ...,2020-03-27 20:00:05+00:00,youtube#video,749,67882738.0,1956931.0,64999.0,PT12M29S,2d
AZlBZuS4hr0,"Guess The Gift, Keep It",,2023-10-03 17:00:00+00:00,youtube#video,45,869503870.0,25094247.0,20756.0,PT45S,2d
YyNz4--6fro,World’s Smartest Dog,,2024-05-16 16:00:00+00:00,youtube#video,12,236731719.0,9990547.0,33911.0,PT12S,2d
bs0SWXbty18,"Spending $1,000,000 In 24 Hours",watch till the end you wont believe everything he bought.... New Merch - https://mrbeast.store Check out Viewstats!,2019-12-21 21:00:01+00:00,youtube#video,910,204283840.0,4834969.0,126718.0,PT15M10S,2d
XaxhLbxZ13k,Last To Take Hand Off House Keeps It!,YOU WON'T BELIEVE WHO WON THE NEW HOUSE LOL New Merch - https://mrbeast.store Check out Viewstats!,2019-01-08 21:05:00+00:00,youtube#video,1050,100036924.0,1675675.0,44272.0,PT17M30S,2d
i2O6GMpNWGo,"Last To Leave The Tesla, Keeps It Challenge",THIS WAS THE LONGEST CHALLENGE WE'VE DONE SO FAR! Buy merch the car was expensive lol - https://mrbeast.store ...,2019-03-29 21:05:00+00:00,youtube#video,1109,120301214.0,2077367.0,44634.0,PT18M29S,2d
UlUcwJc5nBs,"Surprising My 8,000,000th Subscriber With 8,000,000 ___",You won't believe what I gave him! New Merch - https://mrbeast.store Check out Viewstats! - https://www.viewstats.com/ His ...,2018-09-19 20:05:01+00:00,youtube#video,1132,37364991.0,585506.0,18457.0,PT18M52S,2d
lQz5aqjZ3lQ,"Find This Briefcase, Win $10,000",,2025-07-25 16:00:02+00:00,youtube#video,67,112892781.0,3496110.0,11161.0,PT1M7S,2d
mKdjycj-7eE,"Stop This Train, Win a Lamborghini",I still can't believe what happened in this video lol Check out the mind-blowing Galaxy AI on the Samsung Galaxy S24 Ultra.,2024-03-16 16:00:00+00:00,youtube#video,1141,223629360.0,5278294.0,124867.0,PT19M1S,2d
hxwpkM5w3Cc,I Hired The FBI To Hunt Me!,New Merch - https://mrbeast.store Check out Viewstats! - https://www.viewstats.com/ SUBSCRIBE OR I TAKE YOUR DOG ...,2021-08-07 23:00:03+00:00,youtube#video,951,252776586.0,4818990.0,94184.0,PT15M51S,2d
2isYuQZMbdU,100 People Fight For A Private Island,"Launch a store on Shopify, I'll buy from 100 random stores that do ▸ https://shopify.com/mrbeast New limited 100M merch drop ...",2022-08-04 19:59:59+00:00,youtube#video,931,244405482.0,7087922.0,225684.0,PT15M31S,2d
EiFcNbXBqeo,Jet Engine vs Human for $10k,,2025-07-20 16:00:01+00:00,youtube#video,24,95108716.0,1592520.0,5509.0,PT24S,2d
-4GmbBoYQjE,I Survived 100 Hours In An Ancient Temple,"I can't believe I got to do this HUGE thanks to @jacklinks for making this happen, without them we can't give away this money.",2025-05-10 16:00:01+00:00,youtube#video,946,102217068.0,2777883.0,77361.0,PT15M46S,2d
R7oW0LwS_e4,I Met Neymar,,2025-07-11 16:15:07+00:00,youtube#video,10,70729709.0,1281401.0,12825.0,PT10S,2d
BfKI_TQnQvo,I Raced A Cheetah,,2025-07-06 16:00:01+00:00,youtube#video,20,87354484.0,2313236.0,9313.0,PT20S,2d
NjlP2_l1Wr0,"You Lose, You Get Shot",,2025-06-30 16:00:08+00:00,youtube#video,36,64184706.0,1168991.0,5160.0,PT36S,2d
gGcaGdHlt60,"If You Spill, You Lose!",Huge thanks to @NASCAR for letting us use their race track!,2025-06-25 17:00:08+00:00,youtube#video,19,214208141.0,2400261.0,5754.0,PT19S,2d
52ubXjlVzUY,"Donating $100,000 To A Random Fortnite Streamer",THIS IS THE MOST MONEY I'VE EVER DONE IN A VIDEO!! Download Quidd For Free - http://bit.ly/2AIsjyv This is simon aka ...,2018-08-05 22:00:00+00:00,youtube#video,1382,53295378.0,1112174.0,50385.0,PT23M2S,2d
ZGvn9ywXjpY,Feastables vs Reese’s Taste Test with @gordonramsay,,2025-06-10 16:00:02+00:00,youtube#video,33,149769414.0,3317379.0,8353.0,PT33S,2d
g2nwnC1Xn0E,Gordon Ramsay Decides Feastables vs Hershey’s,,2025-06-06 17:00:00+00:00,youtube#video,29,27943811.0,896600.0,5328.0,PT29S,2d
0hVZOJCYBBM,Important Youtube Announcement (please watch),I CAN'T BELIEVE WE REACHED OUR GOAL!!!!! YOU GUYS ARE AMAZING! New Merch - https://mrbeast.store Check out ...,2019-12-28 21:00:06+00:00,youtube#video,155,38768341.0,2428992.0,125767.0,PT2M35S,2d
LU_xVr4b2qM,"Going Around A Ferris Wheel 1,000 Times Straight",FOLLOW 4 COOKIE - https://www.instagram.com/mrbeast ADD TO CART - https://mrbeast.store Check out Viewstats!,2019-11-16 21:00:47+00:00,youtube#video,776,129287104.0,2607611.0,49776.0,PT12M56S,2d
nuM0Z4a7kMs,I Spent 24 Hours Straight In Insane Asylum,"THIS VIDEO WAS CRAZY, LIKE FOR MORE MINECRAFT New Merch - https://mrbeast.store Check out Viewstats!",2019-02-10 21:05:00+00:00,youtube#video,956,122686446.0,2355631.0,133798.0,PT15M56S,2d
WTOm65IZneg,"1,000 Deaf People Hear For The First Time",Your support gives the Gift of Hearing. Please click here! https://hearingthecall.org/give/ SIGN LANGUAGE RESOURCES ...,2023-05-06 19:59:59+00:00,youtube#video,374,193312116.0,5456446.0,152973.0,PT6M14S,2d
FbM1yi4mMMc,I Bought A Private Island,"I spent so much money buying this island, please subscribe lol New Merch - https://mrbeast.store Check out Viewstats!",2020-08-13 20:00:07+00:00,youtube#video,697,179476377.0,3983113.0,127190.0,PT11M37S,2d
fuhE6PYnRMc,World&#39;s Most Insane Experiments,"Go buy my merch at https://mrbeast.store and if you're looking to set up an online store, it should be on a .Store domain. Thanks ...",2023-07-08 16:00:00+00:00,youtube#video,636,266335028.0,6501208.0,129628.0,PT10M36S,2d
x9TQ6culXIA,"World&#39;s Biggest YouTubers Fight for $1,000,000",That was so close at the end I can't believe that happened!,2021-12-16 21:00:00+00:00,youtube#video,725,101081016.0,3145960.0,84396.0,PT12M5S,2d
KCRLP-zBacU,Can I Teach a Penguin To Subscribe?,,2025-05-31 16:10:27+00:00,youtube#video,9,94072549.0,2119230.0,13130.0,PT9S,2d
_uwNDiU04zE,"I Donated $300,000 To People In Need",Subscribe and I'll Donate $0.10 To Charity New Merch - https://mrbeast.store Check out Viewstats! - https://www.viewstats.com/ ...,2021-02-13 21:00:01+00:00,youtube#video,654,56035847.0,3019182.0,143617.0,PT10M54S,2d
XhuisK0bTSA,Pass The Phone To…,,2024-07-11 17:00:01+00:00,youtube#video,60,231220997.0,10750060.0,50245.0,PT1M,2d
mKIhHNznt4s,Can You Beat A Girl In Arm Wrestling?,,2023-08-17 17:00:00+00:00,youtube#video,52,528227098.0,20613958.0,37570.0,PT52S,2d
imhY0pe-Sd8,"Anything You Touch, You Keep!",,2024-04-02 16:00:03+00:00,youtube#video,48,235645259.0,9952259.0,15202.0,PT48S,2d
OnTTThIzuNU,"Keep Track Of Car, Win $10,000",,2024-03-19 16:00:00+00:00,youtube#video,51,165345242.0,7737773.0,89719.0,PT51S,2d
qtWqHIx8Z-o,"Last Person Standing Wins $10,000",,2024-12-22 17:00:01+00:00,youtube#video,48,450083823.0,11471229.0,8021.0,PT48S,2d
rWBOITBjitE,Could You Walk Up A Skyscraper?,,2023-12-05 18:00:00+00:00,youtube#video,50,378255557.0,14401442.0,27579.0,PT50S,2d
MFpWEKN9c6Y,"Last Person Hanging Wins $10,000",,2025-01-21 17:00:03+00:00,youtube#video,43,387642448.0,11064807.0,12144.0,PT43S,2d
CP82DAKzL1U,I Traded My Car At a Red Light,,2023-07-15 17:00:01+00:00,youtube#video,47,630969988.0,26033903.0,39096.0,PT47S,2d
n7x4Jj9pdH8,World’s Most Expensive Bed,,2023-10-31 17:00:01+00:00,youtube#video,48,440306259.0,20233386.0,34316.0,PT48S,2d
Kt2HvqRruHQ,"Find The Real MrBeast, Win $10,000",,2024-10-05 16:00:00+00:00,youtube#video,37,288564503.0,9542511.0,6771.0,PT37S,2d
69g-YcbmgQA,"Find Your Dog, Win $10,000",,2025-03-23 16:00:01+00:00,youtube#video,36,308172520.0,9341691.0,8587.0,PT36S,2d
f0cXJ6mJxGc,Bottle Head Smashing World Record Attempt!,,2024-05-14 16:00:00+00:00,youtube#video,38,469970494.0,12306939.0,49292.0,PT38S,2d
954wJ3uHVAk,Last One To Fall Wins,,2025-03-08 18:05:23+00:00,youtube#video,30,113362604.0,3644598.0,7735.0,PT30S,2d
ZVt9ZJfWV1c,"Feeding A Dog $1 vs $10,000 Steak",,2023-12-14 18:00:00+00:00,youtube#video,27,492742009.0,14944505.0,29574.0,PT27S,2d
vXNtju4VFm4,Restocking MrBeast Labs at Walmart,,2024-11-18 17:00:00+00:00,youtube#video,36,228774363.0,4783999.0,3297.0,PT36S,2d
7K-yxGWYsnk,"$10,000 Human Shuffleboard",,2025-04-22 16:30:14+00:00,youtube#video,40,305697242.0,4427092.0,4161.0,PT40S,2d
k194wHZHjB0,Most Expensive Hand Model Holds Feastables,,2024-02-24 18:00:09+00:00,youtube#video,22,430388949.0,10863360.0,8204.0,PT22S,2d
kPa_S6jN9ls,Could You Win This Obstacle Course?,ad.,2025-03-25 16:15:01+00:00,youtube#video,34,74869081.0,1494762.0,10122.0,PT34S,2d
I9mw5UlDyPI,This Game Is Wild...,,2024-11-12 17:00:00+00:00,youtube#video,19,563301586.0,12657558.0,8008.0,PT19S,2d
3cWm9B_0_kI,How Many People To Stop Ronaldo?,,2024-12-27 19:00:00+00:00,youtube#video,21,361952238.0,10250958.0,23226.0,PT21S,2d
Tbn4cYCaZCk,"Drift This Car, Win $10,000",,2025-04-16 17:00:15+00:00,youtube#video,20,346612557.0,5166423.0,8789.0,PT20S,2d
HcL1EQ5qD_g,Confronting Ronaldo,,2024-11-29 17:30:10+00:00,youtube#video,21,175350099.0,11122160.0,21059.0,PT21S,2d
BzKaMelDzqo,How Fast Can I Go?,New Merch - https://mrbeast.store Check out Viewstats! - https://www.viewstats.com/ SUBSCRIBE OR I TAKE YOUR DOG ...,2025-04-05 16:00:12+00:00,youtube#video,18,139678232.0,2447643.0,7731.0,PT18S,2d
TNtpUQbW4mg,This Is How The Pyramids Were Built,,2025-03-18 16:00:00+00:00,youtube#video,13,185623361.0,5945760.0,15181.0,PT13S,2d
9UtcHPCEBgg,1 Subscriber = 1 Penny,,2024-10-19 18:00:00+00:00,youtube#video,17,316733583.0,15870035.0,22656.0,PT17S,2d
TRxMLLuWIhw,Subscribe For An iPhone,Terms and Conditions: https://bit.ly/MrBeastIphone.,2025-01-17 17:00:00+00:00,youtube#video,17,182727378.0,21099455.0,181767.0,PT17S,2d
DBPYB8WkkDc,Bring Me Back Snow From The North Pole,ad https://www.amazon.com/redone.,2024-12-10 17:00:00+00:00,youtube#video,55,406262364.0,15037118.0,10983.0,PT55S,2d
L5ihmu87xTE,"Find This Stranger, Win $10,000",,2025-02-19 18:00:00+00:00,youtube#video,61,399597508.0,13475984.0,10339.0,PT1M1S,2d
Uxc84UUrVHk,You Can Stop Child Labor,,2025-04-11 16:00:01+00:00,youtube#video,58,71676147.0,3059456.0,18284.0,PT58S,2d
vBpQ1SlfVtU,Lambo Vs World&#39;s Largest Shredder,who let me do this lol Click here to join Creator League now: http://www.creatorleague.gg/mrbeast Buy a pass before September ...,2023-09-02 16:00:00+00:00,youtube#video,899,236297358.0,5613762.0,142764.0,PT14M59S,2d
XHb7g6yuGgE,Moving 10 Pounds Using ONLY Sound,I USED SOUND TO MOVE A 10 POUND DUMBBELL New Merch - https://mrbeast.store Check out Viewstats!,2018-08-02 21:09:00+00:00,youtube#video,826,45717922.0,1213997.0,49816.0,PT13M46S,2d
OEuS7fjMlMc,Millions Of Views!,IF YOU READ THIS OPEN THE DESCRIPTION RIGHT NOW FOLLOW MY TWITTER - https://twitter.com/MrBeastYT FOLLOW MY ...,2015-10-18 23:15:40+00:00,youtube#video,227,935116.0,30002.0,2003.0,PT3M47S,2d
2Pvt8awds44,Walking Up To Random People With 100 StormTroopers,THE EMPIRE CAN NOT BE STOPPED SUBSCRIBE OR I DELETE YOUR MINECRAFT ACCOUNT NEW Merch Store!,2018-04-11 22:09:01+00:00,youtube#video,604,19954022.0,502451.0,38253.0,PT10M4S,2d
ELIoOUKSOJQ,Top 10 Richest Gaming Youtubers?????,Ever wonder how much money the top 10 gaming youtubers are making? Well here ya go. 1.) Pewdiepie - 261 million views ...,2015-06-11 16:42:11+00:00,youtube#video,245,253160.0,7550.0,490.0,PT4M5S,2d
4KVmSG6KS2k,"Giving Homeless People $1,000 (Not Clickbait)",Get Quidd here! ▻▻▻ http://bit.ly/2rOJc0I My username is mrbeasr add me! SUBSCRIBE FOR A FREE CAR NEW Merch Store!,2017-06-28 22:00:02+00:00,youtube#video,527,6626368.0,229103.0,18872.0,PT8M47S,2d
c2ukL_zjFCk,Extreme Helmet Game,,2025-05-28 16:00:19+00:00,youtube#video,32,104411010.0,2297793.0,5267.0,PT32S,2d
l-nMKJ5J3Uc,"Ages 1 - 100 Decide Who Wins $250,000",I can't believe who they picked Thanks Top Troops for sponsoring this video. Download Top Troops at ...,2024-04-20 15:59:59+00:00,youtube#video,2402,276856088.0,6065992.0,210959.0,PT40M2S,2d
ndAQfTzlVjc,7 Days Trapped In A Cave,I didn't think surviving in a cave would be that challenging Check out Swarms! It's the coolest collectible ever with over 100 ...,2024-08-17 16:00:00+00:00,youtube#video,1079,151785316.0,4471184.0,93183.0,PT17M59S,2d
ha4tRQwKIUg,I Bought Everything In A Store - Challenge,I WENT INTO A STORE AND BOUGHT LITERALLY 15000 ITEMS! New Merch - https://mrbeast.store Check out Viewstats!,2019-05-18 20:05:02+00:00,youtube#video,1016,162067943.0,4339319.0,180783.0,PT16M56S,2d
ktyJIj6i4Qw,"If You Can Carry $1,000,000 You Keep It!",Exclusive Merch Here - https://mrbeast.store Check out Viewstats! - https://www.viewstats.com/ YOU HAVE 7 DAYS TO BUY THIS ...,2021-07-24 20:00:59+00:00,youtube#video,607,241320031.0,3887715.0,78341.0,PT10M7S,2d
PWirijQkH4M,World’s Deadliest Obstacle Course!,The obstacles in this video only get crazier as it goes on… Head to Walmart for Cirkul's BIGGEST. DROP. EVER. ⌛️ (while ...,2024-06-15 16:00:01+00:00,youtube#video,1705,322344245.0,6503454.0,142990.0,PT28M25S,2d
IDrS_TrjuK4,What Is Youtube Terms Of Service?????,Ever wonder why a video of your was randomly taken down? Well in this I describe some of the possible reasons for that.,2015-07-07 10:00:00+00:00,youtube#video,249,57433.0,1349.0,251.0,PT4M9S,2d
FM7Z-Xq8Drc,"Ages 1 - 100 Fight For $500,000",Claim a piece of MrBeast history — buy a prop in the Shop app for $0.01 https://go.shop.app/mrbeast Thanks to Lickd for providing ...,2023-05-27 21:14:59+00:00,youtube#video,1536,425517299.0,6659662.0,118198.0,PT25M36S,2d
7qY-qalCI2Y,"Grab The Rolex, Keep It!",,2025-05-21 15:59:50+00:00,youtube#video,23,118159031.0,1987147.0,6693.0,PT23S,2d
krsBRQbOPQ4,$1 vs $250M Private Island!,Watch until the end to see how crazy the last island is Play my ALL NEW MrBeast's Disco Dop level in Stumble Guys today!,2024-01-27 17:00:00+00:00,youtube#video,1019,320834432.0,5713484.0,100948.0,PT16M59S,2d
3-f9DEFsh4w,Watching Video Games Is A Waste Of Time????,This video is based off of Jimmy Kimmel and how he says that watching video games is a waste of time. CLICK THIS LINK NOW!,2015-09-05 16:14:19+00:00,youtube#video,243,56980.0,1925.0,379.0,PT4M3S,2d
AjZDwxt7S8w,I Gave Away A House On Halloween,,2023-11-10 18:00:00+00:00,youtube#video,48,322238286.0,13365159.0,35719.0,PT48S,2d
-o_8CDbFMJ0,Paid Promotion On Youtube Good?,"Sorry about how my thoughts were everywhere in the commentary, I will probably start scripting them again, so they will be shorter ...",2015-07-03 19:26:09+00:00,youtube#video,439,58129.0,1189.0,165.0,PT7M19S,2d
PXevNM0awlI,"Highest Away From Me Wins $10,000",,2025-02-28 17:00:00+00:00,youtube#video,50,273627030.0,8581438.0,9460.0,PT50S,2d
NnNZLCl78Ao,"Make This Kick, Win Super Bowl Tickets",,2023-08-25 16:00:25+00:00,youtube#video,52,135961487.0,5165358.0,8849.0,PT52S,2d
9fNNhWH-P2E,I Made An Egg Sandwich With @BayashiTV_,,2023-05-13 17:00:00+00:00,youtube#video,41,268634155.0,12050172.0,40228.0,PT41S,2d
CAOY8EKH1qU,I Paid A Random Student’s College Tuition,,2023-09-26 16:59:59+00:00,youtube#video,37,442077287.0,23983839.0,55242.0,PT37S,2d
jGAJCAuV3pQ,World’s Most Expensive Coffee,,2023-10-19 17:00:03+00:00,youtube#video,33,253210107.0,11092492.0,27660.0,PT33S,2d
4yx9ZJDfyKk,Baseball Tic Tac Toe vs MLB Pro,I wish I was as good as AaronJudge BUT if you're a @TMobile member and wanna watch him crush it all regular season long ...,2025-03-27 16:00:00+00:00,youtube#video,27,48134011.0,1305030.0,7376.0,PT27S,2d
S_CUEOBZ0P4,"The Rock Vs MrBeast For $100,000",Winning totally Rocks! New Merch - https://shopmrbeast.com/ SUBSCRIBE OR I TAKE YOUR DOG ...,2022-10-21 20:00:06+00:00,youtube#video,55,663886977.0,35546809.0,76727.0,PT55S,2d
lkCRPp7cnP8,How Many Balloons Does It Take To Fly?,,2024-07-10 17:00:00+00:00,youtube#video,18,497938546.0,19994518.0,50882.0,PT18S,2d
dc089EZRGcg,How Many Balloons To Make A Store Fly?,ad.,2024-11-18 19:00:00+00:00,youtube#video,22,362931539.0,9746573.0,9934.0,PT22S,2d
AydS-vA3qa4,Running With Bigger And Bigger Feastables,,2024-08-15 23:00:00+00:00,youtube#video,17,392854907.0,11862424.0,29256.0,PT17S,2d
nbzQdlWrcnk,Running With Bigger And Bigger Lunchlys,,2024-09-20 16:00:00+00:00,youtube#video,18,284745637.0,7838542.0,9689.0,PT18S,2d
TgCm8oDmxOk,I Crashed One Of The Most Expensive Cars In The World,,2025-03-14 16:00:00+00:00,youtube#video,16,73196383.0,2132563.0,6474.0,PT16S,2d
Y4-gFIfGXiQ,Would you go on a Blind Date in Italy?,,2023-04-15 20:00:01+00:00,youtube#video,51,516315754.0,23463380.0,27915.0,PT51S,2d
JQscW6DfNZY,Should You Play Video Games?,Should you play video games is the topic of this video and I would love to hear what you guys have to say!,2016-01-22 17:04:58+00:00,youtube#video,179,98242.0,4260.0,188.0,PT2M59S,2d
3LLnjRLrvLU,I Opened A Free Car Dealership,"This video means a lot to me, i'm so happy with how it went! BRAND NEW Merch - https://mrbeast.store Check out Viewstats!",2019-08-29 20:00:00+00:00,youtube#video,920,147528513.0,3518540.0,137210.0,PT15M20S,2d
NZlClr_ivb4,"Hit The Target, Win $300,000",New Merch - https://mrbeast.store Check out Viewstats! - https://www.viewstats.com/ The reason the title says $300000 instead of ...,2021-06-12 20:00:01+00:00,youtube#video,797,203662210.0,3769322.0,80781.0,PT13M17S,2d
I046_n20d3s,Standing Still For 24 Hours Straight - Statue Challenge,"I TURNED MYSELF INTO A LIVING STATUE, LIKE OR I'LL KICK YOU New Merch - https://mrbeast.store Check out Viewstats!",2019-02-22 22:05:59+00:00,youtube#video,1096,123511819.0,2037297.0,36630.0,PT18M16S,2d
uocETPj4Jx4,"Extreme $500,000 Game Of Tag!",I did not expect that to happen at the end... New Merch - https://mrbeast.store Check out Viewstats! - https://www.viewstats.com/ ...,2021-09-04 20:00:07+00:00,youtube#video,753,215591572.0,4745821.0,97433.0,PT12M33S,2d
L8nh1wuXTbI,"I Gave Him One Hour To Spend $100,000!",THEY HAD ONLY ONE HOUR TO SPEND $100000 IN NEW YORK Download Tik Tok Here ...,2019-01-01 21:05:01+00:00,youtube#video,825,82159746.0,1637184.0,68361.0,PT13M45S,2d
2eFSU7TFOnk,Spending 24 Hours On Top Of A Mountain,"WE HAD LIKE NO OXYGEN UP HERE, IT WAS CRAZY! New Merch - https://mrbeast.store Check out Viewstats!",2019-06-13 20:00:01+00:00,youtube#video,924,222307825.0,4025057.0,116211.0,PT15M24S,2d
E6E22XQPhhg,Anything You Can Fit In The Triangle I’ll Pay For,Sorry for the long time no uploads! I had 4 different videos fall apart :/ New Merch - https://mrbeast.store Check out Viewstats!,2021-06-01 20:00:02+00:00,youtube#video,968,250948347.0,3604317.0,82383.0,PT16M8S,2d
tYHTVjfShOA,"Anything You Can Carry, I&#39;ll Pay For Challenge",I took people into stores and paid for whatever they could carry New Merch - https://mrbeast.store Check out Viewstats!,2019-04-20 20:00:03+00:00,youtube#video,909,92634710.0,1786307.0,90659.0,PT15M9S,2d
s1ax8Tx_Jz0,Would YOU Rather Have A Lamborghini or This House?,Subscribe and you could be in the next would you rather! New Merch - https://shopmrbeast.com/ Check out Viewstats!,2020-08-22 20:00:01+00:00,youtube#video,1106,224562355.0,4116946.0,150752.0,PT18M26S,2d
mM2KwBYa-u4,My Mom Found My Channel!! :0,"The person who gave birth to me, aka my mom, found out about my youtube channel. Twitter Please Follow!",2015-08-20 01:44:22+00:00,youtube#video,269,764465.0,25877.0,2468.0,PT4M29S,2d
0DaMUhgcAqo,Destroying My Friend&#39;s Car And Surprising Him With A New One,I DROPPED A METEOR ON MY FRIEND'S CAR New Merch - https://mrbeast.store Check out Viewstats!,2019-08-10 20:00:00+00:00,youtube#video,883,113683605.0,2853245.0,61133.0,PT14M43S,2d
oB8kFFvJdhE,How To Tweet When You&#39;re Dead! DEADSOCIAL Facebook And Instagram Also!,"Deadsocial - http://www.deadsocial.org/ Did you know there is a way to tweet, update statue, and post after you have died?",2015-08-27 10:00:01+00:00,youtube#video,269,56718.0,1910.0,382.0,PT4M29S,2d
TDiXxsQ0w2Q,Why I Haven’t Been Uploading,This took way too long... Buy Merch - https://mrbeast.store Check out Viewstats! - https://www.viewstats.com/ SUBSCRIBE OR I ...,2020-09-17 20:00:05+00:00,youtube#video,354,58856405.0,2796441.0,94765.0,PT5M54S,2d
umRLkCrmwcs,My Problems,This is an old game of Black ops 2. I am trying to get xbox live and record some more bo2. Please tell me if you like it better than ...,2015-05-01 02:23:50+00:00,youtube#video,247,73179.0,2027.0,235.0,PT4M7S,2d
lfD7kMZKuNg,Big Channel&#39;s Starting Over???,This video is about people who I have watched that started over with a new channel. Pico - https://www.youtube.com/user/pico210 ...,2015-08-05 10:00:02+00:00,youtube#video,199,56717.0,1547.0,283.0,PT3M19S,2d
WAcmsAISniQ,1080p FREE TO USE BLACK OPS 3 GAMEPLAY,Free To Use Black Ops 3 Gameplay▻http://bit.ly/FREEGAMEPLAY I have a free to use call of duty black ops 3 gameplay. All you ...,2015-08-19 21:35:16+00:00,youtube#video,143,82455.0,1881.0,178.0,PT2M23S,2d
npDey6_9YRs,"Anything You Can Carry, I&#39;ll Pay For #2","ANYTHING THEY COULD CARRY, I PAID FOR!! New Merch - https://mrbeast.store Check out Viewstats!",2019-09-06 20:00:00+00:00,youtube#video,839,88241914.0,1725912.0,34579.0,PT13M59S,2d
nd-bwvNB7YA,Destroying My Friend&#39;s Car And Surprising Him With A New One - Slime,YOU WON'T BELIEVE WHAT CAR WE GOT HIM!!! New Merch - https://mrbeast.store Check out Viewstats!,2018-08-28 22:08:59+00:00,youtube#video,971,120467779.0,2487567.0,67034.0,PT16M11S,2d
MLN6TRB9Jxw,Who Are The Worst Youtubers?????,Have you ever wondered who did the worst last month on youtube? Good! Here is the answer :) Stats ...,2015-03-01 12:00:00+00:00,youtube#video,216,260734.0,4164.0,400.0,PT3M36S,2d
6_im_hGxGRk,Spending 24 Hours Straight Under Water Challenge,I CAN'T BELIEVE I ACTUALLY DID THIS!!!!!!! Funniest Shirts On The Internet - https://mrbeast.store Check out Viewstats!,2018-08-24 22:09:00+00:00,youtube#video,911,144744668.0,3575978.0,105859.0,PT15M11S,2d
NZR4WEjpOQg,Winning A Game Of Fortnite In The Middle Of The Ocean,"I CAN'T BELIEVE I DID THIS, IT WAS CRAZY SUBSCRIBE OR I TAKE YOUR DOG Outro winner ...",2018-04-25 22:09:02+00:00,youtube#video,584,31477604.0,784451.0,46936.0,PT9M44S,2d
xhIYirjB4Yc,"Giving $10,000 To Random People And Saying Nothing",YOU WON'T BELIEVE HOW THEY REACTED TO THE $10000 THEY RECEIVED! New Merch - https://mrbeast.store Check out ...,2019-04-30 20:00:06+00:00,youtube#video,959,83088670.0,1856993.0,49769.0,PT15M59S,2d
_mdKvblL_8s,"$70,000 Extreme Hide And Seek - Challenge",watch until the end to see who wins the $70000 DOWNLOAD HERE: https://dragoncity.onelink.me/3213014026/MrBeast Open to ...,2020-03-13 20:00:04+00:00,youtube#video,1041,156744518.0,2796442.0,67120.0,PT17M21S,2d
bTrV5v7GLcQ,"Last To Leave Pool Of $20,000 Keeps It",THIS CHALLENGE WENT ON FOREVER!! New Merch - https://mrbeast.store SUBSCRIBE OR I TAKE YOUR DOG For any ...,2019-08-24 20:00:01+00:00,youtube#video,999,184176672.0,3350676.0,81958.0,PT16M39S,2d
Z9WQy9jEY8M,"Giving 10,000 Presents To Kids For Christmas",New Merch - https://mrbeast.store Check out Viewstats! - https://www.viewstats.com/ SUBSCRIBE OR I TAKE YOUR DOG ...,2019-12-23 21:00:04+00:00,youtube#video,828,81118873.0,3154066.0,171057.0,PT13M48S,2d
3nn_skHgkqI,Has Youtube Met Its Match?????,In this video all I really talk about is how facebook plans on adding ads to videos shared on there site. I thought it was interesting ...,2014-01-12 01:25:53+00:00,youtube#video,164,104375.0,2310.0,287.0,PT2M44S,2d
8D3vI1615K4,Fidget Spinner Vs Face (Legit Had To Get Stitches),THIS IS NOT CLICKBAIT Enter $500 Giftcard Giveaway: http://bit.ly/2nVhJgm SUBSCRIBE FOR A FREE CAR NEW Merch Store!,2017-05-02 23:30:00+00:00,youtube#video,427,43748365.0,1661482.0,85938.0,PT7M7S,2d
UEK0fYAqMss,My Solution For The Theft At The FaZe House - @FaZe_Rain @FaZeAdapt,This is just a video where I talk about a recent problem in the FaZe house. Let me know what you think! ▻ Follow my twitter for ...,2015-07-08 10:00:00+00:00,youtube#video,187,56737.0,1301.0,237.0,PT3M7S,2d
-hrPQFaDVKQ,Channel Update.,I hope to get episode #2 of my noob tube montage out tomorrow!,2013-08-16 20:34:58+00:00,youtube#video,162,179015.0,4717.0,426.0,PT2M42S,2d
iqUFeWAVp-0,How Much Money Does Markiplier Make????? 2016,"I talk about how much he makes. ▻ Subscribe? - http://bit.ly/1sBQXmi ▻ Follow? - http://bit.ly/1ljKsl1 I read every comment, and ...",2015-01-04 20:59:46+00:00,youtube#video,154,137772.0,2216.0,235.0,PT2M34S,2d
0VjLq-go1fg,How Much $$$ Does Every Member of FaZe Make COMBINED????? 2016,These are the views for every member of Faze from last month. Faze clan - 5000000 FaZe Temperrr - 500000 FaZe CBass ...,2015-03-05 02:07:01+00:00,youtube#video,237,107145.0,1691.0,335.0,PT3M57S,2d
NV7qmqbS8tM,What Is Considered A &quot;Bad Video&quot; On Youtube????? #karnageRC,People have different ideas on what they considered a good video and what they say is a bad one. In this video I give you my ...,2015-06-07 21:38:42+00:00,youtube#video,252,72341.0,1496.0,162.0,PT4M12S,2d
Su34c5Z8DW4,I Put Millions Of Pennies In My Friends Backyard,YOU WON'T BELIEVE HOW HE REACTED TO THIS New Merch - https://mrbeast.store Check out Viewstats!,2018-12-08 21:05:02+00:00,youtube#video,881,183870527.0,2826525.0,64266.0,PT14M41S,2d
Ejou8aa5eZk,How Many Rubber Bands Does It Take To Snap A Safe?,I CAN'T BELIEVE THIS ACTUALLY WORKED!! New Merch - https://mrbeast.store Check out Viewstats!,2018-05-22 22:14:01+00:00,youtube#video,616,37345622.0,916430.0,44212.0,PT10M16S,2d
qAW6CE7_bFM,"I Donated $25,000 To Random Kids Streaming Fortnite","I Gave A Bunch Of Money To Kids Playing Fortnite Instagram - https://www.instagram.com/mrbeast/?hl=en or just search ""MrBeast"" ...",2018-09-14 20:09:01+00:00,youtube#video,1057,65217057.0,1315490.0,39208.0,PT17M37S,2d
qZNxvnQv0h4,I Bought Every Billboard In My City For This,YOU WON'T BELIEVE WHAT I PUT ON EACH BILLBOARD LOL subscribe or i'll take your cat obviously i didn't buy every ...,2018-10-26 21:06:02+00:00,youtube#video,931,38793372.0,1319972.0,105732.0,PT15M31S,2d
GUWGsIVEMSQ,"Surprising Tfue With $10,000 Live - Fortnite",YOU WON'T BELIEVE HOW HE REACTED!!! New Merch - https://mrbeast.store Check out Viewstats! - https://www.viewstats.com/ ...,2018-10-04 20:07:01+00:00,youtube#video,923,74654276.0,1536333.0,47020.0,PT15M23S,2d
CHdy9wND1jo,REACTING TO MY OLD MINECRAFT VIDEOS (HORRIBLE),MrBeast reacts to his terrible minecraft videos. Rock - https://www.youtube.com/watch?v=d8tZk1IgyLU Paper ...,2016-06-19 20:36:36+00:00,youtube#video,523,1343471.0,35871.0,2744.0,PT8M43S,2d
mfvi_jgdVqE,THINGS I HATE #1,I am a spoiled white kid that complains about first world problems.,2015-12-02 01:20:16+00:00,youtube#video,220,476849.0,15727.0,1660.0,PT3M40S,2d
ZV7rU6lnAKQ,"$200,000 Youtuber Battle Royale",Check out part 2 here: https://www.youtube.com/watch?v=P845PrVtWIk 13 Teams All Competing For $200000 ...,2019-03-12 22:00:00+00:00,youtube#video,816,56064940.0,1740855.0,142543.0,PT13M36S,2d
HuLAAXZXIy0,This Kid Should Quit COD....,"The video says it all. ▻ Subscribe? - http://bit.ly/1sBQXmi ▻ Follow? - http://bit.ly/1ljKsl1 I read every comment, and love any type ...",2014-06-02 21:37:07+00:00,youtube#video,77,81069.0,1659.0,207.0,PT1M17S,2d
skEf9R0TXkM,My Upload For ThunderstruckGaming,"TSG - https://www.youtube.com/user/ThunderStruckGaming Thunder use the title ""Black Ops 3 Affect On Youtube""",2015-07-25 22:35:54+00:00,youtube#video,220,56745.0,1467.0,252.0,PT3M40S,2d
STvOHHgJ1sQ,Battle Of The Beasts (youtubers needed),Apply - https://docs.google.com/forms/d/1GHkj1T6pLiGW4scsHYK_AZG73rxe9olQPcss7V9m864/viewform?usp=send_form It ...,2015-06-17 20:58:19+00:00,youtube#video,183,56773.0,1483.0,339.0,PT3M3S,2d
2XVcLrB7B3Y,Worst Minecraft Saw Trap Ever???,This is the worst saw trap ever done in minecraft TAGS IGNORE Worst saw trap in minecraft epic stupid saw trap minecraft horrible ...,2012-02-20 22:42:32+00:00,youtube#video,157,30023171.0,1293994.0,132922.0,PT2M37S,2d
hC3xW8xeCDs,Motivation For Youtubers #5,"I tried to make this one short and to the point. It is all based on what YOU do with your time. You can be a youtuber, it just takes ...",2016-05-15 21:00:01+00:00,youtube#video,148,199067.0,8822.0,546.0,PT2M28S,2d
Qhdj_Umh1IE,Motivation For Youtubers #6 LAST ONE,THIS IS MY LAST MOTIVATIONAL VIDEO AND YES I HAVE USED SOME OF THESE CLIPS BEFORE. I wanted to end on a good ...,2016-05-24 15:00:01+00:00,youtube#video,179,156880.0,6316.0,503.0,PT2M59S,2d
P4qWhSZ7_WA,Things That SHOULDN&#39;T Be Sold On Amazon,I bought a bunch of stuff that probably shouldn't be sold on amazon. New Merch - https://mrbeast.store Check out Viewstats!,2018-09-21 22:06:01+00:00,youtube#video,846,152111725.0,2312917.0,55734.0,PT14M6S,2d
R6zuvKbvKyU,Exility And Some Other Stuff - Update Vid,"Just to clarify, I was the one who started the trash talking with Exility and karnage so it is completely reasonable for them to insult ...",2015-07-18 18:02:27+00:00,youtube#video,285,56724.0,11411.0,3282.0,PT4M45S,2d
w40Z8aT5fpQ,Why Do We Do Things That Are Bad For Us?????,"This is a video where I talk, and now your watching it. ▻ Subscribe? - http://bit.ly/1sBQXmi ▻ Follow? - http://bit.ly/1ljKsl1 Sponsor ...",2015-05-14 23:52:57+00:00,youtube#video,204,56863.0,1803.0,266.0,PT3M24S,2d
f0M64XpmTz8,"I Spent $50,000 On Lottery Tickets And Won ____",YOU WON'T BELIEVE HOW MUCH MONEY I WON OFF THESE TICKETS! Download World Of Tanks Blitz For Free ...,2018-10-19 21:05:02+00:00,youtube#video,1014,31339234.0,748202.0,33379.0,PT16M54S,2d
9zFfp3gzZ88,I Hate Youtubers That Ask For Likes,This is just a random rant on things I do not like on youtube. aka asking for likes and supply drop openings. Twitter Please Follow!,2015-08-20 19:13:03+00:00,youtube#video,256,207163.0,10863.0,712.0,PT4M16S,2d
dBxOYE2j55U,Make This Video The Most Liked Video On Youtube,"WHAT IS UP LOGANG, MAKE SURE YOU LIKE THE VIDEO AND WATCH TO THE END TO SEE WHO WON THE EGG ...",2019-01-16 22:05:01+00:00,youtube#video,791,154540853.0,30347036.0,310854.0,PT13M11S,2d
Dc2ZRmuH5OM,"Steal This $100,000 Diamond, You Keep It",Do you think you could have done all the levels? New Merch - https://mrbeast.store Check out Viewstats!,2020-11-28 21:00:04+00:00,youtube#video,843,224570686.0,3690483.0,92622.0,PT14M3S,2d
fY-LA3YaZ_M,"How I Gained 15,000,000 Subscribers In 1 Year","Thank you for the best year of my life, 2020 lets change the world New Merch - https://mrbeast.store Check out Viewstats!",2020-01-03 21:10:01+00:00,youtube#video,394,19661747.0,899602.0,39809.0,PT6M34S,2d
yeHjsYQ076A,Remember When COD Was Fun?,"Yup, another very pointless video ▻ Subscribe? - http://bit.ly/1sBQXmi ▻ Follow? - http://bit.ly/1ljKsl1 Sponsor ...",2015-04-26 21:26:36+00:00,youtube#video,216,56747.0,1700.0,322.0,PT3M36S,2d
jP82d277Cc8,Harry Potter Mod In Minecraft! EPIC MUST SEE MOD!!!,One of the coolest mods i have ever seen Mod: http://www.planetminecraft.com/mod/123-quidcraft-quidditch-mod/,2012-03-09 23:29:03+00:00,youtube#video,239,5872106.0,,9235.0,PT3M59S,2d
9GD6hbqu2oM,I Spent 24 Hours Straight In Slime,THIS WAS THE MOST DISGUSTING THING I HAVE EVER DONE I STILL HAVE A RASH FROM IT LOL subscribe for a car New ...,2018-10-09 20:05:02+00:00,youtube#video,878,43842861.0,939970.0,33103.0,PT14M38S,2d
IQYW_lVBYGo,How Much Money Does KyR&#39;s Speedy&#39;s Crew Make?????,In this video I talk about how much kyr speedy and all his friends make hope you enjoy! = Enjoy the video? Click here!,2014-03-02 18:14:47+00:00,youtube#video,174,100082.0,2014.0,310.0,PT2M54S,2d
RywkkwO78m8,Flat Earth PROVEN By Independent Research,WE PROVED THE EARTH IS NOT ROUND!!!!!!!!!!!! SUBSCRIBE IF YOU WERE LIED TO! New Merch - https://mrbeast.store Check ...,2018-09-22 20:05:01+00:00,youtube#video,712,28587535.0,796148.0,133739.0,PT11M52S,2d
bFZdU9dr4OM,Rocket League In Real Life!,THIS WAS THE CRAZIEST THING WE HAVE EVER DONE! New Merch - https://mrbeast.store Check out Viewstats!,2018-09-01 21:08:58+00:00,youtube#video,775,28776882.0,544055.0,16169.0,PT12M55S,2d
qPBtTPJHS0Q,I Advertised Pewdiepie At The Super Bowl,I CAN'T BELIEVE WE MADE IT ON THE SUPER BOWL LOL New Merch - https://mrbeast.store Check out Viewstats!,2019-02-04 22:00:01+00:00,youtube#video,765,45141526.0,1251385.0,64332.0,PT12M45S,2d
ZQZzR0DUujc,"New Optic Gaming Gear Coming To Advanced Warfare, My Thoughts",This video is just my thoughts on the new optic gaming gear that is coming to advanced warfare. Twitter Please Follow!,2015-08-01 16:47:55+00:00,youtube#video,151,56722.0,1815.0,416.0,PT2M31S,2d
AIytwdufwW8,MY MESSAGE TO COD YOUTUBERS (Watch till end plz),The beginning of the video is a little off topic but I bring it all back in the finally minutes of the video. ▻ Subscribe?,2015-05-29 20:07:48+00:00,youtube#video,292,56742.0,1436.0,251.0,PT4M52S,2d
l_huIWJBhJM,I Bought An Expensive Car Using Only $1 Bills,I CAN'T BELIEVE IT WORKED! NEW Merch Store! - https://mrbeast.store Check out Viewstats! - https://www.viewstats.com/ ...,2018-02-13 23:10:01+00:00,youtube#video,629,37590097.0,1079414.0,35165.0,PT10M29S,2d
5PCxQSMOl3o,i&#39;m really sorry,i hope you guys can forgive me SUBSCRIBE FOR A FREE CAR NEW Merch Store! - https://mrbeast.store Check out Viewstats!,2017-10-26 21:30:00+00:00,youtube#video,191,5927431.0,205749.0,10092.0,PT3M11S,2d
QkXDatNdL4U,Free To Use Advanced Warfare Gameplay! 2015,Free to use gameplay - https://www.youtube.com/channel/UCmaAtMHgspY0au0NR5oz8PA ▻ Subscribe? - http://bit.ly/1sBQXmi ...,2015-06-19 14:07:22+00:00,youtube#video,125,56723.0,1633.0,344.0,PT2M5S,2d
bA20RJcegOI,1500,I am trying to get back into youtube and just want to know if you guys would watch minecraft. I don't want to upload it if its only ...,2014-08-08 18:58:18+00:00,youtube#video,143,305941.0,8921.0,1573.0,PT2M23S,2d
g2rbhIB-ITM,"I Donated $30,000 To A Random Twitch Streamer (world record)",WE CHANGED HIS LIFE! Download Like here - https://like.onelink.me/FvnB/e11cc55c SUBSCRIBE FOR A FREE CAR NEW ...,2018-01-28 00:11:02+00:00,youtube#video,1106,32873486.0,1054922.0,54696.0,PT18M26S,2d
v5J1Cycn3s8,How To Gain Youtube Success,In this video I will tell you how to become the next pewdiepie. ▻ Subscribe? - http://bit.ly/1sBQXmi ▻ Please follow my twitter!,2015-07-02 17:10:49+00:00,youtube#video,162,87403.0,3054.0,312.0,PT2M42S,2d
pUwUAtmBKxw,Insane Black Ops 2 HACKER!!!!,This is a crazy game I joined where there was a hacker doing some crazy stuff. Please Check Out My Newer Videos! Black ops 2 ...,2013-07-30 02:45:21+00:00,youtube#video,359,241129.0,6645.0,666.0,PT5M59S,2d
vETSAZgfDP4,I Flew Using Only Balloons AND Leaf Blowers,I ACTUALLY FLEW THIS TIME OMG SUBSCRIBE OR I TAKE YOUR DOG New Merch - https://mrbeast.store Check out Viewstats!,2018-04-23 22:09:02+00:00,youtube#video,678,32796794.0,655536.0,44537.0,PT11M18S,2d
nRkwuTOESCc,Donating Big Donations To Twitch Streamers!!!,I gave thousands of dollars to Twitch streamers. SUBSCRIBE FOR A FREE CAR NEW Merch Store! - https://mrbeast.store Check ...,2018-01-11 22:37:00+00:00,youtube#video,1161,27731538.0,581403.0,36262.0,PT19M21S,2d
oODUkNQAzXU,5$ To Advertise Your Youtube Channel???,Fiver ...,2015-07-31 00:13:08+00:00,youtube#video,121,166117.0,3043.0,270.0,PT2M1S,2d
NiqkH7qVW0U,100k Subs With No Videos????,I have lost my faith in humanity The channel ...,2015-04-11 16:51:40+00:00,youtube#video,257,479336.0,9490.0,2815.0,PT4M17S,2d
9vB-48kHbBU,I Built A Giant House Using Only Legos,THIS TOOK US OVER AN ENTIRE MONTH TO BUILD THIS HOUSE! New Merch - https://mrbeast.store Check out Viewstats!,2018-12-02 20:05:01+00:00,youtube#video,829,65079892.0,1040832.0,48812.0,PT13M49S,2d
AS5CxLCWq-Q,Watching Dance Till You&#39;re Dead For 10 Hours,I WATCHED THE WHOLE VIDEO Enter $500 Giveaway - bit.ly/2nVhJgm SUBSCRIBE FOR A COOKIE NEW Merch Store!,2017-03-21 22:40:12+00:00,youtube#video,36001,54574620.0,2624757.0,,PT10H1S,2d
xWcldHxHFpo,"I Counted To 100,000!",I can't believe I did this.. Like or I eat your food NEW Merch Store! - https://mrbeast.store Check out Viewstats!,2017-01-09 00:00:39+00:00,youtube#video,85687,31699938.0,1478978.0,129541.0,PT23H48M7S,2d
TN1wErFGTzM,"Find This Key, Win $10,000",Shop Mother's Day flowers on DoorDash now: https://bit.ly/4jEjOFf Thank you @doordash for teaming up to help recognize Moms ...,2025-05-05 16:00:00+00:00,youtube#video,39,24925795.0,860993.0,4288.0,PT39S,2d
F6PqxbvOCUI,"Protect The Yacht, Keep It!",This video did not go how I expected it to Craft your perfect defense from a combination of powerful Monkey Towers and awesome ...,2024-05-11 16:00:00+00:00,youtube#video,908,151131162.0,4123626.0,80671.0,PT15M8S,2d
3TflpIllQHY,I Put 100 Million Orbeez In My Friend&#39;s Backyard,THIS WAS THE CRAZIEST THING WE HAVE EVER DONE LOL New Merch - https://mrbeast.store Check out Viewstats!,2018-11-22 21:08:01+00:00,youtube#video,885,238014098.0,5291261.0,138591.0,PT14M45S,2d
yXWw0_UfSFg,Anything You Can Fit In The Circle I’ll Pay For,Watch until the end to see how much i spent New Merch - https://mrbeast.store Check out Viewstats! - https://www.viewstats.com/ ...,2020-03-07 21:00:00+00:00,youtube#video,1183,318044496.0,5280026.0,113173.0,PT19M43S,2d
f0c7pSCoZqE,"I Put 1,000,000,000 Christmas Lights On A House (World Record)",Watch until the end to see how insane the houses look New Merch - https://mrbeast.store Check out Viewstats!,2020-12-23 21:00:06+00:00,youtube#video,682,128248187.0,2991792.0,106076.0,PT11M22S,2d
Kgu2ApayYvI,How Much Money Do I Make?????,"Thought I would mix it up and instead of talking about a different youtuber, I talk about my self :) = Enjoy the video? Click here!",2014-03-16 01:24:25+00:00,youtube#video,250,154296.0,4865.0,664.0,PT4M10S,2d
JTQcIR2ZxU4,Homeless Man Buys A Lamborghini,I was genuinely curious if people would treat me worse because I'm homeless now buy my merch New Merch ...,2019-04-18 20:05:00+00:00,youtube#video,860,192914705.0,4275411.0,80391.0,PT14M20S,2d
Lx9fRu5ehFo,We Are Better Than Dude Perfect,We are better Music By - https://m.youtube.com/channel/UCJrYFqO8sG-KtqUhWRtQL4w SUBSCRIBE FOR A FREE CAR NEW ...,2017-06-24 18:40:12+00:00,youtube#video,157,27217749.0,668457.0,37655.0,PT2M37S,2d
M82VAcabSiA,Scary minecraft pig skin!,,2013-01-13 16:53:17+00:00,youtube#video,29,1063037.0,36901.0,3213.0,PT29S,2d
AKJfakEsgy0,Hi Me In 5 Years,This video was filmed 5 years ago You better have a million subscribers! I added some clips from the other hi me videos to this ...,2020-10-04 20:00:54+00:00,youtube#video,128,140013344.0,7189482.0,252883.0,PT2M8S,2d
Y74b7WlcEpk,More birds IN MINECRAFT!!,Basically what this mod does is adds more birds to minecraft. i forgot to mention that you can find nest which have eggs in them....,2013-01-12 23:35:45+00:00,youtube#video,126,1321568.0,48249.0,3814.0,PT2M6S,2d
YY2-jJojnOA,Best Green Screen Lighting Ever? (Joking Obviously),Best Green Screen Lighting Ever? (Obviously Joking) I was super happy that the new lights for my green screen came in.,2015-10-03 21:06:46+00:00,youtube#video,204,557554.0,13353.0,658.0,PT3M24S,2d
oA4LSZvX4iE,Ages 1-100 Try My Chocolate,,2024-05-09 16:00:00+00:00,youtube#video,39,247888345.0,9557081.0,33858.0,PT39S,2d
bIZ5_L1ru2w,Funny Noob Tubing Reaction Montage!,Just listen to these people rage about my noob tube its hilarious!!,2013-08-16 03:04:45+00:00,youtube#video,149,126764.0,3711.0,428.0,PT2M29S,2d
8_gdcaX9Xqk,"Would You Split Or Steal $250,000?",,2024-05-03 16:00:00+00:00,youtube#video,60,191031240.0,11096751.0,28169.0,PT1M,2d
l9_8_pDTmis,"Furthest Away From Me Wins $10,000",,2023-11-02 17:00:03+00:00,youtube#video,48,607891727.0,21050060.0,37467.0,PT48S,2d
PuQ5UxKUY48,"Find The Human, Win $10,000",,2025-02-24 17:00:02+00:00,youtube#video,41,191174666.0,5834392.0,7179.0,PT41S,2d
AjwAdtlRKf8,"Buy Feastables, Win $10,000",,2024-02-17 19:00:01+00:00,youtube#video,41,348692277.0,14895727.0,31452.0,PT41S,2d
zvBXpoBegwE,I Got T-Series To Subscribe To Me,,2024-12-09 17:00:01+00:00,youtube#video,31,123400748.0,6883263.0,12005.0,PT31S,2d
6GzHPS0rEgc,"I’m Giving My 250M Subscriber $25,000",,2024-04-06 19:45:00+00:00,youtube#video,21,115618067.0,7659240.0,50579.0,PT21S,2d
ZxkLCq49Tvk,Does Spam Work?????,In this video I talk about spam comments on youtube. We all hate reading them and there not effective at all....,2014-01-20 23:41:17+00:00,youtube#video,255,454346.0,7248.0,746.0,PT4M15S,2d
AS6WMS_Bemg,I Can&#39;t Believe I Found This Stuff On Amazon..,It should be illegal to sell this stuff. Get your chair here - https://www.gtomegaracing.com/ SUBSCRIBE FOR A FREE CAR NEW ...,2017-12-22 23:19:10+00:00,youtube#video,428,31219536.0,1195041.0,23710.0,PT7M8S,2d
wDqJZ_2ZA3A,"I Spent $30,000 On Lottery Tickets And Won ____","LOL I CAN'T BELIEVE I DID THIS, THIS WAS INSANE!!! Get Honey For FREE at - http://joinhoney.com/mrbeast Honey has saved ...",2018-09-28 21:05:00+00:00,youtube#video,1052,17331035.0,426747.0,21668.0,PT17M32S,2d
zgLhCT7aFCA,Extreme Home Makeover!,,2023-09-12 17:00:00+00:00,youtube#video,57,361129233.0,19120821.0,44213.0,PT57S,2d
XE1Qyss8GIY,"Guess The Gift, Keep It",,2024-04-09 17:00:00+00:00,youtube#video,46,482858591.0,18475272.0,23530.0,PT46S,2d
AFXoSFNMwIA,I Filled Chandler’s Car With Feastables,,2024-02-27 18:00:01+00:00,youtube#video,38,357023269.0,13684925.0,25517.0,PT38S,2d
SGzWIoLAzmY,"Feeding A Cat $10 Vs $10,000 Sushi",,2023-08-31 17:00:00+00:00,youtube#video,31,348327774.0,13393006.0,28379.0,PT31S,2d
ZKxnjszkZto,"Spot The Hidden People For $10,000",,2024-05-08 16:00:01+00:00,youtube#video,35,187005524.0,6259371.0,11722.0,PT35S,2d
xBP9EUQIkNs,"You Pick The Right Cup, You Win $100,000!",IF YOU PICK THE RIGHT CUP A FEW TIMES IN A ROW YOU CAN WIN $100000 Download TikTok And Try Out Their Stickers!,2018-10-28 20:06:01+00:00,youtube#video,1055,36261641.0,977457.0,35432.0,PT17M35S,2d
1SwVSTKFCsc,"Spending $40,000 In One Hour Challenge",I GAVE HIM ONLY ONE HOUR TO SPEND $40000 AND THIS IS WHAT HE BOUGHT! Download Qwikmatch For Free ...,2018-11-17 21:06:02+00:00,youtube#video,843,44782275.0,934111.0,54603.0,PT14M3S,2d
foLlul8Tl3E,"I Donated $50,000 To Ninja - Fortnite",HIS REACTION TO THE $50000 WAS INSANE! Join Honey for FREE at https://www.joinhoney.com/mrbeast I donated to twitch ...,2018-07-14 21:06:00+00:00,youtube#video,1322,98284328.0,2151222.0,59592.0,PT22M2S,2d
MC5h-ShR-S8,"We Drove 3,000 Miles For The World&#39;s Best Burger",THIS WAS THE CRAZIEST THING I'VE EVER DONE! New Merch - https://mrbeast.store Check out Viewstats!,2018-06-09 21:13:59+00:00,youtube#video,829,54617465.0,1224384.0,93977.0,PT13M49S,2d
HduubRTdko4,How Much Does &quot;Epic Rap Battles&quot; Make?????,"I really enjoy ERB, so I decided to make a video about them. If you enjoy be sure to let me know what you think down below!",2014-07-10 23:05:51+00:00,youtube#video,200,56598.0,1533.0,227.0,PT3M20S,2d
vuOTP206zWM,"Pewdiepie&#39;s Shoutout, What Would You Do If You Won?","Pewdiepie's Shoutout, What Would You Do If You Won? I am being serious let me know what you would do if you won pood's ...",2015-09-05 00:49:25+00:00,youtube#video,278,56589.0,2099.0,322.0,PT4M38S,2d
W2skFWRk6qo,PewDiePie Uploads A Fake Video! LOL,"Someone stole a animation and then sent it into Pewds, who actually uploaded it and gave credit to someone who stole an ...",2015-01-01 18:56:04+00:00,youtube#video,155,82965.0,1595.0,205.0,PT2M35S,2d
CuzdxsOXEZ8,Hearthstone - All Beards Challenge!,In this video I play a couple duels only using cards with Beards. Hope you enjoy! = Enjoy the video? Click here!,2014-04-24 01:56:43+00:00,youtube#video,1433,77769.0,1686.0,254.0,PT23M53S,2d
d8pJkuSp1iI,How Many Toy Cars Does It Take To Pull A Real Car?,I CAN'T BELIEVE THIS WORKED IT WAS CRAZY! New Merch - https://mrbeast.store Check out Viewstats!,2018-05-04 22:08:58+00:00,youtube#video,708,41259971.0,763408.0,26795.0,PT11M48S,2d
Izmibu7dxcs,Destroying My Friend&#39;s Car And Surprising Him With A New One,HE DIDN'T SEE IT COMING LOL Download Quidd Here - http://bit.ly/2IGS5mb SUBSCRIBE OR I DELETE YOUR MINECRAFT ...,2018-04-13 22:21:00+00:00,youtube#video,912,39169804.0,628476.0,35615.0,PT15M12S,2d
nLpqZEAFnkE,I Bought A Car Using Only Pennies,I CAN'T BELIEVE THEY ACCEPTED THE PENNIES!!! SUBSCRIBE FOR A FREE CAR NEW Merch Store! - https://mrbeast.store ...,2018-01-25 23:10:03+00:00,youtube#video,728,26542757.0,720583.0,38451.0,PT12M8S,2d
dDVFnfCwjHA,Will A Basketball Boat Hold My Weight?,,2024-10-11 16:00:01+00:00,youtube#video,30,310172355.0,9328210.0,5993.0,PT30S,2d
ivdQqobHDPc,Story time!,This is a story about my trip to the gym.,2013-04-18 01:54:48+00:00,youtube#video,193,593425.0,20118.0,1589.0,PT3M13S,2d
Rmf6T_Ewt38,Tipping Waitresses With Real Gold Bars,WE TIPPED WAITRESSES WITH REAL GOLD LOL New Merch - https://mrbeast.store Check out Viewstats!,2019-06-21 20:00:01+00:00,youtube#video,727,70454793.0,1823848.0,84014.0,PT12M7S,2d
2O8wta4FsD4,STUPIDEST PERSN ON EART (Really Dumb),HOW IS HE SO STUPID? like or I eat your mom's dinner Rock - https://www.youtube.com/watch?v=KkS_sth28rs Paper ...,2016-11-28 00:01:52+00:00,youtube#video,262,2526428.0,184552.0,12380.0,PT4M22S,2d
WYKZz3Zygdc,Hellstrikes vs 7 halos!,The hellstrikes need a serious nerf!,2013-12-27 00:27:31+00:00,youtube#video,96,84794.0,2011.0,384.0,PT1M36S,2d
KJ_C_NSl0P8,How Much Money Does &quot;Element Animation&quot; Make?????,In dis video I talk about how much money they make.... Enjoy! = Enjoy the video? Click here!,2014-03-30 23:40:18+00:00,youtube#video,209,183519.0,3443.0,349.0,PT3M29S,2d
gYaxI_allkQ,Am I Ian From Smosh????,Is Mr.Beast actually Ian from Smosh? This is something that I actually get asked a lot. Twitter Please Follow!,2015-08-02 19:09:03+00:00,youtube#video,138,1040369.0,13384.0,633.0,PT2M18S,2d
N_GMakKf7G4,"Giving A Random Homeless Man $10,000",Get Quidd here! ▻▻▻ http://bit.ly/2ohRboS My username is mrbeasr add me! SUBSCRIBE FOR A FREE CAR NEW Merch Store!,2017-06-15 23:10:02+00:00,youtube#video,602,11238245.0,561764.0,33655.0,PT10M2S,2d
ZiuoOcj2eLY,In Dis Video I Play Minecraft. (Factions),I show you guys around my base and just let you see all the things I have built on woodycraft. I hope you enjoy and let me know ...,2014-07-05 15:57:13+00:00,youtube#video,529,59419.0,1714.0,199.0,PT8M49S,2d
yyJ7xEcENNI,How Much Does Pewdiepie Make?,Ever wonder how much money pewdiepie makes off of youtube? Well in this video I am going to talk about pewdiepie's earnings.,2015-06-28 22:41:05+00:00,youtube#video,233,244578.0,3143.0,219.0,PT3M53S,2d
vT_gRRMjDi0,$100 GIVEAWAY PRANK (NO WEAPONS INVOLVED),My last video was a fake giveaway and now I trick people into thinking they won.,2016-04-03 21:00:00+00:00,youtube#video,291,67790.0,1842.0,235.0,PT4M51S,2d
zi7tZ-2PhLk,How Much Money Do You Make As An Uber Driver??????,In this video I talk about being an uber driver and give my thoughts and analysis on the whole thing on the money you make per ...,2015-05-31 18:31:25+00:00,youtube#video,304,56559.0,1330.0,190.0,PT5M4S,2d
-V3-fhJQZkk,Youtube Collabs? Collabbing with Mr.Beast?,This is something I get asked every single day. I also wanted to give you guys some tips when it comes to collabbing with ...,2015-08-01 10:00:01+00:00,youtube#video,213,107521.0,2204.0,219.0,PT3M33S,2d
7dIFHQkrASM,This is a detailed break down of my favorite UU team... ENJOY!,This is one of the best teams in MY opinion and i thought i would share it and do a detailed breakdown of it in case any of you ...,2013-03-29 23:14:45+00:00,youtube#video,564,201804.0,8674.0,1004.0,PT9M24S,2d
ZNt_GoOBHq8,Human vs Jet Engine,,2024-10-17 19:00:00+00:00,youtube#video,19,439100580.0,12581915.0,15687.0,PT19S,2d
DBw0oD38z0Q,This Game Is Wild,,2024-07-17 16:00:00+00:00,youtube#video,21,212179280.0,6032476.0,11898.0,PT21S,2d
Jo7sfpeWqwE,Will A Guitar Boat Hold My Weight?,,2024-09-05 16:00:01+00:00,youtube#video,20,678607466.0,17611498.0,14707.0,PT20S,2d
Y0cBiGUuB1Y,I Sent a Subscriber to Disneyland,New Merch - https://shopmrbeast.com/ SUBSCRIBE OR I TAKE YOUR DOG ...,2023-03-30 20:00:00+00:00,youtube#video,27,610651595.0,29688029.0,80292.0,PT27S,2d
b_o8cz0ZNdk,What Is Swatting? Why I hate It!,In this video I talk about swatting and why I hate it. ▻ Subscribe? - http://bit.ly/1sBQXmi ▻ Please follow my twitter!,2015-07-05 18:08:37+00:00,youtube#video,259,95711.0,2415.0,240.0,PT4M19S,2d
UXw9jqgJNNc,"Youtube Stat News - Vevo Gets 10 Bil. Views A Month, Channel Milestones, and more!","Skip to 1:20 to ignore my pointless rambling. Like I said in the video, this is just a test and the news videos will improve over time.",2015-05-21 00:31:22+00:00,youtube#video,328,56488.0,2340.0,779.0,PT5M28S,2d
9yrdFAJUSaU,"Donating $100,000 To Shroud In Real Life","YOU WON'T BELIEVE HOW HE REACTED TO THIS LOL Download Apex Legends for free on PC, PS4, and Xbox here: ...",2019-04-04 21:05:59+00:00,youtube#video,854,32338559.0,877777.0,19906.0,PT14M14S,2d
yCKe65Nvp0Q,Every Minecraft Let&#39;s Play Ever In Under A Minute,"This video is a joke about minecraft, which is a joke. ▻▻▻ FOLLOW FOR A COOKIE ▻▻▻http://bit.ly/MrBeast6000 FREE COD ...",2015-07-16 22:00:01+00:00,youtube#video,60,121337.0,3744.0,283.0,PT1M,2d
2IGxSOfsBok,I Hate Pewdiepie!!!!!,I pretty much explain it in the video. I dont hate pewds I just want to see how many little 12 years olds will come and dislike this ...,2014-02-01 00:16:57+00:00,youtube#video,126,3001950.0,225452.0,14525.0,PT2M6S,2d
dEOlvTqYUNo,#1 MOST INSANE MAGNET LIFE HACK EVER,THIS IS CRAZY SUBSCRIBE FOR A FREE CAR NEW Merch Store! - https://mrbeast.store Check out Viewstats!,2017-03-24 21:40:17+00:00,youtube#video,309,26286311.0,523502.0,18023.0,PT5M9S,2d
n9BbAfbsyj0,"I Donated $10,000 If They Said This Word (Twitch Streamers)",SHE SAID SO I GAVE HER $10000 Twitter - @mrbeast SUBSCRIBE OR I DELETE YOUR MINECRAFT ACCOUNT Twitch is a ...,2018-04-04 22:19:00+00:00,youtube#video,785,20110339.0,556041.0,21859.0,PT13M5S,2d
Pe3pGsCeYXg,"Giving 3,000,000 Pennies To My 3,000,000th Subscriber",I GAVE HIM 3000000 PENNIES LOL SUBSCRIBE FOR A FREE CAR NEW Merch Store! - https://mrbeast.store Check out ...,2018-02-22 23:14:03+00:00,youtube#video,610,8834323.0,235620.0,21868.0,PT10M10S,2d
prdSftLj9-g,How To Do A High School or College Paper!,"Subscribe? - http://bit.ly/1sBQXmi ▻ Follow? - http://bit.ly/1ljKsl1 I read every comment, and love any type of feedback you leave ...",2015-04-06 11:42:14+00:00,youtube#video,236,94058.0,1789.0,189.0,PT3M56S,2d
NT3EkjxO8hs,"10,000 QNA With MUM","Hey you, thanks for watching my videos! 10k hype boyz.",2015-10-29 00:21:29+00:00,youtube#video,235,332036.0,14264.0,1801.0,PT3M55S,2d
is1LSWbssuA,Best Thing To Happen To This Channel?????,Is this what we have been waiting for? Twitter Please Follow! - https://twitter.com/MrBeastYT FREE COD GAMEPLAY ...,2015-07-23 10:00:00+00:00,youtube#video,88,56495.0,1823.0,291.0,PT1M28S,2d
lRznKN2oPUc,5 Popular Channels That Were Terminated,In this video I talk about some once big channels and how they got terminated from youtube. ▻ Follow my twitter for good luck!,2015-07-07 22:00:00+00:00,youtube#video,300,136678.0,4520.0,1003.0,PT5M,2d
VqnQ-0q2gb4,Destroyed Friend&#39;s House And Bought Him A New One,YOU WON'T BELIEVE HOW MY FRIEND REACTED TO HER HOUSE! SUBSCRIBE OR I TAKE YOUR DOG New Merch ...,2018-11-24 21:06:01+00:00,youtube#video,878,43791695.0,1133212.0,68101.0,PT14M38S,2d
ngVEpJs5A5s,Motivation For Small Youtubers #4 - Inspiration For Youtubers,Motivation For Small Youtubers #4 - Inspiration For Youtubers Never quit Rock ...,2016-04-08 00:11:29+00:00,youtube#video,190,150448.0,7236.0,622.0,PT3M10S,2d
EMVvA5Cr0fY,COD IS NOT DEAD,"This is a parody me and my friend chris wrote of ""Best Day of My Life."" It turned out really well and I hope you guys enjoy this video ...",2014-05-08 02:19:42+00:00,youtube#video,202,76969.0,2251.0,304.0,PT3M22S,2d
-z349CGAOXs,Horse racing map for new update! (minecraft),This is a horse racing map that was built in preperation for the new update with horses! Minecraft!,2013-04-21 16:37:08+00:00,youtube#video,88,202583.0,7707.0,881.0,PT1M28S,2d
Z8nEEdXTaX0,Boxy item mod Minecraft.  EPIC,At the begining i said i was mrbeast6000.... i recently changed my name to videogames rule This is the boxy tool's mod! its pretty ...,2013-01-12 22:34:11+00:00,youtube#video,90,1550590.0,56755.0,4271.0,PT1M30S,2d
ttLYXcza4j4,MrBeast’s Outro Song,Whobilly - https://www.youtube.com/channel/UC451PIF8rykIfv0X37Gr6PQ Twitter Please Follow! - https://twitter.com/MrBeastYT ...,2015-09-05 20:15:02+00:00,youtube#video,131,8662848.0,388047.0,18339.0,PT2M11S,2d
dpUxRIqbNlc,Exility vs Dr.Pineapplez - Misleading Contest!,Exility vs Dr.Pineapplez - Misleading Contest! I was bored so I decided to compare exility and dr.pineapplez and see who is the ...,2015-09-08 22:06:36+00:00,youtube#video,258,56494.0,4520.0,854.0,PT4M18S,2d
z7qtJAAV5d0,Is Obama Dead? Dumb Google Searches!,Is Obama Dead? Dumb Google Searches! Open for Rock Paper Bomb Rock ...,2016-01-24 00:21:47+00:00,youtube#video,324,228568.0,4690.0,284.0,PT5M24S,2d
8TFq_vvO_Wg,MrBeast6000&#39;s First Video (So Bad lol),This is the first video I uploaded to this channel!,2015-11-19 21:29:40+00:00,youtube#video,187,14118894.0,536502.0,34942.0,PT3M7S,2d
ZPuEUe_8SRM,"Giving My 10,000,000th Subscriber 10,000,000 ___",YOU WON'T BELIEVE WHAT I GOT MY 10000000TH SUBSCRIBER! NEW HOODIE JUST DROPPED! - https://mrbeast.store ...,2018-11-13 21:05:04+00:00,youtube#video,1099,29796709.0,816673.0,32182.0,PT18M19S,2d
Lwt_VThQIdM,"Why I Sold My PS4, Not A Gaming Channel???","Why I Sold My PS4, Not A Gaming Channel??? Let me know what you think about the background! CLICK THIS LINK FOR PIE!",2015-09-18 00:21:53+00:00,youtube#video,246,56462.0,2241.0,282.0,PT4M6S,2d
NFZ_MtTvwm0,Best Non-Copyrighted Songs For Videos! (Intros Vlogs Gaming Trailers) 2016,Best Non-Copyrighted Songs For Videos! (Intros Vlogs Gaming Trailers) Feel free to use these in your videos! CLICK THIS LINK ...,2015-10-05 22:41:22+00:00,youtube#video,179,82903.0,2575.0,260.0,PT2M59S,2d
7qj3nuF9Dzw,Most Epic minecraft skin EVER  (Psy),Psy in minecraft!!! drop a like for psy's most epic skin ever..,2013-01-13 01:59:21+00:00,youtube#video,31,1178150.0,42948.0,3583.0,PT31S,2d
rPXmbM2UEbU,"Giving $100,000 To A Homeless Person","THIS VIDEO IS ONE OF OUR BEST VIDEOS TO DATE, I LOVE IT! Download Dragon City Here ...",2018-12-23 21:00:01+00:00,youtube#video,884,31506029.0,1027387.0,70234.0,PT14M44S,2d
7mLSbgyjM0g,"Battle Pirates, Hellstrike Base attack.",These hellstrikes are almost impossible to kill. I wish kixeye would stop putting so many new ships out there with no way to ...,2013-12-29 22:22:57+00:00,youtube#video,172,71167.0,1923.0,327.0,PT2M52S,2d
2bwPntvb90U,Buried Round 50 Gameplay! Black ops 2 Zombies.,This really didn't take to much time to achieve.... I wanted to make it to round 100 but not even a minute after I stopped recording ...,2013-08-12 22:49:16+00:00,youtube#video,82,140320.0,4476.0,449.0,PT1M22S,2d
0tZCQ25fsoI,Youtube In 10 Years?????,What will youtube be like in 10 years? ▻ Subscribe? - http://bit.ly/1sBQXmi ▻ Please follow my twitter! - http://bit.ly/1ljKsl1 I read ...,2015-06-30 16:31:29+00:00,youtube#video,186,218644.0,5685.0,1771.0,PT3M6S,2d
T-v4b3WtPAg,BO3,I hope this black ops 3 title gets me 1000000000 views. Twitter Please Follow! - https://twitter.com/MrBeastYT FREE COD ...,2015-08-18 17:07:49+00:00,youtube#video,221,1293671.0,33539.0,2309.0,PT3M41S,2d
OOesLeO6-pc,Randomness,"Hey there random person, I was feeling a little bored today so I tried to be alittle orginial.... Hope you enjoy!",2013-08-02 22:16:42+00:00,youtube#video,318,100358.0,4248.0,843.0,PT5M18S,2d
uCIpW9zOmgI,Is Pewdiepie The #2 Youtuber?!?!?  :0,Did you know that a girl who reviews random Disney princess actually gets more views than the great and almighty pewds?,2015-03-04 01:53:50+00:00,youtube#video,235,89247.0,1770.0,318.0,PT3M55S,2d
rffyxTTNkyk,Black Ops 2! Mini Update Video.,"Hey hope you enjoy this video, I was just talking about the future of this channel :)",2013-08-05 02:55:37+00:00,youtube#video,235,100026.0,4083.0,856.0,PT3M55S,2d
xu1nhAfnMGA,How Much Money Does Syndicate Project Make????? 2016,This has been highly requested and here you go! ▻ Subscribe? - http://bit.ly/1sBQXmi ▻ Follow? - http://bit.ly/1ljKsl1 I read every ...,2015-02-24 20:26:12+00:00,youtube#video,203,85272.0,1188.0,243.0,PT3M23S,2d
D1livXdFGkQ,Are Youtubers Millionaires?,"Are your favorite youtubers who get billions of views ""millionaires"" Find out now! ▻ Subscribe? - http://bit.ly/1sBQXmi ▻ Follow?",2015-02-22 19:45:00+00:00,youtube#video,195,187330.0,3357.0,401.0,PT3M15S,2d
XDe5f8BEvwY,"Youtube Networks Requirerments. (Machinima, TGN, 8byte....)",In this video I talk about what it takes to join these networks. It was not easy finding the requirements. = Enjoy the video?,2014-04-01 16:37:55+00:00,youtube#video,286,89502.0,1365.0,188.0,PT4M46S,2d
mGIpOtncmSM,"Saying Pewdiepie 100,000 Times",I SAID HIS NAME 100000 TIMES TO STOP TSERIES IN THEIR TRACKS New Merch - https://mrbeast.store Check out Viewstats!,2018-11-25 21:07:01+00:00,youtube#video,42520,26527541.0,1694626.0,167235.0,PT11H48M40S,2d
3iaDrpKdaIc,I Ubered Random People In A Tank,YOU WON'T BELIEVE HOW THEY REACTED! New Merch - https://mrbeast.store Check out Viewstats!,2018-07-11 21:16:00+00:00,youtube#video,604,30166896.0,867444.0,43260.0,PT10M4S,2d
67Wj-0OyKOM,Youtube ad.,"So youtube has this program called ""Fan Finder"". Which allows a person with over 1000 subs to run a youtube ad campaign for no ...",2014-04-20 20:26:16+00:00,youtube#video,38,518412.0,9987.0,423.0,PT38S,2d
koRKIlRQj4g,I Built A Mansion Using Only Cardboard Boxes,THIS TOOK THOUSANDS OF BOXES SUBSCRIBE OR I DELETE YOUR MINECRAFT ACCOUNT NEW Merch Store!,2018-03-20 22:50:00+00:00,youtube#video,428,25838362.0,576189.0,23346.0,PT7M8S,2d
VwWV4JelEzY,Walking Into Random Stores With 100 Dinosaurs,I CAN'T BELIEVE WE DID THIS SUBSCRIBE OR I DELETE YOUR MINECRAFT ACCOUNT NEW Merch Store!,2018-03-22 22:43:02+00:00,youtube#video,612,33530219.0,896431.0,44404.0,PT10M12S,2d
qENpZBzgaUM,VANOSSGAMING IS IN TROUBLE,Spam404 is trying to get a hold of vanoss and if vanoss does not respond then he will end up losing videos! Twitter Please Follow!,2015-07-27 22:13:05+00:00,youtube#video,173,249162.0,3935.0,553.0,PT2M53S,2d
KcNCJ1mgt14,"Marauder Builds, Battle Pirates In Depth Builds.",In this video I show you multiple builds you can do for your marauder fleets. Hope it helps you!,2013-12-29 16:20:05+00:00,youtube#video,186,57610.0,2244.0,659.0,PT3M6S,2d
9smE_EiKJ8Q,School Is A Waste Of Time,School Is A Waste Of Time is my opinion and I would love to hear yours! NEW Merch Store! - https://mrbeast.store Check out ...,2016-01-21 22:45:37+00:00,youtube#video,174,133356.0,5797.0,734.0,PT2M54S,2d
64WGWubQO3I,Motivation For Small Youtubers #3,Are you a small youtuber? Need some motivation? Watch this. NEW Merch Store! - https://mrbeast.store Check out Viewstats!,2016-01-12 00:57:36+00:00,youtube#video,211,180202.0,9341.0,1240.0,PT3M31S,2d
iUzi5JmJNWc,Surprising Strangers With 100 Zombies - Experiment,YOU WON'T BELIEVE HOW PEOPLE REACTED TO THIS LOL SHOUTOUT TO @gregoryfx for doing our makeup! He did a great ...,2019-03-03 22:04:59+00:00,youtube#video,589,61282429.0,1795653.0,55584.0,PT9M49S,2d
WRzIuC2MKOU,"Can 1,000 Fans At Max Speed Push A Car?",HOW MANY FANS DOES IT TAKE TO MOVE A CAR? New Merch - https://mrbeast.store Check out Viewstats!,2018-07-17 21:41:02+00:00,youtube#video,713,28790617.0,622888.0,36730.0,PT11M53S,2d
7Yi-ctyTNU4,Online pokemon battle #7 [uu] 5-0,Hope you enjoy.,2013-04-04 01:43:46+00:00,youtube#video,261,232302.0,10101.0,932.0,PT4M21S,2d
XW1TsAVdXsw,BEST INTROS ON YOUTUBE #1,BEST INTROS ON YOUTUBE #1 Rock - https://www.youtube.com/watch?v=5I9EPjrzhW4 Paper ...,2016-06-01 20:42:11+00:00,youtube#video,185,28455302.0,817591.0,27422.0,PT3M5S,2d
QX0wvWGW2qg,Sacrifices And Youtube,I know the gameplay is terrible but I can not stand COD anymore. I hate the lag so much. Twitter Please Follow!,2015-07-31 18:03:32+00:00,youtube#video,219,56440.0,2623.0,482.0,PT3M39S,2d
v1ELS84GQu8,If This Video Gets One Million Views.....,Be a dear and share this with your friends because believe it or not this video will one day have one million views..... My gut said ...,2013-09-07 02:28:05+00:00,youtube#video,46,13155416.0,1173452.0,71958.0,PT46S,2d
-0zoWMSEOGg,"I Gave My 6,000,000th Subscriber 6,000,000 ____",YOU WON'T BELIEVE WHAT WE GAVE HIM Best Shirts On The Internet - https://mrbeast.store Check out Viewstats!,2018-07-25 21:11:00+00:00,youtube#video,1113,17720691.0,395658.0,32145.0,PT18M33S,2d
VzsE09KjpKA,How Much Does WhiteBoy7thSt Make????? 2016,"The title says it all, I talk about how much whiteboy makes off of youtube. I hope you enjoy and let me know what you think!",2014-07-11 21:52:50+00:00,youtube#video,207,304159.0,2820.0,217.0,PT3M27S,2d
zsADECFHY8w,4k Subscriber&#39;s! First Channel Story!,"To celebrate 4000 subscribers, I decided I would tell you guys a story about my first channel ever. Twitter Please Follow!",2015-07-30 01:56:38+00:00,youtube#video,314,106154.0,3115.0,433.0,PT5M14S,2d
dg6iqLCPizs,Motivation,I pretty much say it all in the video. Hope it helps. = Enjoy the video? Click here!,2014-04-17 01:22:40+00:00,youtube#video,174,91502.0,3165.0,276.0,PT2M54S,2d
cRPldarzw-M,1k Subs,Hey thanks for subscribing to me. I will upload daily soon. The first part of April is always busy for me because I am playing for two ...,2014-04-13 23:53:33+00:00,youtube#video,195,17472611.0,1276542.0,89274.0,PT3M15S,2d
zpCwHwWgbsI,What Is Spam404?????,Spam404 has earned itself a really bad rep throughout the youtube community and in this video I just wanted to give you guys my ...,2015-07-15 15:05:18+00:00,youtube#video,311,56389.0,1384.0,327.0,PT5M11S,2d
93s1JECSy60,"Giving My Mom $100,000 (Proudest Day Of My Life)",She started crying Download Quidd Here - http://bit.ly/2jA5AJd I love my mom SUBSCRIBE FOR A FREE CAR NEW Merch Store!,2017-12-02 21:10:08+00:00,youtube#video,668,31901634.0,1534028.0,43412.0,PT11M8S,2d
BtCGABBPH9s,Two Years of Youtube.,In dis video I talk about a couple of things I have learned and they may seem like common sense but some many people don't do ...,2014-03-31 16:31:32+00:00,youtube#video,271,445219.0,9654.0,1009.0,PT4M31S,2d
IZVbzNRUlQI,"Reading The Longest English Word (190,000 Characters)",THE LONGEST WORD EVER Worst Intros (super funny) - https://www.youtube.com/edit?o=U&video_id=wJ1f32VSyw8 Enter $500 ...,2017-06-02 22:00:01+00:00,youtube#video,6889,35663805.0,821541.0,57621.0,PT1H54M49S,2d
_FX6rml2Yjs,"Saying Logan Paul 100,000 Times",I can't believe I did this SUBSCRIBE FOR A FREE CAR NEW Merch Store! - https://mrbeast.store Check out Viewstats!,2017-08-19 14:00:58+00:00,youtube#video,61567,23511035.0,931136.0,109040.0,PT17H6M7S,2d
gKVZz4kcuns,"$10,000 Games Of Rock Paper Scissors",THESE ARE THE MOST EPIC GAMES OF ROCK PAPER SCISSORS EVER! DOWNLOAD THE BEST APP EVER HERE ...,2018-11-04 21:05:02+00:00,youtube#video,787,18600508.0,514111.0,25084.0,PT13M7S,2d
i-9V21MqlhY,Giving 1000 Phones Away,,2024-05-28 16:00:00+00:00,youtube#video,18,291911718.0,21930673.0,798700.0,PT18S,2d
JdCgkcb1iwQ,My First Kem Strike!,It only takes 1.4 seconds to like the video :) My gamertag is---- observantvirus0 [Expand if bored] = Enjoy the video? Click here!,2013-11-16 19:48:55+00:00,youtube#video,269,84352.0,3101.0,652.0,PT4M29S,2d
yozl6enFC-w,THE WORST SONG ON YOUTUBE *CRINGE*,This is a song about bad teammates in COD Like or I will be Justin Bieber Rock - https://www.youtube.com/watch?v=d8tZk1IgyLU ...,2016-08-08 20:00:02+00:00,youtube#video,248,839515.0,42223.0,6680.0,PT4M8S,2d
U9c-ycvw02A,I Think I Am Going For The #KarnageRC,In the video I just let you guys know what I am thinking ▻ Subscribe? - http://bit.ly/1sBQXmi ▻ Follow? - http://bit.ly/1ljKsl1 ...,2015-06-05 15:21:50+00:00,youtube#video,232,56344.0,1882.0,501.0,PT3M52S,2d
pzlPJmNyepA,What is Crohn&#39;s Disease?????,"Ummm, Idk what I am supposed to write here xD Enjoy the video. ▻ Subscribe? - http://bit.ly/1sBQXmi ▻ Follow?",2015-04-04 20:31:25+00:00,youtube#video,423,518542.0,18154.0,1202.0,PT7M3S,2d
vZrL_FFITgs,Subscriber Goals For 2016,"I thought this was really cool, make sure to leave a comment if you want to be in next year's video! ▻ Subscribe?",2015-02-28 17:12:07+00:00,youtube#video,248,56885.0,1512.0,562.0,PT4M8S,2d
MgRMNzKknto,Dude Perfect 4.0 - We Are Totally Better,Dude Perfect 4.0 - We Are Totally Better Like or we will make more. Rock - https://www.youtube.com/watch?v=GCM0tJ6azks ...,2016-06-06 21:01:41+00:00,youtube#video,213,431043.0,13045.0,1772.0,PT3M33S,2d
NUVglXbGBfs,Dogs Opinions On Youtubers Getting BO3 Early,My dogs wanted to tell you guys their opinions on big youtubers getting black ops 3 a day before everyone else. They think that it ...,2015-08-18 20:55:37+00:00,youtube#video,76,98500.0,3011.0,179.0,PT1M16S,2d
fEcASr38n2E,Milestones And Plans For My Channel,Just talking about what I plan on doing in the coming months. ▻ Subscribe? - http://bit.ly/1sBQXmi ▻ Follow? - http://bit.ly/1ljKsl1 ...,2014-11-30 18:21:44+00:00,youtube#video,180,72303.0,1741.0,272.0,PT3M,2d
G4qOiwIE_o0,HOW MUCH MONEY DO YOUTUBERS MAKE?,How much do youtubers make? idk how much does your mom eat? Like to get youtube money Rock ...,2016-08-14 20:20:03+00:00,youtube#video,205,3139161.0,152641.0,5487.0,PT3M25S,2d
L7lGD_anC00,How Many People Do Youtube as a JOB?????,"I was just randomly thinking one day, and this idea popped into my head. So I decided to do the math and share with you guys ...",2015-02-26 02:07:13+00:00,youtube#video,174,56838.0,1474.0,230.0,PT2M54S,2d
5qzAVMe_SnM,Hi Me In Two Years (Made Two Years Ago),hi me in one year - https://www.youtube.com/watch?v=jhYG5BStQSk if i'm dead when this goes public then i'd like to shoutout my ...,2017-10-04 21:30:00+00:00,youtube#video,110,13708967.0,601822.0,38371.0,PT1M50S,2d
h5uE4ERMiTk,Screw Warface,We have conquered the gameplay on this channel ▻ Subscribe? - http://bit.ly/1sBQXmi ▻ Follow? - http://bit.ly/1ljKsl1 Sponsor ...,2015-05-02 21:41:18+00:00,youtube#video,217,56213.0,1498.0,244.0,PT3M37S,2d
LHtkve6-O0g,NBA Interviews Gone Wrong (No Gun Pulled),NBA interviews gone wrong. We were bored and thought this was funny! My Friend - https://www.youtube.com/user/antharris08 ...,2016-02-20 14:56:51+00:00,youtube#video,154,66610.0,1986.0,153.0,PT2M34S,2d
yzGmnjDFuZE,"I Donated $30,000 To My Favorite Twitch Streamer (ninja)",I AM NOW POOR Download Quidd Here - http://bit.ly/2rxZpwz SUBSCRIBE TO MY CHANNEL FOR A FREE CAR My Fortnite ...,2018-02-21 23:19:01+00:00,youtube#video,677,36767621.0,860894.0,38525.0,PT11M17S,2d
LP_mGU3CgXk,SURPRISING MY BROTHER WITH A LAPTOP,HE THOUGHT IT WAS A PRANK WHY AM I TYPING IN ALL CAPS? idk tbh lol Rock - http://bit.ly/2aEQ3r4 Paper ...,2016-08-07 19:35:12+00:00,youtube#video,176,1705853.0,116096.0,4070.0,PT2M56S,2d
1s6UOlWdpw4,Motivation For Youtube - Ultimate Small Youtuber Motivation #2,"I made this video to help motivate small youtubers, and to help them not give up on their goals. If you are truly passionate about ...",2015-08-08 22:15:43+00:00,youtube#video,209,189442.0,7205.0,720.0,PT3M29S,2d
TIIU1ivhLKs,WORST REVIEWS ON AMAZON #4 *FUNNY*,Amazon reviews are funny af Like or I eat your pie Rock - https://www.youtube.com/watch?v=GCM0tJ6azks Paper ...,2016-08-21 21:17:07+00:00,youtube#video,203,1656817.0,125245.0,3582.0,PT3M23S,2d
kzIA4vKyhRQ,5 Steps To Becoming Successful On Youtube,This is a super in-depth video on how to become famous :) ▻ Subscribe? - http://bit.ly/1sBQXmi ▻ Follow? - http://bit.ly/1ljKsl1 I ...,2015-04-02 23:10:02+00:00,youtube#video,193,173484.0,7893.0,682.0,PT3M13S,2d
Fbl3E_XCQfA,Trying To Fly Using Only Leaf Blowers,CRAZIEST THING I'VE EVER DONE Start Your Philo Free Trial Here - http://9nl.es/MrBeastPhilo Thank you Philo for sponsoring ...,2018-03-01 23:09:03+00:00,youtube#video,790,18411034.0,429749.0,28590.0,PT13M10S,2d
5bCyFf8lSfk,Worst Thumbnails On Youtube #2 - Cringe,Worst Thumbnails On Youtube #2 - Cringe →→ FOLLOW FOR GOOD LUCK→→ https://twitter.com/MrBeastYT These thumbnails ...,2016-04-10 22:00:00+00:00,youtube#video,133,289073.0,10249.0,545.0,PT2M13S,2d
YH1-fDzHHpo,we are number one but every one is a bad intro,"we are number one but every one is replaced with a bad intro like or die https://www.gofundme.com/2tm9tqk If you can, please ...",2016-12-25 00:00:00+00:00,youtube#video,221,1983284.0,56442.0,8274.0,PT3M41S,2d
p6bzNpgbX8Y,What Is Crohns Disease?????,"As some of you guys know, I have crohns. So I decided I would do a video talking about it. Twitter Please Follow!",2015-08-10 10:00:01+00:00,youtube#video,261,282788.0,7242.0,581.0,PT4M21S,2d
CWK6an4mYL0,"I Tipped Waitresses $20,000",WE GAVE AWAY SO MUCH MONEY Download Fortnite Here - https://pixly.go2cloud.org/SHRr Thank you Epic Games for ...,2018-03-30 21:09:03+00:00,youtube#video,744,14942954.0,355802.0,19556.0,PT12M24S,2d
KO8B2kw_Jxs,I BOUGHT A 1000$ KEYBOARD,THIS KEYBOARD IS INSANE Like or I will eat your dog food Rock - https://www.youtube.com/watch?v=lvIzF_clV1E Paper ...,2016-10-25 21:06:50+00:00,youtube#video,381,1619049.0,38305.0,2796.0,PT6M21S,2d
oZ-Mn5p1xMw,"2,000 Subscribers","Thanks for subscribing, here is a really dumb video. ▻ Subscribe? - http://bit.ly/1sBQXmi ▻ Follow? - http://bit.ly/1ljKsl1 Sponsor ...",2015-04-18 18:45:34+00:00,youtube#video,145,297434.0,12145.0,2813.0,PT2M25S,2d
lMLEcUXz6T8,Cereal Commentary,"I rate cereal 6/10, totally using a different brand next time. NEW Merch Store! - https://mrbeast.store Check out Viewstats!",2016-04-28 00:36:58+00:00,youtube#video,339,166016.0,5502.0,607.0,PT5M39S,2d
clcN3OA8SNw,Best Minecraft Castle Ever?,10 likes would make my day xD This is currently the BEST minecraft castle i have ever seen. I played survival on it and one ...,2013-01-27 01:52:40+00:00,youtube#video,222,394078.0,19217.0,2253.0,PT3M42S,2d
VqhjiwmGNKA,WORST THUMBNAILS ON YOUTUBE,These are the worst thumbnails on youtube RPS Rock ...,2016-02-28 20:48:25+00:00,youtube#video,156,611712.0,24535.0,1132.0,PT2M36S,2d
bqpKlkPpT10,100 LAYERS OF SARAN WRAP + TOILET PAPER!!,100 Layers of toilet paper and ceramic wrap! Like or I make you a layer Chris ...,2016-08-23 21:01:56+00:00,youtube#video,463,3332740.0,139452.0,6773.0,PT7M43S,2d
KYv1nqutbK0,Pokemon online battle #8 Stone edge,This is a pretty good battle that came down to the very last play.,2013-04-05 01:21:12+00:00,youtube#video,327,179258.0,8643.0,1581.0,PT5M27S,2d
Q5lcjP6XlHw,203 Kill Game! Thanks For 300 Subscribers!,This is a 203 kill game and thank you to all my friends who ran support and helped me get this! Also thank you to all my active ...,2013-08-01 19:36:50+00:00,youtube#video,266,159200.0,6026.0,1017.0,PT4M26S,2d
J590MYm0SY8,How I Will Survive The Zombie Apocalypse!,This video is an in-depth tutorial on how to survive the zombie apocalypse. Please watch it all the way through or you will be ...,2015-08-31 22:11:06+00:00,youtube#video,361,235626.0,6792.0,732.0,PT6M1S,2d
u0hHxeWkB_o,Lottery Taxes - How Much Tax Is If You Win The Lottery,"Lottery taxes are really high, so if you think you will ever win this is how much money you would actually get to keep.",2016-01-16 19:25:35+00:00,youtube#video,220,135712.0,3653.0,256.0,PT3M40S,2d
bB99NdUoxEQ,Why I Changed My Channel Name,Subscribe? - http://bit.ly/1sBQXmi ▻ Follow? - http://bit.ly/1ljKsl1 Sponsor - https://www.gofizzer.com USE CODE BEAST FOR A ...,2015-05-03 23:59:54+00:00,youtube#video,196,141720.0,3639.0,343.0,PT3M16S,2d
UCYefSGBP00,The Truth About Big Community Channels,Ever tried to get your video up on a big community channel? Find out what to expect from it. ▻ Subscribe? - http://bit.ly/1sBQXmi ...,2015-06-22 16:32:02+00:00,youtube#video,273,56080.0,2055.0,810.0,PT4M33S,2d
Oub4nMrNTqQ,Top 5 NON-COPYRIGHTED Songs!!!!!,These are my favorite Non-copyrighted songs that you CAN use in your videos.,2014-02-17 20:30:02+00:00,youtube#video,204,123593.0,3420.0,611.0,PT3M24S,2d
GGBy50KtvRk,Tipping A Waitress A Car,New Merch - https://shopmrbeast.com/ SUBSCRIBE OR I TAKE YOUR DOG ...,2023-04-22 20:00:00+00:00,youtube#video,38,568255593.0,27336741.0,60785.0,PT38S,2d
NTZhwAldqwg,Metal Pipe Vs School Bus,,2023-08-22 17:00:00+00:00,youtube#video,28,496685344.0,13681983.0,28104.0,PT28S,2d
bvlFjrcpD6s,I NEED 1 MORE 𝗦𝗨𝗕𝗦𝗖𝗥𝗜𝗕𝗘𝗥,,2023-10-05 17:00:01+00:00,youtube#video,23,401948590.0,27378231.0,78403.0,PT23S,2d
SHOV58tdNiI,Miranda Cosgrove Said What?,,2023-10-15 17:00:00+00:00,youtube#video,15,244287439.0,12031482.0,60592.0,PT15S,2d
pS-fFdvyHLE,How Much Tape To Stop A Lamborghini?,,2024-11-08 17:00:00+00:00,youtube#video,15,576287832.0,13044884.0,17362.0,PT15S,2d
O3YVBJ2n5xg,I Ate The World’s Most Poisonous Fish,,2023-08-08 17:30:01+00:00,youtube#video,32,452478539.0,21200496.0,38985.0,PT32S,2d
stUofW3whpE,I Buried Treasure in the Bermuda Triangle,,2023-07-06 17:00:01+00:00,youtube#video,53,455683417.0,24861624.0,34974.0,PT53S,2d
cqirhwhq_qM,Do Youtubers Pay Taxes????? (USA),Have you ever wondered if youtubers have to pay taxes? Well that is what I talk about in this video! SOURCE OF INFORMATION ...,2015-12-19 19:21:52+00:00,youtube#video,391,108996.0,4419.0,414.0,PT6M31S,2d
2-ErX5oDzwM,History Of COD Part 2! Black Ops 1 - History Of COD On Youtube!,"I made a video on how Cod started on youtube, and you guys demanded a part 2. So here ya go! Let me know if you want a part 3 ...",2015-06-13 21:34:28+00:00,youtube#video,649,56282.0,1289.0,172.0,PT10M49S,2d
Rio7r_vLUEo,20 Best Websites?????,In this video I talk about the top websites on all of the internet. Let me know what you think down below!. ▻ Subscribe?,2014-08-29 22:45:20+00:00,youtube#video,404,177589.0,3399.0,443.0,PT6M44S,2d
uUIlb2rpIuY,Epic Minecraft city! (w/ download link!),"This city is HUGE! I only show a little part of it in this video, if you want to see the whole thing just download it!",2013-04-11 01:00:01+00:00,youtube#video,154,360641.0,11164.0,1059.0,PT2M34S,2d
yhNcDBnQsEY,BLOWING UP $1000 KEYBOARD *RIP WALLET*,THAT WAS EPIC OMG Like or I eat your pie Rock - https://www.youtube.com/watch?v=KkS_sth28rs Paper ...,2016-11-11 23:02:10+00:00,youtube#video,300,3877169.0,227276.0,4915.0,PT5M,2d
mVkT6Cd9SoI,Camping Montage.... LOL,Me and my friends were bored of try Harding so we decided to stop trying and camp as a team :),2013-08-05 21:12:41+00:00,youtube#video,200,102179.0,3538.0,514.0,PT3M20S,2d
igVcy5dtN80,Grilling A Microwave Microwaving A Microwave Microwaving A Toaster Toasting An Iphone Watching Micro,Grilling A Microwave Microwaving A Microwave Microwaving A Toaster Toasting An Iphone Watching Microwaving a Microwave ...,2017-03-30 22:10:41+00:00,youtube#video,188,2118204.0,72160.0,4973.0,PT3M8S,2d
6bxZpS0cm5o,New Channel?,Wtog - https://www.youtube.com/user/WeTalkOverGames The videos currently on this channel are old and when we start ...,2015-05-23 22:59:21+00:00,youtube#video,291,158456.0,4143.0,405.0,PT4M51S,2d
x4IXCimma-s,5 Youtubers I Think Will Be Famous...,I this video I talk about 5 channels that I think will get a ton of subs over the next year and more than likely make it big.,2014-05-31 21:06:55+00:00,youtube#video,264,229797.0,5714.0,880.0,PT4M24S,2d
xBLxMfO3pDw,$10000 Ice Sculpture Vs Flame,YOU WON'T BELIEVE WHAT HAPPENED CHECK OUT MY NEW MERCH - https://mrbeast.store Check out Viewstats!,2018-05-01 22:09:00+00:00,youtube#video,909,23882820.0,505776.0,29677.0,PT15M9S,2d
PJyWmlWNor8,WHY DO THEY SELL THIS ON AMAZON?,HOW DID IT DO THAT? like for a free package NEW Merch Store! - https://mrbeast.store Check out Viewstats!,2016-12-18 02:00:04+00:00,youtube#video,511,8821597.0,719621.0,13068.0,PT8M31S,2d
h-D6ukDcS9o,Do Tags Do Anything On Youtube?????,Ever wonder if tags do anything on youtube? In this video I discuss them and run my own test to see if they do something. CLICK ...,2015-09-13 20:48:10+00:00,youtube#video,217,153192.0,5853.0,615.0,PT3M37S,2d
JP3v6UxI124,How To Think Of Good Video Ideas (Tips),"How to think of good videos ideas is what I talk about in this video, and hopefully I can help you guys out!",2015-12-26 17:38:52+00:00,youtube#video,373,124616.0,7857.0,528.0,PT6M13S,2d
N9jTogPwqVY,The Ultimate Motivation For Small Youtubers,"This goes out to all the youtubers who don't seem to be growing, who are thinking about quiting, who feel like they are wasting ...",2015-06-29 17:27:21+00:00,youtube#video,164,300919.0,15796.0,1947.0,PT2M44S,2d
fWcSBWadolA,"Paying People $10,000 To Eat Ghost Pepper",YOU WON'T BELIEVE HOW THEY REACTED! New Merch - https://mrbeast.store Check out Viewstats!,2019-06-01 20:05:01+00:00,youtube#video,886,40785704.0,1121152.0,34756.0,PT14M46S,2d
BMZP4CtphaU,Life Hacks You Need To Know,I CAN'T BELIEVE THIS WORKED! NEW Merch Store! - https://mrbeast.store Check out Viewstats! - https://www.viewstats.com/ For ...,2017-12-08 22:49:10+00:00,youtube#video,410,7388679.0,202435.0,10694.0,PT6M50S,2d
miKQkeq5sbU,Knives In Video Games Cost More Than Real Life????,Can you believe that people pay hundreds of dollars for knives in a video game? I think it is cool that CSGO has such a devoted ...,2015-09-18 23:57:02+00:00,youtube#video,223,64659.0,2162.0,272.0,PT3M43S,2d
Om4c4ilT_6g,Do Dislikes Matter On Youtube - Are Dislikes Bad Or Good?,Do Dislikes Matter On Youtube - Are Dislikes Bad Or Good? That is what I answer in this video! NEW Merch Store!,2016-01-07 22:19:01+00:00,youtube#video,264,381185.0,23877.0,2043.0,PT4M24S,2d
rXnaD7PU9kY,"Ad Blocker For Chrome and Mobile, Should You Use It?",Have you ever wondered if you should or should not use adblocker? Well that is what I talk about in this video. CLICK THIS LINK ...,2015-09-23 23:54:06+00:00,youtube#video,315,86588.0,3235.0,499.0,PT5M15S,2d
9LiS_3HEErU,HOW TO MAKE A GOOD INTRO FOR YOUTUBE,Follow this to never get on worst intros :) Like or your computer will explode Idea from - https://www.facebook.com/BroScienceLife ...,2016-06-14 20:51:19+00:00,youtube#video,184,185345.0,6093.0,1361.0,PT3M4S,2d
h5Z36IuyrKc,Vanoss vs Speedy! Which is better?,In this video I compare Vanoss vs Speedy. They are both pretty much the same and I love both there videos. Make sure to leave a ...,2014-02-16 20:13:22+00:00,youtube#video,187,115940.0,2713.0,927.0,PT3M7S,2d
2jWZtKTN6jU,Reuploading Other Youtubers Videos? Stealing Big Youtubers Videos.,This video is about people who download and reupload other youtubers video purely for ad revenue. Twitter Please Follow!,2015-07-30 18:23:18+00:00,youtube#video,254,56055.0,1495.0,239.0,PT4M14S,2d
EhZ9gHZOZT8,Beast Goes Camping (Didn&#39;t Go Wrong) (Didn&#39;t Go Sexual),I went camping and yeah NEW Merch Store! - https://mrbeast.store Check out Viewstats! - https://www.viewstats.com/ For any ...,2016-02-20 23:07:55+00:00,youtube#video,285,199273.0,5061.0,363.0,PT4M45S,2d
kupaqq-xJ_8,"Donating $10,000 To Random Twitch Streamers",Download Quidd Here - http://bit.ly/2wRVXKU SUBSCRIBE FOR A FREE CAR NEW Merch Store! - https://mrbeast.store Check out ...,2017-08-15 19:20:09+00:00,youtube#video,882,10852073.0,226825.0,17664.0,PT14M42S,2d
d7QmQtNwhcU,"Can 1,000 Rolls Of Duct Tape Stop A Car??",WILL THE CAR MAKE IT THROUGH? Download PUBGMOBILE: http://bit.ly/MrBeastPubG Can 1000 rolls of duck tape stop a car?,2018-04-30 22:09:00+00:00,youtube#video,623,26964999.0,548972.0,24425.0,PT10M23S,2d
CvMRiR4k49Y,We Delivered 100 Pizzas To Random Houses,THIS WAS THE CRAZIEST THING I'VE EVER DONE SUBSCRIBE FOR A FREE CAR NEW Merch Store! - https://mrbeast.store ...,2018-02-02 23:12:01+00:00,youtube#video,603,9193740.0,228695.0,10941.0,PT10M3S,2d
hD_Af6W2qug,Dear Razer Can I Have My 70$ Back?????,"Incase you are wondering why the thumbnail sucks, it is because when I reset my computer I lost photoshop.",2015-11-29 21:10:16+00:00,youtube#video,179,7603685.0,350611.0,24616.0,PT2M59S,2d
9-HphHIJS9c,"How I Gave Away $1,000,000","lots of you ask where my money comes from, so here ya go New Merch - https://mrbeast.store Check out Viewstats!",2018-12-25 21:05:01+00:00,youtube#video,914,14544024.0,490330.0,33783.0,PT15M14S,2d
yyssjJEJMt4,"Minecraft, How To Grief Without Being Seen!",I demonstrate how to build a tnt cannon that will take less than 10 seconds to make and can be used to quickly grief a server when ...,2013-08-14 21:39:31+00:00,youtube#video,63,343030.0,17944.0,1486.0,PT1M3S,2d
QapO3maXd9k,Donating $10000 To Pewdiepie,I love Pewdiepie and we must help when he wants help! Donate To CRY Here - https://www.cry.org/donation/indian-donors ...,2018-12-16 21:05:02+00:00,youtube#video,915,47334904.0,1734458.0,49287.0,PT15M15S,2d
yFfcsmK2TOA,Online pokemon battle #3 [uu] Ice punch,This is my third battle with this team that i have uploaded and they seem to be working pretty well. Want a detail description of my ...,2013-03-27 19:57:08+00:00,youtube#video,205,200617.0,,1400.0,PT3M25S,2d
PRU47AuQF2M,FaZe Adapt &quot;Stuttertage&quot;,Please enjoy the world's first stuttertage. Twitter Please Follow! - http://bit.ly/MrBeast6000 FREE COD GAMEPLAY ...,2015-07-20 17:49:03+00:00,youtube#video,284,116631.0,3251.0,387.0,PT4M44S,2d
XKFKPQHdWRI,Breaking Glass Using Only Megaphones,100 MEGAPHONES VS GLASS!!! SUBSCRIBE OR I DELETE YOUR MINECRAFT ACCOUNT NEW Merch Store!,2018-03-17 22:22:47+00:00,youtube#video,552,54281512.0,1409857.0,74665.0,PT9M12S,2d
YR6Wh2Zy9jE,"2,256 Miles In One Uber Ride (World Record)",DOWNLOAD QUIDD HERE - http://bit.ly/2hGAS06 *i changed the title because I am stupid and put the wrong amount of miles ...,2017-10-28 22:30:00+00:00,youtube#video,608,43359533.0,1109028.0,42502.0,PT10M8S,2d
WZ2rYlVxt4g,"Giving My 4,000,000th Subscriber 4,000,000 Cookies",I GAVE HIM A LOT OF COOKIES SUBSCRIBE OR I DELETE YOUR MINECRAFT ACCOUNT The guy I gave the cookies to ...,2018-04-02 22:09:01+00:00,youtube#video,641,13358579.0,343758.0,24159.0,PT10M41S,2d
3IQdDBwc42o,Why Does This Video Have No Thumbnail?,Why no thumbnail?,2015-12-15 01:43:00+00:00,youtube#video,181,97718.0,4056.0,433.0,PT3M1S,2d
e-If_d_bzfI,POKEMON GO STEREOTYPES,Pokemon go has many people doing things and I like pie His Insta - https://www.instagram.com/tylerconklinbaseball/ Rock ...,2016-07-14 17:36:53+00:00,youtube#video,207,2274613.0,64483.0,2597.0,PT3M27S,2d
BKJy7BFP3Is,WHERE IS MY COOKIE?????,Rock - https://www.youtube.com/watch?v=5I9EPjrzhW4 Paper - https://www.youtube.com/watch?v=GCM0tJ6azks Scissors ...,2016-04-24 21:31:29+00:00,youtube#video,162,123152.0,12374.0,1200.0,PT2M42S,2d
7HBR3Ea72CY,10 Things You DIDN&#39;T Know About Youtube!,These are all interesting to me and I thought I would share them with you. Most of the Information mentioned in this video was ...,2015-02-08 00:04:06+00:00,youtube#video,181,71311.0,1621.0,166.0,PT3M1S,2d
X9eXa-Uzuj0,My Favorite FaZe Clan Members?????,In this video I talk about who my favorite FaZe clan members are. Faze clan is the worlds largest gaming clan and I really enjoy ...,2015-08-26 10:00:00+00:00,youtube#video,234,57412.0,1791.0,219.0,PT3M54S,2d
XOtTKQujlkI,"How Many People Get The Golden Play Button? (1,000,000 Subscribers)",Have you ever wondered how many people have a golden play button on youtube? Well in this video I cover all the people with ...,2015-11-28 00:45:38+00:00,youtube#video,180,151408.0,3850.0,550.0,PT3M,2d
zjC48c3ptt0,Scheduled Uploaded 6 Months Ago (REACTION),Just call me jinx.,2016-04-06 21:02:02+00:00,youtube#video,322,140931.0,5126.0,452.0,PT5M22S,2d
PCakYf_PnT0,Goodbye Laptop,I got a new laptop! NEW Merch Store! - https://mrbeast.store Check out Viewstats! - https://www.viewstats.com/ For any questions ...,2016-01-01 23:49:09+00:00,youtube#video,136,166897.0,6963.0,619.0,PT2M16S,2d
nmHCmLVLxcU,New COD Zombies In 2014?????,I pretty much tell you everything I have been thinking about in the video. What do you think should bo2 make a new DLC?,2014-02-23 21:40:04+00:00,youtube#video,151,82277.0,2191.0,346.0,PT2M31S,2d
Ow3xqv7ahXo,How Much Money Does Bill Gates Make / Have - Billionaire,Have you ever wondered how much money Bill Gates has or makes? Well in this video we talk about the billionaire and his ...,2015-10-09 22:27:01+00:00,youtube#video,244,134416.0,3995.0,342.0,PT4M4S,2d
QXag-irFHxE,Most Overpowered Guns In Ghost!,I tried to be short and to the point with this video! I hope you enjoy. {Expand if bored} = Enjoy the video? Click here!,2013-11-11 20:11:15+00:00,youtube#video,160,116302.0,3706.0,362.0,PT2M40S,2d
52awie9G00A,My New Channel Trailer ;),"Yeah, umm I have no idea what to write ▻ Subscribe? - http://bit.ly/1sBQXmi ▻ Follow? - http://bit.ly/1ljKsl1 Sponsor ...",2015-05-07 01:27:48+00:00,youtube#video,77,62036.0,1657.0,141.0,PT1M17S,2d
2LIJtcI4dbg,Stupid Things People Search On Google,This video is about stupid things that people search on google. It honestly is shocking the dumb things that people search. CLICK ...,2015-09-25 22:57:49+00:00,youtube#video,317,1374351.0,72595.0,4027.0,PT5M17S,2d
g4DAFnZcCcQ,Best Microphone For Youtube (Gaming Commentaries Vocals Singing Podcast),"Best Microphone For Youtube is the blue snowball and it works well for gaming commentaries, vocals, singing, podcasts, and ...",2015-10-11 18:56:01+00:00,youtube#video,217,56005.0,2003.0,336.0,PT3M37S,2d
hRj5qNfkdO0,WORST BANNERS ON YOUTUBE #1,Worst banners on youtube aka minecraft banners Submit here ...,2016-06-13 21:13:33+00:00,youtube#video,216,673545.0,18878.0,3622.0,PT3M36S,2d
1wtFD9zSQO8,The Dreaded Unanswerable Question,The worst question ever The tweet - https://twitter.com/MrBeastYT/status/704109618952314881 Expand for RPS Rock ...,2016-02-29 23:56:41+00:00,youtube#video,270,178464.0,4777.0,348.0,PT4M30S,2d
fN_RQFqaGHI,How Many Licks Does It Take To Get To The Center Of A Tootsie Pop?,How Many Licks Does It Take To Get To The Center Of A Tootsie Pop? Rock - https://www.youtube.com/watch?v=5I9EPjrzhW4 ...,2016-05-19 21:00:01+00:00,youtube#video,757,387113.0,12216.0,2501.0,PT12M37S,2d
uBC7805Smsg,"I Gave $500,000 To Random People",I hope this made a difference in a lot of people's lives. New Merch - https://mrbeast.store Check out Viewstats!,2018-05-11 22:40:59+00:00,youtube#video,903,15188878.0,453958.0,30663.0,PT15M3S,2d
zE3FLbpu9-Q,"I Donated $40,000 To A Random Twitch Fortnite Streamer (world record)",THERE GOES $40000 I hope you guys enjoy :D Join Honey for FREE at https://www.joinhoney.com/MrBeast SUBSCRIBE OR I ...,2018-04-21 21:07:02+00:00,youtube#video,1483,24548088.0,632131.0,29044.0,PT24M43S,2d
ep7S1XnuQLU,"5,000 Hype",My Friend - https://www.youtube.com/watch?v=VJnczlbjyss Lets get him over 500 subs :),2015-08-11 10:00:00+00:00,youtube#video,185,154302.0,3452.0,552.0,PT3M5S,2d
jkqd-oc0F00,"How To Get A Gaming Partnership, And What It Is.",Hey I know alot of people who have been asking about youtube partnership and what it is... So I made a video explain how to get ...,2013-08-08 21:25:32+00:00,youtube#video,409,99399.0,3690.0,642.0,PT6M49S,2d
63gyUQ_JeOE,Toothpaste Life Hacks YOU SHOULD KNOW,I CAN'T BELIEVE IT WORKED HOLY CRAP SUBSCRIBE FOR A FREE CAR NEW Merch Store! - https://mrbeast.store Check out ...,2017-06-13 22:30:01+00:00,youtube#video,262,19767714.0,500779.0,15134.0,PT4M22S,2d
-2IFrMOM36w,Pokemon online battles #5 [uu] Heracross never seems to dissapoint me...,This is a pretty good battle in my mind. Thanks for watching and I hope you subscribe! Want a detail description of my team?,2013-03-31 20:49:28+00:00,youtube#video,268,186518.0,8710.0,1196.0,PT4M28S,2d
j7kM8G_AjuY,Airplane Pilots Last Words Before Death,This are the last words that came out of pilots mouths before they crashed. http://www.planecrashinfo.com/lastwords.htm Twitter ...,2015-08-28 21:56:21+00:00,youtube#video,149,145467.0,2718.0,215.0,PT2M29S,2d
j93M46a-W3U,I&#39;m Back! Update Video....,Enjoy the video? click here http://www.youtube.com/subscription_center?add_user=mrbeast6000 Just talking about what I have ...,2013-07-19 23:41:14+00:00,youtube#video,204,189540.0,6719.0,724.0,PT3M24S,2d
vBp0bzVr09s,LISTENING TO OLD VOICEMAILS FOR THE FIRST TIME,Listening to really old voicemails for the first time! LIKE OR YOU WILL BE A VOICEMAIL Giveaway ...,2016-08-28 21:00:01+00:00,youtube#video,313,372700.0,11589.0,1034.0,PT5M13S,2d
6BNOWeYFyP8,MageCraft - Beginners tutorial. (The app),"This app was just released two weeks ago, and I thought I would help out some of the newer guys with a quick tutorial.",2014-11-17 02:25:46+00:00,youtube#video,527,55976.0,1311.0,192.0,PT8M47S,2d
Qy17S3g8ZuY,HOW TO UNLOCK ANY IPHONE WITHOUT THE PASSCODE,I GOT IN!!! like or i date your mom In this video I talk about how to unlock your iphone without the passcode. NEW Merch Store!,2016-12-21 02:00:00+00:00,youtube#video,531,23000666.0,579451.0,33002.0,PT8M51S,2d
4cX-w-ia0RU,Why Do Youtubers Ask For Likes?,"Why do youtubers ask for likes? Well you see, every like a video gets summons a unicorn... so yeah. RPS Rock ...",2016-03-27 21:50:19+00:00,youtube#video,201,177287.0,12047.0,665.0,PT3M21S,2d
Z0Poefgrs4w,How Much Money Does Smosh Make????? 2016,"Ever wonder how much this big youtuber makes? Well here ya go, hope you enjoy! ▻ Subscribe? - http://bit.ly/1sBQXmi ▻ Follow ...",2015-03-03 01:14:27+00:00,youtube#video,167,74118.0,1346.0,213.0,PT2M47S,2d
vDrSCXFMAKk,"Spot The Difference, Win $10,000",,2024-09-28 20:00:00+00:00,youtube#video,58,195816404.0,7372427.0,4792.0,PT58S,2d
Gx6VeIIbWwM,"Spot The Hidden People For $10,000",,2023-09-28 17:00:01+00:00,youtube#video,35,686668984.0,21337358.0,28395.0,PT35S,2d
aZnqqXaT02g,Giving Car Keys Instead Of Candy On Halloween,,2023-11-09 18:00:00+00:00,youtube#video,32,342485722.0,10539912.0,14458.0,PT32S,2d
WwE0tR08OTU,Originality - A Youtube Poem By MrBeast6000,I got bored so I wrote a poem CLICK THIS LINK FOR PIE! - https://twitter.com/MrBeastYT All Intro Songs ...,2015-09-26 23:04:34+00:00,youtube#video,108,55953.0,2174.0,313.0,PT1M48S,2d
pGYyUssWLTA,Social Media As A Job????,"Did you know people are litterally paid to do social media as there job. All they do is run big companies twitters, facebooks, and ...",2015-08-29 18:20:31+00:00,youtube#video,189,55930.0,2138.0,472.0,PT3M9S,2d
W4gBpws7Ug8,YOU ONLY DO YOUTUBE FOR VIEWS,"We all see comments saying ""You only do youtube for views"" and that is exactly what I talk about in this video. CLICK THIS LINK ...",2015-10-29 21:12:15+00:00,youtube#video,334,81241.0,3499.0,265.0,PT5M34S,2d
E3CqKvlzl-I,Big Changes??? Idk just watch the stupid video,Not in the mood to make a thumbnail ▻ Subscribe? - http://bit.ly/1sBQXmi ▻ Follow? - http://bit.ly/1ljKsl1 Sponsor ...,2015-05-18 21:29:43+00:00,youtube#video,394,55964.0,1761.0,386.0,PT6M34S,2d
Vr2337tCLCI,Insane Advanced Warfare Hacker!,"I decided to play infected on advanced warfare and I ran into a guy doing some type of glitching/hacking, idk what he did.",2015-06-07 22:58:31+00:00,youtube#video,134,55877.0,1794.0,335.0,PT2M14S,2d
XKSJRulqDNA,Most Epic Thing In Minecraft!?!?!?!?!?!!?????,This is an INSANE noteblock song! I hope you enjoy and be sure to leave a like if you listen all the way through!,2013-03-10 22:19:14+00:00,youtube#video,273,421302.0,17293.0,1831.0,PT4M33S,2d
bEIK5ni_Pzs,How Many People Get The Diamond Play Button?????,This is about the new diamond play button that youtube released at Vid-Con. You have to have over 10 million subscribers to ...,2015-07-25 10:00:03+00:00,youtube#video,236,1804512.0,18416.0,2746.0,PT3M56S,2d
8ZTy3K2QgOY,Pranks That Went Horribly Wrong,"These are pranks that went horribly wrong, warning guns were pulled. SOURCES BELOW ...",2016-03-19 21:00:00+00:00,youtube#video,274,2142675.0,90344.0,2937.0,PT4M34S,2d
Cp431S5z8PE,6 Uses For Your Advanced Warfare Disk!,6 Uses For Your Advanced Warfare Disk! CLICK THIS LINK FOR PIE! - https://twitter.com/MrBeastYT FREE COD GAMEPLAY ...,2015-09-07 20:40:56+00:00,youtube#video,65,55540.0,2064.0,370.0,PT1M5S,2d
CnMv_zTXZ38,Best FNAF 4 Fake Reactions! So Funny lol,This is a montage of people overreacting to jumpscare's in a video game called five nights at fready's. I have no beef with these ...,2015-07-25 16:38:00+00:00,youtube#video,147,89844.0,2738.0,363.0,PT2M27S,2d
dvdGkRK5a_0,WORLD&#39;S FIRST BLACK OPS 3 GUN SYNC!!,Look at this - http://gyazo.com/e0a0366e6944ebb5d556001b4ec23444 THIS IS THE FIRST BO3 GUN SYNC EVER! ▻ Subscribe ...,2015-06-22 01:19:49+00:00,youtube#video,81,68279.0,1629.0,155.0,PT1M21S,2d
XR_q9_LEKuc,Supply Drop Challenge For Charity,"I open a supply drop, and if I don't win the game I have to donate to charity :) Twitter Please Follow! - http://bit.ly/MrBeast6000 ...",2015-07-22 17:59:43+00:00,youtube#video,295,55542.0,2243.0,648.0,PT4M55S,2d
460GXJiGCEs,Youtube Dream,This video is a little random and covers a range of topics but none the less I hope you enjoy! ▻ Subscribe? - http://bit.ly/1sBQXmi ...,2014-07-08 00:17:34+00:00,youtube#video,271,75470.0,2260.0,590.0,PT4M31S,2d
jlpAON0ePME,Battle pirates Hellstrike fail!,Its sad that someone would pay to coin a fleet like this then fail in a lvl 59 base.,2013-12-18 22:31:02+00:00,youtube#video,47,69459.0,1929.0,337.0,PT47S,2d
qr4v9pdfVlU,Cheat Channels,These are the youtube channels I hate ▻ Subscribe? - http://bit.ly/1sBQXmi ▻ Follow? - http://bit.ly/1ljKsl1 Sponsor ...,2015-04-24 01:53:38+00:00,youtube#video,214,55217.0,1630.0,362.0,PT3M34S,2d
ZqzFRGH_tMQ,Always Changing My Name? Mr.Beast or MrBeast6000,I am always changing my name on youtube and this is the last time. Twitter Please Follow! - https://twitter.com/MrBeastYT FREE ...,2015-08-03 10:00:03+00:00,youtube#video,161,180684.0,4402.0,531.0,PT2M41S,2d
1UygJmcHUdQ,I Got Bored Of Studying So This Happened,I hate studying METH = DEATH.,2015-10-13 01:15:19+00:00,youtube#video,129,681774.0,20472.0,966.0,PT2M9S,2d
fG1N5kzeAhM,Dear Future Me (Scheduled Uploaded 6 Months Ago),"Dear future me, please do not be dead. Btw I also made a video for 1 and 10 years in the future!",2016-04-04 19:30:01+00:00,youtube#video,145,2359615.0,134610.0,12523.0,PT2M25S,2d
t8aM4HuVLrQ,This is a block? Since when lol.,"This is the first time i ever encountered the yellow block or so called ""sponge"" in minecraft. since when is this a block?",2013-01-21 22:30:09+00:00,youtube#video,52,825115.0,32512.0,4217.0,PT52S,2d
p-KVD5rA_Cw,Why Google Does Not Care What We Think....,I hope you enjoy and this is me accepting the new comment system.... There not going to change back so just except it and move ...,2013-11-17 01:40:48+00:00,youtube#video,180,421562.0,7164.0,732.0,PT3M,2d
Feh8o-HmthM,People Who Got Rich From Movie Trailers On Youtube,These are people who literally re-upload movie trailers to youtube and make the big bucks. Twitter Please Follow!,2015-07-29 19:00:00+00:00,youtube#video,206,94870.0,1601.0,226.0,PT3M26S,2d
7ytYV-tVIvg,How Did Notch Become A Billionaire? How Much Did Minecraft Sell For?????,Ever wonder how notch became a billionaire and how much he sold minecraft for? Well that is what this video is for! ▻ Subscribe?,2015-06-12 17:47:14+00:00,youtube#video,216,111110.0,2667.0,221.0,PT3M36S,2d
LYK6SPMtJ_Y,Youtube Grind,In this video I talk about how youtube can sometimes become a grind and I also explain why i have not been uplaoding.,2014-06-28 21:06:46+00:00,youtube#video,200,109839.0,2770.0,214.0,PT3M20S,2d
Jtj9rUqlB1Y,How Many Youtubers Are Millionaires???,Have you ever wondered how many youtubers have made over one million dollars off of youtube? Twitter Please Follow!,2015-08-04 00:18:58+00:00,youtube#video,169,115918.0,1938.0,255.0,PT2M49S,2d
S9PIukDRcvk,Update,I pretty much say everything in the video. = Enjoy the video? Click here!,2014-03-13 00:19:29+00:00,youtube#video,261,67230.0,1873.0,339.0,PT4M21S,2d
6zQhLOw1nw8,Should You Do COD Commentaries In 2016????,Should you do COD commentaries in 2016?,2015-12-02 23:51:26+00:00,youtube#video,227,55420.0,1392.0,282.0,PT3M47S,2d
J1lhxfZtR3M,Do You Think You Will Be Famous?????,We all upload daily and are on the grind. But is your content actually good enough that a million people would want to watch it?,2015-07-06 22:00:01+00:00,youtube#video,224,140195.0,3128.0,604.0,PT3M44S,2d
7Pogam71094,How Do Youtubers Make Money? How Do Youtubers Get Paid?,"How Do Youtubers Make Money? How Do Youtubers Get Paid? I talk about where the money comes from, what percentage ...",2015-09-29 23:16:50+00:00,youtube#video,366,116396.0,3731.0,478.0,PT6M6S,2d
bWDmDsdvoBs,Career Ender ....  LOL,To think this was the kid talking trash to me in the pre game....,2013-07-28 17:13:58+00:00,youtube#video,26,143480.0,4129.0,510.0,PT26S,2d
-rdYtmUejSE,Yup I is the best at the game.,Hope you enjoy this funny montage. leave a like if you did. I thought it turned out pretty good. = Enjoy the video? Click here!,2014-04-05 13:00:05+00:00,youtube#video,417,273419.0,5174.0,530.0,PT6M57S,2d
mY77HA20MzA,Bronze And Platinum Play Buttons?????,Bronze And Platinum Play Buttons? These are both things that people have always wanted on youtube and in this video I discuss ...,2015-09-13 00:23:55+00:00,youtube#video,263,1036313.0,29979.0,2523.0,PT4M23S,2d
DL0OPJ2hahc,Increase Youtube Views 2015! COMMUNITY CHANNELS - Boosting Youtube Views,In this video I show you how to increase youtube views in 2015. I also show you how to boost youtube views. All with community ...,2015-09-27 21:04:03+00:00,youtube#video,232,54945.0,1798.0,302.0,PT3M52S,2d
hyt2t4r8lQ4,Battle Of The Beast Tournament UPDATE!,Apply - https://docs.google.com/forms/d/1GHkj1T6pLiGW4scsHYK_AZG73rxe9olQPcss7V9m864/viewform?usp=send_form IF ...,2015-06-18 23:25:47+00:00,youtube#video,152,54754.0,1833.0,648.0,PT2M32S,2d
9Ax56oRhcZc,Counting To 10000 In One Sitting,Counting To 10000 In One Sitting NEW Merch Store! - https://mrbeast.store Check out Viewstats! - https://www.viewstats.com/ For ...,2016-02-01 00:27:55+00:00,youtube#video,12581,68298763.0,716116.0,57379.0,PT3H29M41S,2d
2ljWxaMvE_0,Hacker in Ghost???? I Couldn&#39;t Kill Him.,I decided to give ghost one last chance and it did not even take more than a minute to realize why I quit playing it :) ▻ Subscribe?,2014-06-22 00:27:19+00:00,youtube#video,36,54685.0,1632.0,381.0,PT36S,2d
VN2-3OfUzd8,Magic karp sweeps whole team of LEGENDARIES!!!,In case you did not see the day this video was uploaded it is obviously not a magic karp sweep its a april fool's prank xD. The title ...,2013-04-01 23:26:03+00:00,youtube#video,215,184527.0,7568.0,913.0,PT3M35S,2d
uotb9ZHnI2g,"Tipping Pizza Delivery Guys $10,000",Download Quidd - http://bit.ly/2x2KvwR Please support them for making this possible! SUBSCRIBE FOR A FREE CAR NEW ...,2017-08-23 21:44:24+00:00,youtube#video,627,23083996.0,702109.0,40037.0,PT10M27S,2d
Fa2fBRhy1jM,"Fight For $5,000,000",,2024-12-14 18:00:01+00:00,youtube#video,25,31118425.0,2367571.0,8315.0,PT25S,2d
8-0ZHJHp9g4,Advanced Warfare DLC 4 Honest Parody,This is an honest parody of the Advanced warfare final DLC. Twitter Please Follow! - https://twitter.com/MrBeastYT FREE COD ...,2015-07-29 00:37:21+00:00,youtube#video,157,54435.0,1607.0,387.0,PT2M37S,2d
tusuuI7MEJU,Should I join FaZe?????,Sorry for how short it is** I will be doing funny montages like this for a little while. Hope you like it! = Enjoy the video? Click here!,2014-04-04 19:44:52+00:00,youtube#video,210,842071.0,17245.0,1707.0,PT3M30S,2d
9fa_JYTPZ2Y,IF YOU ONLY SEE ORANGE YOU&#39;RE COLOR BLIND,I WISH I WAS COLOR BLIND NEW Merch Store! - https://mrbeast.store Check out Viewstats! - https://www.viewstats.com/ For any ...,2016-12-05 02:21:43+00:00,youtube#video,233,1827276.0,93515.0,7621.0,PT3M53S,2d
NEDPgQYhbqs,IF ONLINE ADS WERE REAL,Congrats you won 1000000$ Like or ads will eat you Rock - https://www.youtube.com/watch?v=KkS_sth28rs Paper ...,2016-10-16 20:30:00+00:00,youtube#video,276,9886303.0,581454.0,17771.0,PT4M36S,2d
dJCsc_Cq9i4,BEST WALMART TOILET PAPER FORT,Toilet paper fort in walmart is for mlg people like us Like or your computer will explode My friend's channel ...,2016-08-24 21:00:01+00:00,youtube#video,256,1469364.0,51120.0,2993.0,PT4M16S,2d
vbph9F_pRNI,I Donated $1000 Every Time She Blinked - Fortnite Streamers,I DONATED $1000 EVERY TIME TWITCH STREAMERS BLINKED! Instagram - https://www.instagram.com/mrbeast Twitch ...,2018-06-24 21:10:00+00:00,youtube#video,946,21829899.0,642238.0,24657.0,PT15M46S,2d
uqjfMNEWNIg,Minecraft Let&#39;s Play! Ep. 1. The Beginning!,This is episode one... hopefully many more.,2013-07-08 20:03:41+00:00,youtube#video,1107,666854.0,24008.0,2534.0,PT18M27S,2d
afL8tYlnrj4,What Is Yanet Actually Thinking?????,"This video is about Yanet, FaZe Censor and his girlfriend. His girlfriend Yanet does not speak English and so I made a video ...",2015-08-17 01:24:47+00:00,youtube#video,189,168916.0,3201.0,219.0,PT3M9S,2d
m3Ol8zn7brk,Movie Trailers Be Like,This is a parody of most movie trailers. Like the video for laptop 1.0! NEW Merch Store! - https://mrbeast.store Check out Viewstats!,2016-02-15 18:31:34+00:00,youtube#video,102,107795.0,4424.0,264.0,PT1M42S,2d
TLoDwqQF5ug,BLOWING UP MY TABLET,I will miss throwing you at things ;( Like or I blow up your computer Rock - https://www.youtube.com/watch?v=5I9EPjrzhW4 Paper ...,2016-07-01 20:30:01+00:00,youtube#video,152,175374.0,7451.0,1255.0,PT2M32S,2d
hgiPX33AHas,Time,I guess I should describe the video here. ▻ Subscribe? - http://bit.ly/1sBQXmi ▻ Follow? - http://bit.ly/1ljKsl1 Sponsor ...,2015-04-22 21:33:54+00:00,youtube#video,114,81483.0,1688.0,156.0,PT1M54S,2d
sKn8Tbp2a-4,"Shark Tank Most Successful Products, Entrepreneurs, Or Businesses 2015","These are the most successful products, Entrepreneurs, or Business ever to be on shark tank. Some of the sharks hated these ...",2015-11-08 19:33:42+00:00,youtube#video,294,145288.0,1284.0,184.0,PT4M54S,2d
deK-My3Of0o,How Much Do T.V. Commercials Cost?????,Have you ever wondered how much a tv commercial costs? In this video I discuss that topic. Twitter Please Follow!,2015-08-28 01:40:10+00:00,youtube#video,209,53962.0,1525.0,241.0,PT3M29S,2d
HIhUkvAG0o4,How Many People Have A Silver Play Button????,Have you ever wondered how many people have a silver play button? Well that is what I talk about in this video!,2015-12-08 22:22:47+00:00,youtube#video,213,424956.0,12193.0,792.0,PT3M33S,2d
uxzBq4Y_fNw,Exams Be Like,This is your typical highschooler's thoughts on exams.,2015-12-10 00:15:18+00:00,youtube#video,234,442611.0,13634.0,1033.0,PT3M54S,2d
I_3R9YGFlHE,The Anti-Beast,FOLLOW FOR GOOD LUCK→→ https://twitter.com/MrBeastYT → →FACEBOOK→ https://www.facebook.com/MrBeast6000 ...,2015-12-23 23:51:22+00:00,youtube#video,159,885225.0,29267.0,1745.0,PT2M39S,2d
qVLr6SMxvJw,5 Steps To Becoming Successful On Youtube!,This is a old video that I thought was good so I am reuploading it. I am at the beach for 2 more days then my double daily ...,2015-08-14 10:00:03+00:00,youtube#video,193,79934.0,3298.0,379.0,PT3M13S,2d
LJDN7dzrErg,Never Doing This Again…,,2024-12-03 17:30:00+00:00,youtube#video,8,19287154.0,1091560.0,3405.0,PT8S,2d
zgDezsMQyyU,How To Monetize Your Videos And Make Lots Of Youtube Money!!$$$,"I spent hours looking all this info up, if you see something that is not true in this video please let me know and I will put up an ...",2015-05-10 20:59:50+00:00,youtube#video,623,53372.0,1535.0,321.0,PT10M23S,2d
LWstCINhd8g,Impossible,Today I play the impossible game. Much rage and much frustration is involved. = Enjoy the video? Click here!,2014-04-20 01:45:45+00:00,youtube#video,233,79408.0,2526.0,340.0,PT3M53S,2d
rH1D_3G56DY,Returning Destroyed Rental Cars Prank,"YOU WON'T BELIEVE HOW THE MANAGER REACTED LOL In this video we returned car in an experiement. If you diy this, ...",2018-07-27 21:09:00+00:00,youtube#video,630,37102838.0,620159.0,17377.0,PT10M30S,2d
Wyyqz3OxB5c,MY $1000 KEYBOARD CHANGED MY LIFE,I DIDN'T KNOW IT DID THIS Like the video or the keyboard kills you Keyboard link ...,2016-11-03 21:32:53+00:00,youtube#video,213,13426658.0,355954.0,7827.0,PT3M33S,2d
kqUT-s3a6tU,"Black Ops 3 First Impressions, My First Game",This was my first full game on black ops 3 and I just give my thoughts on the game. The specialist are not over powered and the ...,2015-08-19 02:44:52+00:00,youtube#video,221,53285.0,1584.0,369.0,PT3M41S,2d
GxTVDClFXuc,MrBeast6000Subs,Insert funny joke Follow my twitter - https://twitter.com/MrBeastYT Guy Singing ...,2015-08-23 11:00:00+00:00,youtube#video,320,888801.0,56104.0,4710.0,PT5M20S,2d
atCPtw4dg7g,Emerald tool mod! (minecraft),This mod adds craftable emerald tools and armor to minecraft. mod:http://www.planetminecraft.com/mod/emeralds-mod-146147/,2013-01-23 22:34:58+00:00,youtube#video,49,513819.0,24264.0,2254.0,PT49S,2d
i5dhcAxO25Q,Reddit Is In Chaos After Firing Victoria,The article - http://gawker.com/reddit-in-chaos-after-allegedly-firing-ama-coordinator-1715556970 My other upload of the day ...,2015-07-03 20:11:21+00:00,youtube#video,106,55477.0,1081.0,171.0,PT1M46S,2d
U_07AG_CR5A,Crazy Nub Tub Reactions! Bo2 Fun!,"These montages are a ton of fun to make, I hope you enjoy and be sure to like if you did! ▻ Subscribe? - http://bit.ly/1sBQXmi ...",2014-06-13 22:44:22+00:00,youtube#video,220,53370.0,1597.0,360.0,PT3M40S,2d
ehEuczQUh8E,Pulling Cars Over Using A Toy Police Car,YOU WON'T BELIEVE HOW PEOPLE REACTED LOL New Merch - https://mrbeast.store Check out Viewstats!,2018-05-13 21:10:01+00:00,youtube#video,797,24724226.0,546517.0,18564.0,PT13M17S,2d
XVMY7B3AzWM,How Much Money Does PewDiePie Make?????,HOLY CRAP 500 LIKES!!! I think this is something alot of people have questions about and would love to learn about so here you ...,2013-11-12 03:18:18+00:00,youtube#video,332,784088.0,14547.0,1402.0,PT5M32S,2d
A4lp4FRCo6o,"Battle pirates, How To Auto Lvl 40 Salvages.",This is a different type of fleet I saw so I decided to upload a video on it just because I have never seen a fleet like this before.,2013-12-29 00:32:15+00:00,youtube#video,78,56732.0,1805.0,433.0,PT1M18S,2d
Y3Rxgf5_R_I,The COD Community? Sleeping With Your Mom?,Ever wonder what the cod community is? Ever wonder how they all sleep with your mom? Find out in this video! FOLLOW FOR A ...,2015-07-19 17:37:51+00:00,youtube#video,183,53439.0,1744.0,457.0,PT3M3S,2d
v3tbnlc5cfo,Battle Pirates!,This is a really fun game that if you have never heard of before you should go check out! = Enjoy the video? Click here!,2013-09-21 22:18:59+00:00,youtube#video,215,106093.0,3773.0,727.0,PT3M35S,2d
yf_C8penA9k,"Giving A Stranger $1,000,000",,2024-11-20 17:00:01+00:00,youtube#video,35,33863144.0,2099171.0,4919.0,PT35S,2d
HHV4WT8AA1w,Can You Surf A Pool Table?,,2024-10-30 16:00:00+00:00,youtube#video,23,34875659.0,1713149.0,5271.0,PT23S,2d
KL1X8NsVGd0,Top 10 Worst Guns in Call Of Duty History!,This is a video where I go over my ten least favorite guns in Call of Duty.,2013-07-25 21:36:56+00:00,youtube#video,259,193018.0,7011.0,663.0,PT4M19S,2d
TacjQmKCiZg,How Much Does Faze Rain&#39;s Giveaway Cost??????,In this video I show you how much money Faze Rain spent on his giveaway. ▻ Subscribe? - http://bit.ly/1sBQXmi ▻ Follow?,2015-05-30 21:27:08+00:00,youtube#video,73,52999.0,1458.0,344.0,PT1M13S,2d
X-g9aT2wFjM,Channel Trailer....,Click here to Subscribe http://www.youtube.com/subscription_center?add_user=mrbeast6000 As I said in the video this is only ...,2013-07-06 18:17:45+00:00,youtube#video,49,250959.0,9361.0,864.0,PT49S,2d
IHNQhb-mjZc,How Many Twins Can You Spot?,,2024-10-03 18:00:01+00:00,youtube#video,17,26276222.0,1240929.0,2270.0,PT17S,2d
ZJwX2jTXWwQ,Watching It&#39;s Everyday Bro For 10 Hours Straight,"10 hours of suffering WE WROTE, SHOT, and EDITED THIS IN 1 DAY. HOPE YOU ENJOY... SUBSCRIBE FOR A FREE CAR ...",2017-06-17 21:06:02+00:00,youtube#video,36011,28185604.0,824617.0,70228.0,PT10H11S,2d
iOjxpow6jow,How Many Youtubers Are Millionaries?????,In this video I talk about how many youtubers have made over a million dollars off of youtube. I hope you enjoy! = Enjoy the video?,2014-02-26 23:52:57+00:00,youtube#video,233,440758.0,8226.0,1705.0,PT3M53S,2d
DjMYkWCEan8,The Vortex SMP Episode 1! Just Derping Around and Explaining Things.,In this video we just mess around and I talk about my plans on the server as well as show you around! Hope you like this new style ...,2014-01-18 02:49:24+00:00,youtube#video,1519,120676.0,3395.0,376.0,PT25M19S,2d
UVin8WtE5eU,Summer Is Finally Here!,This is a video with lots of words... ▻ Subscribe? - http://bit.ly/1sBQXmi ▻ Follow? - http://bit.ly/1ljKsl1 Sponsor ...,2015-05-28 21:46:37+00:00,youtube#video,146,53019.0,1131.0,252.0,PT2M26S,2d
p5rGgPZtjDw,Top Subscribed To Channels? BO2 w/ commentary!,Just a short video were I talk about some of the top youtubers.,2013-07-28 20:50:09+00:00,youtube#video,338,111565.0,4253.0,783.0,PT5M38S,2d
pV7UcYW1OwA,Computer vs Console My Perspective.,I talk about pc's and consoles in this video. I used to be a full all out console person but now with my new pc things have changed.,2014-06-02 18:08:34+00:00,youtube#video,205,98500.0,2210.0,340.0,PT3M25S,2d
Fzh65vCyHWQ,24 HOUR EXPLOSION GIVEAWAY! WIN GIFTCARDS,LIKE TO INCREASE YOUR CHANCE OF FINDING SOMETHING Rock - https://www.youtube.com/watch?v=5I9EPjrzhW4 Paper ...,2016-09-05 22:31:58+00:00,youtube#video,86402,787815.0,34405.0,4622.0,P1DT2S,2d
1Pr-R2nKTY4,"How To Get 1,000 Subscribers On Youtube - Vlogs Gaming",Do you want a thousand subscribers on youtube? Well then follow this guide on how to get 1000 subscribers on youtube and you ...,2015-10-15 20:12:22+00:00,youtube#video,179,90212.0,4218.0,525.0,PT2M59S,2d
ObYLL97-SBA,How To Duplicate Diamonds!!!!,,2013-09-15 01:09:42+00:00,youtube#video,37,166338.0,6053.0,587.0,PT37S,2d
3rJgCGMPEqA,Random Stuff You Don&#39;t Care About,"Me telling you about my life, Idk why you are watching it. ▻ Subscribe? - http://bit.ly/1sBQXmi ▻ Follow? - http://bit.ly/1ljKsl1 I read ...",2015-06-27 23:32:54+00:00,youtube#video,142,52565.0,1984.0,446.0,PT2M22S,2d
gpbY6zCEBv4,How Video Games Boosted My SAT Score. Lol,Yup kids play minecraft a lot because it will help you get into a better college and make a million more dollars in your life. = Enjoy ...,2014-03-26 23:59:45+00:00,youtube#video,177,57029.0,1582.0,227.0,PT2M57S,2d
m8qGlpcfAIw,Xbox One Destroyer? COD Advertisement Is Free,I know the title is a little bit weird but the commentary was all over the place and I had a hard time deciding on whether I wanted it ...,2015-08-18 01:08:14+00:00,youtube#video,248,51441.0,1569.0,292.0,PT4M8S,2d
rSuuQ_s8gOw,How Much Money Does Tmartn Make?????,In this video I talk about how much tmartn makes off of youtube. Hope you enjoy and check out my other ones if you did.,2014-06-21 18:43:51+00:00,youtube#video,157,51442.0,1567.0,351.0,PT2M37S,2d
LI8nWXeYtOs,How Much Money Does &quot;Skydoesminecraft&quot; Make????,"In this video I talk about how much money sky makes from his ""army."" I hope you enjoy and let me know what you think! = Enjoy ...",2014-03-30 01:52:06+00:00,youtube#video,167,69258.0,1484.0,373.0,PT2M47S,2d
vKKhX-Uyggw,How Much Money Does FaZe Rain Make?????,This is something I get asked alot so here you go I talk about how much he makes. I used real numbers and tried to be accurate.,2014-06-18 14:00:09+00:00,youtube#video,215,64908.0,1297.0,164.0,PT3M35S,2d
5UPa_hu5opg,Youtube,"This is a video where I talk over a game, Yay I am super original. ▻ Subscribe? - http://bit.ly/1sBQXmi ▻ Follow?",2015-04-14 22:39:24+00:00,youtube#video,277,86396.0,2118.0,227.0,PT4M37S,2d
4AigP5OY8JE,Time,What do you do with your time?,2015-08-13 10:00:00+00:00,youtube#video,122,82743.0,2045.0,284.0,PT2M2S,2d
G7Y9ban7b0U,How Much Money Does Tobuscus Make?????,I decided after reading all the comment's and messages that I would bring this back. So to kick it off I talk about Tobuscus and how ...,2014-05-14 23:06:58+00:00,youtube#video,142,63883.0,1338.0,230.0,PT2M22S,2d
X_qd-1xSTFA,Pewdiepie Was On T.V.,"I wonder if I will ever be on t.v. ▻ Subscribe? - http://bit.ly/1sBQXmi ▻ Follow? - http://bit.ly/1ljKsl1 I read every comment, and love ...",2014-12-07 17:51:08+00:00,youtube#video,149,142738.0,3350.0,403.0,PT2M29S,2d
uZPkMnv8b-o,Modern Art Is A Joke,Modern art now days is beyond pointless Twitter Please Follow! - https://twitter.com/MrBeastYT FREE COD GAMEPLAY ...,2015-08-15 10:00:01+00:00,youtube#video,176,60169.0,1883.0,164.0,PT2M56S,2d
OweuuinkVZI,3k HYPE,FOLLOW MY TWITTER NOW! https://twitter.com/YTBeastYT.,2015-07-10 18:05:46+00:00,youtube#video,203,142630.0,4303.0,680.0,PT3M23S,2d
56OkH6ocYZU,L0114R - Biblical Creeper Post for Post @L0114R,His channel - https://www.youtube.com/user/thefunky31 My vid on his channel - https://www.youtube.com/watch?v=tGmtv6QM1rQ ...,2015-05-15 16:48:54+00:00,youtube#video,88,51497.0,1116.0,237.0,PT1M28S,2d
ajJbMGq9AS4,Youtube &quot;Freinds&quot;,"I missed spelled ""Friends"" in the title just to piss you off :0 ▻ Subscribe? - http://bit.ly/1sBQXmi ▻ Follow? - http://bit.ly/1ljKsl1 ...",2015-05-23 01:28:10+00:00,youtube#video,279,86545.0,1447.0,206.0,PT4M39S,2d
bwp_3qLgWpQ,Magecraft - Epic Hit! 11k Troops killed.,This is an app that I love to play in my free time. ▻ Subscribe? - http://bit.ly/1sBQXmi ▻ Follow? - http://bit.ly/1ljKsl1 I read every ...,2015-02-21 15:41:14+00:00,youtube#video,233,51451.0,1339.0,317.0,PT3M53S,2d
9pk-neTrDoM,How To Be MrBeast (Made By Really Old Subscriber),How to be like MrBeast. This video had me dead XD His channel ...,2016-01-23 19:46:56+00:00,youtube#video,321,66585.0,2770.0,290.0,PT5M21S,2d
X7doE4h6W64,Insane Gun Sync - 7 Hours To Make,Look at this - http://gyazo.com/8852509d2350db03af8ac1afa9172102 I probably should have done something easier for my first ...,2015-06-21 12:22:34+00:00,youtube#video,134,51460.0,1999.0,430.0,PT2M14S,2d
0dg2eR2NSQ0,Best League Player In The Universe.,Let me know what you think. I personally think this is a good video. ▻ Subscribe? - http://bit.ly/1sBQXmi ▻ Follow?,2014-11-23 17:37:28+00:00,youtube#video,180,319025.0,17007.0,964.0,PT3M,2d
M94G0iKYiSM,HONEST Shout Out Sunday! Free Subscribers!,I had to reupload this because youtube decided to delete it. Was adding it to a playlist and boom it was deleted. Youtube please ...,2015-08-30 18:06:45+00:00,youtube#video,210,51559.0,1669.0,518.0,PT3M30S,2d
qFOGv5zuTdw,How Much Money Does FaZe Make?????,In this video I talk about FaZe and how much money they make. Hopefully you enjoy and let me know what you thing down below.,2014-07-09 21:15:15+00:00,youtube#video,198,51530.0,1488.0,286.0,PT3M18S,2d
boBokLXe5o8,Is Jacksepticeye A Millionaire?????? 2016,I wish poods would give me a shout out ▻ Subscribe? - http://bit.ly/1sBQXmi ▻ Follow? - http://bit.ly/1ljKsl1 Sponsor ...,2015-04-09 23:07:38+00:00,youtube#video,190,191950.0,3274.0,666.0,PT3M10S,2d
ctJORnOjbrQ,These Were The Good Days....,I used to love doing this in MW2. Creator: http://www.youtube.com/watch?v=5zJT-OAWoBU = Enjoy the video? Click here!,2013-09-05 02:14:46+00:00,youtube#video,52,159635.0,4301.0,435.0,PT52S,2d
QNoqAnJOSqU,What Happens If You Get A Copy Right Strike??,"Phew ▻ Subscribe? - http://bit.ly/1sBQXmi ▻ Follow? - http://bit.ly/1ljKsl1 I read every comment, and love any type of feedback ...",2015-04-03 19:45:11+00:00,youtube#video,232,169714.0,4380.0,539.0,PT3M52S,2d
TZPlDuYrcDQ,Minecraft Mansion Timelapse,"Thanks for stopping by and watching what I hope to be a weekly series. I thought this build turned out well, and make sure you let ...",2014-02-22 23:51:15+00:00,youtube#video,302,608818.0,19679.0,2335.0,PT5M2S,2d
RRknlgRqOds,Black ops 2 Invisible equipment and scorestreak glitch!,This is a kewl trick that you can do to make your equipment and scorestreaks invisible! Go sub this guy for helping me do this ...,2013-07-21 18:26:36+00:00,youtube#video,147,155924.0,5084.0,576.0,PT2M27S,2d
_f6xCA0-gAo,Fanboy Opinions On Black Ops 3,"Let me know if you like the way I edit the gameplay, it takes a long time to do but I will put in the time if you guys like it! Anyways ...",2015-08-06 00:58:47+00:00,youtube#video,236,51647.0,1310.0,311.0,PT3M56S,2d
xvIpibLjs5k,"Battle Pirates, Another Hellstrike Fail.",Yet another fail with the hellstrike... Its funny how people spend that much money to coin a fleet but have no skill. None the less I ...,2013-12-18 23:47:57+00:00,youtube#video,57,63731.0,1793.0,357.0,PT57S,2d
BqS4iVHa-LU,How Much Money Does Penguinz0 Make????? 2016,In this video I talk about how much Penguinz0 makes off of youtube. He is almost at 1 Million subs and if you have not heard of ...,2014-05-16 23:53:55+00:00,youtube#video,175,90688.0,3032.0,384.0,PT2M55S,2d
sE3ZZmYotSs,Call of Duty Ghost Multiplier Reveal Trailer Release Date!,"The video pretty much explains it all, August 14, around 10 p.m. they will release the Ghost reveal trailer! [Expand for more xD]",2013-07-30 20:51:42+00:00,youtube#video,230,107368.0,3787.0,588.0,PT3M50S,2d
tZpnfF0-7Ls,Highest Paid Musicians????,This are the singers who made the most money last year. No surprise to me that they are pulling in so much dough. ▻ Subscribe?,2015-02-17 21:38:06+00:00,youtube#video,288,116558.0,1892.0,272.0,PT4M48S,2d
zX04jQFKCpo,How Much Money Does CaptainSparkles Make????? 2016,In this video I talk about how much the minecraft god captian sparkles makes off of youtube. Its pretty crazy and I hope you enjoy.,2014-05-15 20:36:54+00:00,youtube#video,183,630923.0,6431.0,566.0,PT3M3S,2d
t4OumncEiKo,I Took Apart My Friends Car And Put It In His Room,WE PUT HIS CAR IN HIS ROOM AND SURPRISED HIM Visit https://spons.org/MrBeast on your iPhone or Android phone to install ...,2018-05-25 22:41:59+00:00,youtube#video,616,15857934.0,317553.0,12399.0,PT10M16S,2d
5J6-5g2alp8,"100,000 SUBSCRIBERS.EXE",I never thought this many people would care about my stupid internet videos.,2016-07-08 20:00:00+00:00,youtube#video,266,1440272.0,80380.0,7891.0,PT4M26S,2d
wMn8d7IeCYM,Saying &quot;Keep Net Neutrality&quot; For 10 Hours,I Am Officially Protesting The FCC SUBSCRIBE FOR A FREE CAR Net Neutrality is law that made our internet free and now it is ...,2017-12-17 20:37:34+00:00,youtube#video,36002,2321966.0,83346.0,9975.0,PT10H2S,2d
IAbX0FwX-GY,Why I Haven&#39;t Been Uploading,The truth behind it.,2013-03-25 20:10:38+00:00,youtube#video,363,752064.0,,1811.0,PT6M3S,2d
zCR6DJX7Kak,Walking Dead Daryl DIED (Fan Reaction To Death),I love the walking dead and Daryl's death has me mentally depressed. Thanks The Walking Dead for ruining my life. Walking ...,2016-03-28 02:10:15+00:00,youtube#video,43,160451.0,4412.0,522.0,PT43S,2d
97Gh93Daio0,I Made Money Grow On Trees,I CAN'T BELIEVE THEY FOUGHT OVER THE MONEY!! New Merch - https://mrbeast.store Check out Viewstats!,2018-06-01 22:09:00+00:00,youtube#video,634,17330124.0,435372.0,36903.0,PT10M34S,2d
jhYG5BStQSk,Hi Me In A Year (Scheduled Uploaded A Year Ago),"I hope you have 50k subs, you probably won't but it's worth a shot. Did I say you could open this?",2016-10-04 21:00:01+00:00,youtube#video,119,1627104.0,53521.0,4728.0,PT1M59S,2d
m3lTwO0aNyw,How to get unlimited diamonds! minecraft (x-ray),mod:http://www.minecraftforum.net/topic/867079-147-xray-mod/ press x to see through stuff press c for the coordinates in the top ...,2013-01-26 19:34:43+00:00,youtube#video,134,524848.0,22945.0,2262.0,PT2M14S,2d
6z5RwrvnH28,Huge WW2 jeep! Minecraft creations.,This is a amazing WW2 jeep built in minecraft! Expand Music: https://www.youtube.com/watch?v=e6Y7FUBLzq8 Download: ...,2013-04-21 00:52:21+00:00,youtube#video,64,529721.0,17062.0,1990.0,PT1M4S,2d
jysfHFHNjYQ,Epic minecraft apartment complex!,Map maker:http://www.planetminecraft.com/project/transcendence---luxury-apartments/ epic minecraft apartment complex!,2013-01-27 18:25:46+00:00,youtube#video,53,475634.0,20279.0,2285.0,PT53S,2d
9Y2sAtN5yRs,Gunpowder plus mod! (Grenade mod) Epic explosions for minecraft.,This is a gunpower plus mod which adds WWI and WWII grenades into minecraft and it also adds a modern one. I will show you ...,2013-04-21 18:04:39+00:00,youtube#video,158,193063.0,7388.0,851.0,PT2M38S,2d
gchqnwXlxJw,Drinks in minecraft (mod),"This mod adds coke, sprite, and sproke. mod:http://www.planetminecraft.com/mod/drinks-mod-beta-1/ drinks in minecraft mod.",2013-01-26 16:26:34+00:00,youtube#video,43,501286.0,,1813.0,PT43S,2d
zfDr05ax0gM,How Much Money Does DramaAlert Make????,In this video I talk about how much money dramaAlert makes off of youtube. I personally love dramaAlert and that is why I decided ...,2015-05-15 23:53:16+00:00,youtube#video,92,51126.0,1726.0,383.0,PT1M32S,2d
-mlok5iT3GE,My Top 5 Favorite Things At E3 2015,"This is a video and you are watching it. ▻ Subscribe? - http://bit.ly/1sBQXmi ▻ Follow? - http://bit.ly/1ljKsl1 I read every comment, ...",2015-06-18 17:18:38+00:00,youtube#video,150,50780.0,1601.0,447.0,PT2M30S,2d
dFr5YQaQQdo,"I Gave $20,000 To People From An Ice Cream Truck",I gave away $20000 New Merch - https://mrbeast.store Check out Viewstats! - https://www.viewstats.com/ SUBSCRIBE OR I TAKE ...,2018-05-02 22:11:00+00:00,youtube#video,822,14753155.0,348871.0,21455.0,PT13M42S,2d
Ros1PpcO5Js,Pokemon online battle #9 [rb] Hidden power ice ftw!,"This is a random battle, because uu was getting a little old. Hope you enjoy and be sure to thumbs up if you do!",2013-04-07 00:03:02+00:00,youtube#video,319,163721.0,6983.0,809.0,PT5M19S,2d
dSDBr0WjrwQ,Reading The Entire Bee Movie Script But Everytime They Say &quot;Bee&quot; I Repeat All the Previous Bees,Every time I say bee I repeat the previous ones READING THE BEE MOVIE SCRIPT Rock ...,2016-11-25 01:43:37+00:00,youtube#video,5459,10946448.0,217445.0,12443.0,PT1H30M59S,2d
_oZyp4mTzSQ,Supply Drops For Charity! Ep #2,I open a supply drop and then have to win a free for all game with it. If I lose with the gun from the supply drop I have to donate to ...,2015-07-24 10:00:00+00:00,youtube#video,302,50371.0,1986.0,983.0,PT5M2S,2d
bzIPun3cVsw,Shia Labeouf Motivates Youtubers!,Shia Labeouf Motivates Youtubers! Shia is bae CLICK THIS LINK FOR PIE! - https://twitter.com/MrBeastYT ...,2015-09-19 22:53:26+00:00,youtube#video,88,317955.0,9365.0,562.0,PT1M28S,2d
g0IrVKXIbmE,PSYCHO FRIEND SMASHES MY LAPTOP! (Mc Juggernuggets Parody),MY FRIEND SMASHED MY LAPTOP! →→ FOLLOW FOR GOOD LUCK→→ https://twitter.com/MrBeastYT →FACEBOOK→ ...,2015-11-06 00:07:37+00:00,youtube#video,92,280707.0,11061.0,926.0,PT1M32S,2d
sx5k8xd_VoU,Going To The Connor McGregor fight!,What the Trump Hotel is like Use code BEAST and get $20 back on your first order! Sign-up Here: https://sg.app.link/BEAST ...,2017-08-28 20:31:04+00:00,youtube#video,342,6076417.0,230919.0,11586.0,PT5M42S,2d
jGE1sUTeR5g,Battle of The Beasts Round 2 Winners!,If you won please skip to the end to see what your topic is for next round. Commentator - https://www.youtube.com/user/FlipArtz ...,2015-07-01 04:02:27+00:00,youtube#video,847,50376.0,1343.0,353.0,PT14M7S,2d
moMJjt5KECc,Money Problems,This is a little different of a video and I just want to know what you think!,2014-08-20 17:40:18+00:00,youtube#video,242,246253.0,4686.0,409.0,PT4M2S,2d
pHKlrJeKmjA,Black ops 2 Shotgun gameplay w/ commentary....  Ps4 or Xbox?,What's up people who are so bored to click on this video. Hope you enjoy and if you liked the video like it.... If you like me ...,2013-07-06 00:13:48+00:00,youtube#video,362,219395.0,6106.0,826.0,PT6M2S,2d
Yox25V8Qsm4,Crazy Illulsions In Minecraft. (Bigre),These are insane! Dont forget to subscribe! This was made by brige. I am just show casing it.,2013-01-27 02:11:30+00:00,youtube#video,155,630786.0,23195.0,2644.0,PT2M35S,2d
smDPnIdlkhM,100th VIDEO SPECIAL!,"This is my 100th video, and I combined clips from my 99 previous videos.... Hope you enjoy, and I will be uploading tons more ...",2014-01-20 01:17:01+00:00,youtube#video,284,386961.0,13190.0,1619.0,PT4M44S,2d
ocruJKe2tFk,"50,000 Subscribers.exe",Watch out pewdiepie Open for the goods Banner submission ...,2016-06-11 21:01:16+00:00,youtube#video,215,487663.0,20448.0,3361.0,PT3M35S,2d
3LuchpUc7PU,Should I Buy An Elgato Game Capture??,This video is about elgatos and is directed towards people who are wondering if they should buy one. Twitter Please Follow!,2015-08-07 10:00:00+00:00,youtube#video,177,50233.0,1832.0,527.0,PT2M57S,2d
dp8IaLrZpGs,"I Gave My 5,000,000th Subscriber 5,000,000 ______",I CAN'T BELIEVE WE ACTUALLY DID THIS! 5000000th Subscriber - https://www.youtube.com/user/TheBradHeat New Merch ...,2018-06-08 22:36:59+00:00,youtube#video,691,11303680.0,294590.0,19463.0,PT11M31S,2d
Cs-kyTJso-A,Worlds Biggest Ball Of TNT Minecraft!  Challenge Video!,Hey there I dare you to download this world and ignite this ball.... In fact if you do it and stay above 1 frame per a second the whole ...,2013-08-09 23:45:05+00:00,youtube#video,105,561668.0,17988.0,1658.0,PT1M45S,2d
ttWTSskmxTA,Life Before And After Gamma (Insane) @GFuelEnergy,"Life Before And After Gamma (Insane) This video is not a sponsorship, we are just stupid :) Rock ...",2016-04-13 23:08:34+00:00,youtube#video,161,50084.0,2039.0,617.0,PT2M41S,2d
TRiF8PdrIP8,MrBeast6000&#39;s Channel Trailer,CLICK THIS LINK FOR PIE! - https://twitter.com/MrBeastYT Inspired By ...,2015-10-08 20:00:00+00:00,youtube#video,115,1601062.0,125779.0,13256.0,PT1M55S,2d
7isfkomGg7o,Battle Of The Beast Round 1 Winners!,ATTENTION! For round two your commentary must be about cake. I talk about it at the end of the video!,2015-06-23 19:49:57+00:00,youtube#video,553,50059.0,1371.0,269.0,PT9M13S,2d
SaDDjW9Rw-M,WORST THUMBNAILS ON YOUTUBE #3,Worst thumbnails in the history of thumbnails SUBMIT THUMBNAILS ...,2016-06-21 20:01:20+00:00,youtube#video,184,876316.0,34576.0,1824.0,PT3M4S,2d
kGaq-Qi9hoE,"Youtube Networking - Aka Fake Likes, Subs, And Comments",This is just a little rant about people who network with other youtubers. Pretty much there are huge chats on skype where people ...,2015-08-21 20:04:55+00:00,youtube#video,268,49164.0,2600.0,469.0,PT4M28S,2d
DfonKqMENrg,Making Youtube a Priority,"Just so the title does not mix you up, I am not putting youtube before - socializing, school, or sports, But I am prioritizing my time ...",2015-04-01 23:58:35+00:00,youtube#video,196,54432.0,1509.0,212.0,PT3M16S,2d
QicO1Gd0kvU,Pokemon online battle #4 [uu] Same old team,"How's it going, I know you are proboly bored of seeing the same team over and over again and that is why i am making a new one ...",2013-03-28 17:22:43+00:00,youtube#video,279,202782.0,,1080.0,PT4M39S,2d
dPxAFqs2eYE,"Epic Ghost Multiplayer EasterEggs! (PrisonBreak, Sovereign, and Flooded)",These are three eastereggs I found in Ghost.... Feel free to go into a private match and shoot them and see what happens :),2013-11-17 18:26:11+00:00,youtube#video,100,95973.0,2939.0,339.0,PT1M40S,2d
7GjSaNi8Epg,How Overpriced Is Movie Popcorn?????,Idk why that chick in the new Avengers likes hulk. She could do better. ▻ Subscribe? - http://bit.ly/1sBQXmi ▻ Follow?,2015-05-03 18:39:15+00:00,youtube#video,160,48892.0,1364.0,301.0,PT2M40S,2d
GdD2pqAdjXY,"Flappy Bird - Builders Showdown, Which is Better?",My friends were bored and wanted to see who could make the better flappy bird. So comment down below which one you think is ...,2014-02-23 22:29:21+00:00,youtube#video,85,102499.0,2840.0,433.0,PT1M25S,2d
GhppzOzN3MM,Battle of The Beasts Bracket!!!! (Not accepting anymore),Song - https://www.youtube.com/watch?v=aMPr67Z24j8 ▻ Subscribe? - http://bit.ly/1sBQXmi ▻ Follow? - http://bit.ly/1ljKsl1 I read ...,2015-06-20 03:32:30+00:00,youtube#video,98,48149.0,1302.0,316.0,PT1M38S,2d
KLAI0c0Spog,Best Of FlipArtz - His Best Advanced Supply Drops EVER!,"FlipArtz's is a really cool guy, and I saw some comments on his advanced supply drop videos, asking for a compilation of his best ...",2015-05-29 17:06:25+00:00,youtube#video,640,88441.0,1175.0,119.0,PT10M40S,2d
QJUs6CSRCFU,Giving Away Two $15 Gift Cards (forgive me boyz),1.) Follow me for $15 - https://twitter.com/MrBeastYT 2.) Retweet for $15 ...,2016-01-10 23:32:03+00:00,youtube#video,191,48844.0,2814.0,573.0,PT3M11S,2d
q2HoSwCMcZw,Black ops 2 Patch news!,I am just talking about the new update that just came out and all the guns it patch.,2013-07-24 20:35:32+00:00,youtube#video,233,115517.0,4281.0,782.0,PT3M53S,2d
uAoayezOaug,Markiplier Is A Great Man! Sub shodleech!,Someone had one wish and it was to start a channel called shodleech and Mark made that wish come true. Patrick/shodleech ...,2015-06-09 02:56:28+00:00,youtube#video,123,170938.0,1987.0,152.0,PT2M3S,2d
h77pHTSPSiw,&quot;Beast&quot; Channel Trailer,Dis is me channel Trailer. Want to sub? Click it! http://www.youtube.com/subscription_center?add_user=mrbeast6000.,2014-03-28 21:01:57+00:00,youtube#video,121,58778.0,1592.0,228.0,PT2M1S,2d
udmf5MQLNGA,How Much Money Did Gangnam Style Earn??? 2016,"Yup, he earned over a million dollars off of a single youtube video. ▻ Subscribe? - http://bit.ly/1sBQXmi ▻ Follow?",2014-11-26 22:53:11+00:00,youtube#video,144,86616.0,1717.0,231.0,PT2M24S,2d
VLqZUENAFY4,Deal or No Deal with Howie Mandel,,2024-04-23 16:00:01+00:00,youtube#video,44,23249508.0,1496066.0,6689.0,PT44S,2d
MC-7ziNt_U4,Project Zomboid let&#39;s play ep. [02] Just some chores.,"Hey! You! Yes you, thanks for clicking on this video its means alot hope you enjoy and be sure to like and sub for more!",2013-06-15 19:54:37+00:00,youtube#video,860,113302.0,4999.0,893.0,PT14M20S,2d
zv_oq5UNDAo,"How To SAT, Get Into Yale",These test taking skills will give you a score so high that you will be able to get into any college of your choice. ▻ Subscribe?,2015-04-13 11:08:02+00:00,youtube#video,245,46367.0,1086.0,180.0,PT4M5S,2d
k9zko79_3_I,Who Founded Faze? Who Created Faze Clan?,Who Founded Faze and who created faze clan are two really common questions that I answer in this video. NEW Merch Store!,2016-03-18 00:23:07+00:00,youtube#video,325,2028268.0,72955.0,3822.0,PT5M25S,2d
DbC9CauTXoM,THE WORST THINGS EVER TO EXIST,WHY IS THIS A THING like or your computer explodes (100% not fake) Rock - https://www.youtube.com/watch?v=lvIzF_clV1E ...,2016-11-19 00:40:47+00:00,youtube#video,318,3751599.0,330318.0,18957.0,PT5M18S,2d
wNuxirsrwBk,Why Are Things Unbalanced In Video Games?????,This is a video I uploaded to my other channel that I also wanted to re upload here! I hope you like it! ▻ Subscribe?,2015-05-28 20:36:06+00:00,youtube#video,210,67874.0,1108.0,161.0,PT3M30S,2d
P2oPACr4uuU,Selling PS4 For $250 + Elgato For $100!,LINK TO BUY IT RIGHT HERE! Elgato - Sold Sorry :( Ps4 - Sold Selling PS4 For $250 + Elgato For $100! CLICK THIS LINK FOR ...,2015-09-16 22:26:34+00:00,youtube#video,158,46309.0,1459.0,281.0,PT2M38S,2d
NeOrh4GnPZ4,Things I Hate #2 - Youtube Edition,If this video hits 500 likes I will upload a sexual prank in the hood and if that hits 420000 likes I will make a shout out sunday!,2016-02-09 01:26:28+00:00,youtube#video,268,159565.0,7322.0,1459.0,PT4M28S,2d
pBH_QL4JGcI,"20,000",20000 people where dumb enough to subscribe to me. NEW Merch Store! - https://mrbeast.store Check out Viewstats!,2016-03-08 00:35:01+00:00,youtube#video,256,161872.0,5409.0,771.0,PT4M16S,2d
Qw3eFnsSdlQ,Best Hellstrike Build???? (Battle Pirates),Is this the best hellstrike build there is? If not let me know how I could improve it down in the comment section! thanks.,2013-12-29 17:10:57+00:00,youtube#video,97,46441.0,1536.0,467.0,PT1M37S,2d
rqUvnLPvbrM,Reacting To The Reaction Of The Reaction To The Reaction Of The Reaction Of The Reaction To The Reac,To the reaction of the reaction to the reaction of the reaction to the reaction of the reaction to the reaction of the reaction to the ...,2017-02-22 00:00:04+00:00,youtube#video,2009,7665314.0,325031.0,25729.0,PT33M29S,2d
RMoFUeBVefA,Beast $500ish Youtube PC Great For Making Videos!,Pc - http://www.newegg.com/Product/Product.aspx?Item=N82E16883227537 In this video I will tell you about my $500ish PC that ...,2015-08-12 10:00:00+00:00,youtube#video,244,70072.0,1394.0,185.0,PT4M4S,2d
2Om2M4_Kyd0,FREE TO USE BO3 GAMEPLAY - 1080p,Link to free to use bo3 gameplay is here - https://www.youtube.com/channel/UCmaAtMHgspY0au0NR5oz8PA All you have to do ...,2015-11-03 01:58:07+00:00,youtube#video,165,47749.0,1604.0,146.0,PT2M45S,2d
Pgxi8dsUW-o,Is Being A Youtuber Hard? Is Being A Youtuber Worth It?,Is Being A Youtuber Hard? Is Being A Youtuber Worth It? Those are going to be the topic of this video. I go over whether or not I ...,2015-10-04 20:35:42+00:00,youtube#video,321,83985.0,3863.0,611.0,PT5M21S,2d
szt8xabJoSo,"Donating $10,000 To Fortnite Streamers If They Win",SUBSCRIBE OR I WILL TAKE YOUR COOKIE FOLLOW MY TWITTER TO WATCH LIVE NEXT TIME ...,2018-03-03 23:21:02+00:00,youtube#video,966,11322563.0,274774.0,15984.0,PT16M6S,2d
VXmKt_1T0QM,Struggles Of Being A Youtuber,Struggles Of Being A Youtuber Like the video or your computer will explode Rock ...,2016-04-19 21:30:01+00:00,youtube#video,194,115180.0,4663.0,1059.0,PT3M14S,2d
zAAXW7ySu1k,"Tipping Uber Drivers $10,000",Download Quidd - http://bit.ly/2wTMNlt Please support them for making this possible! SUBSCRIBE FOR A FREE CAR ...,2017-08-30 22:40:02+00:00,youtube#video,757,4608325.0,127878.0,8393.0,PT12M37S,2d
jPm3hRiMKuU,Low Bridge Causes Dozen&#39;s Of Wrecks! 11-8 Bridge,Watching these clips of cars smashing into this low 11-8 brige is just hilarious. 11-8 Bridge webstie - http://11foot8.com/ ▻ Follow ...,2015-07-10 21:56:20+00:00,youtube#video,223,42745.0,1769.0,460.0,PT3M43S,2d
rHoLyltYDtQ,Ma Channel,"I am currently eating chicken, its a little cold which makes me very sad :( ▻ Subscribe? - http://bit.ly/1sBQXmi ▻ Follow?",2015-04-29 23:50:00+00:00,youtube#video,168,42544.0,1307.0,246.0,PT2M48S,2d
lrw3zkGS9Vc,Subscribers.,In the video I pretty much explain everything. subscirebrs in a year?,2014-03-08 03:52:13+00:00,youtube#video,180,88107.0,2689.0,1084.0,PT3M,2d
jRURlbRAUhI,Whats That Song Name?,Whats That Song? Outro piano song - https://www.youtube.com/watch?v=vVTP0DOL_2Q Duhhhhh ...,2015-12-24 17:01:11+00:00,youtube#video,112,185026.0,7355.0,1471.0,PT1M52S,2d
yzxYCRDcGDs,Reaction Channels Are Stupid??????? #JCTG,Reaction channels are stupid is what many people say but is that really true?,2016-01-05 01:49:06+00:00,youtube#video,194,60798.0,1878.0,416.0,PT3M14S,2d
jtOalDNVrKM,I Can&#39;t Break My Strange Addiction,I DON'T KNOW WHY I DO THIS Buy shirts - https://shop.crowdmade.com/collections/mrbeast SUBSCRIBE FOR A FREE CAR ...,2017-03-19 21:45:07+00:00,youtube#video,285,1857631.0,94820.0,9148.0,PT4M45S,2d
i8pmk5xnO2s,Microwaving Dry Ice (Microwave Explodes),I CAN'T BELIEVE THAT HAPPENED like for a cookie ---------------------------------------------------------------- ▻ Follow all three and ...,2017-02-09 22:29:35+00:00,youtube#video,363,3317288.0,97158.0,6241.0,PT6M3S,2d
5U2fmvh9_Is,"Battle Pirates, Hellstrike vs Epic Base!",This is an insane base vs a fleet of hellstrikes. Can it stop them?,2013-12-24 00:00:20+00:00,youtube#video,58,50415.0,1500.0,358.0,PT58S,2d
7YOzgk-U4EU,How Rich Is Buzz Feed???,Ever wonder how much money Buzz Feed makes? Here ya go! ▻ Subscribe? - http://bit.ly/1sBQXmi ▻ Follow?,2015-04-07 11:16:50+00:00,youtube#video,205,46653.0,846.0,184.0,PT3M25S,2d
lh61MVUxJt0,The History Of Pewdiepie In 2 Minutes,The history of Pewdiepie on Youtube! This video took forever to make and now I have dozen's of pewdiepie's videos on my ...,2015-07-14 10:00:01+00:00,youtube#video,126,214221.0,6657.0,561.0,PT2M6S,2d
qjGNBluF6_I,WORST REVIEWS ON AMAZON #2 HOW IS THIS LEGAL?,These reviews are for the worst product on amazon Gummy bears ...,2016-07-02 20:30:01+00:00,youtube#video,290,1179711.0,46289.0,5182.0,PT4M50S,2d
4DYBVA4884Y,SpiderMan Robs Walmart?????,This video is hilarious to me. obviously it is not spiderman but this guy is really close to him xD Twitter Please Follow!,2015-07-26 19:21:24+00:00,youtube#video,187,41748.0,1255.0,218.0,PT3M7S,2d
rS2sntC-lJI,Dude Perfect 3.0 - We Are Better,Just refer to us as Dude Perfect from now on. Rock - https://www.youtube.com/watch?v=QULAG... Paper ...,2016-04-04 21:30:00+00:00,youtube#video,193,686825.0,21258.0,1951.0,PT3M13S,2d
8nv_ltg4RAg,2015 Year Highlights,This was a gud year boyz →→ FOLLOW FOR GOOD LUCK→→ https://twitter.com/MrBeastYT → →FACEBOOK→ ...,2015-12-30 20:18:43+00:00,youtube#video,243,58762.0,2134.0,513.0,PT4M3S,2d
fYnPyLfxSJg,Subscriber Goals For 2017,How many subscribers will you have in 2017? Comment your goal! RPS Rock ...,2016-03-09 23:35:32+00:00,youtube#video,234,64512.0,2441.0,1290.0,PT3M54S,2d
DoIQMkoYSzw,"SELLING ORGANS FOR $1,000,000",Did you know your kidney is worth 200000$? lol Like or I will become your kidney.,2016-08-02 20:02:21+00:00,youtube#video,335,3568426.0,122670.0,7668.0,PT5M35S,2d
dRqthQ2Mc_0,"Spam404 Has Terminated 5,000,000 Videos (Including Pewdiepie)",Spam404 is a popular twitter account that also has a website that is responsible for the removal of over 5000000 youtube videos.,2015-11-26 17:36:51+00:00,youtube#video,143,102147.0,2524.0,291.0,PT2M23S,2d
LMe7k8I082w,Should College Athletes Be Paid?????,In this video I voice my opinion on whether or not college athletes should be paid. Let me know what you think! = Enjoy the video?,2014-03-29 00:18:35+00:00,youtube#video,276,63949.0,1533.0,283.0,PT4M36S,2d
pP1KMQb51GA,OpTiC NaDeShOt Got Hack!!,I hope he gets his accounts back and that stupid no life hacker goes to jail.... = Enjoy the video? Click here!,2013-11-27 19:37:44+00:00,youtube#video,164,59158.0,1776.0,435.0,PT2M44S,2d
PNsF1Uh5yP8,Project Zomboid Lets Play ep [01] Roughing it out!,This is the first episode to my zombie survival lets play! Hope you enjoy and if you like the video like it.... If you like me subscribe.,2013-06-15 00:03:38+00:00,youtube#video,1194,166442.0,6586.0,780.0,PT19M54S,2d
Xe0AGtF5aNU,Fun In COD. - Insane Reactions Lol,This is my playing COD with my friends and just derping and goofing. I hope you enjoy and let me know what you think!,2014-06-10 19:01:43+00:00,youtube#video,229,40820.0,1294.0,343.0,PT3M49S,2d
LDegY-H60_U,How much money does VanossGaming Make? 2016,Hey guys I realize I have not been uploading much but maybe I can start back up again! ▻ Subscribe? - http://bit.ly/1sBQXmi ...,2014-11-02 16:06:08+00:00,youtube#video,200,234292.0,3651.0,251.0,PT3M20S,2d
Jl0-6tbNGBo,Pokemon online battle #2 [uu] Herracross w/ Dat MOXIE BOOST,Once i realized he didnt have any one who could take a close combat i knew the game was pretty much over for him.,2013-03-26 16:58:32+00:00,youtube#video,169,206647.0,,1204.0,PT2M49S,2d
RaDRWNz3Al4,"Battle Pirates, Hellstrike Too Overpowered????","Needless to say this base sucks, but if you watch this video the fleet pretty much slaughters all the buildings. I am really impressed ...",2013-12-14 15:58:11+00:00,youtube#video,160,50367.0,1469.0,287.0,PT2M40S,2d
KaaEivIqX6M,Double Agent (Short Film),"Me and my friends wanted to make a short film.... Enjoy lol Expand to learn more. This short film was made by Tolar, Cameron, ...",2015-11-01 14:33:38+00:00,youtube#video,470,127239.0,5071.0,453.0,PT7M50S,2d
GfgcVOuHLAo,Every FaZe Video Ever #karnageRC,The title says it all ▻ Subscribe? - http://bit.ly/1sBQXmi ▻ Follow? - http://bit.ly/1ljKsl1 Sponsor - https://www.gofizzer.com USE ...,2015-06-04 19:09:17+00:00,youtube#video,197,39782.0,1280.0,174.0,PT3M17S,2d
MUQCwdkEbq0,Why I Was Not Uploading,"Some might find this video pointless, but I think it will help some people out there who run their own channel. ▻ Subscribe?",2015-03-21 22:11:51+00:00,youtube#video,95,40305.0,955.0,167.0,PT1M35S,2d
sfp0a6zDoNQ,"Battle Pirates, lvl 66 vs Missile Cruiser x Fleet!",This is a pretty epic base going up against some mcx.,2013-12-17 18:56:41+00:00,youtube#video,84,47911.0,1371.0,282.0,PT1M24S,2d
xjJJ_wDlc1E,"Reacting To Family Accounts (MamaBeast, MrBeast&#39;sLaptop, Etc)","In this video, I react to fan accounts!",2015-12-22 22:30:23+00:00,youtube#video,595,920354.0,20159.0,2023.0,PT9M55S,2d
1V_03efSkg0,"$300,000 Influencer Trivia Tournament!",A trivia elimination tournament to see who is the smartest creator in the world! Last one standing receives $300000 to give to their ...,2020-10-18 00:19:57+00:00,youtube#video,1445,61006697.0,2197935.0,117477.0,PT24M5S,2d
Ih2WTyY62J4,"$250,000 Influencer Rock, Paper, Scissors Tournament","This rock, paper, scissors tournament consists of 32 of the worlds biggest influencers! $250000 will go to a charity of the winner's ...",2020-04-26 01:36:25+00:00,youtube#video,1680,48301927.0,1641354.0,56345.0,PT28M,2d
BwAMltY3-c0,Making Fun Of Youtuber&#39;s Intros.,I got bored and decided to bash on other people lol ▻ Subscribe? - http://bit.ly/1sBQXmi ▻ Follow? - http://bit.ly/1ljKsl1 I read ...,2015-02-16 19:45:42+00:00,youtube#video,114,297792.0,7266.0,619.0,PT1M54S,2d
uAFGIQPWL54,Worst Reviews On Amazon #1 (Minecraft Edition),Worst Reviews On Amazon #1 (Minecraft Edition) Tad download - http://givetad.com/MrBeast I will greatly appreciate any tads ...,2016-06-26 21:24:27+00:00,youtube#video,256,702671.0,17118.0,1522.0,PT4M16S,2d
1gfgZhW3YgU,"How Much Money Do Big Youtubers Make? (Pewdiepie, Markiplier, etc)","How Much Money Do Big Youtubers Make? (Pewdiepie, Markiplier, etc) Like the video or you will never make youtube money.",2016-04-22 21:02:56+00:00,youtube#video,228,93428.0,3975.0,361.0,PT3M48S,2d
dDYP56hEYF0,OMG! INSANE CUP FORT,THIS CUP FORT IS CRAZY!!!! SUBSCRIBE FOR A FREE CAR ---------------------------------------------------------------- ▻ Follow all three ...,2017-03-14 22:40:01+00:00,youtube#video,309,4090807.0,96607.0,9473.0,PT5M9S,2d
oo8ve4Ldpck,The Evolution Of My Youtube Banners,Watch to see how my banner evolved over the years boyz. EXPAND TO SEE THE MAKERS These are the guys who made a ...,2015-11-18 21:16:57+00:00,youtube#video,59,58397.0,2025.0,423.0,PT59S,2d
dfcPUqiivDY,GIVING AWAY $100 ITUNES GIFT CARDS,FOLLOW TO ENTER - https://twitter.com/MrBeastYT Insane $100 Itunes Gift Card Giveaway!,2016-04-01 20:45:18+00:00,youtube#video,130,108638.0,3540.0,457.0,PT2M10S,2d
ywZy_Fo2ydo,Modern Art Is A Joke,Insert cleverly worded description here. ▻ Subscribe? - http://bit.ly/1sBQXmi ▻ Follow? - http://bit.ly/1ljKsl1 Sponsor ...,2015-04-25 15:02:30+00:00,youtube#video,169,36613.0,1001.0,161.0,PT2M49S,2d
YJiqYG-Mylk,FaZe Members Reaction&#39;s To Joining Faze,"This is a compilation of FaZe member's reacting to joining FaZe. I thought this was a good idea, let me know what you think!",2015-07-01 19:56:45+00:00,youtube#video,191,561383.0,13191.0,689.0,PT3M11S,2d
SgMydsOucFg,INSANE TRIPLE LEGENDARY SUPPLY DROP! BEST OPENING YET?,"This is the best triple legendary supply drop opening on youtube and if we could hit 1,0000,000,000000,000 likes I would be so ...",2015-07-11 20:08:50+00:00,youtube#video,209,44229.0,,282.0,PT3M29S,2d
hfaPkoXeYfU,Is Michael Bay My Dad????????,Son can I be in your next movie? Rock Paper Scissors for Mobile Below Rock - https://www.youtube.com/watch?v=XItPMw8tLUI ...,2016-01-18 21:46:21+00:00,youtube#video,106,62975.0,2071.0,248.0,PT1M46S,2d
u6t4jrhs56Q,Top Youtube &quot;ShoutOuts&quot;,This video is a little different but I think it is still very entertaining. Let me know what you think in the comments! ▻ Subscribe?,2014-07-09 00:07:05+00:00,youtube#video,365,36633.0,1355.0,290.0,PT6M5S,2d
IaR7P4-wFK8,50k Video Views!!!! EpicSauce!,Hey.,2013-09-08 22:20:48+00:00,youtube#video,103,195055.0,7354.0,731.0,PT1M43S,2d
TGKkMl17Htg,"Battle Pirates, Unstoppable Ship!","There is no way you could kill this ship, and I have no idea why they put the proto nemesis in the game.",2013-12-29 21:05:08+00:00,youtube#video,133,35956.0,1521.0,648.0,PT2M13S,2d
hHl_YMivv3c,"Battle Pirates, my base.","This is my base, let me know what you think.",2013-12-31 14:48:55+00:00,youtube#video,176,46855.0,1327.0,292.0,PT2M56S,2d
6T17licWsQ4,Leaving For 7 Days,FOLLOW MY TWITTER NOW - https://twitter.com/MrBeastYT.,2015-08-09 14:26:58+00:00,youtube#video,431,39197.0,1142.0,186.0,PT7M11S,2d
QqIG0R-KpGk,World&#39;s Worst Thieves,These robber's are insanely stupid. I also give you guys some updates and let you guys know what is going on with this channel.,2015-07-28 17:17:48+00:00,youtube#video,209,65616.0,1705.0,164.0,PT3M29S,2d
N1KsSUG4Uoc,What Can You Cut With Paper?,THE FRUIT GOT DESTROYED SUBSCRIBE FOR A FREE CAR BUY ERIC HERE https://mrbeast.shop/ ...,2017-12-14 22:30:02+00:00,youtube#video,602,28738449.0,728248.0,35830.0,PT10M2S,2d
yUXIx2l8kko,I Bought An Abandoned Storage Unit And Found This..,CRAZIEST DAY OF MY LIFE SUBSCRIBE FOR A FREE CAR BUY ASIAN STICKER HERE https://mrbeast.shop/ ...,2017-12-01 23:44:58+00:00,youtube#video,729,34943801.0,624662.0,23847.0,PT12M9S,2d
i6OUv48w1bk,"Surprising My Girlfriend With 100,000 Roses For Valentines Day",BUY OUR NEW MERCH! https://shopmrbeast.com/ Maddys Instagram - https://www.instagram.com/maddyspidell/ My Instagram ...,2020-02-14 21:00:04+00:00,youtube#video,788,81733426.0,2602553.0,94800.0,PT13M8S,2d
dZklZVaU4AI,"100,000,000 Subscriber Special","Set a reminder for Thursday, August 4th 4pm EST #shorts #mrbeast.",2022-07-31 21:00:01+00:00,youtube#video,15,24540875.0,1517013.0,92914.0,PT15S,2d
0SNiEDWRnEQ,"Counting To 300,000 Road To A Mil (Part 1)","I will do the other half later, thanks for watching Follow my twitter incase the stream goes offline - https://twitter.com/MrBeastYT ...",2017-04-02 11:22:45+00:00,youtube#video,40287,2859961.0,55712.0,3262.0,PT11H11M27S,2d
MZatl6kUZpw,"Can 10,000 Condoms Stop A Bullet?",THEY DIDN'T STOP THE BULLET WTF! SUBSCRIBE FOR A FREE CAR Music by - http://www.mitchellmillermusic.com/licesning ...,2017-12-28 23:10:01+00:00,youtube#video,498,12820457.0,495665.0,23517.0,PT8M18S,2d
KEVpKoY85CI,I Cant Believe What Was In This Abandoned Storage Unit..,I'VE NEVER BEEN THIS LUCKY IN MY WHOLE LIFE SUBSCRIBE FOR A FREE CAR BUY ERIC HERE https://mrbeast.shop/ ...,2017-12-16 23:09:01+00:00,youtube#video,645,23908905.0,871063.0,16099.0,PT10M45S,2d
o6tDuwd5gzE,"Dropping 10,000 Pennies In Public Prank",I CAN'T BELIEVE WE DID THIS LIKE HOLY CRAP Enter $500 Giftcard Giveaway: http://bit.ly/2nVhJgm SUBSCRIBE FOR A FREE ...,2017-03-28 21:05:04+00:00,youtube#video,109,4689314.0,140410.0,9468.0,PT1M49S,2d
8bYzXI7bb8k,How Many Balloons Does It Take To Float?,I CAN'T BELIEVE THIS ACTUALLY WORKED LOL DOWNLOAD QUIDD HERE - http://bit.ly/2DzPoQy SUBSCRIBE FOR A FREE ...,2017-12-30 22:19:15+00:00,youtube#video,661,24451805.0,553169.0,20991.0,PT11M1S,2d
