score_critique,score_audience,categorie
-0.7031873098624105,-0.49028236278771464,BonFilm
-0.3218143296501526,-1.7550787171239868,BonFilm
0.20666447021383047,-2.011264572814634,BonFilm
-0.5572507081239421,0.3372170084417056,MauvaisFilm
1.5488359716694058,-1.3707365582609627,BonFilm
1.4252913986629026,-0.2794639098029346,BonFilm
-0.559627906760132,1.186383367445606,BonFilm
1.6985189051376623,-1.6912201576405048,BonFilm
-0.6995228442321605,0.582962841937446,BonFilm
0.9782226298198076,-1.2173721054718658,BonFilm
-1.3293954484318342,-0.001454742266428668,BonFilm
-1.3146526837845254,-0.37961174341756554,BonFilm
1.265210647376645,0.12066774406890175,BonFilm
0.14794177849860185,-2.7537257920074936,BonFilm
-0.3568963241881448,0.00771783656034255,MauvaisFilm
1.4782771611306014,-0.957614628561729,BonFilm
1.3290081066145112,-0.9858496301914452,BonFilm
0.47155720186813443,-0.008746529498673312,MauvaisFilm
0.36701868900629514,1.1185547440864663,BonFilm
-0.008389935119820476,0.46631537869506084,MauvaisFilm
1.2632687003334995,-0.9016546538618192,BonFilm
-1.0288426927914085,0.5696784209487935,BonFilm
0.6416647796503595,0.2598119299882401,MauvaisFilm
1.1931781372550891,-1.0463003622367857,BonFilm
0.13988892063047142,-1.7306558398878829,BonFilm
-0.13062311615876684,-1.3102600178374146,BonFilm
-2.171312418365992,-1.0661814063812203,BonFilm
-0.03316184427704593,1.4663957475793472,BonFilm
0.8766430959089553,0.6699895801759875,BonFilm
0.6974495111160605,-0.25278543386503105,BonFilm
0.5679871068690735,0.30438785754883474,MauvaisFilm
-1.0000295963013812,-2.4564178268120704,BonFilm
0.25230702200569455,0.7631204238448489,BonFilm
-1.5834546539063008,0.1980422815404921,BonFilm
0.08525222977484838,0.6405077502468317,MauvaisFilm
-0.7906581548664058,0.7711823952195227,BonFilm
-1.9506777667257222,-1.294010214921496,BonFilm
-1.0735237659209356,0.030691091942390464,BonFilm
0.7741093450349587,-0.8713963028878069,BonFilm
0.16634401412874214,0.635789777188396,MauvaisFilm
1.081671973516432,-0.2827736615893422,BonFilm
1.5547879409170322,-0.8583081351779684,BonFilm
-0.2796504317480983,-0.08542343253654935,MauvaisFilm
-0.21959764653062847,-2.173598873816621,BonFilm
0.9063324273788009,0.7503385751171591,BonFilm
-0.5752597372915398,-0.36895322428228167,MauvaisFilm
0.7657482455755041,-1.1006615868256642,BonFilm
0.7338296604406034,-0.03157402215285636,BonFilm
-1.2739418607470343,0.330358651195845,BonFilm
-0.5425151791589167,-1.0520285666194797,BonFilm
-0.7757206526918475,-0.12322816490315489,BonFilm
-0.5369312710699576,0.1653734061807222,MauvaisFilm
0.8998557207587011,1.2571959907558432,BonFilm
1.1540686067101389,-0.6742258009892421,BonFilm
0.8832666713317444,-1.8007409988365144,BonFilm
0.315524021290732,-0.2989424331214215,MauvaisFilm
0.9232667061538622,-0.8646104231287141,BonFilm
0.9063238957912969,0.1436653653338619,BonFilm
-0.4287840376303047,0.043633485845887915,MauvaisFilm
-1.1596301258930446,-0.14458171636459552,BonFilm
1.0626972062745461,1.503481681260415,BonFilm
0.8904773090910271,0.11018472952624332,BonFilm
-0.280878365152031,0.4708767786979145,MauvaisFilm
-0.12265481194605361,1.8097161228067284,BonFilm
-0.21150403430909656,-0.10491641792539555,MauvaisFilm
0.5600092990119518,-1.1794564037301838,BonFilm
-0.4678037812617453,-1.742413192457269,BonFilm
-0.0037032240098971913,-2.170067190083364,BonFilm
0.42451004910174395,0.14647863881476825,MauvaisFilm
0.059274440711844824,-0.4912539266891554,MauvaisFilm
-1.0171730821238119,0.4193071961998747,BonFilm
-0.7713675081404653,1.4378865150780469,BonFilm
2.686767122992888,0.396732881726082,BonFilm
0.4769239605519288,0.8159016972464805,BonFilm
-0.5030922177285254,0.14486419601472417,MauvaisFilm
0.03915844904537185,-0.6128359448670816,MauvaisFilm
0.7008821077163936,0.9768648480137676,BonFilm
-0.6309415224928188,-0.8386027200679316,BonFilm
-0.4392036626361821,-1.3645267902345468,BonFilm
-1.2723711422064257,0.8601908877225237,BonFilm
0.914860456796585,-0.712860144830928,BonFilm
0.15607763668936364,1.1585562091387656,BonFilm
-0.49821012496052935,1.6706910695408048,BonFilm
0.43176528013807924,0.426712047341392,MauvaisFilm
0.9867459860375951,0.9776806028402802,BonFilm
-1.0646682013429372,0.5388479400375095,BonFilm
0.8430825685885635,0.9007229056305692,BonFilm
-0.8016773305286485,0.4871308124535103,BonFilm
-0.3583995873288774,1.202976753010021,BonFilm
0.45869919719676394,-1.119630815883547,BonFilm
0.3351303980556235,-0.68690022046664,BonFilm
1.2068168153505552,1.9175210593909267,BonFilm
0.5421989560792254,0.722353554845553,BonFilm
-0.17488135025127646,-0.11599682391072194,MauvaisFilm
-1.9871268314958257,0.009982921154422253,BonFilm
0.07121491979349509,-1.750041264082769,BonFilm
0.5544383768007635,0.2745458467246506,MauvaisFilm
1.720705079412357,-2.3942127640134743,BonFilm
-0.438335834887173,1.2219812466894533,BonFilm
0.37437698790786034,-1.3810042562110136,BonFilm
-0.6766865526798402,0.40759191728976685,BonFilm
0.5936197708627151,0.7836184213324792,BonFilm
0.6730021133331473,0.4787814331545838,BonFilm
0.8390401156311827,0.8691237159058469,BonFilm
1.3463277348388478,1.3673476888584215,BonFilm
0.366827391789123,0.3600415681840596,MauvaisFilm
0.6669450234452535,-1.1453648316957603,BonFilm
0.4388914530350149,-0.437844713211303,MauvaisFilm
-0.4656897764771673,0.03120330118293511,MauvaisFilm
-0.8195223120459204,0.7588538681327697,BonFilm
0.5180565310281622,0.42819690615840467,MauvaisFilm
0.20813500786595626,1.2482648754982117,BonFilm
1.0425855854595634,0.7349767205139115,BonFilm
-0.5932387904547273,1.5240641786379931,BonFilm
1.216460345032035,1.0583691675621811,BonFilm
-0.5168908558731442,1.0808539099471925,BonFilm
-1.3828403783429593,0.10645635191534848,BonFilm
0.274257861387587,-1.637482797365614,BonFilm
0.994120958461753,-1.3607070212341483,BonFilm
-0.34612857182479767,1.56069434013267,BonFilm
0.6364084377582877,-0.21365563167928872,MauvaisFilm
-0.5300287107636138,-1.1473955214281615,BonFilm
-1.331020345175365,0.8671129451504809,BonFilm
0.10177722240358548,-0.5654217995788455,MauvaisFilm
0.5448665493967713,-0.5882167516066237,BonFilm
-1.5302897487667384,-1.0551008282559304,BonFilm
1.2310259051114596,1.49268411812202,BonFilm
1.095726930187904,-0.8327542585964425,BonFilm
1.4211968363592418,-0.5192583585933712,BonFilm
-0.66858874283445,2.065874698943237,BonFilm
0.6739399810748338,0.17836787921249603,MauvaisFilm
1.2095959584703142,2.0522805725436952,BonFilm
1.1729834035917897,-0.29920925397489834,BonFilm
1.5449105972835584,0.5132883538886516,BonFilm
-0.4703041733694422,-0.31009708986219847,MauvaisFilm
-0.4280439348972683,-1.407237887232027,BonFilm
-0.7965903628109772,-0.8856434893108032,BonFilm
2.1106337088932907,1.0703925335996451,BonFilm
1.3994529188982727,0.571403123013241,BonFilm
0.2754305320881706,-0.19925300342756852,MauvaisFilm
-0.359019207259414,0.12660968200395628,MauvaisFilm
-1.6923342767808864,1.3371478004567898,BonFilm
-1.107167693436488,-0.5722479926065639,BonFilm
0.8971525284923286,-1.281699749068049,BonFilm
-1.8990241808524702,-1.7826868026732061,BonFilm
-0.282853143137324,-0.4487578974476542,MauvaisFilm
1.1492302743279166,-0.9810864213288608,BonFilm
-1.4348601372214884,-0.7536267389335919,BonFilm
1.3750592334440004,0.0065116301759978144,BonFilm
-0.5379011880554767,0.4936707096278447,BonFilm
-0.8274773000175109,0.22103084414900265,BonFilm
-0.5269785848661536,-0.40056693239064706,MauvaisFilm
-0.4596914120042505,-1.879829901803793,BonFilm
0.5194943306065428,-1.7775381565743593,BonFilm
-0.28985866278330663,0.3678982966386156,MauvaisFilm
0.9631750262227665,-0.4511565183861271,BonFilm
-0.14389093339637957,-0.6476004229042642,MauvaisFilm
0.7696970091299896,-1.2993041638893728,BonFilm
0.7552073675038515,0.1291582945915735,BonFilm
1.121527244756875,-0.3524979508891301,BonFilm
-1.1335262842674356,1.2417081570957715,BonFilm
0.9914682807805609,-1.043315907126984,BonFilm
0.432159353809249,0.06538117388296354,MauvaisFilm
-0.7009678756670047,-0.7440713482438635,BonFilm
1.0592236357423395,1.271145094848778,BonFilm
0.25012077286920686,-1.6477955081624134,BonFilm
-0.8003449005843677,-0.20471454097313727,BonFilm
-0.41983601978920576,-0.23007396265793634,MauvaisFilm
1.6625866758331398,0.9007105756996845,BonFilm
0.11116860259039021,-0.3882626276898916,MauvaisFilm
0.010639884378650016,1.0695899119476675,BonFilm
-1.6015099163839503,0.6530575354076154,BonFilm
0.28996250808107304,-0.3054229395267626,MauvaisFilm
-1.942912429253986,-0.1687327690886736,BonFilm
0.7968301948978586,-0.707398030362808,BonFilm
-0.19720313020059388,-1.1335500674934336,BonFilm
0.7694784445425421,-0.8534946251873129,BonFilm
0.33384645025307713,0.27006275945595154,MauvaisFilm
-1.0124273992691597,0.7114622943981991,BonFilm
0.11456758696675991,-0.8109930685681912,BonFilm
-2.076527273363092,1.2292824311618638,BonFilm
-1.2454640599181717,0.17160965479197837,BonFilm
0.5451826630519981,-0.829044308421462,BonFilm
0.48546586516932805,-0.5917472038004148,BonFilm
0.3973910330645778,-0.19482622938486693,MauvaisFilm
-2.4118705518860226,-0.637980810496346,BonFilm
0.011860762990491606,-0.9421323925626639,BonFilm
0.26146609637848883,-0.5830334834164562,MauvaisFilm
-0.09297886520648792,-1.1253001325540646,BonFilm
0.5957080569845736,-1.591370631906483,BonFilm
0.027210441802823428,-0.1189314939176055,MauvaisFilm
-3.019873113256506,1.918571845120937,BonFilm
0.9112435442751836,-0.22753322081358715,BonFilm
0.5693586723715396,-0.9314125297044623,BonFilm
0.7290850809631251,0.8636124351923792,BonFilm
1.5672468708032288,0.8364109640466004,BonFilm
-0.2504523705073196,-0.15650978900104665,MauvaisFilm
0.07616548523726963,0.8771210776654191,BonFilm
0.6199632748794501,-0.4668680218045168,BonFilm
-0.5671277268115712,0.6855032093078977,BonFilm
-0.3752309873507288,0.8043008578855484,BonFilm
-1.3716989604104746,-1.7018340426269976,BonFilm
-1.6187726490716927,0.038435347783258876,BonFilm
-1.7047881322281992,-0.18706935637967573,BonFilm
0.895814910621359,-0.25151708969684405,BonFilm
-0.9127607423229376,-0.40136510000300774,BonFilm
-0.9483880828885869,1.0072769933259826,BonFilm
-1.2581032695582808,0.22315161121793606,BonFilm
-1.9840702596018283,-1.4629379647824245,BonFilm
0.49553402019548415,1.8781287757115153,BonFilm
0.14930355543114857,0.6815194723321369,MauvaisFilm
0.38147743867650985,1.9092748081965494,BonFilm
-0.5086909719217844,0.0859890550613849,MauvaisFilm
0.6470405675144619,-1.4383314271618501,BonFilm
-0.0831497467488568,-0.7661849625345645,BonFilm
0.35343086744273444,0.5579972265837414,MauvaisFilm
-1.4376372139323947,0.8869501244383189,BonFilm
-0.9426298917495172,-0.380684811632916,BonFilm
0.8323465232603081,-1.1655027412319243,BonFilm
-0.6141045919534227,-0.8263040211552045,BonFilm
-0.7147216411788242,-0.09508853720703528,BonFilm
-0.663663037224788,1.0117415272613557,BonFilm
-0.4996482654029704,1.2487135614285882,BonFilm
0.2920612625199013,2.0382766724366816,BonFilm
0.8449991899994848,-0.037342785769933946,BonFilm
0.6323824469981902,1.048340985633042,BonFilm
0.40440590947688376,0.014531178712017104,MauvaisFilm
-0.12133969212660291,-0.5307393782452215,MauvaisFilm
-0.5456055459790619,2.72104609889692,BonFilm
-1.6906295754750538,-1.9515305817576003,BonFilm
0.6436565635559136,-0.32495780482585074,BonFilm
-0.675594480417698,0.6667696547122389,BonFilm
0.042499214322317305,-0.9018476006328184,BonFilm
-0.5485883510565724,-0.9239032461827733,BonFilm
-0.4682911122250678,-1.0167679491930788,BonFilm
0.31038629258070205,0.0718477077528719,MauvaisFilm
-0.9481106700866619,1.7216269774560797,BonFilm
-1.2707279749666263,-1.3980891324926359,BonFilm
-0.28399277161003295,0.7121154551238483,BonFilm
0.0017521322198501092,-0.738269746760823,BonFilm
-0.04894901464210246,0.540076187387077,MauvaisFilm
-0.6117109701111497,2.1302362932282133,BonFilm
0.21453011107778736,-0.4229549055040244,MauvaisFilm
1.0109378173805583,-0.7315130244027653,BonFilm
-0.06365370779878406,-1.9495370164525851,BonFilm
-1.0931198254724126,0.43410658129238827,BonFilm
-0.853923597127161,0.28039659795135147,BonFilm
-1.1488526457008668,-1.6924231083657075,BonFilm
0.39007662202461124,0.11408046140886216,MauvaisFilm
1.6593613358126824,0.6472987697612983,BonFilm
0.33777929629245373,0.3977815727051445,MauvaisFilm
0.0889377835644531,-1.4053143825393164,BonFilm
0.4703431261194948,-0.1767631141283188,MauvaisFilm
0.28519181420655415,2.198675299267545,BonFilm
-0.8302287207648764,0.36206509664775705,BonFilm
-0.45701572409350083,0.8437034721114018,BonFilm
-0.2325842176656738,-0.4383647369293774,MauvaisFilm
-1.3910022313949881,0.7403444155197347,BonFilm
-0.8925209735897429,0.4476536635736289,BonFilm
-0.8245496381381329,0.3141573410518516,BonFilm
0.38424856087302917,-0.07204857844647015,MauvaisFilm
0.4293101376820167,-1.0680653839010008,BonFilm
0.9581918265938274,1.5281034932491253,BonFilm
0.07076384951386853,-0.38002048892250545,MauvaisFilm
0.12863814777860444,-0.4276687655128216,MauvaisFilm
0.3011942355848933,-0.10279420004499057,MauvaisFilm
0.3455397750207074,0.5098794764238288,MauvaisFilm
0.09747834928057604,1.2848961478148786,BonFilm
-0.8950123810252965,-0.21906270542678427,BonFilm
-1.342887204630796,-0.00869533165591799,BonFilm
-0.49268156928634804,0.39796128586513213,MauvaisFilm
-0.07996836602968829,0.6979690785767433,MauvaisFilm
0.15998686265416745,-1.1630988982868884,BonFilm
-0.46435642618601664,-0.8318170128001581,BonFilm
-1.4432151588538278,-0.18477064307737856,BonFilm
-0.2562428611420812,0.7164929033912337,BonFilm
-1.5655565048272,-0.8967764317696786,BonFilm
1.0062301962796105,0.2227675134180976,BonFilm
0.4654002468466707,-0.7544782083928798,BonFilm
0.78310125933767,0.8670854467676978,BonFilm
0.2335572493287289,-1.198200977893634,BonFilm
-0.5809358336785777,0.11877805744774739,MauvaisFilm
1.6602865446377149,-0.07307306206695192,BonFilm
0.10222099458217947,-0.5263474262778952,MauvaisFilm
-1.3114471066916276,0.4767139969217982,BonFilm
0.2083474810235819,-0.6079486012473071,MauvaisFilm
0.37251760860243116,1.4078715109855668,BonFilm
-0.6855207618445314,-0.5560272975101174,BonFilm
0.001846308025710175,-1.158500708111979,BonFilm
-0.9853627455062973,1.7327718789511957,BonFilm
-1.3073976622795747,1.3826126696552161,BonFilm
-0.02590765383596862,1.8431603372494345,BonFilm
-0.7222015869459414,-0.7126197562748814,BonFilm
-1.9753918726645128,0.4131818799808685,BonFilm
0.6636465284525935,0.5543195762476166,BonFilm
-0.6201848685438125,-0.047440701194890474,MauvaisFilm
1.2074212418334154,-0.18797636624846592,BonFilm
0.8177817275832976,-0.7322805966765037,BonFilm
-0.2148165654960405,0.6200637935775719,MauvaisFilm
1.1009333034983178,-0.9004458202058043,BonFilm
-0.18800517110472031,1.547239521970351,BonFilm
1.5576059032235023,1.0307130954352035,BonFilm
0.6761496574869311,-0.4805140058159509,BonFilm
0.14246522284606372,-1.349313112324087,BonFilm
0.2619000675354883,-0.23723672410314608,MauvaisFilm
1.3073711729893205,-0.5313807424059529,BonFilm
1.901373294329398,-0.42432225456751166,BonFilm
0.3439856192948347,1.0019478155252453,BonFilm
0.6508929936332276,1.2943315030810134,BonFilm
-0.5857350084852497,0.2955091248021928,MauvaisFilm
-0.5320726590633457,0.48636976489084965,BonFilm
0.009204398631488152,-0.3364350328080358,MauvaisFilm
-1.8816652549764106,2.675636456906882,BonFilm
-0.562085978071423,-0.3821820243197738,MauvaisFilm
-1.2160800566627978,-0.22156271764294908,BonFilm
0.8409611045472108,-0.17575517650232592,BonFilm
-1.899165316846202,1.0036735870174194,BonFilm
0.9320061537459261,0.28434917057807574,BonFilm
-0.5521290169168447,-0.7024531066954965,BonFilm
-1.5238018137780849,-0.14216570029038558,BonFilm
-2.632033838618061,-0.100458479874691,BonFilm
-1.0871611041078624,-1.5757115413580831,BonFilm
-0.0010862822419499113,0.19815269310144518,MauvaisFilm
-0.565908165240593,1.0034205164702195,BonFilm
1.5825593832360307,-0.5106097827665416,BonFilm
-0.907406738372165,-1.8499761177378429,BonFilm
-0.559984993042486,-2.090043272949824,BonFilm
0.6553454883628334,0.04506847007261385,MauvaisFilm
0.9718899604653355,-0.843467611069525,BonFilm
1.2048653852177063,-0.27340245333774776,BonFilm
0.7994447877701234,-0.3965077981451041,BonFilm
-0.5983667002623114,-1.076185802036618,BonFilm
1.5340079770785056,0.5352856409330715,BonFilm
-1.1696202001214007,0.8217572580473391,BonFilm
-0.9380162525841383,1.0374105206934385,BonFilm
-0.287359616025213,-0.19589480842119342,MauvaisFilm
0.885911096499419,-0.3493544326507731,BonFilm
-0.5606385123818436,0.5209211688923385,BonFilm
0.9035735767860679,-1.0531104814477619,BonFilm
0.05238297140275595,0.27350686434933325,MauvaisFilm
-0.7732718889457693,-0.05187250201524271,BonFilm
0.21999145676332707,-0.2347557489088973,MauvaisFilm
0.36193802669437336,0.7302710697186084,BonFilm
1.1194083218522675,0.5903337706586136,BonFilm
-1.651247954463953,2.2121535715688387,BonFilm
1.687053553861306,-1.2219947859989027,BonFilm
0.1254547322807076,-0.5685232433166846,MauvaisFilm
-0.5294282348231855,0.4232776887542206,MauvaisFilm
-0.629699013392347,-0.23785628215471302,MauvaisFilm
1.1563073053951896,1.2631081747518749,BonFilm
-0.031644512517043574,0.5143769120474645,MauvaisFilm
1.194564449184781,0.7058398126126741,BonFilm
0.3867452264127223,-0.7683780075726614,BonFilm
0.28906175717183435,1.7010803164147905,BonFilm
-0.04672148929524302,0.9062784705519631,BonFilm
0.18637370476092008,0.1892455672575421,MauvaisFilm
0.7189987917105936,0.47803556977259953,BonFilm
-0.9296745042550838,-2.0607508755591724,BonFilm
-0.8265113335326737,1.0591894078739992,BonFilm
-1.3174590203960126,-0.47618220308243775,BonFilm
-1.64775848308659,-0.6736402019077266,BonFilm
-2.132411993171073,1.1871985889640981,BonFilm
-0.40129924615517387,0.5825676390691363,BonFilm
-1.8767039452538032,-0.5396907553524258,BonFilm
1.4962053172498946,-0.07259084285029996,BonFilm
-1.0334581538513543,-1.0337365107798486,BonFilm
-0.47013317565361223,-0.8157659471275239,BonFilm
-0.3636365547647314,1.0170858653854213,BonFilm
0.1739695513289903,0.13813663710002078,MauvaisFilm
0.00022232739454727213,-0.15206363430317896,MauvaisFilm
-0.06810915935448618,-0.633797141343886,MauvaisFilm
0.6016964393528721,0.8933679613846225,BonFilm
1.1573253334456042,1.0910382983657985,BonFilm
0.6255733223738794,0.7623446855711102,BonFilm
1.5679528415777237,-0.17296510708776647,BonFilm
-0.7733586918153748,-0.32815013317494285,BonFilm
1.7639830476179998,0.17588113271501696,BonFilm
-0.05244490043718782,-0.3525706565236537,MauvaisFilm
-0.6676440640177231,-1.239638701221745,BonFilm
0.2626232845155707,-0.47632693175857266,MauvaisFilm
0.055132262845095405,-1.0242142910990548,BonFilm
-0.40204422755071345,2.6914965526550616,BonFilm
-0.8231354131996569,-1.5190095265363446,BonFilm
-0.25167749689825775,0.7503319758078258,BonFilm
0.6069685741866645,-0.20545997456747941,MauvaisFilm
-0.23129134495440803,0.6120589621826378,MauvaisFilm
0.4762210176326684,-0.9062015841611453,BonFilm
1.2509607268060647,-2.4765165684301294,BonFilm
0.4339254399265732,0.15023646043023953,MauvaisFilm
-2.5928672455836534,-0.8333740254422622,BonFilm
-0.22895148827599315,-1.6513487070849082,BonFilm
0.5866193398406725,2.7713787227622353,BonFilm
-0.709570906395477,-0.16746560998077978,BonFilm
-0.09486622824192192,-0.5211386384125682,MauvaisFilm
0.7663440843898655,0.6300231726174319,BonFilm
-1.2062881530276521,0.48862219609331037,BonFilm
1.1685466989666469,-1.7053443085477207,BonFilm
-0.039724732552145404,0.8242494954267077,BonFilm
1.1562936486045903,-2.11097759918034,BonFilm
-0.6431543140783585,1.110708129414286,BonFilm
0.6788716549176738,1.6985513104237187,BonFilm
-0.7077567621284215,0.6737485614582204,BonFilm
-0.05517223261529846,1.4325167666512462,BonFilm
-0.3523534749874692,-0.19655803832662777,MauvaisFilm
0.14371537738428208,0.20041009641577706,MauvaisFilm
-0.2316527896442638,0.3121847841230117,MauvaisFilm
-0.7114737673950183,-0.0003852028775256331,BonFilm
0.47622080564337915,2.3603869935618245,BonFilm
0.7068922201837591,-1.2892971395815243,BonFilm
-0.12148111737087788,-0.7755391828773673,BonFilm
0.5942063115679126,-1.2536730178828983,BonFilm
0.3392886472385709,0.03784961078816756,MauvaisFilm
1.3318370274437101,0.14507610999956755,BonFilm
0.21039681562544413,0.21024373582312406,MauvaisFilm
1.209693123712457,0.34085788659305505,BonFilm
0.89125467592138,1.3581409045210031,BonFilm
-0.9444770286252424,0.7623154643114999,BonFilm
0.6321984652858369,0.46382067052003684,BonFilm
1.7321653368547234,1.0421405698535733,BonFilm
0.5465429204536273,1.6907026246514723,BonFilm
-0.6043134641514555,1.534109356531381,BonFilm
-0.3898584234683555,0.10303062106435601,MauvaisFilm
-0.7702971758823671,2.8321928226189006,BonFilm
1.027638968730755,-0.6398418273551412,BonFilm
-1.1484966916901675,0.9998287866475184,BonFilm
0.2573424967931495,-1.00801017750578,BonFilm
0.5412340042160696,1.5458846951913556,BonFilm
-1.7748080240764936,0.309324303599507,BonFilm
-0.6104597767821351,0.16359006333985213,MauvaisFilm
-0.06290823041317818,-0.7338956367289619,BonFilm
0.7638233053669439,-1.3339225619932107,BonFilm
-1.8396119785040552,1.3637479782789532,BonFilm
-1.2051685804581216,0.08294498315079651,BonFilm
0.5318737252775668,-0.3806906640940521,MauvaisFilm
-0.7130991728678333,-0.10209662754866025,BonFilm
-0.5997989189200227,-0.2537948359785781,MauvaisFilm
0.5871617378981073,0.5076990738122236,BonFilm
0.048765594686884406,-0.13935539148183346,MauvaisFilm
-1.0183585993484798,0.7885765014711943,BonFilm
0.3669609143395435,0.7803332406111179,BonFilm
1.021338030455411,0.4017942223043529,BonFilm
-1.1988635061982633,-1.763755535109151,BonFilm
-0.06105766856919448,0.6658792386392359,MauvaisFilm
1.2536740337824663,-1.1867785591221898,BonFilm
1.5740451461441871,-0.36939189955732366,BonFilm
1.5182427068285935,-1.5715714684843727,BonFilm
-0.29820562174082543,-0.2508553596474077,MauvaisFilm
-0.8219920862591381,-1.104623267653569,BonFilm
1.0631783152651726,-1.1531287638101224,BonFilm
0.5150400818427809,-0.7900769960222108,BonFilm
-0.8573657954127706,0.21790499337152386,BonFilm
1.3967808832977195,0.5230116365537849,BonFilm
-0.06055424049681378,-0.5190406168814939,MauvaisFilm
-2.2658361579445345,1.290590274806118,BonFilm
1.1356992900292175,0.44380228999052745,BonFilm
-1.441648735169251,-0.605002727952819,BonFilm
-0.22609153341791452,0.008360421982145767,MauvaisFilm
0.6016452876942004,-1.1098894067130407,BonFilm
-1.0057227359857968,-0.959088361469558,BonFilm
-1.7166989169106672,1.887775949929996,BonFilm
-0.030396596854534157,0.5012249372930787,MauvaisFilm
0.8260060732312402,1.224617018331876,BonFilm
0.14596432459276396,1.8260912931739988,BonFilm
0.02137036207213163,-1.6493923004385174,BonFilm
1.0196556431829282,-0.17515800420547653,BonFilm
-1.8164400862929346,-0.7306405764920687,BonFilm
0.06808558576835821,0.04399833097312313,MauvaisFilm
-0.22624170058525367,0.5704231560666219,MauvaisFilm
-1.0873261902052724,0.027380592591267554,BonFilm
-0.14193531364898604,0.7828692165014519,BonFilm
-0.7060022886003119,-0.6576545377266725,BonFilm
1.0017502055364984,0.19840495514841378,BonFilm
1.4742483063056058,-1.3837847893934552,BonFilm
0.4432586163185466,0.3759118898349467,MauvaisFilm
-0.8439255092601282,-0.7170166987415197,BonFilm
1.7538795579814614,1.6433687128318377,BonFilm
-0.16114617000851628,-1.4135176089379373,BonFilm
-1.3062970225826804,0.2223300084025623,BonFilm
0.9745590462317714,-1.612965667981802,BonFilm
-0.22255336104281756,-1.2613282163880062,BonFilm
0.8121427304275538,-0.10536734088294589,BonFilm
0.9442946800511177,1.1483337218194,BonFilm
0.8370886062173828,-1.127998506772022,BonFilm
-0.024179397588768674,-0.15118844550985808,MauvaisFilm
-0.939208712719144,-0.8012580654166275,BonFilm
0.08096006114971507,-1.196157199716775,BonFilm
-2.5015079241596028,0.6248337428286279,BonFilm
0.40967587539775435,0.4035183906306782,MauvaisFilm
1.9237523351897368,0.3190471329951484,BonFilm
-3.353537863806189,-1.1829434146839448,BonFilm
-1.296094947815688,0.5333036369549111,BonFilm
0.17796520515860223,-1.0600223501804726,BonFilm
-0.09807849843004034,-1.9698665837484273,BonFilm
-1.0216327557490372,-0.9038942496725592,BonFilm
-0.794835303627912,-1.3848491531473546,BonFilm
0.6756980810873426,-0.013399991853295523,MauvaisFilm
1.1111795214414821,0.17241696995927858,BonFilm
-1.5832743172475057,1.653885523539249,BonFilm
0.7512520738251547,-0.2611128439880819,BonFilm
-0.39770639030615285,-0.6779133551736201,BonFilm
2.1152835099132554,-0.6066244641872914,BonFilm
-0.17418039385955117,0.9534525926041698,BonFilm
0.3488213607389879,0.2052839324748407,MauvaisFilm
0.6524938945953906,0.7878072698157499,BonFilm
-0.77468095352908,-0.09826959069479632,BonFilm
0.8235557075021818,-1.2345255866105214,BonFilm
0.9764350671048263,0.4057443804061261,BonFilm
0.8065883649992982,0.4762583336428704,BonFilm
2.2066843777282297,-1.298175606099095,BonFilm
2.415347647730347,-0.26200450845870343,BonFilm
2.2394337362827135,0.23338354510549414,BonFilm
-3.0160115070012083,0.15421531674437344,BonFilm
0.34154287918218923,-0.22499394120583333,MauvaisFilm
-0.4922504241787591,1.2148365596301551,BonFilm
-0.23451063481560638,-1.3287013418927514,BonFilm
-0.16226007640584617,0.5759285916758893,MauvaisFilm
0.7178291103356695,-0.3328976296340694,BonFilm
-0.25944470831636274,0.8192580173270624,BonFilm
-1.4895634038911667,0.5118547461490854,BonFilm
-0.7411639086653123,-1.1447167318726992,BonFilm
0.04393955654090677,0.3498544836757809,MauvaisFilm
-0.2839077246694694,1.5213119026471076,BonFilm
0.1981091773109886,1.9246450414118828,BonFilm
0.4949878417722097,-0.48921662041196773,MauvaisFilm
-0.2639265399263767,1.0380372489535805,BonFilm
-0.24664273515809446,-1.8979809938614187,BonFilm
0.30383002577664525,-0.06709088029553235,MauvaisFilm
-0.4435263463411833,0.5258838007233265,MauvaisFilm
0.9945255879105689,-0.41653426758008716,BonFilm
-0.058923470363772816,-2.010853667244049,BonFilm
-0.3359981595351347,1.527023373824312,BonFilm
1.6867918754276292,1.9352198553043385,BonFilm
0.2584221963128112,0.3360784988991591,MauvaisFilm
-0.767530271220656,1.1503961597700854,BonFilm
0.6091065592220734,-0.03832360035489565,MauvaisFilm
0.42266133159250047,-0.8045224328414428,BonFilm
-0.6141943053975201,-0.7969151530449506,BonFilm
-1.5453358737513379,-0.4802934123056038,BonFilm
1.8406418262814404,-0.12803862711378747,BonFilm
-0.9202418809272689,-0.264748024615492,BonFilm
0.6339113868739751,0.16389682051436533,MauvaisFilm
0.842832676287552,1.3002967637749454,BonFilm
0.19354018215604962,-0.936557349211489,BonFilm
-0.6543856188688679,-1.4729601514422568,BonFilm
-1.93768731858595,-0.05665095316543551,BonFilm
0.21201412754830995,0.05588415475476926,MauvaisFilm
0.6289433065310526,-2.6230162829430776,BonFilm
0.5250046753251265,1.2414681123120144,BonFilm
1.3930300334966972,1.0947365002374472,BonFilm
0.3749752330982533,0.9372837832917081,BonFilm
1.0033948454099206,0.010922662294820924,BonFilm
-0.7722684117184259,0.8379318341197657,BonFilm
0.8468243866988259,0.8598878552298945,BonFilm
1.7825754019762172,1.7757556693392387,BonFilm
0.8472930275731662,-0.18141381290746936,BonFilm
0.3865267739242105,0.7936606976530729,BonFilm
-1.6385683808823102,0.26943312952125104,BonFilm
1.9534946551582837,0.8674679836129963,BonFilm
0.14388820641486946,1.3637979869390349,BonFilm
0.6378068822621538,-1.2853760833344858,BonFilm
-1.6222558269504068,0.8701101211524331,BonFilm
0.25857817473188194,0.07491428127523805,MauvaisFilm
0.37709852104939,-0.30019264845029064,MauvaisFilm
1.521459788106566,0.48060703641666014,BonFilm
-0.8526939872794201,0.028738968716719063,BonFilm
0.29538218469456956,-0.553376625438967,MauvaisFilm
-1.3001463588383364,0.6985946957748859,BonFilm
0.631339387926749,0.21663648749525088,MauvaisFilm
-1.0984979218499007,1.3939189272504775,BonFilm
0.4480518375377504,-1.2197460213123665,BonFilm
-2.4140172218617595,0.13576797755331718,BonFilm
-1.459802184360553,3.6414598842961134,BonFilm
-0.14701706763371655,0.2845595890106776,MauvaisFilm
-1.4586181150087258,-0.025845713500003743,BonFilm
1.0327061859206192,-0.7650190205506444,BonFilm
1.6386094650274388,-0.5966865220114114,BonFilm
0.8464354452327447,0.4292807478052822,BonFilm
0.6049689868644847,-0.15999526109036916,MauvaisFilm
0.014212757935420319,0.5693317838265899,MauvaisFilm
-0.7231471204006649,-0.5952287159726766,BonFilm
-1.8061330273599723,0.07208953218122884,BonFilm
0.622962457238291,1.8586672003918125,BonFilm
-1.0900203123780299,0.14145469538723215,BonFilm
-0.050023324223090866,0.04750986756613143,MauvaisFilm
1.1181570225523376,-0.8799004640616036,BonFilm
0.8154849158933039,-0.1040804671920717,BonFilm
0.8117712628063097,0.9718276905880896,BonFilm
-0.7487626276943307,-0.8606279146841744,BonFilm
0.6429690186015493,-0.2289374541877774,MauvaisFilm
0.9427262684733854,0.41962580170120684,BonFilm
-0.9899981529726917,-0.0797930920300108,BonFilm
1.125063241724468,-0.9600404451418705,BonFilm
0.28225000692762153,2.2148757262689895,BonFilm
-0.8434995794622631,-0.22463914657919623,BonFilm
0.1333743206928153,-0.09444899580743173,MauvaisFilm
0.2311701603512767,-1.3517056188718783,BonFilm
-1.2534075196821024,-0.4162212748026097,BonFilm
-0.5226967475329831,0.5272356664328749,BonFilm
-0.17837379659070796,0.638045158861602,MauvaisFilm
-0.4693552775465891,0.2476590015190489,MauvaisFilm
0.6933841427993015,-0.023888019723549512,MauvaisFilm
2.076806310327656,-0.27338061884841486,BonFilm
2.8535244606156,0.15025618536095858,BonFilm
-0.915331609149308,0.9267859134982241,BonFilm
-0.7119135622700734,0.8327602856869903,BonFilm
0.743229423680083,1.0158528763669838,BonFilm
0.8094880051945837,-0.020364318927902872,BonFilm
-0.9204758019277551,-0.5601139772347467,BonFilm
-0.2553911072783402,-0.3231486295808082,MauvaisFilm
0.9159076490809448,1.2879499935430365,BonFilm
-2.6825767117992583,0.4473968248338966,BonFilm
-0.07649716487947789,1.6151423614800735,BonFilm
0.08317903228112394,0.12700501311841936,MauvaisFilm
-0.6368208627944916,0.3518234217440125,BonFilm
-1.1920438635471973,-1.4944197455735042,BonFilm
-1.8450254642616997,-0.33723658404308604,BonFilm
1.5735043610743902,-0.8153947745375643,BonFilm
-0.09811047298771675,0.4973171842043854,MauvaisFilm
0.9486425779375847,0.45478048548937966,BonFilm
-0.7883311747548839,-0.6765153373948851,BonFilm
0.09669059936810766,-0.7682015397090323,BonFilm
1.022518071625478,0.8268194784550968,BonFilm
-0.5705351906087962,0.17598302870234742,MauvaisFilm
0.32194779010151764,-1.8854228636694135,BonFilm
-1.8877443829814065,0.6019269494331765,BonFilm
-1.0353435024610353,0.5446769944916288,BonFilm
-1.5503212391155972,1.2414739802277197,BonFilm
-1.0417247398494955,-0.7925367529946292,BonFilm
-0.9626360355390918,0.4744154163689494,BonFilm
0.19745957578515702,0.5057944322540284,MauvaisFilm
1.6053194662931418,0.7394247743049207,BonFilm
0.8502710849365234,0.37539586269526054,BonFilm
0.9715645201289145,2.4942060327404882,BonFilm
0.3076397656114831,-1.062362149103515,BonFilm
-0.531418660751515,-0.12589300628206698,MauvaisFilm
0.7504466552855397,1.1681815368411514,BonFilm
1.9620333662040907,-0.4728413151940989,BonFilm
1.4748246357829422,-0.4117430468050471,BonFilm
-0.21806995622384556,0.5144977868651602,MauvaisFilm
-0.41474238722733753,-1.8225779939283115,BonFilm
-0.6708174763611985,-0.6797665228892256,BonFilm
-1.635934893648756,0.748379280724689,BonFilm
1.205909345458588,-0.22047504132042417,BonFilm
0.9408131950141434,0.5570228714831029,BonFilm
0.42197287556817886,-0.34824040869972595,MauvaisFilm
0.7802857247951873,0.07645638663135397,BonFilm
0.4925396133749176,-0.24386394276573162,MauvaisFilm
-0.18840937922506437,-0.34165192067117417,MauvaisFilm
0.3318922563555508,1.0333699674134396,BonFilm
1.9609717712703771,-0.20362718300123617,BonFilm
1.8137751785377507,-0.25105822204525163,BonFilm
-1.1584347416085818,-0.17112625835547116,BonFilm
-2.125109876086241,1.0485542334719689,BonFilm
0.16337660357182654,0.04228544874131503,MauvaisFilm
-0.08619252582387277,-1.0297878405651166,BonFilm
-0.09383028869011512,-1.090973857769511,BonFilm
-0.5182700385712192,-1.3411019994713995,BonFilm
-0.36020474042606954,0.7325863342727683,BonFilm
0.3618001650494489,-0.27364667005375043,MauvaisFilm
-0.7014195729291536,-0.3818631035516079,BonFilm
1.7742691370387362,-0.21198997704439018,BonFilm
0.7053566609438747,0.5591911497659561,BonFilm
-0.18951620392239074,1.106226595655127,BonFilm
-1.6643843163764631,-1.6998500722083778,BonFilm
0.3892781557807024,0.1718819678268224,MauvaisFilm
1.5340830406053187,0.9277939502167791,BonFilm
-0.020461487015002208,1.7357537869853645,BonFilm
-1.2790157149818417,-1.5505653197308173,BonFilm
-0.48756020114367793,0.9772056327337846,BonFilm
-1.2721569020670465,-1.5228047620949225,BonFilm
0.5297569065380585,0.8086286481489307,BonFilm
-0.27394382793856814,-0.7154734923746556,BonFilm
1.9686570608327616,-0.028193351938263663,BonFilm
0.8271711129764072,0.2848380584185709,BonFilm
-0.48285347582780896,-0.9767012087005563,BonFilm
0.13648114020066535,-1.5355417832098852,BonFilm
-0.944502006162176,1.2935405457296754,BonFilm
0.019848092169094778,-1.8800182674965753,BonFilm
-1.1210228733090348,1.1219586410400406,BonFilm
-1.2846216635304115,-1.279719487403148,BonFilm
-0.45362191096114124,-0.16698647981502449,MauvaisFilm
-0.4214348951564248,-1.4903226785259431,BonFilm
-0.79295200990931,-0.9779477334411152,BonFilm
0.6500471924678711,1.1401172417705987,BonFilm
2.096075915599812,0.34406745392143606,BonFilm
0.9410253279498543,0.7589556281131645,BonFilm
-1.355145621861749,-0.5718559531367134,BonFilm
1.1244560548639095,0.10740175146160381,BonFilm
-0.4751452903137435,-1.447672225813731,BonFilm
-0.33445209161848793,-1.4840066222514106,BonFilm
1.0896308432172463,1.0749132303982272,BonFilm
-0.9329143405862542,1.3945564889362096,BonFilm
0.15785249038223162,-0.5719286690339858,MauvaisFilm
1.6857881834437023,-1.0218879127492029,BonFilm
0.4007347670702535,-1.5887048766511107,BonFilm
-1.3226018221293572,1.9261362813176834,BonFilm
0.212076656836277,1.317650983257249,BonFilm
-0.9995611565084315,0.03834883510678062,BonFilm
0.8628592874980594,-0.646324381757346,BonFilm
-0.3772155736626062,0.47476465342505864,MauvaisFilm
-0.6298340179531983,-0.17783599566022434,MauvaisFilm
-0.23940847481023309,0.6757805078980513,BonFilm
-0.8509189218535418,-1.8597153377860598,BonFilm
0.8171199042850347,1.8549433269467297,BonFilm
0.9571299768309628,-0.8895794745200789,BonFilm
0.7736401437431403,-0.423846873631935,BonFilm
-0.22235891573344882,0.05408472863013584,MauvaisFilm
-0.8299710436133719,-0.6353923914841696,BonFilm
1.361517647136308,-1.3480542560088682,BonFilm
-0.5061005276997436,-0.20989850994454637,MauvaisFilm
-0.4974402720833054,0.8319871365941613,BonFilm
0.571712914736565,-0.1957559563294611,MauvaisFilm
0.14562245977094881,-1.0350789622308718,BonFilm
-0.36002972106513526,0.28232773209809303,MauvaisFilm
-1.756108008332644,-2.195048421646314,BonFilm
0.02658220357458281,0.595154505081353,MauvaisFilm
-0.9463318341070787,-0.9938409677038421,BonFilm
0.6938279062008058,0.5676488685486851,BonFilm
-1.5911022431041963,-0.19996323579063788,BonFilm
1.1009086153695788,-1.0369361467683234,BonFilm
-1.5122652540377624,-0.22275108974585597,BonFilm
0.8599857011395411,0.6296197714512297,BonFilm
0.19040792140367924,0.7875748364573869,BonFilm
-0.957458469776277,1.3891550964514587,BonFilm
-0.29895663752709695,0.4506100134350479,MauvaisFilm
-1.5583998156892582,0.6647319666065791,BonFilm
-1.5963929533196066,-0.5400994262563187,BonFilm
-0.5037925270410422,0.35209385581362795,MauvaisFilm
-0.871168960884758,0.7131209700496647,BonFilm
0.7533918334000106,-0.089779172581231,BonFilm
0.2639559319089935,-1.2022623888341575,BonFilm
-1.673882797259239,1.0303298715192504,BonFilm
0.9702086925118616,1.2013404732863775,BonFilm
1.2094211809717335,0.5538154941747734,BonFilm
1.6372933292697902,-1.0006472250243525,BonFilm
-0.46349514501826317,0.8306939152383196,BonFilm
1.0584945752686812,-0.6735527801639775,BonFilm
0.2711310520334938,-0.9011931380994476,BonFilm
-0.1364602752602974,1.0176575370197074,BonFilm
2.3928767938656823,1.363460390403521,BonFilm
0.43788635149504207,-0.5477812710150358,MauvaisFilm
0.9037724122709844,0.6136405079479149,BonFilm
0.2846940472937987,1.136303682728142,BonFilm
0.475118447243495,-0.7930147735342301,BonFilm
0.04471528442273088,-0.11362313867047495,MauvaisFilm
-0.2703421334553945,-1.6328962501885187,BonFilm
-0.47922273411219835,-0.14613322399603032,MauvaisFilm
0.49295989158082587,0.7040520093035707,BonFilm
1.3432635736771803,-0.48468581728296156,BonFilm
0.7452867937455546,0.06955420927222673,BonFilm
-2.4881164059797554,-0.43037658736838996,BonFilm
-0.20903137066059393,-1.527206510546104,BonFilm
0.2765429783194196,-0.5765293260733219,MauvaisFilm
-0.3285486674838243,0.2871097812436963,MauvaisFilm
0.31414183597165873,-1.0697256413730611,BonFilm
-0.1629713775547798,0.6356874183135741,MauvaisFilm
-0.7033653403204007,-1.5938874586567144,BonFilm
0.2483123778594693,0.6071761648871787,MauvaisFilm
0.8086423713324206,-1.5750427783617498,BonFilm
-1.1208117698547992,1.3430211015991815,BonFilm
-0.5766302600467411,-0.7261057326155202,BonFilm
-1.620071094082958,0.6399782492488241,BonFilm
0.2516623881750807,0.3811612252259078,MauvaisFilm
0.2312316384262905,-0.11843153664523365,MauvaisFilm
1.088764903844865,0.5009226192369678,BonFilm
1.4253806659528852,-0.1285852027149517,BonFilm
1.1308939278799066,-0.8963675883093953,BonFilm
-1.3160715413124795,-0.0237258831672509,BonFilm
0.15507260972487552,0.6587334750852318,MauvaisFilm
0.6701103320583324,0.7486563559553335,BonFilm
-0.022794874432349038,-1.2221890078354776,BonFilm
0.2988399539916469,-0.7197416525445831,BonFilm
0.2850139807780878,1.036885432885729,BonFilm
-0.3769770662881814,0.6997160278465709,BonFilm
-1.0252410306601876,-1.3034595089284386,BonFilm
-0.10540157351048336,-0.05122948603936895,MauvaisFilm
-0.4730125817066646,1.6270421676601778,BonFilm
0.7458973592795832,0.8598060288931775,BonFilm
0.8310649795200313,0.635604743405425,BonFilm
0.04300306999135018,-1.1101157723811539,BonFilm
0.8008593825710235,0.2847755303140244,BonFilm
-0.6228350107544364,0.8724397189468949,BonFilm
0.24412415564330506,-0.16767875263132057,MauvaisFilm
-1.0428711079357147,-0.8477728901289959,BonFilm
0.5665513174094516,0.6170366220090552,BonFilm
0.03310260455638302,-0.4953983032394907,MauvaisFilm
1.4890889905703195,0.1751304898794703,BonFilm
0.1741837653396956,0.17050592039875725,MauvaisFilm
1.4412591184735064,-0.13339568433688243,BonFilm
-0.33003966384889905,0.9283079997405568,BonFilm
-0.15080240579522505,-0.021499000009848293,MauvaisFilm
0.9902480607480113,1.7788896430981902,BonFilm
0.019648796734099378,3.790494939189595,BonFilm
-0.3673240104167429,0.2273259050665859,MauvaisFilm
-0.7090819003905054,-0.3887746368382251,BonFilm
-1.3100493920299945,0.23175176698468722,BonFilm
-0.29506408534971973,-1.1935245509064374,BonFilm
-1.6478791906253523,0.07124778540940285,BonFilm
-1.5030778720639593,0.9030121280335016,BonFilm
-0.2516771449426064,1.69801607158583,BonFilm
0.27271567766426397,0.3335139267674016,MauvaisFilm
0.8508045894810461,-1.2149516881382523,BonFilm
-1.515141736419535,-0.8653472161223009,BonFilm
0.6401196816697617,0.9544558827573083,BonFilm
0.7505851315639855,0.7188243368705697,BonFilm
0.4627063024986496,-0.39786381670607757,MauvaisFilm
1.6857679442842308,-0.06264899159360088,BonFilm
0.8992523306443696,1.1888850635335195,BonFilm
1.50026417969023,-0.7865916048790571,BonFilm
0.08801277473671247,1.0273058671987163,BonFilm
0.7157047914022934,-0.42281447308237424,BonFilm
-0.3051088582924817,0.7297021354303046,BonFilm
0.019694791813599725,0.10255129457061267,MauvaisFilm
-0.14411189366731744,0.7900670385612661,BonFilm
-1.4914662418615934,0.9160989354354996,BonFilm
-1.3282297989620522,0.3999794676224577,BonFilm
0.6546478409413984,-0.9133631519870948,BonFilm
-2.722099001502679,-0.738004229370816,BonFilm
-0.8986417362978807,0.9456094616819378,BonFilm
-1.3268465941451528,-0.12853464418137778,BonFilm
0.2709441081161442,0.4489761002385635,MauvaisFilm
-0.5429905003746411,-0.034603437401070324,MauvaisFilm
-0.5493876253131581,-1.3188409004679955,BonFilm
0.06929288523609076,-0.8800080794148866,BonFilm
-0.21086910016240756,0.9821650596785259,BonFilm
-0.1109196378991321,1.0263002562339896,BonFilm
-0.09404948976731854,0.21764785964355696,MauvaisFilm
0.14117834583709868,-1.0715920404637598,BonFilm
-0.7671824108480232,-0.8388575642364006,BonFilm
-0.566289218818745,0.0017919643787040736,MauvaisFilm
-0.16660684198754674,-1.4045169953936383,BonFilm
-0.7139082263191133,1.4719432638692025,BonFilm
-1.4538101085158521,-0.5459163462443667,BonFilm
-1.085357139659532,-1.933987826009905,BonFilm
1.0577405820838832,0.45720447568459455,BonFilm
0.4739055526672934,-0.6568767478902411,BonFilm
-0.31356124008722897,-0.22545401347036165,MauvaisFilm
1.3914876289698457,0.13177556181576006,BonFilm
0.5795573183075963,2.0498371252339185,BonFilm
-0.5518496726730446,-1.69775208604999,BonFilm
0.9673960858509221,1.013068890853137,BonFilm
1.5329666712489867,0.530218357886745,BonFilm
0.9863852643541288,0.426453897571634,BonFilm
1.338870944897338,-1.1987216381525274,BonFilm
-0.6917553661295784,0.38963006997947236,BonFilm
-0.6616060147606325,-1.0627858767564162,BonFilm
-0.43966007917397615,-0.9379932089341702,BonFilm
0.6945826378779388,0.9863762199242528,BonFilm
0.7750332792850918,0.4702219363962682,BonFilm
-0.7368790172247011,-1.7025926146695871,BonFilm
0.3533936243345228,-0.009885971109771402,MauvaisFilm
0.45112583021103386,1.4698572224844997,BonFilm
-1.1700462289835165,-1.148921874136137,BonFilm
-1.6011176613006093,-0.08709512214884728,BonFilm
-0.5472209019183852,0.7975900136896253,BonFilm
1.0797953880188376,0.12014450252962555,BonFilm
-0.6392878207194059,-0.7700811538080774,BonFilm
-0.6949698931784214,-1.7395213267140648,BonFilm
0.5043211706172512,0.8595909424469926,BonFilm
-1.0723732970659907,0.6202478572321984,BonFilm
0.3299463305847607,-1.5602421839113298,BonFilm
-0.5922872667750907,0.6611613029222831,BonFilm
0.8772664511442203,-1.2233992774336933,BonFilm
1.6785429768694693,0.6343938339293832,BonFilm
-0.6496208635443704,-1.2347971036418781,BonFilm
-0.29367676562877354,-0.47809999224551825,MauvaisFilm
-0.23830335147259693,-0.3510979593162056,MauvaisFilm
-0.8630822909872538,1.221923687066943,BonFilm
1.9911523568225473,0.15347874382056034,BonFilm
-1.1645398352148997,0.46699338556489,BonFilm
-0.1833923244800655,0.7996218417955056,BonFilm
-2.89774586214026,-0.5585570883515221,BonFilm
0.5277364860958776,0.6436731391301751,BonFilm
0.9259725249637264,0.24070360615305417,BonFilm
0.45544597610493476,-1.418107451876922,BonFilm
-0.7608356200602845,0.07677830516859153,BonFilm
-0.6463176340647169,0.050339151261319014,MauvaisFilm
-1.4306979778085887,-0.3903083857093231,BonFilm
0.17774851739260875,1.5892903338823805,BonFilm
2.185550542910456,-1.5287034083120983,BonFilm
0.11006117079962793,-0.18443615362735447,MauvaisFilm
0.3925719675538231,0.5805239223045736,MauvaisFilm
1.0756212731829489,2.2362852269639917,BonFilm
0.7840621536249315,-0.6702568918508713,BonFilm
-0.34035420040093134,-1.1684538038311552,BonFilm
0.9921403020973555,-0.2839232331433972,BonFilm
1.1945095832528552,1.151421593312029,BonFilm
1.6678000233664143,0.6049176178648735,BonFilm
0.5477922738751473,-0.4776553970921834,BonFilm
-0.5718651036876207,-0.6694576212021486,BonFilm
-1.174962103621265,-0.2936695685626059,BonFilm
1.5857593940376036,0.4568498000691184,BonFilm
-0.061713489439510875,-1.995270614798378,BonFilm
-0.9876528073828652,-0.26204067161971645,BonFilm
0.013792484924118041,-0.5510816405214038,MauvaisFilm
0.5559422990444832,-0.33156206973283076,MauvaisFilm
-1.2213449358517836,-0.5102552571713885,BonFilm
-0.2677071208187869,1.2449906779981816,BonFilm
0.49184830014770226,-1.4287348481007969,BonFilm
-1.7784487405500464,2.0811144755108146,BonFilm
-0.4586729350864042,-0.4276143036721275,MauvaisFilm
-1.045480120046291,-1.1311408892315566,BonFilm
-1.5649468042348649,0.0738722978093975,BonFilm
1.0339429508492677,0.2382442822058616,BonFilm
0.4183400403699989,-0.5599725484463235,MauvaisFilm
-1.6516890416937104,1.1642937458481908,BonFilm
1.2438151567519986,0.3028753040778569,BonFilm
0.10337585813496575,-0.22007607114404512,MauvaisFilm
-0.2776161590685289,0.4384397441704561,MauvaisFilm
-0.35892175229023676,-0.15693912698085,MauvaisFilm
0.26366337426111847,-0.9809454913970171,BonFilm
0.2917843819338866,1.6706299148993333,BonFilm
-0.48749227576916526,-1.618622159232585,BonFilm
1.918131392513423,0.40200869693402097,BonFilm
-0.1676190402500642,-1.6772289990592162,BonFilm
1.5806393047775942,-0.46564454114468506,BonFilm
-0.5554923658702697,1.4180371793607112,BonFilm
-0.44158707063451236,-2.3552041779743247,BonFilm
0.651539615485811,-1.6050926696144943,BonFilm
-0.8559305230995866,2.1290973160846023,BonFilm
-0.9412161984038077,-0.13449111857017682,BonFilm
0.3761016542286172,1.0193893411081207,BonFilm
0.997785568485837,1.7501451102816967,BonFilm
0.9186623784940063,0.1453977264282939,BonFilm
-0.6307463056530632,0.27055407766048706,MauvaisFilm
1.5062709577345408,0.3948157672490556,BonFilm
0.7438564901504252,-0.8224016345682069,BonFilm
0.4230845217682778,-0.03605830675549397,MauvaisFilm
0.43920448943905604,0.5418966104807813,MauvaisFilm
-1.0911065121080543,0.598667211335629,BonFilm
0.003852072776541278,2.3553477165455106,BonFilm
-0.8582350515578597,-1.0590629761472932,BonFilm
-0.7284157610862119,-0.16511136560275758,BonFilm
-1.1088903384345283,0.832429587775093,BonFilm
0.6287296366971171,-1.4694197104702202,BonFilm
0.5031775171223245,-1.9460055200768107,BonFilm
0.5494302220100202,-0.3915272105682352,MauvaisFilm
0.334243321952663,0.6399666664617533,BonFilm
1.7214309277838284,-0.3113097151737706,BonFilm
0.7315990701003435,-0.7631860902463677,BonFilm
0.2536646676790437,1.6319226706459273,BonFilm
0.10169077098988276,0.6553271057877653,MauvaisFilm
1.6636957548964786,-0.16295929255452327,BonFilm
-0.4486232611529103,1.007874604399934,BonFilm
-1.7900911154586199,0.27946876023318995,BonFilm
0.6682705258826792,-0.7115010673336574,BonFilm
-1.3231168838896508,-0.6071724716741792,BonFilm
-0.038148703452581915,0.30762735353572224,MauvaisFilm
0.12275518624472069,-0.2556399109028586,MauvaisFilm
0.12405455019073988,-0.7828084267625431,BonFilm
0.9412310254604581,1.8769157232921991,BonFilm
0.24879959705766344,3.354515229489299,BonFilm
0.5931243985741735,-1.1509481147435152,BonFilm
0.48273245716271324,-0.8372710482809507,BonFilm
-0.09079078864148413,-1.473737912330487,BonFilm
0.7673455865191602,-0.5561436664790357,BonFilm
-0.321378056987481,0.8799991477340887,BonFilm
-0.37426057870320234,1.1321034168045723,BonFilm
0.44804355358232945,-0.420327467182261,MauvaisFilm
0.7827020694558472,-1.3847362919962756,BonFilm
1.0286169837677226,0.27999634538237106,BonFilm
-0.26981979125219646,-0.6395978961974194,MauvaisFilm
-1.0407890927580112,1.4578586214461864,BonFilm
-0.7508129131551792,0.11977254659565092,BonFilm
-0.8453502170761945,-0.09059056293743657,BonFilm
0.09927421071338986,-0.8727149903769817,BonFilm
1.035445913351819,0.4206889800676166,BonFilm
-0.42224659573565876,-1.262310822767706,BonFilm
0.9652209369134518,1.0908443702402486,BonFilm
-1.8385959117224102,-0.07407125851468234,BonFilm
0.08127107814248771,-0.7529923409129659,BonFilm
1.7717075782678238,0.04427607868600261,BonFilm
-0.09530343623685306,0.17186476376591794,MauvaisFilm
1.0841800377387827,-0.8963482546765873,BonFilm
0.14840709827596524,0.6041662242179581,MauvaisFilm
-0.4216166578817933,0.5568781622591533,MauvaisFilm
0.7928953003635272,1.4212414142551497,BonFilm
-0.6507820136823368,0.28104576665746417,BonFilm
0.1753137056448238,0.857541496050556,BonFilm
1.1806680911406515,-1.3086576294280117,BonFilm
-0.9567015466317236,-0.41904471848556163,BonFilm
-0.05868902164339201,-1.707472762180819,BonFilm
-0.8811275309837938,0.8230813402904358,BonFilm
0.6643101235677324,0.03314484835385828,MauvaisFilm
-1.2318232401919986,-0.485403907478955,BonFilm
-1.2367771470264122,0.6509747243689605,BonFilm
0.956535643598753,0.3097627664519834,BonFilm
0.028652149637229535,-0.9978258681779923,BonFilm
0.41177252009160276,-1.0629889002121726,BonFilm
-0.9782075644166731,-0.17147153092166242,BonFilm
0.7306078848695727,0.33270799309969845,BonFilm
-0.5330781558306534,-1.605254210844071,BonFilm
0.40206052836889467,0.5911111223431946,BonFilm
-1.698299448982093,-0.9962284743442968,BonFilm
0.055421657580004356,-0.8290738617395335,BonFilm
1.9017591563697918,0.20353553767963609,BonFilm
0.2094157398726773,-0.7244089423950129,BonFilm
0.012736141286034255,-1.0913717184328573,BonFilm
-0.013220023169731582,-0.5078136489512034,MauvaisFilm
-1.2217673779370182,-0.20717286254915393,BonFilm
0.6364144760852743,-0.26892594215857657,MauvaisFilm
-0.5640676486340066,1.3337291918454737,BonFilm
-0.360346588985365,-0.7342853827451586,BonFilm
-0.22960664849057316,-1.4203011765782283,BonFilm
1.4504081932528865,-1.457450729361403,BonFilm
-1.6019819374129658,0.5608244492744919,BonFilm
-0.5165706067254553,1.2200151488321656,BonFilm
1.3322427152989034,-0.5758763372079446,BonFilm
1.1128040345162993,-0.40080950412856864,BonFilm
-0.010921670985695086,0.3579153926633604,MauvaisFilm
1.3392250098251681,0.016428626325781636,BonFilm
-0.9954000471416333,-0.7250383861297753,BonFilm
1.3553990376282352,-0.3664747294748065,BonFilm
1.2307592351886327,0.19115449521636166,BonFilm
0.8297390462543047,0.808727776316822,BonFilm
-1.6398534243890537,-0.33793792112677434,BonFilm
0.09733524228680901,-0.6122945616226859,MauvaisFilm
0.2846054132046256,-0.5898657298035577,MauvaisFilm
1.7148662393743674,-0.13639965139678126,BonFilm
-0.451746669132691,0.5517155215152068,BonFilm
-2.074753482056924,-0.5301298080625213,BonFilm
1.03208207594887,-0.5798814759432402,BonFilm
0.46283101952295386,-0.5018915550223423,MauvaisFilm
2.054097665868931,-1.3356849423663677,BonFilm
0.09267231698021754,0.08176524754913433,MauvaisFilm
-1.5277668221291159,-1.421649338430549,BonFilm
0.35060414956984903,0.6422150798333537,BonFilm
-0.7395535220576548,0.04691411673204614,BonFilm
1.6210661439397438,0.2599375994589909,BonFilm
0.32824229753856526,0.7937195393617987,BonFilm
0.8729989921091514,0.622943466199822,BonFilm
1.1543486330029602,-1.349657781689787,BonFilm
-0.7588403475251698,-2.369681753847062,BonFilm
0.30760369579884256,0.161828255851753,MauvaisFilm
1.3624336711712766,-1.0011479888228287,BonFilm
0.5357176831757599,-0.816254886689786,BonFilm
1.8339155595986103,-0.0857573882225995,BonFilm
0.562262144048376,0.3393467916373593,MauvaisFilm
0.7072492489020629,0.11323550104275211,BonFilm
0.3166028610798941,0.44110458380294415,MauvaisFilm
-0.3993953821154142,-0.3029512939526264,MauvaisFilm
-2.1617196636583222,-0.4067990047016477,BonFilm
-2.291403402578146,2.3965252914840858,BonFilm
1.603673890803983,-0.7820050158862604,BonFilm
-0.3686569133724254,0.7220667586294119,BonFilm
0.29834629424484,0.17467033690408898,MauvaisFilm
-2.023633725899832,-1.8561711984676124,BonFilm
-0.39014435562531274,-0.3563487252159216,MauvaisFilm
-0.17068623820558068,-2.0893544932841217,BonFilm
0.12093979194199014,-1.0016625576896112,BonFilm
0.7459393806602099,-0.49074551679077705,BonFilm
-1.0130689750100506,1.9127967085085422,BonFilm
1.248222994644331,0.07060067836316454,BonFilm
-1.232827137549739,-0.35328360882392584,BonFilm
-0.4588387948730497,0.401221865503783,MauvaisFilm
0.8211259296651329,-1.9016804951492077,BonFilm
0.37849396393309703,0.8999508752311788,BonFilm
0.9859435623124118,-1.941940536987671,BonFilm
-0.6582593351655172,0.5064621245488145,BonFilm
-0.014999979846523246,0.8434784929732829,BonFilm
-0.14925846791895228,-1.3973307160435904,BonFilm
-0.26853706737834615,-0.29137695958174753,MauvaisFilm
-0.47126037722008685,0.2606925423248681,MauvaisFilm
-0.31983129795169013,-0.3310584041837984,MauvaisFilm
0.7932193743882714,0.3662160283758217,BonFilm
-1.6747690699542583,0.031316042599719845,BonFilm
0.9406160715729998,0.28382499499255903,BonFilm
1.1454508221416397,0.5009193823744463,BonFilm
-1.3229600175388254,0.2760674156453811,BonFilm
1.389389296907698,0.5392141413448143,BonFilm
-0.03831668112718645,-1.6845686326098772,BonFilm
1.3548979448398015,0.4801821768065385,BonFilm
-0.8423522303723674,1.422875453418195,BonFilm
-0.24113597731058098,-1.1611490295762015,BonFilm
-0.5574481179102818,-0.46996618441351995,BonFilm
-0.5390781024682295,-0.6770683411956894,BonFilm
0.15818016499278265,1.0267776072022803,BonFilm
-1.2814344459466518,-1.2076728954925542,BonFilm
-0.9230442234985555,0.18866283940587758,BonFilm
0.5300759391274232,0.511295985035461,BonFilm
0.2960452025244277,0.5690671034731594,MauvaisFilm
0.5965320281768434,0.06986898168679369,MauvaisFilm
-0.6083612148378666,0.18239349077620387,MauvaisFilm
0.2108671334216111,0.3412639927268341,MauvaisFilm
0.18412488089742693,-1.415495862096433,BonFilm
0.06651698701656979,0.3383420494168938,MauvaisFilm
-0.45156647859617693,0.2158963548620982,MauvaisFilm
0.9939239560194669,-0.17624125721370695,BonFilm
0.5951165211763914,-0.1281871208960805,MauvaisFilm
-1.7327214943447269,1.3687156113504726,BonFilm
-0.4123310898109597,0.26032662394884803,MauvaisFilm
2.005009400939824,1.7922378883476349,BonFilm
0.09247894379115724,0.8893456355138535,BonFilm
-1.0896052243504382,1.1226845260355822,BonFilm
-2.1139338789321678,-0.40388934838210466,BonFilm
-0.6235873769057324,-0.6822082365181561,BonFilm
-0.006133926769454439,0.14989120944424003,MauvaisFilm
-0.2921261605229692,1.4163495036843474,BonFilm
1.2127471571789359,-0.05046078508271329,BonFilm
0.9218172015682847,1.3941804763689687,BonFilm
-1.0365008312640713,-1.7926901027384199,BonFilm
0.15432485452926162,1.895673020416619,BonFilm
0.51764018075095,0.6170316309156062,BonFilm
-0.43632270724935796,1.1169898265048261,BonFilm
-1.5123133023407311,0.6393561997868451,BonFilm
-0.5456841895048591,-0.6836523541065169,BonFilm
-0.2038509338288815,0.249118545712667,MauvaisFilm
0.38705690577515356,1.5641432206487418,BonFilm
-0.3538494601297518,-0.12790004114195683,MauvaisFilm
1.7603266329350598,-0.2724281430928755,BonFilm
0.3252762384605516,-0.3746199836594313,MauvaisFilm
0.18964455957473053,-0.8780041225374512,BonFilm
-0.18066662872424008,-0.5740387354411787,MauvaisFilm
-0.6461826244500362,0.3392517862717479,BonFilm
-1.272299772354665,0.3982956091974857,BonFilm
0.37915388969994024,0.25867716901731647,MauvaisFilm
1.0452251466187517,0.7931116386148972,BonFilm
-1.6515412867758972,-0.9344226644059701,BonFilm
2.1791901752582796,0.30491625264510314,BonFilm
-0.590483023032152,-1.0204802357397311,BonFilm
-0.3342399583550141,0.13127411052698554,MauvaisFilm
0.16444718835447042,-0.41497832721586136,MauvaisFilm
0.45319478779238165,0.9156025554518235,BonFilm
-1.6045458768238035,0.055316872697568936,BonFilm
-0.2723246829618761,-0.2654109934742606,MauvaisFilm
0.2385095286933558,-1.6512404124011442,BonFilm
1.525176278832315,0.6002488156940238,BonFilm
2.348244853390432,-0.2538688562430848,BonFilm
-0.2131340008143882,0.42396695926590444,MauvaisFilm
-0.044176728759363945,-0.006221113524555066,MauvaisFilm
1.5632375369957108,0.8560635050164844,BonFilm
-0.4570091886854492,0.09224501212229132,MauvaisFilm
2.2309091342220135,-0.22960444057591092,BonFilm
-0.8175142472791339,-2.4599968090915323,BonFilm
-0.14954339394769084,1.7325050888289524,BonFilm
-0.13565403865929548,1.815281996970424,BonFilm
-0.8585617715452601,-0.6404331293978247,BonFilm
0.723624715805031,1.567878373731997,BonFilm
0.16561274727282152,-1.3654347523514863,BonFilm
-0.21886757424542086,-0.5422621989231267,MauvaisFilm
0.740942386895876,1.1085646820808475,BonFilm
0.4177834655969958,-0.3365983632621165,MauvaisFilm
-0.19556011918043387,0.269873462569897,MauvaisFilm
1.3909757523764177,-1.500353473973591,BonFilm
0.8005423224573314,-0.37025167214001525,BonFilm
0.5139699284071534,-0.9207996888923092,BonFilm
-0.38018957154311706,-0.5204841337613244,MauvaisFilm
1.0127464053912871,0.059960474608683645,BonFilm
-0.5728401833936365,0.8488459425394359,BonFilm
-0.7263137256943937,0.33408297353744987,BonFilm
1.4875714112880805,-0.18074772558407598,BonFilm
0.368461275978706,1.0496474454353513,BonFilm
-0.49194391579617036,0.6624102624815105,BonFilm
-1.0075757643296375,2.142210960927393,BonFilm
-0.35847581088711933,-1.0951416321742147,BonFilm
-1.1492703570531324,-0.7414202143533992,BonFilm
-0.3139402177873816,-0.15232028602371556,MauvaisFilm
0.22661820901767876,-0.6544980485696972,MauvaisFilm
1.622767473509266,1.280049479241589,BonFilm
0.2202677386214598,-2.1541817070320026,BonFilm
0.7282328676423004,1.4206053813368675,BonFilm
-0.41551372024194405,-0.23699810337367358,MauvaisFilm
1.1442075000035743,0.21553547395697376,BonFilm
-0.06960464234258201,0.42649104664693915,MauvaisFilm
-0.4031497165587467,-0.41396675950438233,MauvaisFilm
-0.6066682503628504,0.6177649264625104,BonFilm
-0.29803895264657065,-0.06756513101030184,MauvaisFilm
0.1418336802912185,-0.6506048466886746,MauvaisFilm
-1.4185592706203338,-1.492418394978699,BonFilm
-0.6196344577165249,1.0202539607304555,BonFilm
1.053160206039543,0.4045772982290953,BonFilm
-2.198408896934095,-0.2529350057852341,BonFilm
0.9745824725337078,-0.15810749940590282,BonFilm
-0.3834021416906271,0.7969640336828157,BonFilm
-0.14505204648673994,1.7716527959745656,BonFilm
1.7326460304417184,0.23787264919420031,BonFilm
-0.3572256751694376,1.6342270162007235,BonFilm
-1.4559107300813965,0.5590691738411403,BonFilm
-1.6588098377424574,1.4543752018543796,BonFilm
0.09237094943570635,-0.6925397601658274,MauvaisFilm
-0.47682659304420927,-0.11302584427021939,MauvaisFilm
-0.01238877810580318,1.3704209653315422,BonFilm
-0.504132139863749,0.0036574316031368266,MauvaisFilm
0.049898606755801246,0.3461218099136166,MauvaisFilm
-0.1856572809665949,-0.2226439059617035,MauvaisFilm
-0.7036268418262034,0.1381110986229616,BonFilm
-0.539416499222291,0.6291709555547909,BonFilm
-0.9841260020542046,-2.0750453137129776,BonFilm
0.7251344901632026,1.2198515592958616,BonFilm
0.6717196930346676,0.031454101447998525,MauvaisFilm
1.5360800196862259,0.3114486727238634,BonFilm
-1.9917410774640674,-0.756988712533622,BonFilm
-1.6174316037489826,0.2604215445602458,BonFilm
-0.7536950518790253,0.2582876049938492,BonFilm
0.8454271565606722,-0.9472161575052367,BonFilm
0.5967456360000086,0.34407675657584635,MauvaisFilm
-0.06429017090834928,-1.3821447124897095,BonFilm
-0.32700497293904274,0.5700073920179437,MauvaisFilm
0.17887198934930176,-1.6033988241749217,BonFilm
-1.5914423998154674,-0.8080534725627738,BonFilm
0.9040527908431355,0.1777683933786887,BonFilm
-0.06299314447644594,-0.5898467033266698,MauvaisFilm
-0.424629389269813,1.8002876556017022,BonFilm
-0.43374834968535114,-0.3179695079948537,MauvaisFilm
-0.22926284965328686,-0.18280267148471824,MauvaisFilm
0.0388987210358743,-0.6850188621092647,MauvaisFilm
1.1289052155603412,0.478384427056211,BonFilm
0.029442878806123996,2.4111891012002347,BonFilm
-0.5320665028208954,-0.45360117504927433,MauvaisFilm
1.100980556563998,-0.10671510898239267,BonFilm
-0.3521119720113895,0.48661911056296864,MauvaisFilm
-0.04245516332185529,1.242115010743711,BonFilm
0.7209149375984794,1.095327801822282,BonFilm
1.411539080077936,-1.91543271394957,BonFilm
1.1221289340429623,0.10969657039182233,BonFilm
0.9883738877220575,2.0120987867327815,BonFilm
0.7450721713390402,0.6949239007213324,BonFilm
0.26458474258221937,-0.4536603645306304,MauvaisFilm
0.062396227546314444,0.061162184130637794,MauvaisFilm
0.9679982852205651,-0.9514652022449139,BonFilm
-0.12028182582582561,0.7683737648743271,BonFilm
0.8224288617593577,1.6512910692080693,BonFilm
-1.000216886965076,-2.401697693415068,BonFilm
0.4261466309926727,0.05649996685071239,MauvaisFilm
-0.05156779044687411,0.7494444698299473,BonFilm
-0.08459820923412441,-0.5693540309493895,MauvaisFilm
0.4444293206742914,0.378176323980362,MauvaisFilm
1.270168796192339,-0.9928471832890138,BonFilm
0.8246708087426907,-0.323454754772859,BonFilm
0.6745501453738361,0.3937880518075749,BonFilm
0.2493498315078248,-0.009048714345422568,MauvaisFilm
-0.7233221849313116,-0.7905152245701229,BonFilm
0.5603728367607228,-0.4348125224017845,BonFilm
-1.2234423056272667,0.40986070000201796,BonFilm
1.3014192698775546,0.20174912626132555,BonFilm
1.3673371020506768,-1.5768094880056558,BonFilm
-0.5966980515853941,-0.3658119583328514,MauvaisFilm
-1.4805993071177463,-0.6797001420167,BonFilm
-0.27000425658938154,0.5596527361853428,MauvaisFilm
-1.6721326469294169,0.2462734187123832,BonFilm
0.6783840734954727,0.28826941130950773,BonFilm
1.745274510687686,0.3651397070313239,BonFilm
-0.9168981436309953,1.0171377640376127,BonFilm
0.6675959599386074,-0.3397846986103303,BonFilm
-1.4793186653332981,-0.2052896652598764,BonFilm
0.6587347883463816,0.21457981409678897,MauvaisFilm
0.29237269975528013,0.8821557205646661,BonFilm
0.14760276970045738,0.7643755664962123,BonFilm
0.7610351375095562,1.2981096307931541,BonFilm
1.7828245513049856,0.08251984931441783,BonFilm
0.3465675721209654,-0.2940438463862482,MauvaisFilm
-0.5462778588908682,-0.9798522953372336,BonFilm
-1.8830963774297826,-0.6937709597076128,BonFilm
-2.022731300265513,-0.5052219486129371,BonFilm
-0.35222505019157946,0.6289405343133965,BonFilm
-1.0225152161451845,0.3628308296348521,BonFilm
0.6033105980396984,-0.2669692539695008,MauvaisFilm
-1.2658783171480037,-0.40524986595149054,BonFilm
0.013710377473693624,-0.835096660481757,BonFilm
1.4591035542275224,-0.10174966826616433,BonFilm
0.9012024580271953,-1.3117801184924094,BonFilm
-1.567619297631656,0.11713942201502588,BonFilm
-0.2903499288535038,-0.3464565378263533,MauvaisFilm
0.4958666461861705,1.2141429641712596,BonFilm
0.8962232660172481,-0.9817878655391072,BonFilm
-1.8978984852390115,-0.36483837237036515,BonFilm
-0.09057829874229588,0.08217686348638036,MauvaisFilm
0.4565236031652326,0.5560793241190812,BonFilm
-1.0292063070136297,-0.19801226642126504,BonFilm
1.511487851083936,-0.6308091734168356,BonFilm
-0.33235910106455885,-0.12445905224220144,MauvaisFilm
0.4912127748422521,3.3972518739680977,BonFilm
-1.755030708218936,-0.6597855409590634,BonFilm
1.2833273636293754,0.08546895057009962,BonFilm
-1.1164415690618779,1.2856734866719493,BonFilm
1.5965605556431703,-1.4504517592921062,BonFilm
-0.021375597916566333,0.7294687973981308,BonFilm
-1.8393980621762196,-0.954186010106378,BonFilm
-1.0708564393452205,-1.6226758997325172,BonFilm
0.16694302926438734,-0.16130434721027717,MauvaisFilm
0.1731060959026793,-0.44335865771476607,MauvaisFilm
-0.9660038806745688,0.3164099262847999,BonFilm
-0.2773190921294881,0.31112769192478673,MauvaisFilm
0.7595558573138895,-0.42916093419052503,BonFilm
0.26601356643548607,0.17113304188020947,MauvaisFilm
0.19361920154933088,-0.599948174764404,MauvaisFilm
-1.0643034050158624,-0.38632447800173464,BonFilm
-0.6972511841125963,-2.915586282415892,BonFilm
-0.45133421668026935,-0.6973720029034421,BonFilm
0.3797226413469625,0.06278999293010623,MauvaisFilm
0.2554958195997204,0.45915241253632066,MauvaisFilm
0.5644564125158821,-1.00256815737533,BonFilm
0.030499864342540654,-1.3145185804368362,BonFilm
0.33380120153965714,-0.3379535801011211,MauvaisFilm
-0.7687248665229723,-0.10327496585108063,BonFilm
-0.8115554124551498,-0.1431619013750252,BonFilm
0.5514602233217976,-0.40061051964700006,MauvaisFilm
-0.8495836064211744,1.3784590035515463,BonFilm
0.09349004372178353,-0.9780625919098838,BonFilm
0.5910553416172369,1.038973256066833,BonFilm
-1.2416095431041911,-0.046986863858745315,BonFilm
-0.4380352176204518,0.6244918764802023,BonFilm
0.7929560915623894,-0.8119594283353851,BonFilm
-1.0169172367703359,0.21408787696465906,BonFilm
-0.37520375814445295,2.019710903110265,BonFilm
1.8510976843672255,1.9286872646666524,BonFilm
-0.2033511194230083,-0.32748584291010874,MauvaisFilm
0.0761620189114941,1.5249779320915464,BonFilm
0.2005137108888748,0.03584302733021716,MauvaisFilm
-0.3007036421673803,1.8321242080167173,BonFilm
-1.6680185443803135,-0.2033931408118359,BonFilm
-0.7444338853892564,0.9911378830305416,BonFilm
-0.5231410925425365,-2.0357546840773804,BonFilm
1.833967560123112,-0.09848822653829795,BonFilm
-0.28520362526172877,-0.4735587299868384,MauvaisFilm
1.1992013948283398,1.3371028309603974,BonFilm
1.7612846673867426,-0.08325347466812101,BonFilm
2.443674656062927,0.8117127222058569,BonFilm
0.4984669277118374,-1.8351580794036746,BonFilm
-0.08997766051699287,0.0009773258907117789,MauvaisFilm
-0.6350860683102466,-1.2012223819832792,BonFilm
-1.2506528697473993,-0.3038440757200156,BonFilm
0.6303392764353272,-0.43151841303180044,BonFilm
0.6152863433963882,0.8413755078749191,BonFilm
-0.35958263958546827,0.4243110293734648,MauvaisFilm
0.10695224223740855,-0.06246288750939823,MauvaisFilm
0.2964967085604087,1.8699414923105118,BonFilm
0.42902290339738575,-1.579856927336242,BonFilm
-1.6641300810802873,-0.8517739624388183,BonFilm
-1.04932964925428,-1.3167699838055835,BonFilm
-1.0279282053894543,0.10026986110487834,BonFilm
0.7918118295266483,0.5864751268553453,BonFilm
-0.982098995033833,0.0785517961361032,BonFilm
0.8569048062239392,0.775195655244001,BonFilm
0.31136606374647957,1.0354762223608833,BonFilm
-0.4408293677357964,1.3781537107221027,BonFilm
-0.8980552442928076,-0.5830226821229262,BonFilm
-0.29594311192495587,0.4800119237614042,MauvaisFilm
1.6122306022911201,0.44438559151261847,BonFilm
0.188780635720334,0.5316193416896032,MauvaisFilm
-0.12270211338483959,0.04140767779768288,MauvaisFilm
1.0777926195867902,1.4269807086778297,BonFilm
0.4426949448042964,-0.5797089421955484,BonFilm
-0.19273562640334682,-1.7985227506657275,BonFilm
0.5549842182943661,-0.3341486326264997,MauvaisFilm
-0.024501538194374357,0.5688665396950039,MauvaisFilm
0.8556490569055953,0.42131509905118475,BonFilm
-0.29639565947852475,-0.9959673526831708,BonFilm
0.49745327107036424,-0.14182474123856478,MauvaisFilm
0.4220325316196549,-0.24643279101573148,MauvaisFilm
-0.5460018416806878,1.3842422062010433,BonFilm
2.2784283910859977,-0.5348245520021022,BonFilm
-1.3805620824085312,0.6757252609119,BonFilm
-1.8983535049512654,-0.2543152391780717,BonFilm
0.6299840921096466,0.21901421196463017,MauvaisFilm
1.2888182417780016,-0.526898151948089,BonFilm
-1.5402183620895031,1.1304605218175203,BonFilm
-1.546543736128144,0.12799789696994326,BonFilm
0.9229143555999936,-1.200790478961614,BonFilm
-0.8437009792220675,0.6457736779457204,BonFilm
0.07920260281029873,-1.066274861284445,BonFilm
0.6444318479271749,2.290468071569426,BonFilm
0.09687998776900404,-1.5184819162959637,BonFilm
1.0813255570926448,0.8914597171931619,BonFilm
-2.123563006042498,0.6463573821533182,BonFilm
0.26134307021184305,0.5104179802481084,MauvaisFilm
-0.4813762511114948,0.3151400345348456,MauvaisFilm
-0.4136409935887738,-1.0237187247297572,BonFilm
0.46924522652700135,1.9801462924724655,BonFilm
-0.08143591656185252,-1.4377043949825064,BonFilm
0.4122915318548533,0.2745204289394766,MauvaisFilm
-0.3470083854078866,0.4902802676810039,MauvaisFilm
1.554212534832293,-0.516499086519566,BonFilm
0.20983094476451145,0.9278979964774675,BonFilm
1.3155296466515933,1.043613654220154,BonFilm
-0.4883368841103178,-0.971010093575816,BonFilm
0.3223906533823111,-0.9136959756236948,BonFilm
-1.0731266929881684,2.3986706188571882,BonFilm
1.3267946279556946,2.416135669806493,BonFilm
0.20180390011906127,-0.08750774405258631,MauvaisFilm
1.3614143247061112,0.2475650111268095,BonFilm
0.24276246887337674,0.17133128634537168,MauvaisFilm
1.8037529932894931,-0.830225125669058,BonFilm
2.3980717585741136,0.15891789449195667,BonFilm
-1.6269931092822365,-0.5254857854499345,BonFilm
-0.11445642372038092,0.5751240601356387,MauvaisFilm
-0.94691141798182,-1.6740905994387985,BonFilm
-0.2701771154840732,0.0004869512286657655,MauvaisFilm
-0.46392383783099933,-0.020527432645855583,MauvaisFilm
-0.03979319158015139,0.711362698846834,BonFilm
0.1373463848315204,0.39691701574192034,MauvaisFilm
0.47646552962965555,0.37829864156161985,MauvaisFilm
0.6173008064903784,-0.7138149564684876,BonFilm
0.13321800892915464,-1.0272145501050758,BonFilm
-1.6301001658999237,-0.7645528330938344,BonFilm
-0.9862717549626179,1.7485322273165795,BonFilm
-0.42989989630478015,-0.7575087968893245,BonFilm
-0.08543997660932585,0.774730537177432,BonFilm
1.3745409016918506,-0.11798119494299893,BonFilm
0.6171689366120782,-1.201485772847865,BonFilm
-0.0360665545780424,0.7235244303235429,BonFilm
-0.6292055937548905,1.1428080857018148,BonFilm
0.995419954901007,-0.008390158792394308,BonFilm
0.4756837800426594,0.9112810587724888,BonFilm
-0.024738395733346474,0.5538764372447901,MauvaisFilm
0.963359092777082,1.159125251544456,BonFilm
-0.2908534716086052,0.0747164545086054,MauvaisFilm
-1.4426571907683654,1.1977902368410556,BonFilm
1.7198469155623686,1.1599273030851158,BonFilm
1.3003596378640279,-0.9625982591128766,BonFilm
0.5110430453141404,-0.8548928658681255,BonFilm
-1.1321514342565844,0.378358103102927,BonFilm
-0.31034999622980963,0.8837081769420876,BonFilm
-0.09512991840346705,0.2627920386876771,MauvaisFilm
-0.9883032870727531,-1.0684839429122894,BonFilm
-0.15852799124012146,0.22867504186394833,MauvaisFilm
0.49872535295019005,1.4110840787465846,BonFilm
0.3092142999744925,1.2910593579253735,BonFilm
-0.8938341041959944,-0.2778334192449166,BonFilm
1.5761036606627583,0.04699143879690586,BonFilm
-1.200183902311866,0.5355479160695866,BonFilm
0.5819021696937606,-0.8531715428005981,BonFilm
-1.752738838613194,0.5536176494962183,BonFilm
-1.0846862790743683,-1.7760880944403064,BonFilm
-0.1314307210864339,-2.282700769322282,BonFilm
0.5642706540609578,0.23730365777723564,MauvaisFilm
-0.17591411319344413,1.4404342062152748,BonFilm
0.30850087136384363,0.14492425580500556,MauvaisFilm
0.1685684832960591,0.7499871127682386,BonFilm
0.0893542977103812,0.20474403895990226,MauvaisFilm
0.3439899323836554,1.3646843773462458,BonFilm
1.3964650088460189,0.3159883703525651,BonFilm
-0.5176023705131172,-0.06006800032811618,MauvaisFilm
0.13706022069638507,0.8465308179278263,BonFilm
-0.22440600445222558,-0.4845619145741323,MauvaisFilm
1.3399988232124507,-1.6271342591294644,BonFilm
-0.1388959073621852,-0.8985205879296385,BonFilm
-1.374034539098954,-1.2073890754854006,BonFilm
0.9698839454334982,-0.7976773857736452,BonFilm
-0.3529422785828945,-0.010996588452925895,MauvaisFilm
-0.2924213398125496,-0.4123019489152126,MauvaisFilm
0.7014447873843199,-0.4633279154031726,BonFilm
0.7507406330755506,-1.256277802603604,BonFilm
-0.658067847648178,0.8280634402988816,BonFilm
0.7083819302883613,-2.125734516724864,BonFilm
0.296130348305289,0.6349130994621219,MauvaisFilm
-0.9318155137229961,-1.0184765777482239,BonFilm
0.9122770363889251,0.33738749173136473,BonFilm
-2.5674920269965273,2.2528465357575818,BonFilm
1.8425219266385267,1.3299509457557182,BonFilm
0.7810827154259486,-0.4328188985405244,BonFilm
2.8098510597217574,0.2754055645223337,BonFilm
-0.43178206602596253,0.8412621380708669,BonFilm
-1.668215985049993,0.414256867194385,BonFilm
1.15860524312779,-0.558804130877887,BonFilm
-0.2346199608954518,0.09331606110031954,MauvaisFilm
-0.7226440870660427,-0.01205020900350535,BonFilm
0.4404321000580966,-1.2988613575203931,BonFilm
-1.6199599373737905,-0.3810233817038066,BonFilm
-2.357680350906324,0.4125367039782065,BonFilm
0.5692255195876669,-1.4792532069879385,BonFilm
-0.3130676582065801,0.4772231758956638,MauvaisFilm
-0.9011924822748848,-0.6358050503856131,BonFilm
-0.4218901107504278,-1.2904965853332524,BonFilm
-0.06451332573486193,-0.6846977423457044,MauvaisFilm
0.29535929683502044,0.053068155446540075,MauvaisFilm
0.6214008208711821,-0.9277242359639143,BonFilm
0.6544384890363135,-0.3847551756381854,BonFilm
1.1906699006824653,1.05468234758617,BonFilm
0.6981150273116858,1.1166712768097542,BonFilm
1.6939662679054726,0.15823922595714987,BonFilm
-0.027286075180309642,0.3877882708713579,MauvaisFilm
0.6146134973212467,-0.7142748007895419,BonFilm
0.7115642415379435,0.08049678024308461,BonFilm
0.3220436183597216,0.1262888397943038,MauvaisFilm
-2.656433635521951,1.2568557704372374,BonFilm
-0.7974268064458794,0.12254551595615834,BonFilm
1.1397264833345717,-2.5541203402964485,BonFilm
-0.0067156259908218155,-0.07836683396452401,MauvaisFilm
0.1466803041775326,1.8782081691768098,BonFilm
0.991466354482491,-1.070155074015017,BonFilm
0.07989214726860631,-0.7119384230633601,BonFilm
1.2153072974231631,0.1582569830724418,BonFilm
-0.020159191902884465,1.2848790982035716,BonFilm
0.8949392913809852,-0.6706938326448985,BonFilm
-1.0852548333452756,1.4925313466975512,BonFilm
0.4425161317053849,-2.13059187082857,BonFilm
1.0300577392855534,-2.5111375334325863,BonFilm
-0.23641863802730229,-0.6191922241145271,MauvaisFilm
0.5168671507498912,0.1677166454311561,MauvaisFilm
-0.2322685891047979,2.0477326901278694,BonFilm
-0.03367312439802691,0.9699402418154296,BonFilm
-0.3046794735895101,-0.3939522507136288,MauvaisFilm
-1.3412928746504997,2.1045627807294167,BonFilm
0.5914396846136052,-0.9384044855455669,BonFilm
-0.1015630963602046,-2.2318444843752396,BonFilm
0.44670593674893333,1.0799392219864554,BonFilm
-0.3808626389093886,0.8824155095670935,BonFilm
-0.8309410446561126,-0.47388948686216936,BonFilm
-0.5968837681166087,-1.1415969350674031,BonFilm
-0.4513121011681915,-1.4670024007971516,BonFilm
0.27261245125079436,0.7934975839280719,BonFilm
1.2632128297878906,0.29471405015874846,BonFilm
1.3410450138648324,-0.08980735006192272,BonFilm
-2.300263381936445,-2.0957977199854936,BonFilm
0.9581761088454926,0.8210807357846733,BonFilm
-0.09912356708959122,1.1354744545304583,BonFilm
0.8603553018699298,1.9382141650818239,BonFilm
0.24706107500960447,1.6957888269840093,BonFilm
-1.0235624474168759,0.27900166418942085,BonFilm
-2.339812733064073,-0.7645521840058324,BonFilm
-0.29385061632803144,-1.0256800323312947,BonFilm
-0.9839529658860745,0.30411356294189545,BonFilm
0.13069163380474538,1.0734285552873783,BonFilm
-0.5803858205588963,2.0431687207099674,BonFilm
-0.8514823958441314,0.35053536108055094,BonFilm
-0.423607417196471,-0.30559754280803636,MauvaisFilm
-1.0979454160050557,0.8149465957846952,BonFilm
-2.270685350672487,-1.1303581458032919,BonFilm
0.5511227873633605,-0.2875521787882748,MauvaisFilm
1.3075579137716646,1.4417735889808863,BonFilm
0.7540310362179409,-0.31094637391424257,BonFilm
-0.5031169002853058,0.3336743699605239,MauvaisFilm
-0.6892385971429307,0.22102865468171995,BonFilm
-0.7778691536091635,-1.5041863438875174,BonFilm
0.6271004437855096,-0.5299929977390362,BonFilm
0.45430279171456467,-0.08424054186922825,MauvaisFilm
-1.4534666335868032,1.265631133424601,BonFilm
-0.17048548085287368,-1.262178545282702,BonFilm
1.8308457457901415,-0.3755166927556784,BonFilm
1.9930955776371142,-0.5656552059708502,BonFilm
1.9459543205114387,1.352084130653806,BonFilm
-0.9799854269493802,-0.03169561008451129,BonFilm
0.2465082505893022,-0.9222382983613977,BonFilm
0.14272917753632502,-0.5776293059391457,MauvaisFilm
0.8804827734701429,0.7236950794279622,BonFilm
1.337912075312637,-0.9857965521584955,BonFilm
-1.552774134454767,2.3679265016870623,BonFilm
-0.4003847570859873,0.1687050503279062,MauvaisFilm
-1.5555339725963127,-0.35051510595547153,BonFilm
-0.20072398458974217,-0.33370499215659505,MauvaisFilm
1.582603472006076,0.3209226830035514,BonFilm
0.7676834839540573,0.5525335103174077,BonFilm
-0.16590171924010963,1.3117166237079871,BonFilm
0.3481271800037926,-0.6717567853673565,BonFilm
-2.2485266177836105,-0.8731327604299964,BonFilm
0.8837089389717436,0.6884964130072541,BonFilm
-0.40572916557939764,-0.23656266786716185,MauvaisFilm
-0.7226665767225816,1.2286064709306759,BonFilm
-1.211712115749417,0.5978962120734187,BonFilm
-0.10485752147102662,-0.020983063801283116,MauvaisFilm
1.6865824244737193,0.9384192267837873,BonFilm
-0.8808285777884846,-0.7815358469985144,BonFilm
-0.7435586090789804,1.1373239642348751,BonFilm
-0.012098871844973224,-0.33720261397285844,MauvaisFilm
0.3311820953304768,0.6687148297286307,BonFilm
0.3802330297337667,1.556542569229474,BonFilm
-0.5373798436181147,0.04176004405124658,MauvaisFilm
-1.602569985604071,0.5964582673629816,BonFilm
-0.28704268780052095,0.31919023907504407,MauvaisFilm
0.4264887575720909,0.7067299647217652,BonFilm
-1.9000233991103757,1.2846204241095445,BonFilm
0.17860232304172483,-0.9814882837948722,BonFilm
-0.8077573349800226,-0.2663470713467364,BonFilm
-0.4195725386468112,-0.2596306221021192,MauvaisFilm
-0.24239472435403012,-0.6478751717114855,MauvaisFilm
0.04598207026748052,0.3936602046559504,MauvaisFilm
0.731798400221517,0.5441941432939699,BonFilm
1.1802355070977875,-0.37119706470999647,BonFilm
0.8809694876729325,0.012236620539904295,BonFilm
0.6493217538332395,0.5270883188469427,BonFilm
0.9220256684906928,0.49666745244532884,BonFilm
0.25210886504952623,1.0689571863609484,BonFilm
0.2861604068049954,0.23907204304662777,MauvaisFilm
0.19650765491438632,0.13067372547782366,MauvaisFilm
0.47909714905438083,-1.2819791899708533,BonFilm
0.0074199163932670955,-0.10048496406393644,MauvaisFilm
0.5118517363742715,0.5482299400883057,BonFilm
-1.8512471065125056,-1.263043851906138,BonFilm
-0.24784757512908343,1.1088176069160594,BonFilm
1.072979017807443,0.5902169292729893,BonFilm
0.6024282039466671,-1.3103941641476022,BonFilm
-0.24189110877273887,-1.4722905577311063,BonFilm
0.628682086690271,0.033335913788346924,MauvaisFilm
0.9077518943167672,0.5970754726630594,BonFilm
0.586093832740812,-0.7132083698056313,BonFilm
-0.8076973890975113,-3.071278925920598,BonFilm
1.2771928515131417,0.8397286184186927,BonFilm
-0.8219157340490838,-0.8341105781942467,BonFilm
-0.423224846734058,1.734308074619885,BonFilm
0.7889189413442619,-2.351538085540325,BonFilm
0.6780856739089492,0.26774277745099867,BonFilm
-0.18924688218751903,-0.20938771266398576,MauvaisFilm
0.2619131724866375,-0.2857562465470792,MauvaisFilm
0.28459329728855837,0.011344133016990847,MauvaisFilm
0.5189357547623711,-1.2680855536323483,BonFilm
-0.7268371587213265,1.443416469114195,BonFilm
-0.14097386712473406,-0.6404173294066237,MauvaisFilm
-0.09392247259863046,-1.520334654649367,BonFilm
1.2065103921492193,-0.8014710086821027,BonFilm
0.31703866472995185,0.28853868412727607,MauvaisFilm
0.40688186222564476,1.6117436725803147,BonFilm
0.5257493340834101,0.8100201762888946,BonFilm
0.3556430332823208,0.08872510538784101,MauvaisFilm
-0.2925105850072502,0.22490209929121313,MauvaisFilm
0.3925439100918864,-0.3745865102075978,MauvaisFilm
-1.2775573650173542,-1.0630730008897085,BonFilm
-2.1654839922425926,-1.0495173594491183,BonFilm
-0.3525257622484107,0.3091484809173569,MauvaisFilm
-2.1563812209510123,-1.4357443268926287,BonFilm
-1.4384470510841756,0.7689902175979927,BonFilm
-0.7963891415720465,-0.20699734834970754,BonFilm
-0.596746586352252,2.030187288870693,BonFilm
-0.45769389114145875,1.2604802978690208,BonFilm
0.42618415627573836,1.293497685708572,BonFilm
0.42240412523843623,0.6361843811112639,BonFilm
0.1459789156186993,-0.4811756029490306,MauvaisFilm
0.5871822200642453,-0.2640101541080263,MauvaisFilm
1.0067046428277222,-0.11617475240232153,BonFilm
0.18372513098034396,-1.6623715425285681,BonFilm
0.6222714916823477,0.40313301368359494,BonFilm
0.6792644202156836,-0.4187961008801788,BonFilm
0.7841502551833117,0.3315101651812141,BonFilm
1.1720990655173273,0.03092811013270077,BonFilm
-0.7979130597069862,0.29137882192290215,BonFilm
0.019758206579139546,-1.5790598727953715,BonFilm
0.5702266409914819,-1.7694895869013305,BonFilm
-0.37055132791899,-0.9254370571487593,BonFilm
0.8366111954310933,0.8838134487175777,BonFilm
-1.4008692479993046,0.7478065189722088,BonFilm
-0.09558902493008348,-0.6763666914851372,MauvaisFilm
0.20250556575209197,0.22941488503458682,MauvaisFilm
-0.42604770719063,0.7545532708111975,BonFilm
-0.14594691566236434,0.6673759739857038,MauvaisFilm
-0.7285134526380985,0.4264512968779261,BonFilm
0.21059072187453812,0.3169724456973119,MauvaisFilm
0.4969506698160324,0.6105952219905649,BonFilm
1.3445934288798733,-0.08944527680001826,BonFilm
-0.06311871845721972,-0.37342057887190544,MauvaisFilm
1.6694510524153559,2.174644744148119,BonFilm
-2.1361799226882674,-0.8135662420491423,BonFilm
-0.2948585017205001,-0.17397106272617793,MauvaisFilm
0.5271940843582507,0.5148061495133103,BonFilm
0.5919633598486986,-1.1192201994612152,BonFilm
-0.6872806228808855,-0.20517057189584417,BonFilm
1.2624230214506447,0.7761536343795915,BonFilm
0.6951105290334113,0.7064001640678607,BonFilm
-0.5185950455988863,-0.3771625747053385,MauvaisFilm
-0.9098483733927835,-0.30917265866668864,BonFilm
-0.1712836882542874,-1.405594036407911,BonFilm
-1.7411661072494742,-1.5147892732691735,BonFilm
0.10657048435116558,-1.6355235477316514,BonFilm
0.5288708881551856,0.016621918561599773,MauvaisFilm
0.46880484164514546,0.5837183451384524,BonFilm
1.0870063931053615,-0.6621452397076171,BonFilm
-0.8972590094523551,2.4967729469514617,BonFilm
0.8704935714022123,-0.601644551983806,BonFilm
0.805636154699739,1.4716230299879145,BonFilm
0.11906442504351482,-0.37576789040375025,MauvaisFilm
-0.909061068025422,0.3794229756818762,BonFilm
0.44759407855699584,-0.28767022299521444,MauvaisFilm
0.010444873009434247,0.1842423898310626,MauvaisFilm
-0.1274469716364077,-0.9692110949910859,BonFilm
0.2973177379730844,1.0081694310192697,BonFilm
0.6816041799929852,0.018261627981339096,MauvaisFilm
1.7905453463367071,1.3292774763292867,BonFilm
-1.1119896828437845,-0.30080452408124786,BonFilm
-0.26436903199585576,-1.420957625367597,BonFilm
0.004977865977235785,-0.46610751705041703,MauvaisFilm
-0.9873131149281493,-0.23812202586384337,BonFilm
0.26091743576436593,-1.0098684990431104,BonFilm
0.8916677611968311,-1.2807801157148144,BonFilm
-0.04253094418327703,-0.23843385701996775,MauvaisFilm
-0.04737624615680423,-1.4120408227086196,BonFilm
1.2505292887575543,0.13713388734548124,BonFilm
0.7112275843258837,-0.1212833604692981,BonFilm
-0.1428058961941049,-0.7605606170943865,BonFilm
-0.6710203812054069,-1.7005432084649552,BonFilm
-1.9723801981372464,0.21091377977195921,BonFilm
-0.2170858193007696,1.4528100293340063,BonFilm
-0.6251485777900151,-1.4185707604946474,BonFilm
-0.7466096135438149,0.8427694805283333,BonFilm
-1.4243502718560976,-1.129786648673262,BonFilm
0.02950038522437633,-0.024675524673638732,MauvaisFilm
-0.37857320619335183,-0.2385804036347046,MauvaisFilm
1.2482064660372927,0.6210830566083317,BonFilm
-0.6604178684027704,0.6424678628977086,BonFilm
0.2869582321058401,-1.2859291262865475,BonFilm
1.138555038803824,2.115951951578975,BonFilm
-1.4921543403498936,-0.391272122044619,BonFilm
0.2954939661691182,0.06818169820715442,MauvaisFilm
-2.224696644688209,-1.3607818414970416,BonFilm
-2.025064264190522,0.11378303959753015,BonFilm
1.3715213010882845,1.4444379725915981,BonFilm
1.4463317012613335,-1.0236692185370944,BonFilm
-0.7312720833536182,-2.937999332235778,BonFilm
-0.9441832644142893,-0.8975501838104872,BonFilm
-0.4816031285709892,0.16103624812194292,MauvaisFilm
-0.22152286901323168,0.48146131377406737,MauvaisFilm
-0.5751893374999971,1.219709490872324,BonFilm
0.2424802063617391,-0.6291096721627618,MauvaisFilm
0.5382143461762997,0.3787380396766301,MauvaisFilm
0.06415441610468028,-0.4576473965000293,MauvaisFilm
-0.3512700417742754,-0.7216330336104795,BonFilm
-0.24216396752829933,-0.4168192462481163,MauvaisFilm
0.0731883999776747,0.3653950048258178,MauvaisFilm
-0.5860290629321568,1.0152295272032479,BonFilm
-0.6505269806549814,1.0747611197053104,BonFilm
2.4245646351493835,0.2662295224940051,BonFilm
0.5562573752608095,-0.5828157319430758,BonFilm
-0.15284476153033286,-1.7005421195918244,BonFilm
0.6833525420964813,-0.06187627582144018,MauvaisFilm
-0.16299670260508947,-2.2750799818248786,BonFilm
1.3538583116556098,-0.3770557973101323,BonFilm
0.04258810883630603,-0.9340785627977948,BonFilm
1.0512758163196112,1.00391882996386,BonFilm
-0.6936307970124214,-0.9004653318178265,BonFilm
-0.5927364389320222,0.007040839538658761,MauvaisFilm
0.3865615053470869,1.0300502179242201,BonFilm
-0.6046974144917204,1.057222862842207,BonFilm
0.3473554418831285,0.7752883735064044,BonFilm
0.5782742284193548,-0.04372956097472371,MauvaisFilm
-0.5094780000508081,0.483525669965392,MauvaisFilm
-0.9319209207118025,0.6545692680457224,BonFilm
-1.3314846635128967,0.6847250035655966,BonFilm
-0.4350057549570583,0.15331068395316352,MauvaisFilm
0.10276696028507144,-0.8373373484229552,BonFilm
-0.40229066931126406,-0.23754856353663498,MauvaisFilm
1.7491875648504773,2.0830205695403503,BonFilm
-0.8317745814933061,0.5921247535326394,BonFilm
1.472884020094796,0.6910547301647951,BonFilm
-0.7238397910774863,-1.3363790809370668,BonFilm
-0.0583667912555002,0.07031329595736892,MauvaisFilm
0.08355671162793407,1.1191970467478392,BonFilm
-1.7292715063349022,1.4658321809034516,BonFilm
0.5214906163794878,0.6877254474254779,BonFilm
-0.6420578422596924,-1.4302493379492078,BonFilm
-0.0584594298756542,1.5125873232589704,BonFilm
-0.6796119406026185,0.3621857904241774,BonFilm
0.10825024338342233,-0.8777559137946404,BonFilm
1.81870018888548,-1.0981182352690009,BonFilm
0.6636618929694158,0.3598628883895784,BonFilm
-1.7261014152654324,-0.6288626514820501,BonFilm
-0.8768966275839997,0.93504856140867,BonFilm
1.0581897808784262,1.6476576465250115,BonFilm
-1.6610963770159661,0.11181728432769986,BonFilm
0.607867728191471,-1.2936300252770696,BonFilm
0.8128930551156915,-1.2161100024631137,BonFilm
1.4251013466180504,-1.5452693907113901,BonFilm
0.41690006310367433,0.93238879494182,BonFilm
0.6146695598499119,-1.1589852586189027,BonFilm
-0.3916748398977131,-1.1406098184424478,BonFilm
0.39821115710916005,1.164129263741043,BonFilm
1.0322353448521573,-0.6057865842179091,BonFilm
1.652910490726391,-0.33781437196697695,BonFilm
1.1093407357983018,-1.7376062540424362,BonFilm
0.08726728669457932,-0.7625957955841793,BonFilm
0.25848777131024714,0.8185183618033567,BonFilm
0.49620237490850316,0.4684263634412596,MauvaisFilm
0.0989756068750429,-0.6232894803371959,MauvaisFilm
1.2307356243115863,0.7551166559404138,BonFilm
-1.0062188077774015,0.01781411424275537,BonFilm
1.2647730632680818,0.9361553221535573,BonFilm
0.9640965904616265,0.5537691951189734,BonFilm
-1.2713026059030177,0.47931503090250516,BonFilm
1.2589266944184054,-0.6779807496511238,BonFilm
-0.17272338513794244,-0.8028169600318734,BonFilm
1.2573537591890365,-1.4664701459465872,BonFilm
2.2872913034463958,1.1912416162096784,BonFilm
-0.3497666851232511,0.10985740490499671,MauvaisFilm
-0.6632409496880156,-0.00014740356286109998,MauvaisFilm
-0.378061531700907,0.3864121986474725,MauvaisFilm
0.7376836097668112,-0.3847794923865072,BonFilm
-0.4262303564189598,-0.04670349995934247,MauvaisFilm
-0.22814930817899087,0.17607771222596086,MauvaisFilm
-0.8891187568118815,-1.6935115094824744,BonFilm
-1.504042087220422,-0.7685328006693097,BonFilm
-0.2121739683227616,1.6651933259160088,BonFilm
1.018564058582608,0.6735890281462534,BonFilm
0.43590753865192783,0.4797032138591526,MauvaisFilm
-0.5285007768176132,0.6452148819843752,BonFilm
-1.5754341166921486,0.6238347838309811,BonFilm
-1.1527749458634733,0.8818211430869218,BonFilm
-0.9064590608926539,0.3496523573150449,BonFilm
0.5505214523218991,0.8690902561164799,BonFilm
-0.5573767319963568,-0.6124451121771973,BonFilm
-0.4169301673174557,1.8609003785490634,BonFilm
0.26153267360624255,1.2022699183636227,BonFilm
-0.25961407644135653,1.621284328822201,BonFilm
0.5594880260651167,-0.6511833002521611,BonFilm
-0.28802115963057784,-2.2771548126593184,BonFilm
-1.1583554847928714,-0.9541864987463191,BonFilm
0.18237171576433903,0.07391803282683772,MauvaisFilm
-0.6627219266170141,2.81778564193337,BonFilm
-0.7882876570862335,-0.8893345864514816,BonFilm
0.5940556440834416,1.1381040239393867,BonFilm
-0.8035511518539946,1.4578891436272712,BonFilm
-1.4955664602299763,0.2920292530940531,BonFilm
-0.14279741044525293,0.31527197992105704,MauvaisFilm
0.913440708927634,1.1543747762998597,BonFilm
0.7705279758031441,1.2034972597906233,BonFilm
0.850987105004663,0.5529933718469809,BonFilm
-0.537531891709762,-0.42698413416419545,MauvaisFilm
-1.157646478637671,0.5557726727757837,BonFilm
-0.36460968104424657,0.34810484617182647,MauvaisFilm
0.17634402889244355,1.1725718990225258,BonFilm
0.668893637973269,2.146220551595215,BonFilm
0.7830111153437135,-0.3888761345445624,BonFilm
0.3649367985516133,0.39063132357257874,MauvaisFilm
-2.053343270890097,0.4165581100548809,BonFilm
0.3936466284220549,-1.4817494414975643,BonFilm
-0.16010749600821886,0.33662167617351324,MauvaisFilm
-0.3028026572410985,1.1243377932919314,BonFilm
0.2170696597505168,1.1268232268666587,BonFilm
-0.5948500029034985,1.1235208414781708,BonFilm
0.8143687895568532,-1.1831255404884717,BonFilm
-0.3351224463747853,0.8098448532736354,BonFilm
-0.26821915328696544,-1.5662840723143867,BonFilm
2.0578010416524584,-0.7792799149147104,BonFilm
-0.28398336919494244,1.4237554688088476,BonFilm
0.9150623075221719,1.304900760867828,BonFilm
-0.564646657175579,-1.9952761392453129,BonFilm
0.28321633129736445,0.18970202798644206,MauvaisFilm
-1.0137676257816333,0.6858127399845761,BonFilm
-0.5128299019577085,-0.11178990873664355,MauvaisFilm
0.40737383949987055,-1.2139721462325623,BonFilm
-0.5280481997516778,-2.1004962852355056,BonFilm
0.6463137580745066,0.605694589005848,BonFilm
0.46194864160755633,-0.6404302074021243,BonFilm
0.9246420071625345,-1.323695195884328,BonFilm
1.4796053025203582,0.1138121603178698,BonFilm
-1.939582311215349,-0.06546878453301251,BonFilm
-2.021540839901221,-0.6835975393293476,BonFilm
0.618368534550186,-0.3251447975218093,MauvaisFilm
-0.8512256152782786,-0.47304573384515436,BonFilm
-2.5310186734794486,-0.3152686263593011,BonFilm
-0.7167893920687753,0.3801499776046982,BonFilm
-0.22705246746333985,0.6743497697302488,BonFilm
-1.1342229266275472,0.5565097801346237,BonFilm
0.7948563060009828,1.0486045000589135,BonFilm
1.2568879600280358,-0.9132253429284243,BonFilm
-0.8572579272618243,0.4855917492832545,BonFilm
0.39706775944201433,-1.3488424200518538,BonFilm
0.8273976500576004,-0.9341411534636765,BonFilm
0.8799044981016103,1.8374879728446347,BonFilm
-0.04674961458461523,1.6420348922497197,BonFilm
1.1335877949838065,0.31030610879852094,BonFilm
-1.0961980084557603,-0.13276695972201288,BonFilm
-1.5630979531055074,1.1449732542327158,BonFilm
1.8324458946458333,0.6359547499716852,BonFilm
1.9884242874593734,-1.6238207837864735,BonFilm
-1.2337015546261536,0.026919334040232445,BonFilm
-0.19707758142685694,0.5216864013507359,MauvaisFilm
-0.7186373072573516,0.4951264421880021,BonFilm
0.6289801356595476,-0.5489245952611282,BonFilm
-0.3929455433151978,0.02520923526795491,MauvaisFilm
0.8014808051713055,-0.6425718450248817,BonFilm
-3.072480053824341,-1.0784589217247984,BonFilm
1.1819670746213362,-0.8378465233963966,BonFilm
-0.11956575259346412,-0.43173446355681777,MauvaisFilm
-0.8954658149204834,-0.1652338123803745,BonFilm
0.9373151474552492,-1.1978088738966248,BonFilm
0.23865725558302753,0.7131065737252746,BonFilm
-1.165315251255406,0.12391641491046702,BonFilm
-1.0799813290279885,-0.5119705745926733,BonFilm
0.42412206108304695,-1.4522157234304582,BonFilm
0.24149529315446605,0.655559665460956,MauvaisFilm
0.04608395139544972,-0.3237824624637979,MauvaisFilm
-0.387735472890706,1.4194131321599173,BonFilm
-0.5112014920497864,0.09918570982711268,MauvaisFilm
0.18470039358663945,0.4524106400703081,MauvaisFilm
0.4675616942438708,-2.70482763479727,BonFilm
-1.471920986164381,-0.21595194739920406,BonFilm
0.04426658256315811,2.057355079731851,BonFilm
-1.4613173921564617,-0.3635117916001736,BonFilm
-0.18032260963437635,-0.9232883790209349,BonFilm
0.3766641718666744,0.3976289900160363,MauvaisFilm
0.3686501002184402,-0.0009301548718739897,MauvaisFilm
0.8110658503011512,1.1928670812104667,BonFilm
-1.338565194287433,0.8964008740945189,BonFilm
-0.7368441152179857,-1.338658408880426,BonFilm
-0.3841817070149898,0.23106051973661448,MauvaisFilm
1.6689574639386353,0.6679279143476544,BonFilm
-1.214950945851122,-0.6484146513177104,BonFilm
0.4818221065477975,1.431727855893464,BonFilm
-0.4143576992417489,1.0436016210214847,BonFilm
0.24795392411110045,-2.4585738536626467,BonFilm
1.0608725026121877,-0.5079124215124932,BonFilm
-0.4784151273073521,0.830805969155513,BonFilm
0.6965191678794521,-0.6855145518974808,BonFilm
-0.8855773339438346,-0.19862575575710797,BonFilm
-0.7635554663031785,0.8456482399656824,BonFilm
1.068495654209209,-0.037084979719708186,BonFilm
-0.9578822734366138,-0.600982169106707,BonFilm
-0.605938845716662,0.13526981770598656,MauvaisFilm
0.642881518706241,-1.7180705276822992,BonFilm
0.3174605430815179,-0.3469409639144687,MauvaisFilm
-0.8665283600746815,0.42045958325037613,BonFilm
-1.08771528488589,-1.226543272534385,BonFilm
-1.405683985680402,0.9852890290770617,BonFilm
-0.5172974379569509,-0.9509641375868055,BonFilm
0.44824347384530533,-1.9399299312463563,BonFilm
0.10218753291922024,0.3457946123843534,MauvaisFilm
-1.1061728450330004,-1.1638988155812982,BonFilm
-0.40066462518376966,-1.0369201523580787,BonFilm
0.8601655739470448,-0.12876946818500012,BonFilm
-0.4010018055172195,0.95796585630954,BonFilm
1.0284811079695764,-0.8901901700763186,BonFilm
-0.08621150514604599,-0.7786405751202649,BonFilm
-1.494606678430611,-0.32309712918217576,BonFilm
-0.4626549310771324,-0.6903300617153755,BonFilm
-1.0738724067924341,0.6897937596198377,BonFilm
0.09668285755938529,-0.5910280568829828,MauvaisFilm
0.20967353091032268,0.351812348801044,MauvaisFilm
-0.6973297723279572,1.0952984284194693,BonFilm
0.9121758753496041,-0.48439601541290944,BonFilm
0.7218271152683976,0.15152572216197469,BonFilm
-0.0822314432218276,-0.6361473075015617,MauvaisFilm
0.36705182931820707,1.0068707602560127,BonFilm
0.5627900718812113,0.0009087423241460499,MauvaisFilm
-0.7674418969234319,-1.190406551149852,BonFilm
-0.2847378990595998,0.032944278910934634,MauvaisFilm
-0.07629346763762392,-0.030283133299493694,MauvaisFilm
0.021605822667835773,-0.1254333794705703,MauvaisFilm
1.171088935698115,0.2579772999550608,BonFilm
0.7927709959584667,0.8807044641488438,BonFilm
0.8876457660162611,-2.2006238298621903,BonFilm
-1.4114351100716915,0.5178397825301746,BonFilm
-0.17792598719062847,0.1674721398023658,MauvaisFilm
-1.7807475556850176,0.2915040156785435,BonFilm
0.22245363764800175,-2.124282565100143,BonFilm
-0.4170910153110208,0.4408249979683794,MauvaisFilm
-0.21006783440099183,2.124642499880198,BonFilm
-0.18597512637531552,0.42011654729259024,MauvaisFilm
-0.9222827780837277,-0.8110879668902674,BonFilm
-0.8415430638519578,-0.4590308123855243,BonFilm
0.5334612942088598,-0.2483591781056438,MauvaisFilm
-1.0848686330781236,1.0933348620227181,BonFilm
-0.19419999894826634,1.4849096381712383,BonFilm
-0.42464945406236654,0.04729381979100644,MauvaisFilm
1.5494927955645494,-0.841760529494914,BonFilm
-0.09543306535520898,-0.7280568441050467,BonFilm
-0.08213758989011061,-0.9911436116640847,BonFilm
-2.0798538132346067,1.8531355730154113,BonFilm
2.0408282527600843,-0.48174280802557234,BonFilm
0.5737873498752447,0.24934328576624426,MauvaisFilm
0.692395347961511,1.1999048180284624,BonFilm
-1.2981088750607703,-0.7362237996128144,BonFilm
-1.0211493853722657,0.213195556959846,BonFilm
-0.9282721787221139,-0.4929875747455717,BonFilm
0.7236572392061369,1.4900338007784928,BonFilm
0.15920713849806456,-0.15297908371517913,MauvaisFilm
0.8067208497267895,-0.1967163411914114,BonFilm
-1.6723947524576288,0.6681022248464709,BonFilm
-0.09703576242404366,0.433043504881848,MauvaisFilm
-0.13879459981152503,-0.021635275035026224,MauvaisFilm
-0.9078699511021652,-1.7689334379583108,BonFilm
1.1675321557736906,-1.9931315992882286,BonFilm
-0.6426497577498367,1.5592535291068044,BonFilm
-0.44223166308641726,0.10908775954014246,MauvaisFilm
1.6210357817336678,0.5894971505881559,BonFilm
-1.4651848607626132,-0.46638319603494804,BonFilm
-0.6413015528746724,0.06548017023282988,MauvaisFilm
-0.8388813087871354,0.5603465007524446,BonFilm
-0.838521425384669,0.15579736712495565,BonFilm
0.23591519102126376,-0.06012634206837623,MauvaisFilm
0.12940646660747013,1.718250708336595,BonFilm
0.5274433076809412,-0.2308112866724159,MauvaisFilm
-2.4052223384175804,-2.2814971783390714,BonFilm
1.4066906496343898,-0.6132500482937345,BonFilm
0.11860499229756981,-0.08860885261576247,MauvaisFilm
0.5323172220439901,0.15548848394311487,MauvaisFilm
-1.7203334701582622,1.2658433987175834,BonFilm
-1.2785596466703912,0.25603898999023506,BonFilm
-0.22558048575411935,-0.7387013164176204,BonFilm
0.14884678529109358,-0.45183034561503144,MauvaisFilm
-0.14234895609774512,-0.011123638010070765,MauvaisFilm
0.6948306637400989,-0.45081136160948093,BonFilm
0.00997029216424958,0.45395618721517483,MauvaisFilm
0.748747217705772,-1.2886606853062723,BonFilm
-0.14147740708813925,-0.16936672130148217,MauvaisFilm
0.25708744769608927,-0.8623289847065446,BonFilm
-0.28447538966133296,-0.08819782823482734,MauvaisFilm
0.5451320836155181,0.7706083152733145,BonFilm
-0.5875443770569982,0.3574583436758785,MauvaisFilm
0.9990097702882097,1.3866733838600167,BonFilm
1.1064843558461348,0.17370245964072958,BonFilm
-0.48909191891929954,-1.4769083660583269,BonFilm
-0.6845718155395087,0.24079570651815368,BonFilm
-0.34347716515783433,-1.3312676158333672,BonFilm
-0.47258260074245273,-0.943834303053947,BonFilm
1.9114794232262013,1.044647502825171,BonFilm
0.32322810865166707,-0.3646227968727316,MauvaisFilm
1.0444232718594135,0.807573841797658,BonFilm
0.14602434740184922,0.06657901400597618,MauvaisFilm
-0.8254634688849946,-1.0420765916246975,BonFilm
0.5404104058731407,0.026736094648160385,MauvaisFilm
-1.3917009812789725,-0.9337910090688242,BonFilm
-0.11856627929400736,0.7211692997931954,BonFilm
0.6277954950513562,0.5057815815296988,BonFilm
0.8211722439511544,-0.8965694257143886,BonFilm
0.14601454204165712,0.2273333196928564,MauvaisFilm
0.7404450380502443,-0.6730594100945946,BonFilm
-0.48126832933206637,0.46009886852400605,MauvaisFilm
0.2296621380812121,1.1343478449180058,BonFilm
0.7301353189993531,0.6316294780896329,BonFilm
0.6600814857869194,0.0567359904606513,MauvaisFilm
-1.3294881435766284,-1.1041983055856663,BonFilm
-0.07974013372861205,-0.7839915010488127,BonFilm
-0.458666032535547,-1.4390221619028696,BonFilm
1.3674817119285805,0.44112074768557874,BonFilm
-0.5225581892528125,-0.5292254738827498,BonFilm
0.19003767517952605,3.3822624106934036,BonFilm
-1.5067557826362523,-1.0957457580834757,BonFilm
2.0041155278194407,1.189673094543598,BonFilm
-1.305867375332892,2.1049770718441096,BonFilm
0.786923772326241,-0.45198227034271987,BonFilm
1.1664023719867387,-0.2370022389249289,BonFilm
-0.5660993820942753,1.7990426508379869,BonFilm
-1.0470053092090539,-0.20325748484450956,BonFilm
-0.464056706686174,-1.3944825333266382,BonFilm
-0.12160701216695889,-0.5777123534979693,MauvaisFilm
-0.6410081810288243,1.6553122736546946,BonFilm
1.2555805073008648,-0.985288133184847,BonFilm
1.491900816116703,-0.7283725679217973,BonFilm
2.2054658860495793,0.9818851843219185,BonFilm
0.27587649136215797,0.5533270654492636,MauvaisFilm
0.7753205788245495,-1.0501180191253547,BonFilm
0.5984912951888046,-1.8582177234916555,BonFilm
-0.1357998589871422,-0.41875535845943684,MauvaisFilm
0.23791897569777962,0.08416734637992196,MauvaisFilm
0.025455195689848067,0.5130940738699393,MauvaisFilm
-1.8773907681836486,0.09765971424979912,BonFilm
-0.41938876722671725,1.0023424876299438,BonFilm
-0.8577094803209891,1.5078484567250978,BonFilm
-0.0064004371121746395,0.40310428791809655,MauvaisFilm
0.8065315407336091,1.049480894880585,BonFilm
-1.3293199218524956,-0.4301022761343246,BonFilm
0.822609212601623,-0.2655049254047486,BonFilm
-0.4219312970689937,-0.7298074167045042,BonFilm
2.555115620870685,-0.7827649780468172,BonFilm
-1.0087355957374808,1.299268909428593,BonFilm
0.6512605868773924,-0.05726029349131413,MauvaisFilm
0.2559127437802922,-1.1062444281305492,BonFilm
-0.6534205256594371,0.021160181445973508,MauvaisFilm
-2.1716908560890222,-0.581519532461182,BonFilm
1.5748782443360276,-0.5614974436055629,BonFilm
-0.2950457501504349,0.5462047971553587,MauvaisFilm
-0.2507118467381438,-0.43514341593414335,MauvaisFilm
-0.04748934220431164,-0.6809080992099864,MauvaisFilm
-1.8372943356159837,-0.28846447396165364,BonFilm
0.3147571196878458,-0.1271911640803254,MauvaisFilm
-1.3140474089847844,1.4516378951841613,BonFilm
-2.288310662011652,-0.216260033497573,BonFilm
-0.6926165078547419,0.3129108733979672,BonFilm
-0.16391141215484506,0.286756820830238,MauvaisFilm
-0.15855456683542954,0.04632863473723782,MauvaisFilm
-1.6671303658964236,-1.9050676569983291,BonFilm
-0.8880195727294486,0.6357630047334375,BonFilm
-0.5672607579383154,-0.9298816138029716,BonFilm
-0.3552790200536384,-1.2901320997242072,BonFilm
-1.1115412219516512,0.21961960559275265,BonFilm
-0.06402326392365874,-0.02829377928573008,MauvaisFilm
0.2777525771341497,0.12013977672066166,MauvaisFilm
0.4516197488547469,-0.43179055433919306,MauvaisFilm
0.08026569515835114,0.17014514855485421,MauvaisFilm
-1.1145669105028413,0.8031116712133644,BonFilm
-0.95350498503985,0.9201777414831863,BonFilm
-0.8201387195378458,-2.4944153219828467,BonFilm
-1.785809477575179,2.239556588182375,BonFilm
-0.8254245744141807,0.4566902236573057,BonFilm
1.1851615047622688,3.0714239735451283,BonFilm
-0.7232020006863595,0.7954458517147415,BonFilm
-0.047982414357310925,0.08558644811358294,MauvaisFilm
-0.6163769476373893,-1.3790506272046772,BonFilm
1.6579332507922546,-0.13594710466877372,BonFilm
-0.7763272046534662,0.32146426835379355,BonFilm
1.9845160285410752,1.9841349472237912,BonFilm
0.37905430214840397,0.05881956768518036,MauvaisFilm
-0.8281695155890672,-0.013624202246261874,BonFilm
-1.0903728403077213,1.1484792372175503,BonFilm
-1.2916037871358759,-0.7124454206588857,BonFilm
-1.399603997776362,0.11764935168054899,BonFilm
-1.721719434218412,-0.889757161304398,BonFilm
0.6605139688865521,0.6679934540044146,BonFilm
1.3789113055700797,1.7385755778413003,BonFilm
-0.5982121544206859,0.9488310536985565,BonFilm
-0.18752893458488804,1.2440071287018222,BonFilm
-0.6464521570625372,1.119936733064054,BonFilm
1.174401275782811,-0.9475630006124185,BonFilm
0.48283601035757756,0.4291980459321038,MauvaisFilm
-1.0196335557461507,-1.1535278239145357,BonFilm
-0.2212745230281626,-2.728076780310068,BonFilm
-0.06706958978736652,0.14175043446279106,MauvaisFilm
0.3576666021786954,-1.5617923210264104,BonFilm
0.4909734416050384,-1.8429989704570289,BonFilm
1.3538147101963944,1.8801667949525718,BonFilm
-0.9652346472151003,0.690010147317238,BonFilm
-0.8032866498802246,0.6086811996445828,BonFilm
-1.4475461742708442,-2.2841679748344283,BonFilm
1.138860782895888,0.8140376798573385,BonFilm
0.4474264789215274,-0.7243248056206357,BonFilm
0.6805717788947969,0.3805179134574832,BonFilm
-0.6944221128818046,-1.327823622342455,BonFilm
-0.16205361355579195,0.3137233468256774,MauvaisFilm
1.4153724718764702,1.426589469279963,BonFilm
-0.4724704857454335,0.03666061641229861,MauvaisFilm
-0.6576235110497098,-0.8609631054764261,BonFilm
-0.4299737343115735,1.282797883162316,BonFilm
1.0881914258671939,0.9803952488752493,BonFilm
0.35450858814238523,1.1326730106118046,BonFilm
-0.8503718948121917,0.6173139597467013,BonFilm
0.971381975078398,-0.9402812631484544,BonFilm
-1.1478578641491022,0.7180537110382293,BonFilm
-0.34783186879252814,0.09285098786544525,MauvaisFilm
-1.338339203090101,-0.15351498533476468,BonFilm
-0.6463336777208576,-1.084238662192877,BonFilm
-0.21431294849533689,2.0777888323656706,BonFilm
0.04911338718557594,-1.1240046848312635,BonFilm
-0.4617898256744602,-0.8549914597906695,BonFilm
0.06394329780845842,-1.2959414752465115,BonFilm
-1.9761159066770622,0.7775318129930608,BonFilm
0.8306192668366575,-0.6396688187043962,BonFilm
0.12104449429209542,1.6341416116201322,BonFilm
-1.4373154476635772,-1.6662590448959849,BonFilm
0.5986567348011366,-2.1522554935723313,BonFilm
-0.5740258376609317,-1.3073270951094376,BonFilm
-0.3470904808264787,-0.10596128778335907,MauvaisFilm
1.6398160017851904,0.41611094639214086,BonFilm
0.4016274613854664,0.8494952914393062,BonFilm
-0.4349705551467604,-0.5413163520227762,MauvaisFilm
-1.3623865689294663,0.4986986587349046,BonFilm
1.1913670570193653,-0.8566515135504376,BonFilm
0.20882046934517273,-0.3310940940046082,MauvaisFilm
-1.0918350061497004,-0.6035345812816832,BonFilm
-1.0843536198061823,0.8678791512349521,BonFilm
-1.2479832667867607,-0.014508633323602404,BonFilm
0.6551217094635707,0.7352462722953543,BonFilm
0.4838062531385857,-1.5182164888259853,BonFilm
-0.04606099038469216,-0.3961747893135611,MauvaisFilm
-1.4169835471739498,-0.8487479693192129,BonFilm
0.8277846728041123,-1.0281441016706871,BonFilm
0.14962317469109399,1.7518395804727995,BonFilm
-1.213851610703834,1.4513018481927253,BonFilm
-1.578420376931895,-0.7918836129856038,BonFilm
1.4196460025050257,-0.48730927178724015,BonFilm
0.09301333578913563,-1.579907177062788,BonFilm
0.7602541769978104,0.4583210654068217,BonFilm
-1.1257523037062294,0.5255668561052514,BonFilm
-0.9996804341393246,-0.24348239296457672,BonFilm
-0.6062540737317885,-1.5493221762370202,BonFilm
2.1475417282051628,-0.5896896634271405,BonFilm
0.487629878305388,0.09967995014720075,MauvaisFilm
-0.4507989601454497,0.27160427444218416,MauvaisFilm
-1.713146669551632,0.44301520399804384,BonFilm
1.34688306631561,-2.2073942536124838,BonFilm
-0.8064660204429343,-0.502878467198358,BonFilm
0.3496519356678548,1.0190605372192394,BonFilm
-0.21109243053592255,0.11757858849160181,MauvaisFilm
-0.9640087537353663,-0.3036277135928829,BonFilm
-1.9368932884019443,0.9681026205345258,BonFilm
0.6465373342903529,0.43752030739830255,BonFilm
-0.5902708820940927,0.3206519579972005,MauvaisFilm
1.1101062036410025,-0.23704818741253436,BonFilm
0.04790325112366206,-0.28766559930380503,MauvaisFilm
-0.9905944371293388,-2.099245292925434,BonFilm
-0.9314109863459237,-0.07896282869395307,BonFilm
0.8694273442947914,0.9005660242244881,BonFilm
-1.3666664572192708,-0.28984101975428694,BonFilm
-0.23805212261471406,-0.23755032925676123,MauvaisFilm
0.16193184301337954,1.993884179129242,BonFilm
1.0340892461783184,1.0152082152347541,BonFilm
-2.852576329400225,-1.0435692809336796,BonFilm
1.0937975255873948,1.260112985049916,BonFilm
-2.260570848230223,-0.1963696305465589,BonFilm
-1.7486720998995895,0.5795467231612008,BonFilm
-0.3026593870936956,2.0333682797865333,BonFilm
0.1334830876081391,-1.3434138760726813,BonFilm
-1.0958902845473177,1.5993256465521732,BonFilm
-0.7048570896376433,-0.2711622265665201,BonFilm
-0.2149618961166372,-0.024301786364864637,MauvaisFilm
0.8246228417376235,0.46367096108536376,BonFilm
1.0305942611109549,-0.28329437211393993,BonFilm
0.41445389946273997,0.5899354400224998,BonFilm
-0.57021106600692,0.7693667532464057,BonFilm
0.5517380308197809,-1.1557504068123552,BonFilm
1.369007594911648,1.318551600479636,BonFilm
0.3595359811708956,0.3372972626615199,MauvaisFilm
-1.0734729855901348,-0.23191384797579023,BonFilm
1.922551358301283,1.3540757468874822,BonFilm
-0.611564027828915,1.0689110513253846,BonFilm
0.03461771060891778,-0.8219767045323456,BonFilm
-0.5894966039751419,-0.7038559467178979,BonFilm
-0.7833593528696449,0.9508914112753031,BonFilm
-2.0476414570428374,0.3075162646354203,BonFilm
0.019238363629535002,-1.1270626956109517,BonFilm
-2.271649188850214,-1.5529613463068273,BonFilm
0.019230253278528623,1.347407402779337,BonFilm
-1.2526464454051545,0.6703056417311999,BonFilm
-1.5371815044840758,0.11538149782405527,BonFilm
0.09860770170441738,0.08449614639530303,MauvaisFilm
1.4270593970163798,-0.5630080771878604,BonFilm
-0.48002589780407395,-0.6890022960786693,BonFilm
-0.9248003625482004,0.5092078499959979,BonFilm
-0.7814583101464826,0.6714160795375136,BonFilm
1.4636862007843878,0.5663328426212068,BonFilm
0.2556132169790723,0.33149950888776414,MauvaisFilm
0.9906606863815951,-1.7950900275512414,BonFilm
-0.4437344726233968,-0.47133968659026854,MauvaisFilm
0.18140462215929945,-1.4908164692101218,BonFilm
-0.7406998651254784,0.00965005878423186,BonFilm
0.0668052634198822,0.5660296083463084,MauvaisFilm
1.1032906797341506,2.1821432759813564,BonFilm
0.9141871797599701,2.684784737774229,BonFilm
0.06043725992333201,1.0890927249806628,BonFilm
0.11045814439307587,0.5815666877594132,MauvaisFilm
-0.13679396197631571,0.40848220899059196,MauvaisFilm
-0.4397146245055021,-0.05644223110862635,MauvaisFilm
0.4590843565087163,-0.846963691039376,BonFilm
0.9353317740346333,0.020336956049407284,BonFilm
-0.5267145864663415,0.22002718136245883,MauvaisFilm
0.48527999351723405,-0.10631217331238597,MauvaisFilm
1.709548094586698,0.517430204038643,BonFilm
1.3978690023206908,-0.3802979616077561,BonFilm
0.2000535394071238,0.18526897212872107,MauvaisFilm
1.0874127401817624,0.3229366325288907,BonFilm
0.6992877186799201,-0.8422948986783159,BonFilm
0.4594583590180019,1.7212336600716895,BonFilm
-0.7878202956166278,0.6676090157364835,BonFilm
0.19745374982731784,0.26385252100952483,MauvaisFilm
-0.0852375854043884,1.1839166817933826,BonFilm
-1.2200092256894168,0.7906410166685377,BonFilm
1.428009096915597,0.1230568549581545,BonFilm
0.9463596388368879,-0.42182653770438794,BonFilm
1.0985924846596755,0.7996999713239544,BonFilm
-0.22583723676487252,0.19570426816426176,MauvaisFilm
1.5956810281095357,0.40405809585800473,BonFilm
-0.12032447285037375,-1.3082372658637196,BonFilm
0.7718112028495283,-0.7072259195853886,BonFilm
2.146344332822733,0.7760247565060888,BonFilm
-0.008754391382566487,-0.39629503020265583,MauvaisFilm
1.6359821823912375,-1.7165728090221353,BonFilm
1.0035647738190383,1.9904737576092617,BonFilm
-1.2916226409549911,-0.9631225237333074,BonFilm
1.5994716790280024,-0.8103583939467089,BonFilm
-2.3606948881993266,-0.6523102878977861,BonFilm
-0.8955987351106796,-0.8215364098049253,BonFilm
-0.5288182005958199,1.4015987231887295,BonFilm
0.3683909919430056,-0.13413381433809407,MauvaisFilm
-1.240363553750686,-0.28333359398363334,BonFilm
1.3055909131316215,0.7900515614453617,BonFilm
1.9341026949196716,1.2924749338287143,BonFilm
0.9567095521594278,0.08873286549017337,BonFilm
0.9809174643617763,1.4399974799000164,BonFilm
0.46082888205386235,0.4885038061056509,MauvaisFilm
-0.7900500491710056,-0.31491858124020183,BonFilm
2.394321030821408,0.03705160900872176,BonFilm
-0.06750945205881455,0.49208870922012443,MauvaisFilm
-3.134076567104383,-0.39528688407439155,BonFilm
-0.17934949192128066,0.5045273470576629,MauvaisFilm
0.12017356081549091,0.38261792561859337,MauvaisFilm
1.529938051597443,-0.5545236247025163,BonFilm
-0.1276443350597159,-1.2605611483687709,BonFilm
-0.17775657015089585,0.795695392072309,BonFilm
-0.3181398992292204,0.39842812044399717,MauvaisFilm
-0.04258319963877995,0.1484618960188156,MauvaisFilm
1.4894113209524649,0.3063373442211133,BonFilm
-0.2992683908032754,1.4193327002505465,BonFilm
1.1133839734196904,0.13752140257108109,BonFilm
0.3804627962612292,0.013529901430831905,MauvaisFilm
-0.7204459851608932,0.06502312830952953,BonFilm
0.5268925874778746,1.025556592660611,BonFilm
-0.43609632528491793,0.45803579436107356,MauvaisFilm
0.5373219399181944,-0.9359779452496035,BonFilm
-2.4137759524331766,1.616948906118779,BonFilm
-1.9755593588947156,0.19963593797247906,BonFilm
0.6051851660508363,-0.6721850725274016,BonFilm
0.02081867363256457,-1.1344547214072322,BonFilm
-1.0793381391028876,-0.7315134711679933,BonFilm
0.4483366636896067,1.3494721741787463,BonFilm
1.1850964470102565,1.00947301821969,BonFilm
0.15920562405459276,-0.23363146953270317,MauvaisFilm
0.5267847325318742,1.3122588433399534,BonFilm
-0.19413040759200723,1.0188308567888005,BonFilm
0.7213056880408044,1.250281363172723,BonFilm
-0.7171247552640412,0.12760113961451405,BonFilm
-1.9971885183565108,0.6916178434097932,BonFilm
0.7808519547503145,0.5497179100514152,BonFilm
-0.6656682903145298,0.07168740403024855,MauvaisFilm
0.017109589657376637,1.5231502004964947,BonFilm
0.04545745923686636,0.640096861597997,MauvaisFilm
1.616629477121294,-0.5002842360799745,BonFilm
-0.2009112043571141,0.6146646337539293,MauvaisFilm
-0.7478078986246854,0.7043532252061574,BonFilm
0.9360833293752397,2.0925002469661775,BonFilm
-0.7744336065956987,0.22333540036550695,BonFilm
-0.4388941374089496,0.9846416970655769,BonFilm
0.5362046922647931,-0.6783635052686549,BonFilm
-0.03296538257621701,0.11981848686531822,MauvaisFilm
-0.31676069866878953,-0.013188219098898554,MauvaisFilm
-0.8081023245108337,-1.823650915393305,BonFilm
-0.7591147894485722,0.007849470744821355,BonFilm
0.3261808229217954,0.306294060592955,MauvaisFilm
0.22815263918474346,-0.508508905828868,MauvaisFilm
1.3541913291588232,1.5731539242103652,BonFilm
-0.24550792775506944,-0.8586875360640687,BonFilm
0.8009110922852275,1.1473486192981621,BonFilm
-0.04321787976928931,-1.5221450022446512,BonFilm
0.18516639296495965,-0.6162226339948695,MauvaisFilm
-1.3538760469883258,0.6750912246895544,BonFilm
-0.26729946867058835,0.16746939244378828,MauvaisFilm
0.9431840626485365,-0.32401410043760426,BonFilm
1.0225082484487786,-0.30660803660795044,BonFilm
1.4872419844623062,0.43134873688031333,BonFilm
0.49336732272856243,-0.9717517931803837,BonFilm
-0.3751801743601189,-0.9965986122422411,BonFilm
0.6090473111980729,-0.861210246854977,BonFilm
1.6924346379512136,0.6242336953053008,BonFilm
1.537861868869755,-2.0820948477820416,BonFilm
0.06136567450140091,0.24967244117059018,MauvaisFilm
0.6458113675361004,0.6724329962749463,BonFilm
0.24796975537894142,-0.29606204841245615,MauvaisFilm
0.5096903396913139,0.058989007251270036,MauvaisFilm
1.8851044426566728,0.017211673638846535,BonFilm
0.7728963223191894,0.8932852290339864,BonFilm
0.17055979618852457,-0.9561106869414536,BonFilm
-0.9689294041452916,-1.42201181158074,BonFilm
-1.1243281048776361,-1.4156028477166624,BonFilm
-0.9417984890520587,2.404721572508991,BonFilm
-0.3244887890102173,-0.2519625889549275,MauvaisFilm
-0.48981520663727823,0.8936920879953313,BonFilm
0.0785883388054125,0.714722264592359,BonFilm
-0.4939923833543212,-0.02253491297675454,MauvaisFilm
-0.6828406704629123,-0.9726009795268157,BonFilm
1.864624657269608,-0.6306486045536197,BonFilm
-1.113108667873189,0.36800850853186606,BonFilm
-0.5754760454983736,-0.8867224915949972,BonFilm
-1.4423766786074272,0.6797884401761932,BonFilm
-1.4872476666580703,0.5811783757165369,BonFilm
0.11728145069297222,-0.935181816734693,BonFilm
-1.9943688557122425,0.24856110740151083,BonFilm
-1.8998421985352796,-1.6008852509947826,BonFilm
1.1695543267734902,0.06807670694298514,BonFilm
0.8085981396167767,-0.033252182068138236,BonFilm
1.1345249882086608,0.6712726815050685,BonFilm
0.719274235084763,0.25634951713557846,BonFilm
-0.9873775101985865,-1.4029282196304225,BonFilm
-0.6846678330149971,-2.179071085164197,BonFilm
1.6929401957883325,-1.7855885629694306,BonFilm
1.3590994178705889,1.623215154963991,BonFilm
2.898379092083575,-2.055940084047309,BonFilm
0.04385012478626988,-0.21413971761942585,MauvaisFilm
0.0614306179034997,0.8790512806780285,BonFilm
0.06754289073879916,-0.5132620007586339,MauvaisFilm
1.9954436335819945,0.23120814157205305,BonFilm
0.7899415055394359,-0.12447811306506984,BonFilm
-1.1766925449225394,-0.5702852432714115,BonFilm
0.31937387745901064,-0.02339446761808158,MauvaisFilm
1.3005117560978836,0.65449377909689,BonFilm
-0.41718772229106804,-0.5059852441633503,MauvaisFilm
-1.9063842197670533,0.47507417113983513,BonFilm
0.9928142321947112,1.0494735308462724,BonFilm
0.23274396184037682,0.8058852736556681,BonFilm
0.150151327308619,-0.09010956352198217,MauvaisFilm
-0.3026413117631368,0.0928444754018577,MauvaisFilm
0.5490462789480267,-1.4150064180202742,BonFilm
0.389282631578296,1.0303611173880116,BonFilm
0.3774960896005875,1.683039882907762,BonFilm
-1.050586782085463,-0.5355540859552801,BonFilm
-0.32424351669246876,-1.3100504053205144,BonFilm
1.5072082302744192,0.025404390093557286,BonFilm
0.5712030335720859,-0.6847402535039336,BonFilm
2.192021896357866,-1.4371824425626498,BonFilm
0.23838227856901342,0.12645183116203587,MauvaisFilm
-1.5754271353758618,-1.4913734754096386,BonFilm
0.6967658488581983,1.999543768243932,BonFilm
2.877541618600929,-0.8848448265614758,BonFilm
0.1674999882466629,-2.113256734799223,BonFilm
-0.424968925366261,-0.07501334828889307,MauvaisFilm
1.1329597876154682,0.8338366162948146,BonFilm
-2.360994688648522,-0.37283447157133387,BonFilm
-0.08924658284456784,-1.4383301548189975,BonFilm
0.682492179121583,2.149073116326287,BonFilm
0.24515053944722467,-0.8976848189218058,BonFilm
0.15134916426921552,0.8904319135216378,BonFilm
-1.1667710793901993,0.5877308243353538,BonFilm
-0.3133967959658113,-1.2599663006881954,BonFilm
-0.29536023463640454,0.6968018951486951,BonFilm
-0.0330353023298303,-1.2399958219328184,BonFilm
-0.7124291828295742,1.8061697691402854,BonFilm
0.3694607642775044,-0.7558404253473948,BonFilm
-2.1531841059062904,0.7419412450329723,BonFilm
1.8463772848667241,-0.8490747922284612,BonFilm
1.5278047797539485,-0.18043021410149296,BonFilm
0.6327007221027146,0.7700689434297339,BonFilm
0.24304835435653274,0.11333323009365073,MauvaisFilm
0.101155032710129,-1.3626530732506401,BonFilm
0.1630857713551978,-0.30431820387028224,MauvaisFilm
-0.003833889645087278,-1.6253452602359875,BonFilm
-0.3362838317809268,-0.9383812019114198,BonFilm
0.8769224674058915,-0.4780379408351712,BonFilm
-0.19778795478903713,-0.35818164156777416,MauvaisFilm
-0.17518629457360876,-0.16589506320728176,MauvaisFilm
-1.0024192645132473,-1.2368815643888982,BonFilm
-0.08712606947933425,0.37387784022257425,MauvaisFilm
-0.4293069448154393,0.35288627475996887,MauvaisFilm
-0.15365843905804008,-0.7551582485171527,BonFilm
-0.0698536118793604,0.5443105383607885,MauvaisFilm
-0.58274654492952,-0.2232421430960113,MauvaisFilm
-0.7391805196581364,-0.9963169516467314,BonFilm
-2.084455170708073,0.2345071236869468,BonFilm
2.7477887528907026,-0.980922784939239,BonFilm
1.2139261227780422,0.9885601991215232,BonFilm
0.9803544704464653,-1.0311985659379175,BonFilm
0.0051635082912013085,0.3374998649853399,MauvaisFilm
1.0934396778628672,1.137151909159364,BonFilm
-0.6652417506198316,-0.5698552686210925,BonFilm
-0.6492184639607178,-0.83062796325358,BonFilm
0.1784628682227287,1.639911145908763,BonFilm
-0.6620486249465712,1.1494862381687108,BonFilm
-2.307920672679692,-1.4191700555816695,BonFilm
-1.50595439451223,-1.9622090939242887,BonFilm
-1.8667595436943205,-0.39366283295268967,BonFilm
-1.094702425068732,-0.030594226914603662,BonFilm
-1.0067462466273709,-1.4288271131118992,BonFilm
0.14433283313545625,-1.5296855641772715,BonFilm
-0.8142119896774662,1.3375551864306596,BonFilm
0.7156527302774542,-0.18785269157029777,BonFilm
0.6010059279445511,1.0306416044259434,BonFilm
0.34441542181937135,1.012033924516934,BonFilm
-0.5425584010689841,-0.8594369236888452,BonFilm
-2.064665188890706,-0.1937541140415285,BonFilm
0.01199308887317613,-0.15859824166862635,MauvaisFilm
0.31373083729519635,-0.4111584813502221,MauvaisFilm
0.5104754737089762,-1.0660697629191536,BonFilm
-1.396607368919952,0.1244589857107432,BonFilm
-0.15532536670488037,-0.04453868033902926,MauvaisFilm
-1.9083680620664392,0.6722156465227869,BonFilm
1.4417704058823733,-0.9488569432335163,BonFilm
1.006726320926874,1.2696970023486478,BonFilm
-3.338137639860928,0.942332793322695,BonFilm
-1.1252919544277973,-0.41462144938559786,BonFilm
0.6876790534558507,0.9693232808073696,BonFilm
-1.9146759529763662,1.1228075457732964,BonFilm
-0.39731437424788624,-0.04767461161271293,MauvaisFilm
-0.910736876648299,0.43935247446136705,BonFilm
1.509831676135595,0.11025606756431279,BonFilm
-0.40782428422200045,1.215766370520065,BonFilm
1.0738603102816677,-1.5585754932744929,BonFilm
0.9667745402831732,1.357087352239517,BonFilm
0.5410868419684236,0.08070388132800167,MauvaisFilm
-0.9411792521090622,0.5809516128486563,BonFilm
-0.3113400362053925,0.31497722847823817,MauvaisFilm
1.3479498335547664,0.3209836486749203,BonFilm
-0.5148883375516095,0.2982604128428412,MauvaisFilm
0.6863117405894529,1.5187380868000537,BonFilm
1.2341452918936697,-0.09681105121271223,BonFilm
-0.277156841716694,1.3546299064236962,BonFilm
-0.7678561287631268,0.6827968852571132,BonFilm
-0.11139938440987569,0.5948029797836946,MauvaisFilm
0.3765593213867247,-1.4065356211904159,BonFilm
-1.6552554821711816,-1.5753383595365926,BonFilm
-1.1458357673486836,-0.07649617733426475,BonFilm
-0.08219046209667696,0.013242957763594888,MauvaisFilm
0.2594698683424318,0.5820154185505072,MauvaisFilm
-2.353343300464128,1.4554678526241327,BonFilm
-1.0046606936875502,0.5229719213600508,BonFilm
-0.17596305012302813,-0.6423518611071847,MauvaisFilm
0.30528694332811873,0.2130572856352825,MauvaisFilm
0.4340296234590095,-1.0000850353734805,BonFilm
0.10473193155971447,0.9553558422820793,BonFilm
-0.2671361307648167,0.5863336574300602,MauvaisFilm
-0.7040271631468636,-0.662165204631091,BonFilm
-0.36835110891481065,1.115447196270118,BonFilm
-0.9925618408041076,1.0074755844573626,BonFilm
0.33487716065474166,-0.9166887087823539,BonFilm
-1.3859695755459718,0.8574264974887112,BonFilm
-0.9149236651709179,0.21924585733699564,BonFilm
0.7514243122777028,1.890624070853006,BonFilm
-0.36927337373967356,-0.8959487423320388,BonFilm
-0.5709560873018672,1.7468990088623606,BonFilm
0.26102254244925077,0.31678622338174417,MauvaisFilm
-0.2826023778097133,0.3543374786617682,MauvaisFilm
1.346447323706811,1.4899302774776197,BonFilm
0.7036982553028172,-1.1758315891607254,BonFilm
-0.5043677759037318,-0.9621585411972922,BonFilm
0.10294682524705101,-1.1400904241410554,BonFilm
0.6676689755006803,-0.8407425064638786,BonFilm
0.4123184018195779,0.2374276918124166,MauvaisFilm
-0.9998207695024128,-0.39304426229158484,BonFilm
0.31948534416946245,-1.9455446466765658,BonFilm
1.761289583698242,-0.9148403060992836,BonFilm
0.5787141099751789,0.6199888001423444,BonFilm
-2.1369045342034054,1.2721704810132795,BonFilm
0.0828501809096843,-0.9487713232889525,BonFilm
-0.526108574241307,0.43036146190446584,MauvaisFilm
-1.3528217632682213,0.31727134048030087,BonFilm
0.8694531278803651,-1.1351661124814783,BonFilm
1.4433603229525471,-0.4052639609456483,BonFilm
-0.5178996104147044,0.14104892238248667,MauvaisFilm
1.6356123066597994,1.62244346297431,BonFilm
0.40168661005836087,0.23799769866583234,MauvaisFilm
-0.866187522179978,-0.19353407819401058,BonFilm
-0.08360462528224724,-0.3014941899587835,MauvaisFilm
0.19105423034891783,-0.4262640861693417,MauvaisFilm
-0.47751805033571426,-0.8277083879811842,BonFilm
0.43312032207834333,2.4408743866442344,BonFilm
-0.5317711273780537,0.7857717647901191,BonFilm
-0.12355052455873729,1.5425456568515628,BonFilm
-1.4166567040857505,0.8022157386339045,BonFilm
-2.62754088851768,-0.3961624113376562,BonFilm
-0.4413382980378616,0.17219241137793945,MauvaisFilm
-0.661222854040773,1.111518737113008,BonFilm
0.9375101386369105,-0.586158694233711,BonFilm
1.237506321522777,0.06739686506504214,BonFilm
0.1316697235317354,-0.06763272756090781,MauvaisFilm
0.44137888918008156,0.3917560499166149,MauvaisFilm
0.10504453359281216,0.5150021156199013,MauvaisFilm
0.707425964829828,0.18504191981560214,BonFilm
0.3695041577397052,1.256160909575984,BonFilm
0.40179208193955246,-0.3690068310105036,MauvaisFilm
0.41796353890954485,1.1480559432424922,BonFilm
-2.007736163794599,2.2064766896508656,BonFilm
-0.5284355604846321,2.0175065230670723,BonFilm
0.4076351986183631,-0.0013502050946841585,MauvaisFilm
-2.5942662906285907,-1.659825003635803,BonFilm
-0.1537304280419045,1.2352020608745282,BonFilm
0.5330922316802834,0.1751691323316514,MauvaisFilm
0.04211833439841864,-1.712449712397846,BonFilm
0.5110114808297777,-0.9052961683133862,BonFilm
0.09033277782358362,-0.3812277352282084,MauvaisFilm
0.8345123779931969,0.12984064391337272,BonFilm
-0.25368143679115873,1.0371692328625315,BonFilm
-0.4077990202469157,0.13888501555813687,MauvaisFilm
0.760273845443753,0.5226422194343702,BonFilm
2.556990792243967,0.8419464586237918,BonFilm
0.11364382559776554,-0.4430059987096387,MauvaisFilm
0.8937026585849835,-0.01462740720071382,BonFilm
-0.2948372808233167,-1.5927361432778728,BonFilm
0.7873165739695602,-1.2432578241915608,BonFilm
0.41054001839368587,-0.29765774044306864,MauvaisFilm
-1.0443143767687504,-0.7128283973786874,BonFilm
1.1533647234255955,-0.5744370944199062,BonFilm
0.6209344921662455,0.11224583091427835,MauvaisFilm
-0.08482552118014629,-0.4781199193570301,MauvaisFilm
-1.5910174019962715,-1.642467316971703,BonFilm
0.02164010147347619,-1.0526092966215521,BonFilm
-1.305721133625161,1.3758116853012885,BonFilm
-0.9684858828027645,0.9426149703387654,BonFilm
-0.39388343823498073,0.510088606950632,MauvaisFilm
0.27780978591508504,-1.4411259874965476,BonFilm
-0.15105116233760213,0.3918216532643265,MauvaisFilm
2.1522752399014706,1.1221870441601525,BonFilm
-0.37544851231240356,0.24316837606313285,MauvaisFilm
0.6524509201206571,0.1718616177759885,MauvaisFilm
-1.7724721419128633,-0.9474695384184896,BonFilm
0.004546439411987764,1.16378566642483,BonFilm
-1.1586357046597082,1.5866524440048277,BonFilm
0.7704742445606472,0.17517997720210976,BonFilm
0.43406595546619936,-0.2694186455081492,MauvaisFilm
-0.15174732284612313,-0.421605328890212,MauvaisFilm
0.3803897856614115,-0.3300836507077412,MauvaisFilm
-1.091428450853337,0.8022642649291111,BonFilm
-1.5070394323439116,-0.47090110126002505,BonFilm
0.1714062967662975,-1.87843437298461,BonFilm
0.35059891628325535,-0.1914158220068826,MauvaisFilm
-0.76136292103981,1.413244460782921,BonFilm
-0.6038269967320191,-0.2593794936779892,MauvaisFilm
1.0248480837313303,-0.6134592782101844,BonFilm
1.2792879842103198,0.09226428803431655,BonFilm
-1.7507370686879438,-0.12089422256256348,BonFilm
-1.2418128724439126,-1.5512741760809674,BonFilm
-1.7734449684742892,-0.31299434449771507,BonFilm
0.1030734471924758,-0.806263703003034,BonFilm
0.5304685628742295,1.2234734865897663,BonFilm
-0.3793669402505861,0.22786593839088845,MauvaisFilm
0.40958422723413906,-0.16279498983043963,MauvaisFilm
0.09660743371111835,0.4137862643241671,MauvaisFilm
0.901691714810151,-0.398586459992066,BonFilm
0.5812365941758474,-0.5566200716510474,BonFilm
0.04413240175536134,-1.4710184402056878,BonFilm
2.72385999436596,0.4842784292643368,BonFilm
-0.5517855220617384,-0.8071324282291132,BonFilm
0.6356464069801414,-0.5451352426238569,BonFilm
-0.3567181147299654,0.08671779851447052,MauvaisFilm
1.053696589222081,-0.7875115470279755,BonFilm
0.35027791822696897,-1.5657381693220185,BonFilm
0.5187679640604081,0.12127861015522175,MauvaisFilm
2.2280241353353993,0.7125113541196509,BonFilm
1.3156434989885224,1.9890745408293837,BonFilm
-0.6592700240172206,0.5919939009728041,BonFilm
0.6214707384308241,-1.0655760176597948,BonFilm
-1.3060578707066588,-0.18348662313896305,BonFilm
0.5870530451620386,0.20882843106804552,MauvaisFilm
0.21494603810948873,-0.4730353663729788,MauvaisFilm
-0.1622765173465029,-0.5288780840059436,MauvaisFilm
-0.3450879952318613,0.713488834818679,BonFilm
-1.3228041164297328,-0.006607602578931463,BonFilm
-1.3999206429258497,-0.5771271552457976,BonFilm
-0.29961896978967745,1.8256733374285405,BonFilm
0.7467006488412969,-0.04642098150838724,BonFilm
-1.2924336815416444,-0.9499472070808146,BonFilm
0.26544228041718687,-0.23372659902283074,MauvaisFilm
0.2211947132401003,0.34478731288004405,MauvaisFilm
-1.5319526751494648,0.2502777133825937,BonFilm
-0.8176940821900901,0.5207645364057567,BonFilm
0.11501657470456352,1.1072546544567445,BonFilm
0.17725486419546585,0.510064366902149,MauvaisFilm
1.676937584007541,1.8061970698282308,BonFilm
1.7990808948785306,1.0683142891938855,BonFilm
1.0167447870927129,-0.9834292884885439,BonFilm
-0.16346225551855634,0.6169622960972103,MauvaisFilm
-0.4761025250521508,-1.0221793894725124,BonFilm
-0.644811070417802,0.6125266112415999,BonFilm
-1.2507377726682831,-1.080654103793266,BonFilm
1.218964871866579,-1.791965117388099,BonFilm
0.2020954299354831,-0.28240994413658693,MauvaisFilm
-0.8020876469633609,-0.8007201908606336,BonFilm
1.175717883236419,0.032492940620435895,BonFilm
-0.1717465856335769,1.9918152547016355,BonFilm
1.084025367665591,0.6684539162013007,BonFilm
0.4983552028783374,1.649328327069671,BonFilm
0.1496717602710124,2.0293957530902733,BonFilm
1.7432563357589255,1.482474053923988,BonFilm
-0.5861122643379709,1.4620938886114698,BonFilm
1.4374833820224282,-2.4097101345942415,BonFilm
2.0439039333302693,0.07824639563631254,BonFilm
0.9522635105497795,-0.1602931933085868,BonFilm
-0.10600966761887656,1.8780228565188637,BonFilm
0.2574210942522952,-0.25116672937452994,MauvaisFilm
0.01349332705997031,0.07056346875621108,MauvaisFilm
0.9933720911001533,-0.23440335124203998,BonFilm
1.17876475133685,0.8325921089049021,BonFilm
-1.9210649004297233,0.9179925035466763,BonFilm
0.9628002928567798,0.9786520829989056,BonFilm
0.018062341300616767,-1.6422052483247223,BonFilm
0.6545895083801021,-2.291862961996027,BonFilm
-1.4031560521254556,0.16733604925518972,BonFilm
-1.5200452794078616,0.39888163664904314,BonFilm
0.2855642148934216,-0.6887043032646329,BonFilm
-0.1786247051759817,0.511461553029201,MauvaisFilm
1.2410195041161556,0.17297029243352738,BonFilm
-0.5992569644972919,0.321954684049574,MauvaisFilm
-0.0180078089750898,0.8697114827824002,BonFilm
-0.12100841461220203,0.9785487853802778,BonFilm
-0.5395702810195085,1.5915289585782166,BonFilm
0.1845495347950709,0.8495941517496575,BonFilm
1.3060887898835507,0.29871174018325763,BonFilm
1.494801742244547,0.7823066065474215,BonFilm
-0.193988892706105,-0.2382943332252693,MauvaisFilm
-0.8480469194637474,-1.080549573230412,BonFilm
1.0928117279822993,0.05021908643248961,BonFilm
-1.5435656059995453,-1.2931701261138633,BonFilm
-0.20335518434502506,-0.24009616016810684,MauvaisFilm
1.3679341613383407,0.18113162870465735,BonFilm
0.015178609591191206,0.7794323261256659,BonFilm
-0.1721898019782751,1.1256433519091806,BonFilm
0.3700729796708463,1.6645573321247074,BonFilm
1.8101825189500724,-0.4209477458418914,BonFilm
-0.8575532444632098,1.3466589852651971,BonFilm
0.883154019076584,-0.06845555125648191,BonFilm
1.2244344048969438,0.1798406039263979,BonFilm
0.4687864105340313,-1.4377397187674352,BonFilm
-0.48227647173296906,0.042066460273175246,MauvaisFilm
0.8999288853785776,-2.280736459865192,BonFilm
0.10393183102233716,0.2548363053509479,MauvaisFilm
-0.5729372451287453,-1.0124069983447301,BonFilm
-1.7636449276368857,0.42467786326565077,BonFilm
1.0211897235999128,0.5352546673938261,BonFilm
-0.16979763138360363,0.2694362808675428,MauvaisFilm
0.049508694309163395,-0.06413717360543994,MauvaisFilm
1.1301265670306406,0.9195677768219769,BonFilm
0.9096790502578487,-1.0144488594704546,BonFilm
0.2176629787593959,0.8110046364456539,BonFilm
0.3491758389556833,2.5515729095939714,BonFilm
1.4500430844711296,-0.2946184996987474,BonFilm
-1.0596387361531583,-0.7380365747932404,BonFilm
-0.5843832569648107,1.1832066727291162,BonFilm
-1.0222789606360212,1.966054149037135,BonFilm
-0.511876068397245,0.6910885561999339,BonFilm
-1.0855709686893191,-0.9121082544974368,BonFilm
-0.8866294298360718,-0.0008133331871660997,BonFilm
0.7950469081890822,0.091419988673764,BonFilm
0.16702534323710033,1.5327934569313233,BonFilm
-0.2549632072321698,1.40261072854876,BonFilm
1.4966294174463939,0.6623865284650381,BonFilm
0.7499206584893041,-0.20110416379264126,BonFilm
-1.3038686092286471,-0.318872340387539,BonFilm
-0.701985406376112,-1.2648823283110888,BonFilm
0.426706336812114,0.49229120030974344,MauvaisFilm
-0.7985015822976298,-0.06969894137156182,BonFilm
0.012246327805711919,0.9302991210021349,BonFilm
-0.41237083537381247,0.9549611766177372,BonFilm
0.050934251985170244,-0.7713517387296578,BonFilm
0.7879374423044541,-0.4233859638261131,BonFilm
0.1965053017921934,1.7482419566582914,BonFilm
-1.1398602046802144,-0.08475211094083467,BonFilm
-0.28452107081116285,-0.1281702611637189,MauvaisFilm
0.2445394203531708,-0.26622760750420443,MauvaisFilm
0.5384480910484822,-1.4472706026461752,BonFilm
0.00024131570251467656,-1.2986653732209974,BonFilm
0.8082734501242653,-0.1011897227422254,BonFilm
1.255297939642925,-0.027714479036675736,BonFilm
0.6837956027304125,-0.9486713498942287,BonFilm
0.2840477840236731,-0.1689584210475769,MauvaisFilm
3.1449662461667445,-0.11079464277206136,BonFilm
1.0050604167564707,0.01948248149119905,BonFilm
0.9684201686162148,-0.4182421650611847,BonFilm
-0.2704328286422568,-0.5712806297812706,MauvaisFilm
-0.45435146101440343,-0.09161224541219877,MauvaisFilm
-0.8779039918779119,0.24701768272593497,BonFilm
0.3672892344189101,-0.8648643026575589,BonFilm
0.07258936489286058,-0.10728599114428249,MauvaisFilm
0.07283741660759181,-0.25235745604204746,MauvaisFilm
-0.07011439632730354,0.12359632064859265,MauvaisFilm
-1.081819406697994,1.4447448373361265,BonFilm
0.6363635801874659,-1.0127752499381397,BonFilm
1.7669952280769592,-1.1893361174820571,BonFilm
-0.658167154114126,-0.05638680351380555,MauvaisFilm
0.8735977287717344,1.2780487383595347,BonFilm
-0.3613521898677093,-0.6655371063474893,BonFilm
-0.1397258800418167,-0.4994065616606194,MauvaisFilm
0.7042248919834128,-1.8359313222043567,BonFilm
-0.7127876449864586,-0.13963687879043582,BonFilm
0.0012952910173544092,0.1926129373398505,MauvaisFilm
0.3410130073268605,0.04662863034221999,MauvaisFilm
0.7866643380821526,0.6625222134164751,BonFilm
-0.194679167139506,1.1969205144274149,BonFilm
0.24609848187542968,2.1697523664740066,BonFilm
-0.1436308971489864,-0.4379214254038782,MauvaisFilm
0.1759014535861431,-0.44741244510839195,MauvaisFilm
0.8595062579392571,0.07051022410430677,BonFilm
0.15988645350967412,0.7417592533381009,BonFilm
2.1104054080304016,-1.9576242924464904,BonFilm
-0.10140743840459374,0.7945291084196735,BonFilm
1.628244474344882,0.2886852423807586,BonFilm
-0.8790212587485401,-0.8982419279940554,BonFilm
-0.349056338053606,-0.1092194127356939,MauvaisFilm
0.5431918610150093,0.9623816345478887,BonFilm
-1.644949079065939,0.4564368221801236,BonFilm
-0.395678139247218,0.9061094145910112,BonFilm
0.9149904076371802,0.38797718584183577,BonFilm
0.12345648336252503,-0.13469310658628342,MauvaisFilm
0.6444699620862272,2.0990484132423743,BonFilm
0.8312239578755105,-0.2999825611210983,BonFilm
0.05061541926259383,-2.2710626253819552,BonFilm
-0.0167058282041644,-0.3297269625129047,MauvaisFilm
-0.4247593983388951,0.10934085393859347,MauvaisFilm
2.1896365675227742,0.7156630278501316,BonFilm
1.8758294812100493,-0.27764816020721067,BonFilm
1.3894052886742765,-1.4214684558232995,BonFilm
-0.6844636606496746,0.019560369394027593,MauvaisFilm
-0.1606896453054941,-0.4609048875709983,MauvaisFilm
-1.3303649793198629,-0.5407111161326822,BonFilm
-1.2152968588577695,-1.5572626237874618,BonFilm
0.7322295694306784,-1.3004794953541825,BonFilm
-1.5775830998015579,-0.08593207334150135,BonFilm
2.279506639231388,-0.6359490989894454,BonFilm
0.7130259081131637,1.1364815579401013,BonFilm
-1.5329975932604138,0.4183503076807908,BonFilm
1.0003923285349143,1.2698676698711842,BonFilm
0.7108367592926511,-0.5559087692474156,BonFilm
-0.1149297070145731,0.7494727783347079,BonFilm
-0.8187510913601318,-1.4971197966362126,BonFilm
-0.26705057375686575,1.0001854900644782,BonFilm
0.5438751210491568,1.247649692833399,BonFilm
0.8191136262429115,-0.24059953007154,BonFilm
1.423057903312257,1.6087534551218134,BonFilm
-1.385764045527045,0.670933497082189,BonFilm
0.05384064549784478,-0.16187621975452351,MauvaisFilm
-0.5238224876492275,-0.3302660442931711,MauvaisFilm
-1.0203489914796982,-0.16816034665082683,BonFilm
-0.4369093833453461,-0.3112282798532335,MauvaisFilm
1.1021252465822169,0.7378782791969712,BonFilm
-1.2058056202030885,-1.0993060737236837,BonFilm
-0.053422046918718075,-0.3643482709955584,MauvaisFilm
0.24724671264670273,1.13819905222606,BonFilm
-0.5102976507545125,0.276303910270845,MauvaisFilm
1.0674922085761076,0.04501156199921063,BonFilm
-0.6614368620436069,-2.3289708992910723,BonFilm
-0.5089412277171104,0.4119117126074414,MauvaisFilm
0.42922535083289265,1.264328955577002,BonFilm
0.3835266515573061,0.11454151284668913,MauvaisFilm
0.9968931429746113,-0.8734470739164786,BonFilm
0.2509673742519405,-0.8113369443233059,BonFilm
0.20675706948546518,-0.9429499813483295,BonFilm
-1.3513317591244034,1.2812205810350543,BonFilm
-0.661526155949071,1.6552964074576073,BonFilm
0.8278815654506879,-1.3687401633321046,BonFilm
-2.6611709879931027,1.0472104854935298,BonFilm
1.8448567246023724,-0.4845405271081364,BonFilm
0.029160670673346722,0.6441704703316129,MauvaisFilm
-1.083614398324929,-0.30522878288091904,BonFilm
0.22324299831247316,-0.41560753575243486,MauvaisFilm
-1.0993081954081392,0.5285888769320561,BonFilm
0.2862832598998578,-0.2648225878561079,MauvaisFilm
0.5167150143570781,-1.2279303858174075,BonFilm
0.9488867461568602,-0.4644040802823995,BonFilm
0.48570801606020203,0.9956060937038063,BonFilm
-0.07351694765570752,0.08932182838744947,MauvaisFilm
-1.6429968225985287,-0.9647438934490018,BonFilm
0.9332173039001638,-1.1172563963396176,BonFilm
1.173315206692861,0.9982714813751958,BonFilm
0.23559016734620836,1.3308696283222523,BonFilm
0.03766699281699013,-1.4695923019839139,BonFilm
-1.0435247284113627,-1.0018283710450513,BonFilm
1.4301020035626333,-0.5800299583665892,BonFilm
0.2866245180077144,-0.6418881211447948,MauvaisFilm
2.0090603120304773,0.1560328284149343,BonFilm
-0.2862248184033116,0.7115738918210651,BonFilm
1.1434179568166416,0.9849968723241627,BonFilm
0.10516097617685426,2.8103580529955274,BonFilm
-1.4249154372368502,0.971260931829956,BonFilm
0.0835895788502706,0.909609680865344,BonFilm
1.7138314163441726,0.08747736173324022,BonFilm
-1.2392947825828982,2.5851800765733097,BonFilm
-1.9739592685613325,-0.7711775516964251,BonFilm
1.7126562394183549,1.590359947443361,BonFilm
-1.2033546740730598,-2.1740186701964115,BonFilm
-1.3497532560160626,0.12567512507407175,BonFilm
-0.9620006445096353,1.461712914187065,BonFilm
0.5365216567689357,-0.1167690595659425,MauvaisFilm
1.367797501662576,-0.6049485812809073,BonFilm
-0.5695747610328565,-1.362426547880003,BonFilm
-0.9701766531400394,-1.6946163260676996,BonFilm
0.8530953888332122,-1.1086134979520528,BonFilm
0.30919706292494387,0.6482352589280455,BonFilm
1.2924306829126844,-0.8575514575174665,BonFilm
0.15253356907591586,-0.6492878965393609,MauvaisFilm
0.17337457674035284,0.962781411972971,BonFilm
-0.5451016075061247,0.0400604055576718,MauvaisFilm
0.19317829923481325,-1.1329660395534091,BonFilm
-2.539697188121412,-0.901749740754218,BonFilm
0.5432010194963963,0.4431199674012316,MauvaisFilm
0.8001983856358293,1.0636411410350721,BonFilm
-1.5899564377669435,-0.13855834734790526,BonFilm
0.9286552099112313,-0.2574840860525015,BonFilm
-0.08875799193915462,1.14956967623679,BonFilm
2.046742620678775,-0.08230577033386309,BonFilm
-0.5224750888588655,-0.287458317481809,MauvaisFilm
-1.0045154476393254,-0.0724205400168881,BonFilm
-1.0558774508310664,0.7950508407703718,BonFilm
0.25023621162539184,-0.17889260525634326,MauvaisFilm
-0.4128773070337517,-0.9399037487499631,BonFilm
-0.10423622199064445,-0.7730195025141766,BonFilm
1.1934663526548606,0.5915556803128861,BonFilm
-0.6553092759323659,1.2092398845716874,BonFilm
-0.3473922612564918,0.8707055294107461,BonFilm
0.325498234770945,-0.24349409831779845,MauvaisFilm
0.0245882591779708,-1.986987520678602,BonFilm
-0.6663641989926699,-0.6180748046072084,BonFilm
-1.6453689773884685,0.5314101984895166,BonFilm
2.503885270549606,-1.5532541612174167,BonFilm
-0.17205607397577474,-0.0825152292624559,MauvaisFilm
-0.009272665464055616,1.079744129480621,BonFilm
-0.12488246845911499,1.7093803128979679,BonFilm
-0.714426921844671,-0.3511633984486693,BonFilm
-0.5633809776326518,1.7001687021679879,BonFilm
-0.39802290832973897,1.2155757750567777,BonFilm
-2.0774081911021396,0.663485078798491,BonFilm
-0.8670337878754012,0.21227998258609532,BonFilm
-0.21250838512385123,-0.012616829656744499,MauvaisFilm
-0.6404367678793674,1.6939317424905218,BonFilm
-1.271784652110597,-0.4575848996928333,BonFilm
-0.46069101369908994,-0.6879131350424954,BonFilm
0.8836212057872643,-0.6438698840793393,BonFilm
-1.5266726468528748,0.2356199605777057,BonFilm
0.9981724520804272,-1.1808486423814388,BonFilm
-0.8854192936445526,-0.7196982042349597,BonFilm
-0.5334222044807269,0.8519528755752085,BonFilm
0.10809653947561843,0.4926617530905258,MauvaisFilm
0.4023416931113169,0.37818322606342036,MauvaisFilm
-0.35307912000623465,1.4957919427661959,BonFilm
-0.17644311234362026,-1.5986286484802794,BonFilm
-0.9831203980816083,1.1710643427490435,BonFilm
0.691125218860394,-0.882387164592069,BonFilm
0.7884386409293266,1.9588214680916407,BonFilm
0.07724910048168879,-0.08195316930467643,MauvaisFilm
-0.4718730984520137,0.5606739345181134,BonFilm
-0.22699712193495558,-0.36468283660977496,MauvaisFilm
-0.9038173465883651,-0.03580308994968629,BonFilm
0.23927265866137595,0.8662106171063054,BonFilm
1.0773932708219058,-0.15322415213370166,BonFilm
-0.8143361582081179,-0.352858869010801,BonFilm
0.5594676009219154,-1.0600538294832698,BonFilm
-0.9732627589732594,-1.7312869894420293,BonFilm
-1.3561333708398666,0.12029470402252927,BonFilm
0.7562257988071008,0.8400329628096872,BonFilm
1.2690065934323682,0.11791069522857901,BonFilm
0.4800859137128495,-0.5061015378180381,MauvaisFilm
-0.8724572688908065,0.9404604905553168,BonFilm
-0.581229033467477,1.1942804555360171,BonFilm
1.0732947858880648,-0.9716402277549816,BonFilm
0.3816000189980427,0.47702048435284644,MauvaisFilm
-0.9410307384345601,-0.737625336269024,BonFilm
0.35755141402444346,-0.9855821902546523,BonFilm
0.38303040622340434,0.95747078506057,BonFilm
-0.19675407259637998,0.5452170331625795,MauvaisFilm
-0.5707215370134475,-0.11339349797883368,MauvaisFilm
2.225738181641147,0.5549843134465714,BonFilm
-0.09583769846473525,-1.5456779822374351,BonFilm
-0.0964900016026161,0.410743474457697,MauvaisFilm
0.38645513783443647,0.2386282395096138,MauvaisFilm
0.528646175427304,-0.05098351190961713,MauvaisFilm
1.1982298262730853,1.8371448177332643,BonFilm
-0.5507832207018848,-0.6652298231762658,BonFilm
0.07220562031118868,0.009095946799420367,MauvaisFilm
-0.9719176103830147,-1.3102216991157727,BonFilm
-0.6515950451162114,-1.082666045080548,BonFilm
0.4094233205708583,2.5015867883017178,BonFilm
-0.6183611597162424,-2.1531883309257727,BonFilm
1.080673071852651,-1.2146426878021603,BonFilm
-0.8033216423868025,0.013768661108403276,BonFilm
0.25961969445135163,0.7362253569504262,BonFilm
0.023747517801989942,-1.812783807470164,BonFilm
-0.7420101848111055,-1.0069813549518745,BonFilm
1.049265918571805,2.936535010757274,BonFilm
-1.14177172610786,-0.7585683539245378,BonFilm
-0.6276487173507527,-2.1202135920713583,BonFilm
1.456963073747732,0.08791034245228686,BonFilm
-0.9007038240082875,-1.1159477329489709,BonFilm
0.3159824136764542,1.3781678410078788,BonFilm
-0.31655601940252703,-0.14696682874537959,MauvaisFilm
0.2843665604709576,-1.1646600482286136,BonFilm
1.22012590999125,-1.3503195137303,BonFilm
0.5658647059523637,0.1656962591305082,MauvaisFilm
1.7126251757993256,0.759424931759449,BonFilm
-0.17802015667654295,-0.8411510234496591,BonFilm
-2.9937822701365326,-2.437114499650888,BonFilm
-0.8679760645017909,-1.3635269419125073,BonFilm
0.5495676021485074,-1.1619204627776885,BonFilm
2.061215913159427,0.6352399741373523,BonFilm
-0.47031228302603345,0.62837892761348,BonFilm
-0.16830529043507744,0.3119986741021125,MauvaisFilm
0.48797405976503627,2.869684504448523,BonFilm
0.11476850552363682,1.6009587040975626,BonFilm
-1.5418355751702408,-0.3397984002744205,BonFilm
1.2527256340485955,-0.07982841103124362,BonFilm
-0.8960610518532038,-2.095459952265838,BonFilm
-0.19960006524286827,-0.09856268522762601,MauvaisFilm
-1.7416888631888239,0.38367143977115564,BonFilm
0.2129991372780987,-0.8469128955663304,BonFilm
-1.3516064149988927,-1.046815555544899,BonFilm
-1.1207023928834356,0.9302471225364392,BonFilm
0.1799204928397988,-1.1169245890593966,BonFilm
-0.29204166231376283,0.3545494741794779,MauvaisFilm
-0.5470988661671321,0.6180372147450814,BonFilm
1.171402638692918,-0.41520647054711374,BonFilm
1.3185896414402642,0.5834214157016,BonFilm
0.20128760041259797,2.0055409988280295,BonFilm
1.2094557221027633,0.5034452234411751,BonFilm
-0.6229119650095455,0.28687178989121426,MauvaisFilm
1.395583979231255,-0.6398603976078969,BonFilm
-0.7466330743999036,-0.22429805541094378,BonFilm
-1.1840403738045948,0.854689805601012,BonFilm
0.3921788819390044,0.9108302590851275,BonFilm
-0.5629839134109642,0.6381313775872155,BonFilm
0.36427999764156865,-1.1281200697206317,BonFilm
-0.20131067581635617,-0.3780772025016301,MauvaisFilm
-0.0727167719341356,0.5932043457713927,MauvaisFilm
-0.9534195203297575,-0.3546639818981989,BonFilm
1.4169369919617045,-0.8882203097628453,BonFilm
-0.24383531207379516,-0.7675227187824489,BonFilm
-0.2899841468406998,2.1153173762104367,BonFilm
3.1895955199930466,0.23907925313477743,BonFilm
-2.540651756673364,-0.7158266740772857,BonFilm
0.6824286493000297,2.1621379840607946,BonFilm
-0.10894612417382789,-0.06495572888923307,MauvaisFilm
-0.39318623723443874,-0.7659674826002433,BonFilm
-0.23657309978251798,0.828223415770606,BonFilm
0.7970246189629407,0.05573092843303612,BonFilm
-0.5021377284572388,0.3017684822066123,MauvaisFilm
0.41133451923602277,-1.8569380487004328,BonFilm
-0.15912955069909254,-1.515287025135927,BonFilm
0.3475672925791038,1.4210366362656228,BonFilm
0.9194528086636584,-0.37059326438981594,BonFilm
0.710778308484502,-0.654144976140862,BonFilm
0.8424925370469636,0.7509712213050123,BonFilm
-2.023355878784604,-1.778912400685392,BonFilm
-0.7074195151071823,-0.3040370602688813,BonFilm
-0.15762218199855302,0.7048990887916952,BonFilm
-0.9334440729074752,-1.27325474735095,BonFilm
-0.8059159973042513,0.3651039022881744,BonFilm
-0.7602697986901454,0.539507437041491,BonFilm
-0.8779239868611106,0.04076193077504475,BonFilm
-0.32321886762354185,1.25139310411374,BonFilm
0.2210326073913623,-1.0976487999665814,BonFilm
-1.0792893505447485,0.2526345983021149,BonFilm
1.0715141943658344,0.00484343112291965,BonFilm
-0.7958715764692583,-0.7293071987596969,BonFilm
0.4628372525269932,-1.211029277644654,BonFilm
2.0641992305989776,0.6738401214131451,BonFilm
0.1644729851001543,0.2174984293045645,MauvaisFilm
-0.14653635282571542,-2.517460944798486,BonFilm
0.6915251791287874,0.0407402004811206,MauvaisFilm
-0.02088928847794239,1.3339050083490178,BonFilm
-2.472489683310425,-0.327117996731299,BonFilm
-0.21207416355924538,0.6824159767042705,BonFilm
-1.1590169067802947,0.0677036392574343,BonFilm
0.2668926739817221,-0.3959480006009508,MauvaisFilm
0.9904981118370653,-1.6765901893246946,BonFilm
-0.350336763995482,0.7456065502155403,BonFilm
0.49804935624778474,-0.5059931660993824,BonFilm
0.16603972079671522,0.4340372472237338,MauvaisFilm
0.6285210862201795,-0.2692193548413441,MauvaisFilm
0.9016345559231596,-1.5627633001715828,BonFilm
1.8949150413466864,0.5252981463199018,BonFilm
-0.7623687049551507,-1.3821136882485527,BonFilm
0.12463508921047775,1.2879526829167565,BonFilm
-0.8771021206646719,0.6199373793415627,BonFilm
-0.6704312261012978,-0.6562964557277898,BonFilm
-2.002124255340039,-0.6104444096306944,BonFilm
1.0638311394487878,0.7022840008882453,BonFilm
-0.10455306490964575,-0.8761096163301363,BonFilm
-1.1986918111175147,-0.0011861386185620705,BonFilm
-1.4341656437271373,0.053010025399744025,BonFilm
1.1389199668079006,1.046787905959415,BonFilm
-0.6704642570102058,0.5242775591781584,BonFilm
0.22188247310560288,-0.10064011323657217,MauvaisFilm
0.5771509777578101,0.9669892206030398,BonFilm
-0.7189915252117222,0.5625920983416216,BonFilm
0.7752322901876749,0.5424485144815823,BonFilm
0.5315662943260536,1.3611099557117365,BonFilm
-1.3192408159724511,0.3395393960140951,BonFilm
0.5273186348186236,-0.6008052325786107,BonFilm
-0.15144447681551162,0.3348921621356285,MauvaisFilm
0.5654875208247926,-0.287577259131247,MauvaisFilm
0.6160086549398791,0.7852901441704528,BonFilm
0.15584289301407014,-0.36402927733913604,MauvaisFilm
-0.15270784986518193,-1.6550569863503852,BonFilm
-0.3805533843341103,-2.045623406884453,BonFilm
-0.05241136179236943,-0.21236807605593364,MauvaisFilm
0.27430258160458965,-0.5652151674208118,MauvaisFilm
1.2524703442262266,0.03282825096847594,BonFilm
0.30919127516821954,0.5185555383734777,MauvaisFilm
-0.2402415576755194,0.4439519837266376,MauvaisFilm
-0.41286539752696305,0.18312007821152054,MauvaisFilm
-0.6223306611616739,-1.9322752309959188,BonFilm
-0.3126377200317997,1.3429124440567906,BonFilm
-1.5413223069179396,0.9219053801966656,BonFilm
1.9436425422062387,-2.7780129150433606,BonFilm
1.4056329148007491,-0.004258237619823673,BonFilm
-2.43592646419867,2.192520074982552,BonFilm
-0.12826322888210503,2.5944918000180377,BonFilm
0.4861511441327127,0.9001787035269133,BonFilm
0.989078001222781,0.6913324916592088,BonFilm
-1.4540799324698557,-0.23213918494153918,BonFilm
1.809579010334376,1.4248936301712483,BonFilm
-0.6668085627652008,0.9882150831245631,BonFilm
-0.7044260528073383,0.2501827403687283,BonFilm
0.049960666717198184,0.7437216170027541,BonFilm
1.7847226021476954,0.6307718400897191,BonFilm
1.1178566812621622,0.25309660976582754,BonFilm
-0.008370053995649985,1.7865521171650622,BonFilm
0.5060438765733676,0.26170604661806657,MauvaisFilm
-1.1918200435375579,0.8799418799663684,BonFilm
1.535909721175479,0.5208073832966416,BonFilm
1.6652279568407666,0.07277495168811637,BonFilm
0.2643192960364448,1.251043477351096,BonFilm
-0.3131574892976444,0.2953346156627226,MauvaisFilm
1.2953899234159374,-0.012873059091920104,BonFilm
0.7710347778167879,0.7020342920012291,BonFilm
-0.620370808773778,-0.4222344115716431,BonFilm
1.8606857023496168,0.017404180122980818,BonFilm
-0.23977338765775472,-3.0615641416235335,BonFilm
0.21972327740093345,-0.14518222864620137,MauvaisFilm
0.7144266584467845,1.8534313835646439,BonFilm
0.18523642752577207,-2.209596313608217,BonFilm
0.3983071348346832,0.5621232482169147,MauvaisFilm
-0.052500657081089135,-1.0379071948369178,BonFilm
0.19730773464958518,0.1524352519806035,MauvaisFilm
2.5702119414510474,0.3529194243296945,BonFilm
-0.4355914622514168,-0.042480543144603054,MauvaisFilm
0.7607857930899649,-2.18269255467508,BonFilm
-0.7597011972296207,0.9113891869838466,BonFilm
2.49495238301586,-0.572192951289616,BonFilm
-1.8408406464133933,0.7482041424082624,BonFilm
0.9438799956277651,-0.07027175368464018,BonFilm
1.1477873411199957,-1.037116869633122,BonFilm
-0.3143101824242183,0.9939510972370964,BonFilm
1.9318443337359181,0.12506942853102837,BonFilm
-0.7615967842557516,0.4735082182430448,BonFilm
2.3946932987722556,-0.28947605793112924,BonFilm
0.09747387503878482,0.026515488100516696,MauvaisFilm
-0.46572714116962177,-0.5267289408928173,MauvaisFilm
-0.9821349657717908,-1.065373778122687,BonFilm
-0.4413526947890788,0.29345748775457065,MauvaisFilm
2.1555289375598674,-0.8144708761886588,BonFilm
1.0858563663124783,-1.609440514237738,BonFilm
1.7811752331048936,-0.43584027745958215,BonFilm
-0.8681808789442579,0.2839112654690155,BonFilm
-1.052179255282866,-1.22234643330242,BonFilm
0.31735397443886426,0.5344603761893959,MauvaisFilm
-1.2901241966645567,-0.04212057765052597,BonFilm
-0.4735494319271586,0.835562808862499,BonFilm
-0.09341485680607799,0.10282204737008475,MauvaisFilm
-1.0334486491460784,-0.7303313482720286,BonFilm
-2.316198662282575,0.008231515007478108,BonFilm
0.7754757609703308,-1.424761581854861,BonFilm
-0.527396104755134,0.6126837179259742,BonFilm
-1.7837891036517919,0.67656167156625,BonFilm
0.10426115243063326,-0.458732805007883,MauvaisFilm
0.25651128214696584,-0.036638749679685494,MauvaisFilm
0.1399499305571847,0.1306074575817355,MauvaisFilm
-0.041134478455369,-0.8537291179836387,BonFilm
-1.0109328238287418,-1.0144181525743916,BonFilm
-0.18649482455071548,-0.353532122411405,MauvaisFilm
-1.3230637999404562,-0.5336764442449329,BonFilm
2.1843196732177304,-0.3062341863159488,BonFilm
0.06237352000192578,-0.84864898647369,BonFilm
0.8635584944768381,-0.41710127877693115,BonFilm
-1.1186820846191663,-1.3612294965361034,BonFilm
-0.14204428747144152,-0.14241347953001732,MauvaisFilm
-0.12870627470277554,-0.5960042605810446,MauvaisFilm
-0.9633918286850298,-1.6260934141658996,BonFilm
-1.0793168115990257,-0.3556553625457876,BonFilm
1.2123928930539694,0.04022606805087634,BonFilm
-1.469723348689885,0.7757966813300716,BonFilm
0.5606515001143055,-0.35385950585985704,MauvaisFilm
1.3498132704139467,-0.05899153262630062,BonFilm
-0.8460637560061569,0.31504857651330814,BonFilm
-0.18888664323748697,0.09275176440683848,MauvaisFilm
1.3272372719428414,-0.2963343985162664,BonFilm
-1.121207458130913,-0.681062145439846,BonFilm
-0.6991821152916996,-1.1131089722377292,BonFilm
-0.4649483644575886,0.9899276763970868,BonFilm
0.2906934323952462,0.010452644233404385,MauvaisFilm
1.5017233884947758,-0.2948001618876446,BonFilm
-0.5658240360736271,-0.43751401301151466,BonFilm
-0.4508384340422517,-1.139283029759073,BonFilm
-0.4079212816858053,-0.3990431664532115,MauvaisFilm
1.4305398108162,0.23811894614551465,BonFilm
-0.5372953988416568,-0.386389471812056,MauvaisFilm
1.496522159759789,2.628019435014531,BonFilm
-0.3747367946244326,0.668087691297359,BonFilm
1.8637287266416391,1.1171349619976552,BonFilm
0.4292567734246972,-0.4953280309138059,MauvaisFilm
0.023269231142737924,-1.102720844980335,BonFilm
0.3793785024159906,0.4822616201617346,MauvaisFilm
1.2976636227206249,1.3813466144483946,BonFilm
-0.6624052139083157,-0.23497708047735388,MauvaisFilm
1.8209810032643214,0.49328421380576387,BonFilm
0.2440383111836988,0.5713138334170084,MauvaisFilm
-2.2133495421113074,0.18615844559515887,BonFilm
-0.06427653145400204,0.1516337749675814,MauvaisFilm
0.6712616346541355,-1.2644880945469192,BonFilm
0.700346840161055,0.18370443240655607,BonFilm
1.38794049160901,-0.6648947124890585,BonFilm
-0.06744398740771726,0.7160302851725427,BonFilm
0.2282601037757214,-1.1620116035881813,BonFilm
2.3104789345989603,-0.7998189393102558,BonFilm
1.241588373965489,-2.325075432803342,BonFilm
-0.3078740117286329,-0.5516336635241219,MauvaisFilm
0.0030821731210184077,0.5563052664825854,MauvaisFilm
-1.023505492240455,0.3200173626002736,BonFilm
-0.20644830111424878,-1.1170428916365782,BonFilm
0.5077179037824959,0.43439249972451444,MauvaisFilm
-0.9199207104256732,-1.5909681933897604,BonFilm
-0.5544328168940883,-1.03755496317255,BonFilm
-3.2219320885835465,-0.919639447212755,BonFilm
0.22454190162367169,0.23042775614775723,MauvaisFilm
-0.6964332727653736,1.2384640206697812,BonFilm
-0.10333798318879196,0.635549326264346,MauvaisFilm
-1.22027524904665,0.14266101498076741,BonFilm
-0.005312346276784407,-1.626278806950585,BonFilm
-2.3386862000351956,0.09983565660585278,BonFilm
-0.09093833439674973,0.3128909550186242,MauvaisFilm
-0.3311762390934273,0.13159688820675947,MauvaisFilm
0.5208118706034802,-0.6725002695461447,BonFilm
0.31359689308762045,0.16814819896256034,MauvaisFilm
1.0261875207437554,-0.6393559660579365,BonFilm
-0.09432629395881958,-2.32333355130098,BonFilm
-1.195765719945072,-0.37113749608150115,BonFilm
-0.5271090044975357,-1.5947943703663163,BonFilm
1.0747994399745235,0.09349371790568278,BonFilm
-2.901988305857465,-3.780983902372461,BonFilm
0.7738991827049274,0.07003721426796843,BonFilm
0.2549395048378635,0.3674974464116622,MauvaisFilm
-0.2604249901332768,0.3282521713674704,MauvaisFilm
-1.0987131729692978,0.6668656602296459,BonFilm
-0.6813603601903077,0.9450174125757107,BonFilm
-0.4279171931930114,-0.41551019181642396,MauvaisFilm
-0.14989410552563656,-0.6950795671323291,BonFilm
-0.8376341037785513,0.8271249617782096,BonFilm
0.5235189555970335,0.23069410691144573,MauvaisFilm
0.9168859276847969,-0.9124963555569093,BonFilm
0.16936154390068855,-0.1727524635705646,MauvaisFilm
0.8778682010974589,0.9504837814676561,BonFilm
0.9072737699413809,-0.003644879776964595,BonFilm
0.22106791523698674,-1.386802625660493,BonFilm
-1.4314837829940492,0.42857370607430534,BonFilm
-0.9623805561610606,1.2366859663847933,BonFilm
0.1612333464013663,0.17482708598322105,MauvaisFilm
2.045705847444005,-0.47071157850949996,BonFilm
0.3658904882393442,-0.7155063067014834,BonFilm
-0.44897567207645794,1.0282563751459097,BonFilm
-0.2830390566203099,-0.1505237390755814,MauvaisFilm
-0.6996440548436126,0.4360202651230139,BonFilm
0.6098822528547773,1.6641830172968226,BonFilm
-1.1729471297628675,-0.07758556669636406,BonFilm
-1.0436928158699257,0.5224636401126797,BonFilm
-0.2019195197291333,0.4723920842884327,MauvaisFilm
-0.9140971970562631,1.4317521135205231,BonFilm
-0.5242104247111723,1.9346130238611015,BonFilm
-1.291064907337534,0.01690679696107754,BonFilm
-0.6122158197872221,-0.4452969235592431,BonFilm
0.9001028615352448,-0.9735081636132392,BonFilm
-0.7567516537457566,-0.44783956617382076,BonFilm
-0.6742611714443034,-0.10022171071859712,MauvaisFilm
-1.0390691415660007,-2.9141105706683983,BonFilm
0.04054605745466767,-0.6432607151539503,MauvaisFilm
-0.4550952872548228,-1.2661929833180603,BonFilm
-0.06526847655487472,0.8990476123425922,BonFilm
-0.05069048610456187,1.912034140331004,BonFilm
1.2454583995400572,-0.7080948265857978,BonFilm
-1.449498698327549,-0.043287238776048384,BonFilm
-0.7808760776783147,0.9398885325374848,BonFilm
-0.589721125062184,-0.12682907254212222,MauvaisFilm
-0.7850590614236675,-0.49367839002468933,BonFilm
0.09325484139046393,0.5418954046138457,MauvaisFilm
-1.2851980159389707,0.04923336620099585,BonFilm
0.6961349455588578,-1.4105600300302892,BonFilm
-0.6789608310350995,-0.7919265147507252,BonFilm
1.8091506159217332,-0.6269564896204062,BonFilm
-0.7578423226721294,-0.49990017267362774,BonFilm
1.366195322731114,0.08393173053225397,BonFilm
-0.39138244842012443,-0.4292626020291697,MauvaisFilm
2.447195539862178,-1.1924136021869773,BonFilm
-0.8732098084689172,0.6748528352849003,BonFilm
-0.4707127978773907,-0.5218469190779778,MauvaisFilm
0.17242000849844888,-0.5396236419146659,MauvaisFilm
-0.5730248842682066,0.143200163620117,MauvaisFilm
0.5945458008642063,-0.26077514730746165,MauvaisFilm
1.243694535502737,0.7092918667239073,BonFilm
0.8309074555242414,0.4225831297945746,BonFilm
1.007070686674999,-0.3792429974454462,BonFilm
-1.1766411420159142,0.03784666414771804,BonFilm
0.6625246822848267,1.19291344308271,BonFilm
1.0594547564924224,-0.35829202388323594,BonFilm
-0.6648992762393066,-0.2630459273547943,BonFilm
0.0872193419698862,-1.1778378637268538,BonFilm
-0.01173795719407349,1.8505320338916587,BonFilm
0.015531179780046051,2.5398310488636353,BonFilm
-0.5129442538970247,-0.5022597096795722,BonFilm
-0.42053712815352484,-0.17009887937687257,MauvaisFilm
-2.1711919001906015,0.9668256456271982,BonFilm
-1.1198933849062682,0.6016946493310961,BonFilm
1.491527076186305,0.8462495404670408,BonFilm
0.2799003099217394,0.18786875823489013,MauvaisFilm
-0.2630619037844615,-0.4945989746886604,MauvaisFilm
-0.7651608803676442,-0.32477007111992456,BonFilm
1.093017657797951,1.4993442962803514,BonFilm
-0.06200922263700512,0.6473542240332388,MauvaisFilm
-0.8560717316832726,0.7347139401336755,BonFilm
-0.31585026254081316,-1.2964445947390724,BonFilm
-0.2207234629230873,-2.3626938451077573,BonFilm
0.5996262686139248,-0.24047390416951733,MauvaisFilm
1.4054714237987016,-0.4976266850902783,BonFilm
-0.27857194756730164,0.5997863920112373,MauvaisFilm
0.24014684856351398,-1.6858397101130222,BonFilm
0.7151508337647008,-0.5937986792076326,BonFilm
-1.3258946351926921,-0.8437846393569776,BonFilm
0.7847711594830385,-1.0083561279332143,BonFilm
0.08385208884443669,-1.3950263045351579,BonFilm
-0.028146593910133105,0.4722078253013507,MauvaisFilm
0.6736646073322917,-1.4576852097785824,BonFilm
1.9251244544482933,0.8087431259970915,BonFilm
-0.6633273227879771,0.9746527157046695,BonFilm
0.36036413304878073,-1.993638123873774,BonFilm
1.7970562323263206,0.8581302623883896,BonFilm
0.42975143742108807,-0.731423077682347,BonFilm
-2.417277888773074,-0.1280473166920069,BonFilm
-1.7340523600384954,-0.797875794161811,BonFilm
-0.15480011618054518,2.4128097165413815,BonFilm
-0.6067663552815882,-0.13446027796812854,MauvaisFilm
-0.4963010133336512,1.659098355784482,BonFilm
-0.4046397280841784,-0.060165474079923946,MauvaisFilm
0.5144439434624009,0.4503260473543736,MauvaisFilm
-0.5851293346955413,1.0198436755155518,BonFilm
-0.2963183764251172,-0.4122437895794271,MauvaisFilm
-0.6741307003166281,-1.784771054025551,BonFilm
-1.4956612479708342,1.72831111404465,BonFilm
-1.2798643487265409,-0.15403395124236322,BonFilm
1.3684155614969344,0.7134220466403198,BonFilm
-0.6802108023817509,1.637573402434165,BonFilm
1.330614541739381,-0.3245129991118202,BonFilm
-1.0981512155453435,1.2649132481281955,BonFilm
-0.6680370256656115,-0.4586202171518881,BonFilm
0.31210714749704344,1.5576268550730545,BonFilm
0.7863941805226259,-1.4609361461466475,BonFilm
-0.014565989869035022,0.5678824307470033,MauvaisFilm
-0.19145204090929138,-0.31057661745595655,MauvaisFilm
0.5515871347041832,-1.2069402284249195,BonFilm
-1.080946809314293,-0.8707666964582687,BonFilm
-1.0051265743507047,1.6830325986520247,BonFilm
-1.044637149498173,-2.06969091286907,BonFilm
-0.5671819661978205,-0.5861498699906363,BonFilm
0.7848970520650376,-2.0459591352419393,BonFilm
1.116752619315433,0.31466949170975395,BonFilm
-0.002999547223237384,0.0053018849841943065,MauvaisFilm
1.747189453157609,1.1227322405685825,BonFilm
-0.28665964973919233,0.052933961271260196,MauvaisFilm
-0.45444271641885803,-1.786711514108256,BonFilm
0.8787538964855629,0.5367479994204235,BonFilm
-0.6919201536434886,-0.18358565163141097,BonFilm
1.0096429769321995,-0.44433907604484335,BonFilm
1.0633832956123928,-1.3193784304391305,BonFilm
-1.7072258515312957,0.14455856358895022,BonFilm
0.21009094833854183,-0.9236521581873357,BonFilm
-0.0917466318170551,-0.16105410777608867,MauvaisFilm
-1.8749478188218063,-0.16918077329266326,BonFilm
-0.5672223513451466,0.3660177641342888,MauvaisFilm
0.5941267531904313,-1.3271015806070534,BonFilm
-0.5123307514519867,0.28380315301755465,MauvaisFilm
-1.7104139268781329,-0.9749779455034869,BonFilm
-0.2764588982702112,-1.9285012178628587,BonFilm
0.9868670115785847,-1.11595977884695,BonFilm
-0.4007359249591242,1.2498868195674488,BonFilm
-1.1606661489556032,-0.34639025930981526,BonFilm
0.6813274554348075,1.8263555555036002,BonFilm
-0.8140285862211154,0.7687329721742104,BonFilm
-1.0237777597216062,0.7913361921323953,BonFilm
0.353888350341723,0.2622112933639914,MauvaisFilm
0.594974653329084,0.9300495145407378,BonFilm
2.1190627142302327,-0.40341624210315946,BonFilm
1.0448520121757707,1.0436201682030686,BonFilm
0.21626413855213086,-1.7004749578202953,BonFilm
0.9285164206043878,1.730019402992686,BonFilm
0.29988844850599355,0.6393819603382707,MauvaisFilm
0.190599536219061,0.1169986687963724,MauvaisFilm
-1.0317951343210312,-0.89873266024783,BonFilm
-0.65825299051438,-0.7743330969388311,BonFilm
-0.967010079007371,0.9631046070259005,BonFilm
1.4029455126432544,1.7035954731810121,BonFilm
-2.5756146020999706,-1.3753060430296833,BonFilm
1.2164043899958192,0.800644798593208,BonFilm
1.5724222761740236,0.09784521762395508,BonFilm
-0.1522085361694871,0.22402294527299701,MauvaisFilm
-1.087365403611723,-0.742992123489788,BonFilm
-0.24771119066757827,0.7740600040393043,BonFilm
-0.20564225500018318,-0.8442978910493402,BonFilm
1.285105652583191,0.1534014939607651,BonFilm
0.3688281058811727,-0.5324597073807158,MauvaisFilm
0.4846694620783674,0.7991890580461011,BonFilm
1.8080580596274352,-1.1484896806253506,BonFilm
0.4682999201979393,0.8838356748850702,BonFilm
-0.5504525329369548,0.2676844155116841,MauvaisFilm
-3.044971228908554,-1.0913384778374569,BonFilm
1.810578602248927,0.19516647268219645,BonFilm
-0.6862940741785123,0.5366713015598675,BonFilm
1.1326045181224431,-1.899928746878821,BonFilm
0.8147871989099402,0.945159271798786,BonFilm
-0.3721957837590302,0.1467982097038352,MauvaisFilm
0.2561693306582221,0.38185287474803353,MauvaisFilm
1.876459355810452,0.6874991420862444,BonFilm
0.22190507533670548,-2.025359363692125,BonFilm
-1.5693930706983517,-0.3175444985146018,BonFilm
1.5543397729508008,0.5102315154125547,BonFilm
-1.1847157377017934,-0.9452398954722213,BonFilm
-0.08605587112013015,1.555059793371195,BonFilm
-1.756148478782353,-0.9744640344683883,BonFilm
-0.2635606691903615,-0.8705528428256967,BonFilm
-0.4587730895825595,0.05514581998058785,MauvaisFilm
1.1653237301229245,0.6768808620762526,BonFilm
-0.6939931321184232,0.8621096383411897,BonFilm
0.6308250317568382,0.7826184449196343,BonFilm
1.0795532589674175,1.0128262631700522,BonFilm
1.111289021848305,0.8776507838775062,BonFilm
0.34476435931844496,1.4918836207875432,BonFilm
-0.5854866516563938,-1.7627313065403125,BonFilm
0.6498117369941044,-0.8707827597841786,BonFilm
-2.5642683127642947,0.46436471364409987,BonFilm
0.26435704635099266,-0.8540542047401335,BonFilm
1.3893852690229493,-2.134059457497179,BonFilm
0.5513145609410778,2.114027836501268,BonFilm
-0.8179034892855899,-1.3049109067704365,BonFilm
1.184264130906476,-0.457321050233374,BonFilm
0.02119007959553762,-0.6096176751333161,MauvaisFilm
-0.5642787757074494,0.9366482162169621,BonFilm
0.13132356784490448,0.18438170825794892,MauvaisFilm
0.6432817545749375,0.2943137436065695,BonFilm
1.3314676280312756,-1.3422957128630273,BonFilm
-0.010561667224472696,0.5132993632919892,MauvaisFilm
1.0778988688192506,-2.0171182260943987,BonFilm
0.9664215013455054,0.056857562169647484,BonFilm
0.31673562136285394,-0.0012166090710099137,MauvaisFilm
0.1940022349407226,0.29854750063822894,MauvaisFilm
1.300040735006882,0.1313106382914477,BonFilm
0.6166826855332659,0.803075082435772,BonFilm
1.2323289189196287,0.5576620566879169,BonFilm
0.47639810522652354,-0.06630409692943415,MauvaisFilm
-1.2134196305320104,0.6427704936125446,BonFilm
-2.0803924616970586,-1.1001170690060653,BonFilm
-0.22101466658853405,-0.216349060977733,MauvaisFilm
1.0131549863059612,-0.5365411030219627,BonFilm
-0.6729765682336849,-1.222210546624825,BonFilm
-1.213307834043178,0.08171418479883964,BonFilm
0.435321919529317,-0.39597866474700133,MauvaisFilm
2.2823344165394173,0.18692130464909526,BonFilm
-2.07223731411288,-1.4758526320860699,BonFilm
-1.4261397491599506,-1.0294088844827922,BonFilm
-0.5293775774388373,-0.4946700017878286,BonFilm
0.34562887162740624,1.5702759117678569,BonFilm
-0.2529202228569164,-0.7814239735000748,BonFilm
-0.0568806461470521,0.18610565736115728,MauvaisFilm
0.004460070983018016,2.0856111695183746,BonFilm
1.314423847566959,0.5674282560432082,BonFilm
1.2833401316357815,-1.6256324259210941,BonFilm
0.3614273954945248,-1.827745343690111,BonFilm
1.4945057747759072,-0.15912351122949073,BonFilm
-1.0623377525354951,0.7164864452806881,BonFilm
-0.2993332485674268,-0.6810087990767082,BonFilm
0.2099799122717403,0.3231852723818784,MauvaisFilm
2.9136815298713348,0.04038707896436498,BonFilm
-0.5305220594120876,-0.04875037486655838,MauvaisFilm
1.9066639267579033,-0.15215500339642168,BonFilm
0.06912933070327468,0.8633652702130887,BonFilm
-1.1815935625949892,-0.9967006119182907,BonFilm
1.3933283645833168,0.6159359824813612,BonFilm
0.493274861921726,0.2671166925489481,MauvaisFilm
-0.06188647810439122,0.3130845811482111,MauvaisFilm
-1.6783996970892756,-1.5566460552702197,BonFilm
-0.8019842315489876,-1.0581806298383063,BonFilm
0.240600922146742,0.30672968985679944,MauvaisFilm
0.6188833685225039,0.2228789878965829,MauvaisFilm
1.0411350662191654,0.24264011564563545,BonFilm
-0.08196509177218696,2.346528141107555,BonFilm
-0.8486483087533706,2.3459693904662218,BonFilm
1.0208151849481006,-1.373671675341016,BonFilm
0.7653848239597607,-1.1293450119067356,BonFilm
0.8613857701737629,-0.857755618832579,BonFilm
1.0461041800093127,1.2755390102253938,BonFilm
1.3977569344929925,0.6745716333342691,BonFilm
0.3783341454331307,-0.02077596835567239,MauvaisFilm
0.12515258308485408,-0.6219623667015962,MauvaisFilm
0.4269350742717538,-0.09407656672640119,MauvaisFilm
-0.355320712763965,1.5806153466196136,BonFilm
-1.455431062153077,0.062108088935510446,BonFilm
-0.7163121674702313,-0.8864231476440391,BonFilm
0.3053825887188243,-0.8394253267520209,BonFilm
-0.9029740150645931,0.8112861286369896,BonFilm
0.31350754194151836,-1.0747674987219022,BonFilm
2.00894109125284,-1.693219347065929,BonFilm
0.4271733939066007,0.7019616591137336,BonFilm
0.5675232245483427,-0.049738772404831356,MauvaisFilm
1.3947159666938789,-1.113969853634793,BonFilm
-0.3278259915000017,1.7059598035544192,BonFilm
-1.086419161580884,-1.1822322376375354,BonFilm
-0.08975013525993675,0.08319059431959708,MauvaisFilm
-0.7292232189538398,0.0059894375989420785,BonFilm
-0.5682823291910457,0.2667643536208287,MauvaisFilm
0.8077394590923436,-0.12471648285457997,BonFilm
3.8867561535079598,-0.5013762329504508,BonFilm
-0.44945700071108424,-2.735807284127602,BonFilm
-0.3663820899683253,-2.6447647449420826,BonFilm
-0.7261341308679952,1.0599871260018972,BonFilm
-0.031710075789260175,-0.28248262520466766,MauvaisFilm
0.2921811017549033,0.9160647122288499,BonFilm
0.6658632141927612,-2.0553042702750477,BonFilm
0.03714008639161838,-1.8303101343017185,BonFilm
1.243365432848629,-0.6296614523939661,BonFilm
-0.6181229842630002,0.6649421624256974,BonFilm
-0.4232599226522738,0.9228957034348827,BonFilm
0.6487268743987633,-0.598714382741799,BonFilm
-1.8467906369207119,-0.6693348661538661,BonFilm
-0.15780069194017557,2.3527506545581702,BonFilm
0.026748204304160816,0.9935232007615258,BonFilm
-1.5475933409230662,-2.0608680420562107,BonFilm
-1.3173447184236622,1.316971873628327,BonFilm
-0.7441143489326841,0.9181723911267821,BonFilm
-0.9141575611728548,-1.0989882428863689,BonFilm
0.06839203548633867,0.11824967839492571,MauvaisFilm
-2.235805534586213,-0.27199536610087127,BonFilm
1.6208058220818713,1.0758987465135033,BonFilm
-0.09903182672286827,2.039260563430107,BonFilm
-0.43402725135248577,-1.1422173550730985,BonFilm
-1.2842699269254347,-0.744514483834757,BonFilm
-0.1071474277706942,1.353773027001853,BonFilm
1.26700161410318,0.9323704534873356,BonFilm
-1.4019370799778594,0.4944478322135827,BonFilm
-1.2541904859107074,-0.23920568670175477,BonFilm
-2.146263832865867,-2.6701592544247448,BonFilm
-1.2171390504963484,-0.2819222832367912,BonFilm
-0.16382027762253434,-0.03790429973632962,MauvaisFilm
-0.5873464166251844,-1.6157514790590375,BonFilm
-0.539429864866774,-1.251295140594805,BonFilm
-1.091802361859515,0.5323546859563077,BonFilm
-1.4996045977981367,-0.353146779817638,BonFilm
0.9525780857367575,-0.07994468725283131,BonFilm
-0.39984764467825573,0.17279780626850014,MauvaisFilm
-0.3811873883466652,0.9223385939107329,BonFilm
-1.344036607913538,-0.814810904480425,BonFilm
-0.35872805698375443,0.3794086246109866,MauvaisFilm
0.9545901553688457,1.5513009274242051,BonFilm
0.0541489096069072,0.062199609966973365,MauvaisFilm
0.35741540346876566,0.7482469092182336,BonFilm
-0.7925896719731864,0.9786302942988595,BonFilm
-0.6183868520586703,-0.5490815031740751,BonFilm
-0.7291871749882318,-0.02967920146703745,BonFilm
0.016297202212020547,-0.25298461475233575,MauvaisFilm
-0.6824239660110137,-0.8946807431757551,BonFilm
0.6028278465549396,0.3417254658470884,MauvaisFilm
0.1383089316184067,-0.39102030143035904,MauvaisFilm
0.03924045926358448,0.303357506595192,MauvaisFilm
1.4683140846943055,1.19142473781663,BonFilm
1.9912902838467343,2.0044557791008057,BonFilm
0.5207683082883677,0.391031711237911,MauvaisFilm
-0.3723060731662096,0.6197643912260252,BonFilm
-0.5325462905435593,-1.726414306035402,BonFilm
-0.6544695106537517,0.8040394262112498,BonFilm
-1.3982000364461453,0.10888483953963728,BonFilm
0.16035071337489457,-0.24686115818641852,MauvaisFilm
0.6448328853777765,0.34425196783399914,BonFilm
-0.34941839260958674,-0.7640121223402925,BonFilm
-1.2185714016664246,0.10343611844197463,BonFilm
0.9581925557956457,1.5709061482448397,BonFilm
-0.913602119006077,0.16797234007352113,BonFilm
-2.184149102159861,-0.020939680786321784,BonFilm
-0.7663088774933721,-0.6860066554848053,BonFilm
-0.6661823947203522,0.2759571489070001,BonFilm
-0.5319897046322289,-0.012623611530421632,MauvaisFilm
1.6870893560637552,1.6357113153338558,BonFilm
0.8695079808561087,-1.6553134132608995,BonFilm
-1.651636595062755,-0.7751146372967742,BonFilm
0.5629403317825327,-0.23915508538706398,MauvaisFilm
-0.12788348427453192,-0.431674673033992,MauvaisFilm
-1.0163681110723184,-1.158025020296275,BonFilm
-1.172657128556744,1.1360013053569569,BonFilm
-0.5570909460712447,-0.945737598313428,BonFilm
-1.904505698722421,0.3933745703010006,BonFilm
-1.1376533399612592,0.1497499474442928,BonFilm
0.5480103931488794,0.09859336523825649,MauvaisFilm
0.8184956183868946,0.38048057992401946,BonFilm
-0.4876435792901528,-0.9980836624462309,BonFilm
-1.2670635913477561,0.1854513470371731,BonFilm
1.9618331970265597,-0.2758300468131445,BonFilm
-1.0868774232541012,-0.15091693004684342,BonFilm
-0.38475827541351204,-0.9638098476823694,BonFilm
-0.26585203425950144,1.522638919033403,BonFilm
-1.4698823174482618,0.6852291738733166,BonFilm
-0.3316160047383542,-1.098264503982313,BonFilm
-0.7044045209280774,1.2142607184605354,BonFilm
-0.045945012007181596,0.6762300258857964,MauvaisFilm
0.3707820682282508,0.3058522036163395,MauvaisFilm
-0.48655894782438147,1.6179500269039446,BonFilm
-1.6780659463086998,1.3420087291830995,BonFilm
0.9388184035109145,0.5597320973734119,BonFilm
-1.5321717109079542,1.0011602236736434,BonFilm
0.5828718350242653,0.5656158344918765,BonFilm
0.7604433834144606,0.14688674827493198,BonFilm
-1.192528860848182,1.3805108692362618,BonFilm
-0.42576862272018834,-0.5072866548799934,MauvaisFilm
1.2588932600070435,-1.693125492771117,BonFilm
-0.5872075489572492,0.8278023035158539,BonFilm
0.46400339957205683,0.9559704514460076,BonFilm
0.472518395475369,-0.222117305607304,MauvaisFilm
0.43662327077468,-0.05524928625999402,MauvaisFilm
-0.6284724570047138,-0.7796366515916123,BonFilm
-1.366646634808706,-0.6166486644586306,BonFilm
0.2680903922910341,2.1781045652195044,BonFilm
-1.0303917124612572,0.5345553251551369,BonFilm
2.430663253859111,-2.6471267217577297,BonFilm
-0.849618881555598,1.2297757411765917,BonFilm
-0.7762495348701538,1.0520190617429037,BonFilm
3.8774462898416324,1.6752257638846157,BonFilm
1.9650547871478043,-0.523440650797698,BonFilm
-0.27239197590633496,-0.008826813478872346,MauvaisFilm
0.22850647925013703,0.5004084479285149,MauvaisFilm
0.9031572546597831,-0.48466075040915396,BonFilm
-0.030798592235196296,-1.8390251405596645,BonFilm
-0.8285010305805225,0.8215643537901438,BonFilm
-1.6845320483738104,-0.3073627023332688,BonFilm
0.23680662982290618,-1.183011592810452,BonFilm
0.3696686567926898,-0.15639560708263572,MauvaisFilm
-0.6842299874001939,-0.30110644372067014,BonFilm
1.2826074882955367,-1.1043638767961748,BonFilm
-0.8435160551021186,-0.33367717674555,BonFilm
-0.5288618481040769,0.6194363128695163,BonFilm
1.10250357449315,-0.21275582359844042,BonFilm
-0.16600961253535707,-0.19260551873855872,MauvaisFilm
-0.009765951840329301,1.177919907700373,BonFilm
1.0625149775685852,-1.3139697222228652,BonFilm
1.5521702306028033,0.6862781440402046,BonFilm
-1.1489317309007023,-0.21170452152416339,BonFilm
-0.1269757635527189,-0.4073205081287168,MauvaisFilm
1.3840386222105197,0.29893220982829755,BonFilm
0.8637358956428182,2.495002550409421,BonFilm
1.2557712966405774,-0.42896281501210365,BonFilm
0.527091869601126,-1.5398131503495132,BonFilm
-0.30750150759942735,1.0524093376082908,BonFilm
0.5764520373843709,-0.06456226439370434,MauvaisFilm
0.6291247032992218,-1.7171739030149886,BonFilm
-0.251292147923901,-0.505403348939568,MauvaisFilm
0.8134802950577826,0.24604676419091012,BonFilm
0.39061059999667147,0.4782453803692158,MauvaisFilm
-0.9195266008881287,0.31888467070621357,BonFilm
0.437732503683713,-1.2671216665197826,BonFilm
-0.649251362189674,-0.9556846772454133,BonFilm
-0.37470182799563106,-0.7994274779644628,BonFilm
0.21082437262216414,-0.16769696915902008,MauvaisFilm
-1.5389492922249477,-0.6630125720149769,BonFilm
0.40072985483573353,-0.45436536418490514,MauvaisFilm
-1.4946849163398181,0.5645800732442193,BonFilm
-0.028091134172615398,0.9841736281548092,BonFilm
-0.08642942009874195,1.0594272730038152,BonFilm
-0.9555647456799481,0.6000976961590384,BonFilm
-1.6928665879961968,1.6664553086317841,BonFilm
1.4947754758867609,0.47653021672566775,BonFilm
-0.2154737486067484,0.10469639748606484,MauvaisFilm
1.8593838038250339,-0.2360413127144723,BonFilm
-1.4344917686153797,1.5018373615629823,BonFilm
1.0215706827678894,0.31917592873510353,BonFilm
-0.6698850188620596,-1.6623793996685636,BonFilm
-0.35435598198610635,0.31073476444517306,MauvaisFilm
-1.0108927091331208,0.3726980738474544,BonFilm
0.1173704177095055,1.5641626970519245,BonFilm
0.6328951483624453,0.2835217765759954,MauvaisFilm
-0.19342202763848695,0.8733090515124207,BonFilm
-0.04050713345690032,-1.7562973232547916,BonFilm
0.06930118318594385,0.04003109919812203,MauvaisFilm
-0.37610737260237537,-1.4621018680180486,BonFilm
1.3945493279146521,0.713226428913999,BonFilm
0.1267367140518175,0.15594459876262204,MauvaisFilm
1.5688712315857898,-3.04598732059673,BonFilm
-1.3118642382656867,0.0034518172806441206,BonFilm
0.6987541065566192,0.7309488247889704,BonFilm
-0.3889737182980338,0.08454015243723538,MauvaisFilm
0.7102831040011457,0.902493655906619,BonFilm
0.13625285630712924,0.11412545895775507,MauvaisFilm
0.14839760126936688,1.110823202652084,BonFilm
-0.39270551283487487,1.2075456258272317,BonFilm
0.7221013796481925,-0.7286494373950895,BonFilm
0.21802788543773546,0.17577005148150085,MauvaisFilm
0.7383071065373861,0.2882159899824928,BonFilm
1.1666612957680398,0.5543956183824191,BonFilm
-0.6346865974374141,-0.9112809862421823,BonFilm
-1.3657398168448731,-0.6201960075721658,BonFilm
-2.7202263405679825,1.2504275127931104,BonFilm
0.46101734795282884,-1.0413574341572143,BonFilm
1.7692199679191596,0.3858616689565176,BonFilm
1.3161683208056139,-0.3891990432626578,BonFilm
-0.4555259184110266,-1.4202103609407761,BonFilm
1.8280037484509657,0.8949295802480043,BonFilm
-0.7809144134969241,-0.34072176629051937,BonFilm
0.5443661549813262,-0.560086756061513,BonFilm
-0.14262038954497958,0.875087651144099,BonFilm
0.1795429783172493,0.37440356118413337,MauvaisFilm
-0.25947261317642506,1.4071565547076095,BonFilm
-0.18568199350994322,0.21547505157120536,MauvaisFilm
0.6213438481108084,1.3516566396311673,BonFilm
1.385554372505276,0.28053109358228334,BonFilm
-0.03200789236369716,0.5076563518873938,MauvaisFilm
1.273015832577842,1.0124558205805538,BonFilm
-1.5281819630224893,-1.0248239736783724,BonFilm
-0.35330114853241124,0.8069597262248199,BonFilm
1.2165159865337052,0.28863149457552867,BonFilm
-0.1481296033637984,-0.009463012587099822,MauvaisFilm
1.9040269576788174,-0.18505535483741165,BonFilm
1.3254374681397085,0.4950907774667498,BonFilm
-1.8247250286021632,1.012387760918689,BonFilm
-0.2401329540765391,2.4584773166925573,BonFilm
-1.144565169420843,-0.05258147527775913,BonFilm
-1.1026566991789792,-1.2145916704154154,BonFilm
0.3644699644730358,-0.6736830135999529,BonFilm
-0.9074468825540162,-0.013738691785081707,BonFilm
-1.2575180049634453,-0.5806904563243127,BonFilm
-1.213518123823791,-0.7222105071352687,BonFilm
0.8314115221129325,-0.47020537116748945,BonFilm
-0.40649185351966277,-1.370067665031027,BonFilm
0.41162907720295566,-2.3357607242770166,BonFilm
-0.6721049837919923,-1.2712471596245971,BonFilm
-0.29294198672511673,1.7440782081179973,BonFilm
2.786776457695096,1.6298734221290103,BonFilm
-0.4085336998430708,1.770121781815958,BonFilm
-2.337822626134622,-0.36149478774979577,BonFilm
-1.6371891029469972,1.0067232139222713,BonFilm
-0.5028302160242692,1.0234372846546822,BonFilm
-1.5292635665602412,0.6309771360714603,BonFilm
0.4308362620407829,0.9304656091836822,BonFilm
1.2476457655279032,0.5690906572574539,BonFilm
-0.03382438477729479,0.5632592314272967,MauvaisFilm
0.7168995580593349,-0.4471881462929362,BonFilm
-0.34340508407041914,-2.6916105033089703,BonFilm
-0.20787953944776963,0.65870483626552,MauvaisFilm
-0.5517238572532436,-0.9509721524551216,BonFilm
-0.7183122844515047,-2.01369804540177,BonFilm
0.5908040543417149,-1.0884687590289523,BonFilm
-0.922067331000905,0.824146265589125,BonFilm
1.541435614082175,-0.3607282314703087,BonFilm
-0.9165698154379245,-0.6404020771377208,BonFilm
-0.05560668781177751,1.313678443758556,BonFilm
-1.0338728474939913,-0.42799021313768737,BonFilm
0.4485658945601631,-0.3017856835841264,MauvaisFilm
3.1987417545598,0.5279074742152174,BonFilm
-0.3849470240225261,0.6086753077037085,BonFilm
-1.0537314409612915,-0.11816594766529437,BonFilm
-1.0337246496509582,-0.102067969715513,BonFilm
-0.01580801315052646,3.5651822445610133,BonFilm
-0.13833738193174008,1.0603633597578823,BonFilm
1.4966775429967853,0.21983553983702414,BonFilm
-0.39836476034028695,-1.683875741008247,BonFilm
-1.8856164449643653,1.0738427186894919,BonFilm
-0.21666817581879766,-0.3174407821898103,MauvaisFilm
-0.5360853081661486,1.2680363295392474,BonFilm
0.8080631116006721,1.473523082286604,BonFilm
0.3986805134674067,-0.507574902249004,MauvaisFilm
0.33270611964230207,0.10963469270674876,MauvaisFilm
0.5577160493184042,2.996467951342355,BonFilm
-0.5894300896808858,0.7925948593455232,BonFilm
-0.6913595983989846,-1.2855456747310698,BonFilm
0.9774944486518137,-0.16464455519769872,BonFilm
1.2355530806387627,0.4886747692231796,BonFilm
-0.9319468650232178,-2.692590656661202,BonFilm
0.5952989597672664,-0.7756468973632342,BonFilm
1.2720381305909465,1.114126495705114,BonFilm
-0.0633372487390373,0.6729451116625126,MauvaisFilm
0.5611074472001323,-0.6782387363187308,BonFilm
-1.4267377742463527,0.7668023950019828,BonFilm
-1.8723103833101626,0.7634996205048011,BonFilm
-0.18128391615193634,-0.5856007289105151,MauvaisFilm
0.42587640881209565,-2.0348177469196393,BonFilm
-0.4754860660944565,0.0965484323961177,MauvaisFilm
0.40889159955326654,1.4375599021409817,BonFilm
-0.41103506515995486,-0.779524969736625,BonFilm
-0.10596285209710576,0.6556355441326678,MauvaisFilm
-0.10223509509639041,1.094970551232985,BonFilm
-2.0259333402490727,0.2363574402063365,BonFilm
-0.5707792646918624,0.09428117106438766,MauvaisFilm
0.777351806248169,0.19535185111438627,BonFilm
-0.20997258782868053,0.02891242855328128,MauvaisFilm
1.811997083837643,0.38121432484456397,BonFilm
-0.06771202422082234,1.0798503885414188,BonFilm
-0.2506971516984066,0.7501458200477766,BonFilm
-0.24828834955838905,0.594151094330702,MauvaisFilm
-0.6627457321426351,-0.5836068314144187,BonFilm
1.7469587828161062,0.14064587449882685,BonFilm
-0.3125870806967221,-0.0965472265290625,MauvaisFilm
-2.5081848093864636,-0.16383102679837472,BonFilm
-1.820328043146525,-0.9934368627960305,BonFilm
0.4528076726452278,0.7003260979301486,BonFilm
-0.11988104168929317,-1.2535366457946064,BonFilm
-0.49709639890338664,-0.9592478473675531,BonFilm
-1.4353397550772646,-1.7996211892958967,BonFilm
1.2855252796867844,0.7721543969478504,BonFilm
0.8435847731105778,-0.9631503815212268,BonFilm
0.8500313222780183,0.7075903146015178,BonFilm
-0.41076841411579584,-0.5111023863055254,MauvaisFilm
0.359894174333463,-0.14780515610353281,MauvaisFilm
-0.16152979908236564,0.1718536736041756,MauvaisFilm
0.4075374015015556,-0.3472357556659992,MauvaisFilm
-0.48277460845071646,-0.616604921355944,BonFilm
-1.8136455904373696,-1.0103570136010898,BonFilm
-1.445075614500067,0.12286755618681691,BonFilm
0.5112341585283673,-0.9001038059382584,BonFilm
-1.9380133194468472,0.4286745355780848,BonFilm
0.7633703274310492,-0.6819676792426232,BonFilm
-0.22307478983110002,-0.44740266924536193,MauvaisFilm
0.8870856665106743,-1.7299155055382103,BonFilm
0.23839618484969977,-0.10392811814610176,MauvaisFilm
1.607227623494916,-0.0038194865133315227,BonFilm
-0.08912571993080265,0.055963969749663375,MauvaisFilm
-0.9425827319440363,1.117675966270204,BonFilm
-1.9744067249731585,-2.3519471808223456,BonFilm
-1.714416381176083,0.19194321036344614,BonFilm
-0.6450185990272114,0.41951252392222355,BonFilm
1.6721349219550545,-0.33445949330683994,BonFilm
0.986329953985848,-0.6308538439156061,BonFilm
1.1740944626244887,0.5031217071796767,BonFilm
1.536746211234699,1.1630394811567626,BonFilm
0.3336291176077094,0.9425795268312669,BonFilm
0.29926047009843776,-0.9590900790488511,BonFilm
-1.0117376322086928,0.9692950905919142,BonFilm
-0.4090196649729909,-0.42824777706023903,MauvaisFilm
0.6033257388101217,0.8493389869759858,BonFilm
-1.6880014744387737,2.8526275612777807,BonFilm
-0.4924599341388307,-1.6384416202387253,BonFilm
-0.12836926288102204,0.15272418793140558,MauvaisFilm
0.21878552503440207,0.4776127857641141,MauvaisFilm
-1.022027572052452,-0.402329035520284,BonFilm
-0.05484644736570768,-1.3080227004452452,BonFilm
-2.508827764953108,-0.46010391598593864,BonFilm
-0.4303224458413684,-0.22148276142856457,MauvaisFilm
1.006819616311299,-0.08789259607893048,BonFilm
-1.030149931824363,-0.4882785605904031,BonFilm
-0.4863832940192296,-0.7676096249704716,BonFilm
0.40164917828819446,0.6271100102069199,BonFilm
-0.4356296650903063,-0.5953723405388973,BonFilm
0.48705515331983906,1.4279398483098535,BonFilm
-0.23601240701922152,0.6677385782987886,BonFilm
-0.1267484261541001,-1.2240033626113944,BonFilm
0.2415504711522461,0.7298700497607762,BonFilm
0.20614517493878148,-0.8703181757725121,BonFilm
-0.01731156063264329,0.0449433842829251,MauvaisFilm
-1.1630291769119345,0.4865559558956926,BonFilm
-1.243936354453896,1.4859995963324835,BonFilm
-0.8223420503979892,0.48214359302487875,BonFilm
0.828421252402974,-0.4968658526447604,BonFilm
-0.08788290558271063,1.5652197260416196,BonFilm
0.3256295620764438,0.2224717187751227,MauvaisFilm
-0.509952974987996,0.3338555554323838,MauvaisFilm
-0.29109406672627486,-0.9040610426996435,BonFilm
-1.0972361795370549,-1.7668543773730463,BonFilm
-0.8808160936217271,-0.3907176236969596,BonFilm
-0.4515305444502426,-1.7504366179456767,BonFilm
-0.12526135610511388,0.9055510349500212,BonFilm
0.48573389981641785,1.295400252199245,BonFilm
0.045839151644875516,0.9338197840203027,BonFilm
-0.8243004414321878,0.24402030526780386,BonFilm
-0.7161715825757459,-1.8693368619004862,BonFilm
0.9445763065111866,0.1290136462034442,BonFilm
1.7091175727451902,0.5512224821196356,BonFilm
-0.14658488308045223,-2.1138509750141616,BonFilm
1.2618481940154143,-0.6655376093013515,BonFilm
-0.5886196186790373,-0.4634697160176913,BonFilm
1.3494716611772102,0.6664938245298745,BonFilm
-0.19669518403755265,0.46959720431723007,MauvaisFilm
-1.7685372940858675,-0.1983899856067589,BonFilm
0.18362627715525653,0.7272643856680924,BonFilm
-0.08713018379052477,0.5061162567087633,MauvaisFilm
-0.8257879876362612,-1.0160648218705985,BonFilm
0.09892639664978438,-1.2478379958523835,BonFilm
0.005772805714123008,0.39251558317354523,MauvaisFilm
2.142686074503527,0.5958290789315407,BonFilm
0.1386252194233967,-0.920200935941556,BonFilm
-1.225995543373217,0.8081952666782285,BonFilm
-0.8910143873465847,-0.024087114630718543,BonFilm
-0.8450667545725047,0.440108627393486,BonFilm
1.5131862392622901,1.4402123117530783,BonFilm
-0.04828747196009004,-1.7363222338463309,BonFilm
-0.6781040030425923,-1.4078453160539557,BonFilm
-2.6779284631923597,-1.9454608467395527,BonFilm
1.5345354970418266,0.05496884841781423,BonFilm
-0.30330101185542135,-0.3407741370406648,MauvaisFilm
-0.36272695872625194,0.7507872991501843,BonFilm
0.5589700674887756,0.8955140875872117,BonFilm
0.0074911494730290525,2.221048789303829,BonFilm
-1.1569336798494085,2.224607310062386,BonFilm
0.6133177983009435,-0.0533699177115211,MauvaisFilm
-0.11960350124704537,-0.582157904679419,MauvaisFilm
0.559604752490095,-0.10227866446356852,MauvaisFilm
0.733511742455613,0.4925266623675168,BonFilm
1.7379273841335807,1.147833530180806,BonFilm
-0.18102707331829188,0.5381238105910031,MauvaisFilm
0.5146193400237667,1.1362621328459874,BonFilm
1.215970135838616,0.015468208743314716,BonFilm
-1.2990865190835537,-1.0348867597128804,BonFilm
-0.8181262266878804,-0.3659731758837402,BonFilm
-0.4167235221613157,-1.4126726786521708,BonFilm
-0.6380495063564304,1.2825430509716493,BonFilm
0.27108537528260745,-0.41417530914770834,MauvaisFilm
0.6191193569762676,-0.24427269219131478,MauvaisFilm
-0.5356602465382735,0.7674820470324638,BonFilm
0.15947903621032966,-0.14202623606853557,MauvaisFilm
0.15471646766667999,-0.9465667227106179,BonFilm
-1.0773855026904942,-0.7155403191881405,BonFilm
0.041983381940915616,-2.145413749960709,BonFilm
1.8152573965874,0.13387228515580318,BonFilm
1.20093572496741,1.0170890415387641,BonFilm
-0.9668464574387823,-0.246657270742012,BonFilm
0.13152719748445715,-0.7085014449596582,BonFilm
0.7470451546297323,-0.7549142077874215,BonFilm
-0.20298199236995704,0.5989645884730193,MauvaisFilm
-0.3904736388512613,-0.8343022595014236,BonFilm
-0.9062161399989441,-0.8799289382326957,BonFilm
0.3333801767406425,-2.512285396347907,BonFilm
0.7597202277166989,-1.2704351836005017,BonFilm
-0.9643017713260936,0.30302855420555075,BonFilm
1.1990957242700453,-0.08431270978011872,BonFilm
1.1072559380095663,-0.015590295254997168,BonFilm
-1.1931843586790025,-0.853071045913215,BonFilm
1.7826255862711973,0.9327791872578374,BonFilm
1.1060677848083817,0.24104745091435936,BonFilm
0.03614347342922367,1.2557329582442502,BonFilm
-0.35148995547996675,-0.394538181557719,MauvaisFilm
0.6092240300149352,-1.0039259915405876,BonFilm
-0.6757996297587301,1.9011448097678803,BonFilm
0.8698518664483109,-1.9829336014800054,BonFilm
0.05331877578964805,-0.03308330015299923,MauvaisFilm
0.28747628852571977,1.6890149562929826,BonFilm
0.9827514467454265,-0.5044799323002362,BonFilm
1.9386273347596412,-1.5961988755110958,BonFilm
-0.1045802842643624,0.9103440182624291,BonFilm
-0.38514872384752324,-0.3878080882644203,MauvaisFilm
0.5582489875532864,1.6870022220214045,BonFilm
1.2552145188540969,-1.7064857894767254,BonFilm
0.39519970339562804,-0.31008946195378106,MauvaisFilm
-0.32597261134662686,-1.7711565692575852,BonFilm
-0.025036233172930602,1.8264549623815753,BonFilm
-1.2511338390299278,-1.163975258751978,BonFilm
-0.7973489244831002,-0.7997216229137045,BonFilm
0.12035843930270794,-1.0332327340909024,BonFilm
-1.5388707243686555,-0.03751372849302949,BonFilm
-0.7387410177959711,-0.9159795047331516,BonFilm
-0.6947617485925712,-0.5883204905362545,BonFilm
-0.5832316040820715,1.396667935525631,BonFilm
-0.3403871428450314,0.6248181434487274,BonFilm
1.046746626977134,2.163264658058633,BonFilm
1.310088382044807,-0.2573805421549037,BonFilm
0.2837669987136151,-0.4670854464439059,MauvaisFilm
0.41343568850252094,1.2815167053038812,BonFilm
0.7348997865245628,-0.5272185999689009,BonFilm
-1.1730665601576085,1.5848260017107125,BonFilm
2.5767042854882827,-0.07981075392087655,BonFilm
-1.1951508964418776,-1.594671195188215,BonFilm
-1.3866327237864369,1.4405437669402392,BonFilm
-0.25972186248056883,-0.16625018527716656,MauvaisFilm
0.0012347950078172474,-1.7262387251199172,BonFilm
-1.6000363761713159,-0.5208031964343784,BonFilm
-1.1872616543293506,1.911315724835082,BonFilm
-1.9383153581951478,-0.41953932246932335,BonFilm
-1.1933020122870697,-1.2999596070346575,BonFilm
0.27807922468301177,-0.32055083361828135,MauvaisFilm
0.4485241957204977,0.3901543203861959,MauvaisFilm
0.19094785932601724,2.327115121092118,BonFilm
-0.11167959284435727,-0.8102267029179547,BonFilm
-1.4034459354165822,-0.8529182286290289,BonFilm
-1.538776917615163,-0.36095614632993983,BonFilm
0.17775531246452367,1.9122177122368225,BonFilm
0.9130614611995826,-1.2199097436117625,BonFilm
-0.02337503140826999,-0.05349721171234035,MauvaisFilm
-0.8092196060256955,-1.108374265056693,BonFilm
0.6719352786417631,-0.5836095582760765,BonFilm
-0.6706646613673759,1.1810080255074271,BonFilm
-0.8224783106834778,-1.1835854745066188,BonFilm
1.0770534229118005,0.4908036229746502,BonFilm
0.20417791316895617,1.190703082833297,BonFilm
1.4809609472238143,0.6448800924200129,BonFilm
-0.8844733020561417,-1.0852406875954863,BonFilm
-0.8037602657549549,0.31026452937879406,BonFilm
0.03325096438028459,-0.8685618727895479,BonFilm
1.3011131522103248,-0.24514256980217805,BonFilm
0.24619694294632047,-1.2974494724460381,BonFilm
-0.4837467425669204,-0.2939111489607978,MauvaisFilm
-0.9440008537353347,0.7794413172086266,BonFilm
-0.8785568807383675,0.4292354386588396,BonFilm
-1.4017467054735329,-0.8684146514296447,BonFilm
1.3197610576254437,0.20670130641336254,BonFilm
0.19366441772390372,-0.08852064934328166,MauvaisFilm
0.9101650996997733,1.169358663751988,BonFilm
-1.1900244831463354,-0.6021269927554489,BonFilm
-0.623580777797241,-0.21262279563949182,MauvaisFilm
1.1650186348408103,1.7196707080398874,BonFilm
0.22800493278853012,0.6559067028530436,MauvaisFilm
-0.8879908781016652,1.1764902962277364,BonFilm
0.06674252485113079,0.29246131476495535,MauvaisFilm
1.2869443384476598,0.03616698262484617,BonFilm
0.9667579052983755,-1.0102300777411,BonFilm
0.02936148718577115,-1.4848457336762777,BonFilm
0.9467250939418149,-0.27117311107624864,BonFilm
-0.32523494571025297,-1.8070368588352637,BonFilm
0.5791965132037153,1.2110398669708036,BonFilm
-1.545750454424023,0.08135333434777961,BonFilm
0.9816365236712276,-0.6887322755621635,BonFilm
-1.3656820251033008,-0.06169025101533823,BonFilm
1.8986949553308692,-0.8682363130886888,BonFilm
-1.9000951436820095,0.5045174488257842,BonFilm
0.8868323032039287,0.8946767306836405,BonFilm
0.634292865379886,-1.014855938282684,BonFilm
-1.3605963763131148,0.14452232139304552,BonFilm
-0.3641545527566848,-0.5817343317137684,MauvaisFilm
1.748122399568546,-0.3894354362591502,BonFilm
0.7680628015387698,-0.31772743586441565,BonFilm
-0.17804141074229748,-0.7199778177305539,BonFilm
-0.6185564752039645,0.2195127850166915,MauvaisFilm
0.07139422938425787,0.4471362900622763,MauvaisFilm
0.07671534835968526,0.010677264064841983,MauvaisFilm
1.2402670236870594,1.171303356590687,BonFilm
0.8082615120073131,0.10526706379756993,BonFilm
0.43033343056986223,1.9953072020620648,BonFilm
0.6129416795155767,2.4349056118883143,BonFilm
0.5309994962042219,-0.5633176667998236,BonFilm
0.7331195608947472,0.4710448443764133,BonFilm
-0.5998934971228206,-0.655757522156462,BonFilm
-1.1105869677420517,0.901378947307677,BonFilm
1.611098703222781,0.8668684598508339,BonFilm
-1.2753669141064825,0.13758859363737866,BonFilm
-1.0833645321420473,-0.7128339095330875,BonFilm
1.3208856006471408,0.8801123482150454,BonFilm
1.8413739598474992,-0.6904451243608246,BonFilm
0.02337134477990868,2.049840960110236,BonFilm
-0.7663519498581813,-1.1315084334189935,BonFilm
0.7746317246994399,0.5517401960916883,BonFilm
0.3752683929597345,-1.1488167715298991,BonFilm
1.1156845602022576,0.11240224661670128,BonFilm
0.5126130862309404,-1.2524008373850686,BonFilm
0.4900634600526448,0.8519036530834999,BonFilm
-0.8013351016391297,-0.0778563868458853,BonFilm
1.0847301514499115,-1.182404051814356,BonFilm
0.49405208906930254,-0.6346697366843855,BonFilm
0.6990343594840737,-0.7877527718729307,BonFilm
-1.615074208349089,-0.5880802490732218,BonFilm
0.4870840455316103,-0.7286039215846797,BonFilm
-0.22701338268025198,-0.07493329221712984,MauvaisFilm
1.3368077322449485,-0.7063702568435477,BonFilm
-1.5715384835314776,0.9215315818174736,BonFilm
-1.469274219999387,-0.4265710828606602,BonFilm
-1.0583855298658111,-0.07127178306558536,BonFilm
0.6848982058126467,0.4872447261184054,BonFilm
-1.3879615415855524,1.1055973809109432,BonFilm
0.3608165079130357,1.2300285543636633,BonFilm
1.3681990502613668,2.1070786241207564,BonFilm
0.23201310842550182,1.2294405997663689,BonFilm
1.0238796282938976,0.36650261577579824,BonFilm
1.8196929436094267,-1.347237664467497,BonFilm
1.2555291517673626,-1.1090082684940732,BonFilm
0.16126737295909233,0.19730516103367376,MauvaisFilm
-0.4540530819100776,1.383499147376085,BonFilm
-0.7710860349677282,-0.1377349140733335,BonFilm
-0.15304345528565189,-0.3041558680752117,MauvaisFilm
2.429047762708244,-0.39651721436081244,BonFilm
-1.9544890473949488,1.5965131977222498,BonFilm
0.9544097834928678,1.5686128764249465,BonFilm
-0.9251318888734706,-1.0966876447883973,BonFilm
-0.6340741868157257,-0.5319290706701563,BonFilm
0.13385390536809566,-1.0037841152159788,BonFilm
-1.106310131504793,-0.7854113242189855,BonFilm
-1.435506473151056,-0.45071147080096396,BonFilm
-0.017753556822835775,-1.0982705289202155,BonFilm
1.2450833278572302,1.1851937102611314,BonFilm
0.9681974074247605,0.31732979922750704,BonFilm
-0.22406416902508944,-0.6556082858420678,MauvaisFilm
0.6920682835735472,0.28758537797019157,BonFilm
-2.4193190510847105,0.6445853187474511,BonFilm
-0.16299346077283394,1.2342912854357715,BonFilm
-0.45997193628469013,-0.003540074482721784,MauvaisFilm
-0.33752390809856914,-0.3700787749326682,MauvaisFilm
-0.22175403296415921,-3.1338332548403645,BonFilm
-0.41329334599834316,0.7059593391076169,BonFilm
-0.3445426600177975,-0.06769746545006734,MauvaisFilm
0.8651017160308715,0.05794586155446112,BonFilm
0.5592629394220654,1.5121279338898295,BonFilm
-1.2585479357327929,0.171920130861262,BonFilm
-2.2647381075092667,1.1296754097286026,BonFilm
-0.12061072899906333,0.06497640059360635,MauvaisFilm
0.7468064442816835,1.6831026906981568,BonFilm
0.7216304080496643,-1.3241251174918918,BonFilm
0.31623268131550614,-2.066901612253823,BonFilm
-0.74868021227769,-0.9344411728369895,BonFilm
-0.05200356304694657,-0.9161734774197303,BonFilm
-1.0477432083177718,0.6035609596428182,BonFilm
-0.9854943086194312,-0.729379833065156,BonFilm
2.3975523010074937,0.46978650907276365,BonFilm
0.11744367868133207,-0.1536175963084304,MauvaisFilm
-0.8965099407992679,0.9112657714127474,BonFilm
0.4354955846531815,-0.84006654034103,BonFilm
-2.4232705611374348,-0.48361195274883345,BonFilm
-0.26979872654478976,-0.31738921779728224,MauvaisFilm
-1.5773355721833033,0.3482951896220629,BonFilm
0.4651175850717216,0.5782445972331106,BonFilm
0.9665344060736368,0.5560451587061899,BonFilm
0.17042902255762923,-0.16534122311684232,MauvaisFilm
0.7759966933206618,0.05352341688116395,BonFilm
0.5900712585259429,-1.6181767988842053,BonFilm
-0.7362598457438796,0.41677837437045046,BonFilm
0.7271508574103028,0.08130442168340218,BonFilm
-0.22061182315612937,-0.48569221450652766,MauvaisFilm
0.062125162233526925,1.377308761404356,BonFilm
0.8113837174951937,0.8238150618620479,BonFilm
0.540048298568237,1.1974321890588173,BonFilm
1.0708553579895934,-0.6560006646069639,BonFilm
0.18718303748805418,0.0718518353175578,MauvaisFilm
-0.6589915954098755,-0.9704721362439005,BonFilm
2.2841888704105098,-1.304028684496306,BonFilm
-0.4220536835908988,-1.1313551146529879,BonFilm
-1.1360381930982963,1.9133403687400337,BonFilm
-1.2956132672015197,1.1521666830691133,BonFilm
-1.2792358819251044,-0.38741072080709904,BonFilm
-0.29314540229303315,0.7665121186854927,BonFilm
0.5474458349330166,0.6775020298684246,BonFilm
-0.8330092734415558,-0.963947370262491,BonFilm
-1.1690450880836996,0.8726231511327427,BonFilm
0.3175919843230513,0.8959491239740762,BonFilm
0.5945618285685503,0.3901867449055141,BonFilm
0.8091390206291955,-0.1960812545136757,BonFilm
0.997590496239106,-1.165137246114634,BonFilm
-1.047354316010835,0.2189013464697692,BonFilm
-0.1269332149629641,-0.9259794871547378,BonFilm
0.6099270159589777,2.631345974494175,BonFilm
0.66834827114594,0.2018162850200322,MauvaisFilm
-1.0224546667927044,0.038265302452929466,BonFilm
-0.08008116910663168,-1.3469360238062542,BonFilm
0.13512528262239082,1.8718073311717898,BonFilm
1.7010914860334043,-0.20057548696493907,BonFilm
0.2466441385842491,1.0073187086901794,BonFilm
-0.5782316073646504,-1.54006329054145,BonFilm
-1.066034890026916,-1.392684884634022,BonFilm
0.2655132853094573,-0.536696871568765,MauvaisFilm
1.3779390999986771,0.932366144706912,BonFilm
1.0109070481535758,-0.6970995100455548,BonFilm
-1.6720134375924378,0.04058133611856512,BonFilm
-0.7553208922324554,0.5046454653509049,BonFilm
0.7244216323092276,-1.4081615025909644,BonFilm
-0.2600340584059563,-2.1781890765644936,BonFilm
-0.21799481899506623,-0.8135224340562278,BonFilm
0.4891751360319647,2.029061557267737,BonFilm
1.2906360202745104,-2.194137109154306,BonFilm
0.4857584970283172,1.2234191047036822,BonFilm
-0.29872424135720027,-0.28108652086283314,MauvaisFilm
0.3691074851041664,1.1993328831908452,BonFilm
-0.5130609220575771,1.6948938595487033,BonFilm
-1.688779400345743,-1.667769579146823,BonFilm
0.7323269407063175,0.7533945333834228,BonFilm
0.5278117597489712,-2.036504350360871,BonFilm
1.7531525458321786,-0.3319729728405721,BonFilm
-1.0239642509892788,0.6364295992583395,BonFilm
2.2189650012011035,0.8791652969990623,BonFilm
2.161481472991782,0.8014351766710976,BonFilm
-1.7587508422872702,-0.042793619475821144,BonFilm
1.8954401210356682,-1.1719019610537225,BonFilm
-1.048099130527549,-1.318800639490849,BonFilm
1.8151269702569373,0.4255997380822561,BonFilm
-0.7553662408929324,-1.1971972548539558,BonFilm
0.09250979909535705,0.7598589826507799,BonFilm
-2.016394970269294,0.044475973275254724,BonFilm
-0.2621117043144649,-1.4381089199813972,BonFilm
1.377356039210502,0.8610717977936905,BonFilm
-0.5613231251822929,0.35603789262944924,MauvaisFilm
-0.46497472244175425,0.31948102510731385,MauvaisFilm
-0.381840935830093,-0.3888874248015031,MauvaisFilm
-0.36649474606602084,-1.5499569825424548,BonFilm
0.38359178696069757,-0.2881624082528196,MauvaisFilm
0.6337672797788076,-0.36584476347122963,BonFilm
1.0693085193716398,-0.34638851712853513,BonFilm
-0.8630761158116277,1.3622034764001982,BonFilm
-2.175167663131025,1.1253291374100987,BonFilm
-0.6385049899368691,0.978159728330029,BonFilm
0.18305879363239222,-0.702355870853919,BonFilm
0.3791801784491214,-0.887544560838966,BonFilm
-1.36578448730599,-2.383372194077912,BonFilm
-0.4443938805605302,-2.9499467010018847,BonFilm
1.0114856636897074,-0.6666848943504778,BonFilm
-0.7237845506511188,0.5649699222549347,BonFilm
0.28390405760384146,-0.41066967426176826,MauvaisFilm
-0.9445623720063342,-1.277430994895638,BonFilm
-1.2255968599670695,-1.1755631953917818,BonFilm
0.4925655000762665,-1.4410934636839645,BonFilm
0.22788898465677934,1.1503155077481118,BonFilm
0.27338550364980496,-1.4441840551179863,BonFilm
1.3359469065232745,-0.6799132148109778,BonFilm
-0.9815787585038298,0.4911441113766451,BonFilm
-0.8179569143382107,0.1570507953074164,BonFilm
0.8631266518756827,-0.9080951029698389,BonFilm
-0.18897233751437711,0.17652351116776388,MauvaisFilm
0.6686168531086776,-1.8935606120430393,BonFilm
0.6739801710320289,-0.8605207086924677,BonFilm
0.18538623328250686,-0.07935687243187677,MauvaisFilm
-0.8735319678884924,0.1115892541914917,BonFilm
0.09265905022241992,0.14303401213855063,MauvaisFilm
0.1356285543915144,-1.1583719444887437,BonFilm
0.5734607040528632,1.5733132131638812,BonFilm
-0.39675073943482414,-1.0239242137432705,BonFilm
1.2678831270220274,2.2511559029337525,BonFilm
-0.45066231199056345,-0.2211753761423522,MauvaisFilm
-0.04403739404956819,-0.2472741447528003,MauvaisFilm
-0.2839014334295726,0.8507128435357546,BonFilm
-1.9686769124702528,1.87833840149807,BonFilm
-0.41689798379052945,0.290073336603798,MauvaisFilm
-0.7202328134614533,1.4734546107965305,BonFilm
-2.373939938334868,-1.1310378085502082,BonFilm
1.0081550949047353,-0.030151796843390415,BonFilm
0.7769107186776921,-1.3921891448546049,BonFilm
-1.1290702790378349,0.8325194676407134,BonFilm
-0.2605095147023224,2.1321668785847163,BonFilm
0.6382992013149053,0.46244672587085184,BonFilm
0.4173520165163751,0.9299377086943581,BonFilm
-0.27538477568284864,-0.6768594492058317,BonFilm
-0.4051624632606266,-0.8684478076196953,BonFilm
-0.8643027350992935,-0.052627069152384895,BonFilm
0.17726553887728017,0.999476521453541,BonFilm
-0.5005429235360417,0.12373598734922102,MauvaisFilm
-1.457966353565635,-0.07388531059568246,BonFilm
0.18666615518494092,0.6800152394253828,MauvaisFilm
-0.37458161114664423,-0.0063342275517095925,MauvaisFilm
1.1654118986639892,0.39413093592945403,BonFilm
-0.18020982165870722,-0.5941203309947813,MauvaisFilm
0.746399689733201,1.6894562746417192,BonFilm
-1.2989608998662159,0.18246175541004891,BonFilm
0.5763796409004278,1.4376378526715288,BonFilm
0.3384263349569153,-0.06315364960445662,MauvaisFilm
0.5941287532174101,0.5370692899381377,BonFilm
0.6059604659247912,-0.7637109991995855,BonFilm
0.5309571153856707,-0.941944702883893,BonFilm
-0.39225366481902024,-0.9048053827980942,BonFilm
1.3618820412535408,-0.10153861912406026,BonFilm
-0.16076569828673293,2.128318813737853,BonFilm
-1.6776781818582498,-1.6360726512205837,BonFilm
0.7823801462719254,1.021058340258565,BonFilm
-0.010175906224156688,-1.3839891960728474,BonFilm
1.1012663311612865,0.4182033180262666,BonFilm
-0.48593237171144155,1.2625012147010841,BonFilm
-0.5347175135497685,-0.38616004771023477,MauvaisFilm
-0.09164489319837915,0.5179974941835708,MauvaisFilm
0.6428561736693367,3.1255598623338265,BonFilm
0.8321476896524903,0.36881845071991504,BonFilm
-0.0770458490170221,0.4040964413744789,MauvaisFilm
1.0013548393158593,-0.5112347899601041,BonFilm
1.904239034397599,-0.1388267285106002,BonFilm
-0.1299064113450852,1.168361752144884,BonFilm
0.853679917276669,0.3858442672059147,BonFilm
-0.3080234323999,0.08818359989352297,MauvaisFilm
0.8819183962285266,-0.7129481806042234,BonFilm
-1.152200914807123,-0.9704812803585255,BonFilm
0.03312556268939538,0.9139813318835179,BonFilm
0.6116714988539963,-0.05832344617796275,MauvaisFilm
0.9083555181937503,0.7836061279674763,BonFilm
-0.9241128973291546,-0.7540226763499986,BonFilm
-0.368830009855267,-0.19463632287042987,MauvaisFilm
-0.3571987279570521,0.34188026260494625,MauvaisFilm
0.5667147792695377,0.9782605692332,BonFilm
-0.444175503184844,0.6922136304512312,BonFilm
0.6422999051493296,-0.025333769527902526,MauvaisFilm
0.5452009517741891,0.012230323784915169,MauvaisFilm
-0.896429302267084,0.5047393650734514,BonFilm
-0.8544461425104984,0.12357629482304722,BonFilm
1.404629827512105,0.950094950068643,BonFilm
1.0634038926238063,0.23014412297552625,BonFilm
0.03252591818759167,0.628682922865581,MauvaisFilm
0.7433331287306366,0.0674879874009904,BonFilm
0.7412086823782862,-0.527900099664454,BonFilm
0.35848187295006567,0.4574258614148671,MauvaisFilm
0.21083486740766516,-1.2061813513823125,BonFilm
0.28280768381738974,-1.3132105108096463,BonFilm
0.9599101308181998,0.29510389397647124,BonFilm
1.1713597436741432,-0.7323162406151897,BonFilm
0.12634532955374284,0.21790557735142513,MauvaisFilm
0.21434303655963466,0.7289928779021198,BonFilm
-0.31209734944727535,0.055344324127128426,MauvaisFilm
1.6730480811125068,-1.0996886767323961,BonFilm
-0.21896401127007428,0.15890889777989736,MauvaisFilm
-0.2699640802714226,-0.8344614178233896,BonFilm
-1.7687486722231869,-0.20457874204311163,BonFilm
1.3564907538040891,0.08736345542015042,BonFilm
-0.8440951950714,0.07861651802008184,BonFilm
-0.2014157216834486,-0.1982305805044438,MauvaisFilm
-0.016393332186079055,-1.2881914855194607,BonFilm
-0.4425707012945991,-0.11434671591315845,MauvaisFilm
-1.4449586369549754,-0.2776229258467903,BonFilm
-1.8898535274335935,1.2250071246595045,BonFilm
2.154750092056345,-1.24748488938862,BonFilm
-0.1304568914477248,1.135103158324243,BonFilm
-0.4006297131119471,0.8006439863374327,BonFilm
0.7383044821400121,0.7284615924229378,BonFilm
-1.2911216861308157,1.2260688644819602,BonFilm
-0.2571232552465921,1.9176864590106657,BonFilm
-0.8340274439020271,1.4429317448032513,BonFilm
-2.03949910668122,-1.3392033447820981,BonFilm
0.2584419554204806,0.4671228297087443,MauvaisFilm
0.3345048618117677,1.3204152185598035,BonFilm
-0.18400841266463644,-0.03916726767483399,MauvaisFilm
-0.7457685127682473,-1.0378469437468647,BonFilm
0.5395557196940498,0.9232996086066393,BonFilm
-1.4373855264852284,-0.10441499315328881,BonFilm
1.2994455496088786,0.3960205874748208,BonFilm
-0.49423884843182864,1.2817521813268111,BonFilm
-1.222500270786567,2.1586132751777307,BonFilm
-0.457920169986971,0.5419044774755865,BonFilm
1.526204135305379,-1.1422889594504777,BonFilm
0.08417678066025398,-0.5849439002784403,MauvaisFilm
0.7667297159213619,0.23548013311287638,BonFilm
1.5133889938505116,1.1066496970414326,BonFilm
-0.5028045075564682,0.48563324699107924,MauvaisFilm
-0.01700210802243535,-0.24647979111986013,MauvaisFilm
-0.8813035558794441,-0.3451150715211171,BonFilm
-0.008395270736638592,0.7708256195552794,BonFilm
-1.4331444097861779,1.4246187295225912,BonFilm
-0.0030612181116432594,1.4830515780115654,BonFilm
-0.08581650873036632,-2.5230857832560845,BonFilm
-0.08774100735093679,0.619424029134226,MauvaisFilm
0.3085244415069355,0.07235643157069899,MauvaisFilm
0.5227518829239698,-0.4128242176470218,MauvaisFilm
-0.729900281753558,-0.19025236892870925,BonFilm
-0.10677383742794816,1.8219967646720976,BonFilm
-0.2858377139808854,-1.3320892552766517,BonFilm
-0.016667243497677828,0.018832932921991372,MauvaisFilm
0.2759693597274845,-1.5193188178370003,BonFilm
2.9919023441678725,0.6612463384453535,BonFilm
0.8816783849469338,-0.3932986896732352,BonFilm
-0.3591552580647052,0.6858961757361797,BonFilm
-1.149282434309464,-1.8557268154544606,BonFilm
-0.24510334934694417,1.0008323420285763,BonFilm
0.9015285322608207,-0.46098346605286844,BonFilm
1.274004702061767,1.0359083118692913,BonFilm
0.32339038618408394,-0.7123720892968229,BonFilm
-0.6615716199748503,-0.0751657099723843,MauvaisFilm
1.4053259093858568,-2.38651653182606,BonFilm
1.216489292291442,-0.4914705962362232,BonFilm
2.037379787857576,1.0274853026172093,BonFilm
0.8333912538981131,1.6743712385894052,BonFilm
0.2993418699546948,-1.306017785364531,BonFilm
0.7919033226300302,0.24172509876789197,BonFilm
0.23740386810514993,0.13640297014477734,MauvaisFilm
-1.560360551870508,0.9329396323438474,BonFilm
0.5801057148565866,-0.2709618104228322,MauvaisFilm
-1.610688389941035,-0.34166432387971796,BonFilm
-0.43847031803711584,-0.22402947219908778,MauvaisFilm
-0.17494980048297312,-0.1119745898200783,MauvaisFilm
-0.41409774829773505,0.6505310230909612,BonFilm
0.8674244250003705,1.200689815289902,BonFilm
-0.1405534403574591,0.6928238676948835,MauvaisFilm
-0.2935291587022938,-0.32021440820372654,MauvaisFilm
-1.0404402354358278,2.6638137495804624,BonFilm
0.5997637943131365,-0.986853273211671,BonFilm
1.0909663135164374,0.18266613253186548,BonFilm
0.37787732566581955,-0.5076000226679545,MauvaisFilm
1.6523642232636524,0.8027579389460434,BonFilm
0.8955933767910266,-0.41448448007046446,BonFilm
-1.5216570193358059,-0.6293960544360554,BonFilm
0.4097307436848963,1.0382157030539523,BonFilm
-1.1650987867519083,0.5340050849176632,BonFilm
0.981148049010954,0.004166478640462479,BonFilm
-1.6604764562880057,-0.8443831060946466,BonFilm
1.7497242780633295,-0.41604025875488393,BonFilm
-0.5275937099232274,0.19518219363435868,MauvaisFilm
0.4674036608105145,-0.8778280730112127,BonFilm
0.21088805010951028,0.7880167961210349,BonFilm
0.5234081570307222,-0.69269083261111,BonFilm
-1.1054496691263467,0.5422107055028208,BonFilm
0.3126754647985251,-0.5545561884528039,MauvaisFilm
-0.16611935394094474,0.6421868707830475,MauvaisFilm
-1.1706796233438936,-0.5336985773065785,BonFilm
-0.9863060233591254,0.42345481896107573,BonFilm
1.0515053070008533,0.2392453571125589,BonFilm
-1.6530467480053102,-1.228160278633666,BonFilm
-0.9675030561456145,-0.1928488278304359,BonFilm
-0.9265228623340657,-0.29375126951799263,BonFilm
-0.30431485120041224,0.39805632157171084,MauvaisFilm
-0.927747838964267,-0.23552604539251462,BonFilm
1.0883443039862106,1.7182381370896485,BonFilm
1.1348015385512682,0.12554004491163,BonFilm
0.6866530960364611,0.5756245912339851,BonFilm
1.1007080392984123,-0.12114588201448794,BonFilm
-1.245647417269748,0.9523614853256817,BonFilm
0.06104590938478909,0.7659462909436795,BonFilm
1.0521524655224537,-1.948586066382676,BonFilm
1.1962624020915742,0.21547101913769448,BonFilm
1.0306890537659035,0.5311131542114642,BonFilm
0.8707105065007708,0.784467682259833,BonFilm
1.3932348597241353,-0.1019734269143367,BonFilm
0.424764291216427,0.20205114546741715,MauvaisFilm
0.4666095125902957,-3.8415608042116434,BonFilm
-1.6320212162851566,0.32256188868166497,BonFilm
-1.3305749031575804,-0.7052011186323107,BonFilm
1.7448512814268404,1.3112522708700425,BonFilm
1.8841015416750846,-0.832304078516041,BonFilm
1.5320207681434153,0.8868152134013764,BonFilm
-0.733897044317184,-1.6353999403575878,BonFilm
-0.8530489129608418,-0.8541777440328062,BonFilm
0.400329540709745,0.16206008974184646,MauvaisFilm
1.1284552986103507,0.8330816943725678,BonFilm
0.21163532621024628,-0.5034403839822185,MauvaisFilm
-0.8409400445899143,-0.5266934300505279,BonFilm
0.28810625742521506,1.5308905479088173,BonFilm
-0.1181740743477856,-0.2387518207764474,MauvaisFilm
1.0382797433562796,-0.523493483339251,BonFilm
-0.10833972465699702,0.6152565928990651,MauvaisFilm
0.8425330031040907,-2.087039160123106,BonFilm
-0.11695277988396757,0.1315111155734176,MauvaisFilm
1.182244634617294,-0.6939033595497834,BonFilm
-0.05889802787876974,-1.6510598280042181,BonFilm
0.1259297848202477,-2.399707519518587,BonFilm
-0.36598802814565073,0.7595491685433428,BonFilm
0.26855699410862394,0.338439641005499,MauvaisFilm
-0.32937020261514305,0.6329890235111807,BonFilm
0.27417335681903154,-0.35876334049160524,MauvaisFilm
-0.9235846385189393,-0.49306665520665166,BonFilm
-0.5522400005488854,-1.167319809207852,BonFilm
-0.43857756965325173,0.5557161722849661,BonFilm
-0.32968676932168084,-0.1315727394965526,MauvaisFilm
-0.407223555070299,-0.84220402288299,BonFilm
-0.017065904007395178,0.17523121289345134,MauvaisFilm
0.5290093058985486,1.376431325651475,BonFilm
0.05214425277656008,-1.790470729051074,BonFilm
-0.24380016030983565,1.0438702669270545,BonFilm
-0.9644405717363206,0.7151475485500873,BonFilm
-1.7383913569838085,0.7731175079578567,BonFilm
-1.5985617902314204,0.10731264310848038,BonFilm
-0.5103399020051314,0.40386772933901366,MauvaisFilm
0.26169435356087734,-0.48383094587723857,MauvaisFilm
-0.5036373655479711,0.4540016933235107,MauvaisFilm
0.5782112101917315,-2.2652667684700223,BonFilm
-0.7595557031948947,-0.20456273891098659,BonFilm
-0.3620361592488035,1.4940125615029556,BonFilm
-1.07228946260009,-0.10268884839015326,BonFilm
0.42880952975425685,1.4879785980641416,BonFilm
0.3267397560478014,-0.12391562548560967,MauvaisFilm
0.8850744863372507,1.1781967885219575,BonFilm
-1.3108062819253357,-0.1926230543678437,BonFilm
-0.4557404985418028,0.0591720693196041,MauvaisFilm
-0.2673480471063607,0.6127730509870336,MauvaisFilm
-0.7774475003506905,-0.8576247297081282,BonFilm
0.611239548244261,2.6273555337660053,BonFilm
0.8804295864216586,0.5136378866277809,BonFilm
0.3604688340946381,-0.7408376158573308,BonFilm
-1.0659677252855015,1.4246472813053455,BonFilm
0.8820385012525358,0.7794334547267272,BonFilm
0.09912110477568802,-0.16995407888512956,MauvaisFilm
1.2022799314422266,0.9555944303752032,BonFilm
1.2820550942186528,0.17004403689982225,BonFilm
1.3461566309108526,-0.17650563371963696,BonFilm
-0.1344306438318111,0.8654646543043155,BonFilm
-1.084537384391207,-0.30318587823891646,BonFilm
-1.3872940194453833,-0.37480800671201703,BonFilm
0.5155801443674752,1.020826332396785,BonFilm
0.3685985673721002,1.4154275479277334,BonFilm
0.5639220763603232,-1.1734607975513218,BonFilm
-0.6923875796705602,0.5305553152655561,BonFilm
-0.18085984355608573,0.15250086565955737,MauvaisFilm
2.029432641539863,0.32526664652050424,BonFilm
-0.907217034476459,1.3367106167151994,BonFilm
-0.09384459531487079,1.3349989597839405,BonFilm
-1.2469319105953018,0.06977578026588872,BonFilm
-1.834957875553322,-0.27165546742928065,BonFilm
0.04363485504966487,0.2189045143500491,MauvaisFilm
1.7298249935031684,2.1697678537670226,BonFilm
0.29809768544599113,-0.9878018254227175,BonFilm
-1.1065744031374642,-0.6618256369334754,BonFilm
0.2270879326417651,-0.17412249714279945,MauvaisFilm
0.38175329705419664,-1.2299121471777357,BonFilm
-0.37525688398189194,-0.5441231990510056,MauvaisFilm
-1.2607402087769142,0.34842988496049077,BonFilm
-2.0462014981573735,-1.3857829410825961,BonFilm
0.06086130285762466,-0.06090054088004022,MauvaisFilm
0.47869574965341455,0.30157798263820246,MauvaisFilm
-0.7631039913635194,2.0327388495824095,BonFilm
-0.7435558952857722,-0.49947370988640066,BonFilm
-1.437804099327902,1.1589266341868367,BonFilm
-0.8679371799002008,0.3993033312435647,BonFilm
-1.1672201419914736,-0.7911803185601481,BonFilm
-1.9636548763805601,-1.659474556122602,BonFilm
-1.0784017604351415,-0.8772137819911664,BonFilm
0.35169914535745933,-1.855455761980783,BonFilm
1.0304229684123436,1.3556780540504874,BonFilm
1.2036826201418809,0.4601247996848344,BonFilm
-0.18128515061253755,0.04407609880331923,MauvaisFilm
0.48742196272950594,0.6690601261260279,BonFilm
-0.9546690948234041,0.49210935209170303,BonFilm
0.62387430979589,0.005919134764744051,MauvaisFilm
0.19518388257612088,-1.148949291657803,BonFilm
0.23968779961734565,0.20532566727841986,MauvaisFilm
-0.9244488745081036,0.43260125113267084,BonFilm
0.47309422392954537,0.7936355016002656,BonFilm
-0.746802422304856,-0.5409094723664535,BonFilm
1.4542419069199708,-1.1721285663365024,BonFilm
-1.743540990764136,-0.4848042992374046,BonFilm
-0.012818789149783372,-1.078674127758323,BonFilm
-0.52350924250659,-0.04205862046240828,MauvaisFilm
-1.4123285871437052,-0.5955293273130723,BonFilm
0.8947268609615184,0.04017835791714022,BonFilm
-1.086423047667487,-0.32077464340791256,BonFilm
1.1848260886625628,-0.6445598412130709,BonFilm
-1.6036082577191773,0.5270524716907753,BonFilm
-0.4087258935061044,0.19977108423633186,MauvaisFilm
0.9171917455717883,0.355261868830251,BonFilm
-1.0160641999287783,-2.178715067458486,BonFilm
0.4425676793793903,0.4910400432956346,MauvaisFilm
-1.8896285110812459,1.2315356688423504,BonFilm
-1.5121561354597033,-0.30711917870542,BonFilm
-0.6394133639748402,-3.0356677385643023,BonFilm
-0.15995973398743893,0.5846200363394845,MauvaisFilm
0.15578356748444203,-0.1356263811084246,MauvaisFilm
1.73670416131974,0.2127997945063391,BonFilm
1.5178869979218503,0.09805609965249319,BonFilm
-1.005961779641058,1.043159184612152,BonFilm
-0.4429390609934958,-1.8578268690403137,BonFilm
-1.882146228270863,0.45330658780770194,BonFilm
-1.3407830499207325,0.7391312722641595,BonFilm
-0.13370510729114163,-1.7247912881692444,BonFilm
-2.0349445893366687,-0.5678948579354389,BonFilm
1.3305848948888193,-0.8531665410800015,BonFilm
0.6003881137233064,-1.9574152313384514,BonFilm
-0.31839770554537816,0.9309831924824395,BonFilm
-1.1579963420239927,-0.29265668099794745,BonFilm
-0.7905183363400248,0.30617057927991237,BonFilm
1.023973362666316,0.7803091817285072,BonFilm
1.2526071665032463,0.37273150366502,BonFilm
-0.9209099956864947,0.5917453545102634,BonFilm
-1.1565859040264281,0.7457282762345033,BonFilm
0.3588884988225993,-0.50615192012876,MauvaisFilm
-2.2116826288613054,-1.257065010135571,BonFilm
0.1382068572852193,0.7628141284688557,BonFilm
-0.43875916657782055,-0.3915917081168872,MauvaisFilm
0.39810494972881655,-0.28671583547498064,MauvaisFilm
0.6852547310570498,1.186706239159363,BonFilm
-0.624395073550377,-0.07587291928047438,MauvaisFilm
-1.5015371284244783,1.1175283233421398,BonFilm
0.3828950879311836,-0.7426832255462293,BonFilm
-2.906694289382543,-1.146820643790203,BonFilm
-1.4965640991640892,0.9425114819200847,BonFilm
-0.11880541316499138,-0.8234679898814738,BonFilm
1.4255843240397013,1.0114942973679302,BonFilm
-1.0123532879984265,-0.03167986038270061,BonFilm
2.2801533258667948,-0.7682785425245218,BonFilm
0.8022670259445698,0.1210993902708687,BonFilm
-0.38486291922441407,-0.2523392388672248,MauvaisFilm
1.356058402935389,-0.8548795317596778,BonFilm
2.05494243731097,0.6764951728387134,BonFilm
0.184594268408928,1.5387830420679849,BonFilm
-0.1507832664697239,-1.4275406275771116,BonFilm
-0.033102518160678926,0.6881455925807335,MauvaisFilm
0.4145129147059555,-0.043068989263337194,MauvaisFilm
0.01030735851210828,0.8019323225978152,BonFilm
-0.9230570399072386,-0.7088273295088925,BonFilm
-2.2299494497375147,-0.7715439828490033,BonFilm
-0.4262794489166605,1.0463301558754865,BonFilm
-0.11635862030649613,1.2352750932117644,BonFilm
0.4380237783677345,0.10531784474934526,MauvaisFilm
-2.1279359972910092,0.7577572590099538,BonFilm
1.520774518030467,1.0083186722253197,BonFilm
-0.926118822852759,0.2800287817946151,BonFilm
0.5316285134514044,1.2613228041110451,BonFilm
-1.6481923347551803,0.6056998299372858,BonFilm
-1.8512801058760702,1.4364396790927578,BonFilm
-2.1791283365225187,0.3627764509055855,BonFilm
1.1840646414984024,-0.7792792343315524,BonFilm
1.5750069803596236,0.37363551987877197,BonFilm
-0.8575396728261558,-0.8112719501626838,BonFilm
-0.3971569286097715,-1.2704646077515283,BonFilm
1.321482286574811,-0.21876703030331557,BonFilm
0.8230801543614388,-0.923029300176865,BonFilm
1.1935648253840978,-0.7221707252295295,BonFilm
0.7120356165270477,0.5444480190729988,BonFilm
0.14290516826453403,2.2086151622156827,BonFilm
-0.3999481456840254,-0.03623460058197511,MauvaisFilm
-1.119332494114297,-0.1666067737963356,BonFilm
-0.3886992507735616,-1.4643209508061135,BonFilm
-1.0026831318846396,-1.0337767015606654,BonFilm
-0.6815504854996708,1.115762648700027,BonFilm
0.6981756528951328,0.17175966987461072,BonFilm
0.913418996722179,-0.8791275356344109,BonFilm
-0.14954842413212233,-1.6501684728418262,BonFilm
0.7033217848671369,1.6984050378620366,BonFilm
-0.5318782776214868,-0.2966902321587287,MauvaisFilm
-1.5755363008658412,0.28014734913138933,BonFilm
1.207947709310781,-0.3904987244968073,BonFilm
1.956110046072428,0.10657845130575438,BonFilm
1.3608346292404663,0.9015458012922806,BonFilm
0.299239954685657,0.8251580357139932,BonFilm
1.7497768005928225,1.1843764486295905,BonFilm
0.02627409103564507,0.18902408036688556,MauvaisFilm
-0.17465723379846407,-0.7507531789335095,BonFilm
-0.1716138695414612,1.127772417758694,BonFilm
2.2376463430885534,-0.3703047081426216,BonFilm
0.018046260686624505,0.018880387021408915,MauvaisFilm
-0.33013857872012164,-0.6682874708567529,BonFilm
-0.7004228251812055,-2.409762025458582,BonFilm
0.3824536874221906,-0.46053473742984474,MauvaisFilm
-0.7705943711162707,0.10773001884797508,BonFilm
-0.07086253432381656,-1.1642888926086223,BonFilm
-0.21152711452671974,-0.5474665268743315,MauvaisFilm
0.29061722591092043,-0.4320282069143527,MauvaisFilm
-0.9589361696933892,0.42473094048573645,BonFilm
0.2293209467895233,-0.5869721288198239,MauvaisFilm
-0.03876460400764244,0.06205682182740916,MauvaisFilm
0.8780165259203196,-0.2785392623959583,BonFilm
0.9176435692293926,-1.8125286336840445,BonFilm
1.6482382171223569,-1.1768642070689728,BonFilm
-0.9131860389575247,-1.6813568097837521,BonFilm
0.8148505272587349,-0.6081690068651849,BonFilm
1.2571683791091435,-0.7555835713143212,BonFilm
0.24630770289645976,-1.2215124272342888,BonFilm
1.001675116400153,-1.2205187474261925,BonFilm
-0.24226965736543307,-0.2428503497320136,MauvaisFilm
0.2961652272155022,0.5977423077130342,MauvaisFilm
-0.15438878634830702,0.20894921781236728,MauvaisFilm
-0.09881249698718629,0.09920584961196169,MauvaisFilm
0.10774773284043704,0.8325875465967896,BonFilm
-1.0188024935861568,0.2619164092482606,BonFilm
-1.5685460194112688,0.8845813949747194,BonFilm
2.075691273497503,0.7282588573734262,BonFilm
3.668479629482831,-1.017967957827838,BonFilm
-0.007635121695515336,-2.029728999474089,BonFilm
0.6983633101075055,0.21075619235359133,BonFilm
-2.7523758826591975,-0.7624523928773564,BonFilm
1.229151878294595,0.472999195359412,BonFilm
-0.24678396763649346,0.7357600853919478,BonFilm
0.32426440864107614,1.6346611984893318,BonFilm
-0.9196256907634384,-1.2769103164443916,BonFilm
0.4785657852223606,0.7901048409523068,BonFilm
1.7624091942842128,0.16701988690772834,BonFilm
-1.9915388614451044,-0.24064318392795034,BonFilm
-1.6047866034601934,-0.5813623219781879,BonFilm
0.5722082928227411,1.4486071071340543,BonFilm
-0.26992460227726717,-0.07773086690995655,MauvaisFilm
-0.4745003489057288,1.5644691755918678,BonFilm
-0.17749951032709618,-0.07289689277280922,MauvaisFilm
0.41477070955359413,-0.42736293149075466,MauvaisFilm
-1.1577768539056996,0.8754018474739365,BonFilm
-0.10288556566721149,-0.1514640581799596,MauvaisFilm
0.6160367295386188,1.1385470214172457,BonFilm
-0.7061395968366462,2.1858898382218643,BonFilm
0.5224520278088621,-0.5782253339108236,BonFilm
1.4633325637559453,-0.8641637957755836,BonFilm
-1.1538000142036613,0.37932213326860464,BonFilm
-0.8159768499098083,-1.0147213368340102,BonFilm
2.2795977982049203,0.13406019978794279,BonFilm
1.389501731826719,0.5044420859359723,BonFilm
-0.19006650870725822,-0.6975502696126978,BonFilm
-0.8898631173829891,-0.8246553259137392,BonFilm
-1.2323407651066431,-0.3740955844091763,BonFilm
-0.25010894826220476,0.5978086607001831,MauvaisFilm
-1.343710553372293,0.40071304714883005,BonFilm
-1.5507435575577375,-0.2181247067331531,BonFilm
-1.2347193624974673,1.7249522772455002,BonFilm
-1.1223445139684824,-0.054435734961886466,BonFilm
0.43435238782806435,0.09424818015155692,MauvaisFilm
-1.2194519477510002,-1.0875399779995634,BonFilm
0.6323075836794007,0.06103587720757584,MauvaisFilm
0.7219602134194625,0.13490721996927138,BonFilm
1.2541936851934052,-0.5613025795755804,BonFilm
-1.2746189544653377,0.6790482983030295,BonFilm
-0.9758104498241228,1.150473016191519,BonFilm
0.5719965916952586,-0.11749524094084259,MauvaisFilm
0.43250747173329435,0.38434820351214627,MauvaisFilm
-0.2191983130883287,0.9865049489022888,BonFilm
1.7289887336014438,-0.8066935478810147,BonFilm
1.9092662400154532,0.014692566299829882,BonFilm
1.8906841624519188,0.9388248386582252,BonFilm
0.4747828353334657,1.558267450480641,BonFilm
0.5382479361688423,-0.9263831997364196,BonFilm
0.4021102344377709,0.4699626743492357,MauvaisFilm
-0.7218993200660666,2.311820195855378,BonFilm
0.6825878871512215,-0.024643579335016104,MauvaisFilm
0.7791425944880033,0.019410962708193605,BonFilm
1.4386228726460737,-0.6662132685403441,BonFilm
-0.6334801111992109,0.4904556561677005,BonFilm
-0.9016830944682882,-0.34694511057409855,BonFilm
-0.38109178454609055,1.2397454423567458,BonFilm
0.08405879356264288,-0.08593463120036066,MauvaisFilm
0.4334669316616695,0.6352502886945366,BonFilm
0.538603273874494,-0.40092057127917285,MauvaisFilm
0.7961890809821222,1.313453474651593,BonFilm
-1.5226077610244435,1.5004809598178894,BonFilm
0.33716288620467444,-0.8512397320071293,BonFilm
-0.3280388963772839,-0.5282482199211385,MauvaisFilm
0.4212684897140397,-0.08709949779608464,MauvaisFilm
0.0014159166023446864,0.4360210956797229,MauvaisFilm
-0.04309588846602041,1.0932562264708157,BonFilm
0.634628684399775,1.0392881718127422,BonFilm
0.9201856006266453,-1.4442935056068658,BonFilm
-0.5872350947314449,0.65953329053002,BonFilm
-0.6755870870315644,-0.22137852511845402,BonFilm
-1.2153708378001773,1.0144374562916754,BonFilm
0.5185217072938052,1.2256558762306005,BonFilm
0.2233102793398051,-0.3597305422351702,MauvaisFilm
0.8580103162058585,1.2263410272507949,BonFilm
0.07249729413928578,-0.14523681785774398,MauvaisFilm
0.8758067748793557,-0.07920589671800782,BonFilm
0.0700479494902677,-1.580356619298379,BonFilm
-1.4648877333873827,0.8130031692151075,BonFilm
-0.15522999526236303,-0.3153548140521117,MauvaisFilm
1.8076006802517983,-1.1742449818890115,BonFilm
-1.090560081357336,-0.5184076736205948,BonFilm
1.6648180395358176,0.3577390926207533,BonFilm
-0.39696425678418157,-1.0186647179356916,BonFilm
1.188078015775366,-0.3554040045531303,BonFilm
-0.39905287146636775,1.0426808311583828,BonFilm
-0.12408346296726268,0.27958284831907426,MauvaisFilm
1.505213859232478,1.17836343943625,BonFilm
-0.8322728343211232,-1.1992211092352587,BonFilm
1.0144306827193443,1.1184299852047217,BonFilm
2.2444046215699527,0.6390602356233813,BonFilm
0.4629539752745574,-0.942083366326869,BonFilm
-0.7633806955950566,-2.2807898031090903,BonFilm
0.4089719808758545,-0.7697301515423173,BonFilm
0.28436790845001225,0.3040296983782537,MauvaisFilm
-0.11325455626574944,1.8476312327084763,BonFilm
0.6069552367203842,0.6708783685448623,BonFilm
-0.8719102461206069,1.0384321757187507,BonFilm
0.21219844899507712,-0.06833376898199306,MauvaisFilm
0.03931876830320365,1.3973124653029194,BonFilm
2.102022766835123,0.260529496291921,BonFilm
1.3127999975182911,-0.6128113269697141,BonFilm
-0.47694598646427894,-0.2759719457231586,MauvaisFilm
0.4084325935622003,-0.6796662637375179,BonFilm
0.3503847283524349,-1.0915384749299146,BonFilm
0.09791811752433,0.8125612688349542,BonFilm
-1.9624212282551952,0.4217972234491686,BonFilm
-0.8276117043713986,-1.2508456986674041,BonFilm
-0.3166392476713584,1.8209849443258328,BonFilm
1.8164639840872794,0.4029053753380483,BonFilm
-1.0190535006550991,0.8516688702528986,BonFilm
0.3837142936082569,0.6374417445600256,BonFilm
0.19923067606736228,0.8136941482574146,BonFilm
-0.36403283877629194,-0.24511516696911811,MauvaisFilm
0.26264933844614136,-0.7856073900057108,BonFilm
-1.8050885889967978,-0.18326649259769118,BonFilm
0.9795442355356407,-0.5775551011147714,BonFilm
-1.3362043132903498,0.3738499625048533,BonFilm
0.03482067635549106,0.12046147582187344,MauvaisFilm
0.5127846088171655,2.0361197068311974,BonFilm
0.5214311913400242,-0.1387309560163699,MauvaisFilm
0.5540043628851326,1.307152103990909,BonFilm
-0.9020814557741677,0.9430968412876036,BonFilm
-2.506669827122131,-1.2447464588960373,BonFilm
0.3626220402644204,0.34496191004607313,MauvaisFilm
0.36274946557505383,-0.4162431561162962,MauvaisFilm
-0.36547278418676576,1.5244069677589414,BonFilm
0.04167134942885042,-0.5711519354845562,MauvaisFilm
0.36819405769450664,-0.734140151215238,BonFilm
1.6484118378297945,-0.5720674277666122,BonFilm
0.4813854431605385,1.2864616912126432,BonFilm
-0.09802558986028764,-0.25510481997450507,MauvaisFilm
-0.402855811675476,-0.7345841929531396,BonFilm
-0.47284520907986505,-1.1227521899166686,BonFilm
-0.8053019535101839,-0.3212312575008696,BonFilm
1.2059705973649215,-0.41116060867288773,BonFilm
0.6634636758754033,0.24088577177835135,MauvaisFilm
1.405693354240928,-1.387104610616224,BonFilm
0.9521855447624089,-0.1132836718211148,BonFilm
1.4424484792906074,-0.6332902937096146,BonFilm
0.22845542805617214,-0.5913345386325997,MauvaisFilm
0.5901330312391021,-1.4441418975209126,BonFilm
-0.6469566012081901,0.07054003663033469,MauvaisFilm
1.2591848312397345,-0.18278841882709182,BonFilm
0.04147624212990558,-1.0684255838037293,BonFilm
-0.1534464127441049,0.2823625762316057,MauvaisFilm
-0.5869664670373225,0.46953637129441544,BonFilm
0.2834716868050931,2.4044621152051593,BonFilm
2.6174964706026653,-0.37014933020623797,BonFilm
1.3720719678564386,-0.8496123870832161,BonFilm
0.48755292309404913,0.8009317167282843,BonFilm
-0.31151111047675106,-1.168820713603135,BonFilm
1.544057434329344,1.3448781077062004,BonFilm
-1.9299271093473518,-0.4233984258336862,BonFilm
0.008070768282933771,-1.0869073562687113,BonFilm
0.501918074583104,0.19899670209718637,MauvaisFilm
0.9247803002440423,0.40595552229123677,BonFilm
-1.797154599574014,-0.8215607768202307,BonFilm
-0.722111610626652,1.2453795255354563,BonFilm
-0.7358598832197565,-0.33976581072147116,BonFilm
0.16754384422524193,0.032520105880704635,MauvaisFilm
0.761497308664024,-0.5972152695176234,BonFilm
1.0737534568947573,-0.14684145818191902,BonFilm
0.9167425194380656,0.8380678790822875,BonFilm
-0.12084293737170909,0.0535591712467252,MauvaisFilm
1.017607711984872,1.3400962772346194,BonFilm
0.3242521940401115,-1.1429636581371039,BonFilm
-0.5525187643638485,0.8437791818828242,BonFilm
-0.40244976083047407,-0.21661404195417439,MauvaisFilm
0.20964882632895776,0.02064300669946171,MauvaisFilm
0.17017204034467023,-0.1623416363172539,MauvaisFilm
0.40003089237718253,-0.2805299594781205,MauvaisFilm
-2.198174637123283,0.3032251884630202,BonFilm
-0.07016725555122942,0.7060492122656267,BonFilm
-1.3408316591025007,0.4161485555242472,BonFilm
0.1362993514495163,0.5555232260042158,MauvaisFilm
-0.7394740069707714,-0.11791318905857848,BonFilm
1.3717266582341139,-0.0020107139668634998,BonFilm
-0.6982481899372174,-2.6385251941917782,BonFilm
-0.017437155436509307,0.5548143368943425,MauvaisFilm
0.20589386768119933,-2.402400363775165,BonFilm
1.675036570555299,0.7954936339628729,BonFilm
-0.7091126268604784,-0.44264587250674126,BonFilm
1.0665481798430796,-0.024470537160460916,BonFilm
0.8519538442899052,-0.22694238247206494,BonFilm
-0.7857518548058078,2.080037919495187,BonFilm
-2.149662742474577,1.0169608657222695,BonFilm
-0.40220683047487515,-1.0340898336535886,BonFilm
1.441889825299376,1.9513548421225313,BonFilm
1.1377184429415839,-1.0749376773186847,BonFilm
1.1541394992971357,-0.454199485139171,BonFilm
-0.5780737376036684,0.7744489016188636,BonFilm
0.9971985224186184,-1.3104455182086987,BonFilm
0.21116881427382267,1.649498743315844,BonFilm
-1.4094894156054287,2.061085213800711,BonFilm
-0.5778207179515944,-0.18788888300640036,MauvaisFilm
0.6588160077198629,-0.37659326876836763,BonFilm
-0.8891439727529491,-1.175043839567195,BonFilm
1.7544433347745845,0.4212491191410993,BonFilm
1.3664684465868855,-0.1646638711156143,BonFilm
0.34557730922391616,1.170819123598617,BonFilm
1.4979171638878754,0.04355214034635658,BonFilm
-0.6872940997436242,1.2726828090284288,BonFilm
1.0564738681993746,-2.2007345287211812,BonFilm
-1.6659572157621925,0.6433378826704338,BonFilm
-0.5881920525560642,1.9608888959362636,BonFilm
-0.9260881171023602,0.004003109109876991,BonFilm
-0.4807396336064515,1.73617970574567,BonFilm
0.4405114153672147,-0.5592802391029992,BonFilm
0.8765843114049777,0.09552354463511892,BonFilm
-0.14670177515275004,-1.0453130808669506,BonFilm
0.6035206269636985,0.053840975494564944,MauvaisFilm
-0.18390540641184158,1.0703835136162114,BonFilm
0.7221049971586937,-0.291098226581276,BonFilm
-0.687781801117445,-0.03648576163366705,MauvaisFilm
1.313249463006533,-1.5021423333132338,BonFilm
-0.13869029110708853,1.1225617399926053,BonFilm
1.317591189954686,0.3476808732346207,BonFilm
0.44051257333860955,-0.07485461441983071,MauvaisFilm
0.8362586136315084,2.1424626204849124,BonFilm
0.8688622425993603,0.6746445501979097,BonFilm
-0.5486874627162756,-1.771192309522182,BonFilm
0.996759161109932,1.590294888942643,BonFilm
0.5183175560438498,0.3112746078836254,MauvaisFilm
2.128518870521734,1.7610760118116182,BonFilm
-1.0487784935956952,-0.7808039148167555,BonFilm
-1.195985964245442,0.5619353123629226,BonFilm
1.1583836321581271,0.7410053363153731,BonFilm
0.459802193504086,-0.2237584469803241,MauvaisFilm
-0.5103685921558928,-0.04992469087123843,MauvaisFilm
-1.120139002136668,-0.6030709064332409,BonFilm
-1.180010545579749,0.6053768086315932,BonFilm
1.495917046745346,-0.8540036581252881,BonFilm
0.10768978009807112,-0.03353334414169252,MauvaisFilm
-1.0850955187062463,0.6895777098605127,BonFilm
-1.5674727910098623,-1.4299423742313842,BonFilm
-0.20806618597742713,2.1301459464824766,BonFilm
-0.29398349865571155,-0.4668618725841354,MauvaisFilm
0.8161404919177843,-0.5046931977616477,BonFilm
0.7204536691963094,0.3552615274970175,BonFilm
-0.058769992659171794,-0.052733259449129904,MauvaisFilm
0.6093943493233518,0.5726974367919412,BonFilm
0.7143184649695649,-0.3645473101260037,BonFilm
0.06159799966139286,-0.4295293298730015,MauvaisFilm
-1.1175438864859892,-0.4642385079214681,BonFilm
1.2554079547286368,-0.030262947587041216,BonFilm
-0.07839215965583095,0.9897291812454017,BonFilm
0.17214272854607468,0.8100943306637686,BonFilm
0.7700043317085167,-0.449629485602685,BonFilm
0.41327834901920646,0.7191394400311079,BonFilm
0.7070702361203798,-0.14158238633560769,BonFilm
-0.8117818320588337,0.08327582461837515,BonFilm
-0.4711898578337727,-0.7279777377213856,BonFilm
0.2629321336014187,0.19314839984078716,MauvaisFilm
-1.4128884955752434,1.0837354389525469,BonFilm
0.3490327722815875,1.5546785392057862,BonFilm
0.5222870924232511,2.064759181862298,BonFilm
1.1744742320892154,-0.9354101269721335,BonFilm
1.5836659608377537,-1.0139244265412586,BonFilm
-0.4560450127923731,1.0406661168712574,BonFilm
1.278125344722706,-0.8023572805599998,BonFilm
1.9451872739209712,-0.33332526208110697,BonFilm
-0.48369242682686286,-0.2691836463351379,MauvaisFilm
0.5686547510058693,-1.9645945451375382,BonFilm
-0.5659848583390238,-0.4757946947179842,BonFilm
1.4934592059045233,-1.819624274068319,BonFilm
0.028873898529197584,0.7186809807532948,BonFilm
-0.35105479196183736,-1.016694993236014,BonFilm
-0.5588844885637941,-0.21074650771823533,MauvaisFilm
-1.050255800072034,-1.0631565348323553,BonFilm
-1.5449269826710574,0.4484616549020557,BonFilm
-1.4203018092749997,-0.36710261012814965,BonFilm
-0.3213651014013437,-0.9245126157495911,BonFilm
-0.20319658535982849,0.5498800772447314,MauvaisFilm
0.7458214501273611,-0.6858617763875873,BonFilm
-0.5407549960685675,-1.471988819927732,BonFilm
0.0953610388987704,0.9952600861566684,BonFilm
-0.08210846480599905,0.8621284212914716,BonFilm
-0.6350900318058426,1.2922102849294241,BonFilm
-1.7019938144898132,1.3616286425200206,BonFilm
1.6621083042570897,-0.4195665232073023,BonFilm
0.07364237449644631,-1.8628769262895495,BonFilm
2.473150598601849,-0.1585259095277268,BonFilm
0.8498203755735279,-0.5013279560642961,BonFilm
-2.488391519907871,1.2894690912735784,BonFilm
1.296538248106391,-0.35229508344081334,BonFilm
-0.15370723303898615,-0.2456633239243028,MauvaisFilm
-1.3310601811557434,-0.9904428596347428,BonFilm
0.4440269128258826,-0.30770038620904866,MauvaisFilm
0.14725666567215906,-0.7089122878499998,BonFilm
0.04217161091405178,-1.5733542049420277,BonFilm
0.7571267562221086,0.9207824499834578,BonFilm
1.1159521821842258,0.42099413486583404,BonFilm
1.4701664528593368,0.8528331048845302,BonFilm
-0.38239143203697945,-1.0818709742585393,BonFilm
-1.3453711706730276,0.5499086312364158,BonFilm
0.983592956800007,2.126896319195655,BonFilm
-0.424523508581801,-1.8334957707387456,BonFilm
-0.09386285480831917,-0.39249527382412414,MauvaisFilm
0.03484993752342771,-0.6860414199187137,MauvaisFilm
-0.17422584274633912,-0.7248733085837554,BonFilm
0.6309861857253788,-0.6135695767686865,BonFilm
-0.6672229737513377,-1.6022433314662528,BonFilm
1.4199617347383384,2.856343384782677,BonFilm
0.13017481118897437,-0.2077010837194137,MauvaisFilm
-1.0153058930264953,1.867000829331681,BonFilm
-0.3394002627483584,-1.1896488983288909,BonFilm
0.47554803280750785,-0.7918853043903428,BonFilm
0.7218051926944393,-1.166733914756041,BonFilm
-1.2549428551050335,-0.6941337195847063,BonFilm
1.042930284800608,-1.5331719515644102,BonFilm
0.1942267977165567,0.6315157385049502,MauvaisFilm
-0.970524044367694,-1.1013374147442563,BonFilm
-0.42840395287762306,0.3529099459909883,MauvaisFilm
-0.47191544249469647,0.2863527614919221,MauvaisFilm
0.13689470546055138,0.2450637091780883,MauvaisFilm
-0.7214525085549889,-0.5214831487079584,BonFilm
-0.7998345807658904,0.914259298302162,BonFilm
0.04467792525719325,0.7614667583764567,BonFilm
0.4759257805428894,0.069377306844718,MauvaisFilm
-0.334386698648212,0.052199213637357425,MauvaisFilm
-2.882288664185122,-0.5538021542219278,BonFilm
0.22832043098050525,0.773922443065213,BonFilm
-0.4465717066987623,-0.36046613096630264,MauvaisFilm
0.8216969629655911,-1.9980260284514506,BonFilm
-1.0642073779606664,-0.1459789145209209,BonFilm
0.306277261575974,0.6744772510291996,BonFilm
2.2377783048514797,0.19052542447522983,BonFilm
-1.0581482034275853,0.5577693231442292,BonFilm
-0.40298094005632357,-2.2401279196849875,BonFilm
0.6391286850785778,-0.7373069861821312,BonFilm
1.974144050480576,2.761899757168462,BonFilm
-0.3150761320311265,0.2902943294186462,MauvaisFilm
-1.2308956116370502,1.1388579980476101,BonFilm
-1.6239491500145702,-2.0764920808320615,BonFilm
0.3544104718786051,0.14895047679356815,MauvaisFilm
0.0796361728913946,0.49940187645792095,MauvaisFilm
-0.930605699628056,0.6902693288986294,BonFilm
1.0472999441955737,-0.8130829642657812,BonFilm
-0.8880727546427545,-0.016927994812746695,BonFilm
-2.1480921901346406,0.005863241467928017,BonFilm
0.4392388747420213,0.6758455115215178,BonFilm
-0.28349424660157174,-2.2483810397916604,BonFilm
1.3356829106409114,0.6417860852640903,BonFilm
0.7304099617756008,-0.12011454060455796,BonFilm
-1.1380034864683406,-0.6720005741485189,BonFilm
-1.207498354172657,0.573615944379051,BonFilm
0.37532481913820037,0.9604021794544758,BonFilm
-1.3444865120518075,0.3509877223561142,BonFilm
-0.6127689793957711,-0.4291363237035494,BonFilm
0.8033860927159348,-0.27245109586201494,BonFilm
0.8239427671364765,-1.9931524156087335,BonFilm
0.7292472108425827,1.1476435803078024,BonFilm
-1.3752560501212014,-0.8792312812267917,BonFilm
0.26794401740052626,0.726335423019787,BonFilm
0.8607223495302847,1.0669027379807456,BonFilm
-0.9896344318432488,0.771560574853996,BonFilm
2.8977196506297886,0.11392241113096199,BonFilm
1.549546858854886,0.4855608329241715,BonFilm
1.3028286873840302,-0.006764142972497259,BonFilm
0.0938554509947164,-1.388078472863442,BonFilm
-0.044119346333935605,-1.1489255466185355,BonFilm
0.4303024009619628,1.694838096743165,BonFilm
-0.4050566817170999,-0.40245125832802897,MauvaisFilm
1.447749328888611,1.1440924118186866,BonFilm
2.005614208573501,-2.026805556628122,BonFilm
-0.6923204181871947,-0.5665322464185916,BonFilm
-0.005058277342782624,-0.9650629789278092,BonFilm
-1.546758211074794,0.9725553464349926,BonFilm
0.4696997471589564,-1.6810287126307029,BonFilm
-0.4662362941396489,-0.3713538454085977,MauvaisFilm
-0.7647356166642952,-0.06829480472628874,BonFilm
0.5391929967275425,0.22074346587036497,MauvaisFilm
-0.3991049053152323,1.9286282124947967,BonFilm
0.0449204992519409,0.9183745959057841,BonFilm
-0.41505502245695874,1.7688739892547187,BonFilm
1.0587385618107685,0.7701843225063209,BonFilm
-0.2703876466581833,0.14465733811177522,MauvaisFilm
-0.36214331059177723,-0.5700082840952477,MauvaisFilm
1.6542735815540057,-0.27639172960687014,BonFilm
-0.4105582090292693,-0.29600164224803854,MauvaisFilm
-0.2421123041769733,0.04219118954149369,MauvaisFilm
-1.1219106719125231,-1.1960135936739196,BonFilm
-2.6358803681311165,-0.8474483857046085,BonFilm
0.8148055447082991,0.7446700779802347,BonFilm
0.34836921661446857,0.0799157051313797,MauvaisFilm
-0.40655547365772765,-1.2862590708410246,BonFilm
-0.2881270853412637,0.6419004282391015,MauvaisFilm
1.242182576077941,-0.007622297774658444,BonFilm
-1.4794571005226602,-0.20321851825618503,BonFilm
-0.5867412921730201,-1.0239807657572402,BonFilm
1.3157214909290516,0.9875978581584366,BonFilm
-0.8652612657818479,0.541350908012835,BonFilm
-0.2772484167168986,-1.1884796801933257,BonFilm
0.6484605587768151,1.1267366520181232,BonFilm
-0.5100046159203769,0.03615587686213435,MauvaisFilm
0.3903862873720806,2.002547221945573,BonFilm
0.8369182812091769,-0.22794267213031608,BonFilm
-0.6497323805457683,-0.7985703294741857,BonFilm
1.0257096472668967,0.12244779271667869,BonFilm
-0.3312128987072017,0.6537885466968554,BonFilm
0.7183381851573626,-0.12674865561481455,BonFilm
-1.6417141307711516,-0.1793028423473159,BonFilm
0.41870703245618707,0.09119509013229776,MauvaisFilm
-0.20600329873649034,2.8166357101980233,BonFilm
-1.1971613859218846,0.5825078757941894,BonFilm
-0.9841497612642939,-0.4670874573061405,BonFilm
-1.3663063422776112,-0.7876282800925518,BonFilm
0.5031269030981389,-0.6038928513002906,BonFilm
0.1564358398991004,0.48192696820559205,MauvaisFilm
-0.44175745268864086,-1.4319011322074275,BonFilm
-1.2723729150787957,0.4282008599098284,BonFilm
-1.82079912487231,0.4246264163189048,BonFilm
-0.9230297250241433,-0.3627452099139783,BonFilm
1.6309718986484194,-3.200532142767145,BonFilm
-0.46421495067733065,1.222411252689908,BonFilm
0.9293295296698364,1.9350085377386157,BonFilm
0.16430137665879477,0.06651467547398124,MauvaisFilm
-0.8817029191719458,-1.2440132848142311,BonFilm
0.10865560839256268,-0.44005030951665003,MauvaisFilm
-1.0395684048277891,-1.848162595535183,BonFilm
-0.6610058881640082,-0.8307538430118008,BonFilm
1.801373621397752,-0.2707204447386574,BonFilm
-1.0629250870764688,0.16566525438343638,BonFilm
-0.899107790875355,1.5179412289467005,BonFilm
-0.2459467276793523,-1.6824796772604205,BonFilm
1.0083495982359705,1.2668443147534627,BonFilm
-0.10060081858809314,0.5345715845894681,MauvaisFilm
0.9344748687165296,-0.5808766484983945,BonFilm
-0.7828113129036506,0.7597249606043047,BonFilm
-0.6272490731954912,0.18553416701865788,MauvaisFilm
-0.8142106646802013,-0.2922356397251523,BonFilm
2.006684464280622,-1.164155266850021,BonFilm
-1.324144564664906,0.7081856040242557,BonFilm
-0.8430417753481183,-0.6106527214741856,BonFilm
0.03146789435507077,-0.11129635317684301,MauvaisFilm
-0.6937519450595627,-0.2154993574495011,BonFilm
-2.030110827737376,-0.9194098615501076,BonFilm
-0.3662436087800329,0.7184534705089574,BonFilm
-0.5236330677902541,-2.054158815019984,BonFilm
-0.4983237133833931,2.7971754984482886,BonFilm
0.06591857029756885,-0.7715833214006481,BonFilm
-2.4429077993317514,-0.32357107520471934,BonFilm
0.018691249787608225,1.1670380582084434,BonFilm
-1.0222919176426506,0.40404960441977594,BonFilm
0.015508306722890487,0.9924028246399513,BonFilm
1.8067621719432887,-1.7153188705380435,BonFilm
0.7810550307490938,1.0322908376956375,BonFilm
-0.19507700553161658,-0.5887418485261017,MauvaisFilm
0.008213478075309009,-0.30870353466822925,MauvaisFilm
0.3785953967120101,1.4531409141568787,BonFilm
-0.021940762572396397,-0.02582236618040542,MauvaisFilm
0.6213766047881079,1.627647596039903,BonFilm
-0.7666062431994486,-0.32733958746363917,BonFilm
-0.7078125898321529,0.4583132346248503,BonFilm
-1.2762714301552844,0.26279110712562986,BonFilm
-1.582285213998923,0.5368925332859036,BonFilm
0.10776795641627253,-1.3499559153403689,BonFilm
0.22926877450654734,0.8336836355589867,BonFilm
-0.6010123252145964,-0.12688497385069294,MauvaisFilm
1.0872334497802683,-0.3941088998617705,BonFilm
0.48296300075554066,-0.4111995648988524,MauvaisFilm
-0.35912950071069843,-0.16004384344256062,MauvaisFilm
-0.7901098025263785,0.15912485238096236,BonFilm
0.6725344659660094,-1.913829624959876,BonFilm
-0.045430436348470556,0.6688413416481661,MauvaisFilm
0.4988149567200023,-1.049633105884359,BonFilm
-0.8041447319808571,1.444218819327057,BonFilm
-0.7574099346473498,0.6518009682108652,BonFilm
0.45585000949385257,0.8836029807115329,BonFilm
-0.4887188078115524,0.8442332819907142,BonFilm
0.11752174300154423,1.3389118921750203,BonFilm
-0.002399319854235201,-1.035019180741686,BonFilm
-0.47923733806401436,-1.4471953388244638,BonFilm
1.2629271995008589,-0.5657720279109708,BonFilm
0.08554224066185778,0.5792717772550845,MauvaisFilm
-0.02822673344494863,-1.248699252936984,BonFilm
0.022514327711228223,1.2398467857618753,BonFilm
0.2615738638862736,0.9728613619637646,BonFilm
-0.19371337721260085,0.4370171934470092,MauvaisFilm
0.503519811856391,0.3815502811684089,MauvaisFilm
1.2410418342823706,1.1862358532922193,BonFilm
0.7341015717500866,-1.3370346526613976,BonFilm
0.5651629904127787,0.7675060131689533,BonFilm
1.3846060548619787,-1.4513460119572121,BonFilm
0.20681450711182092,-0.6548672669170332,MauvaisFilm
0.6217901131153138,0.4161056586053472,BonFilm
-0.48889046401312053,1.2949012961098372,BonFilm
1.7293440276669734,1.1338359750756077,BonFilm
0.12120690542272755,-0.7710748653091307,BonFilm
0.9346987375983635,2.0957853964796374,BonFilm
-0.8423221473362156,0.2855467480230996,BonFilm
-1.4077141889327924,0.22267372257817983,BonFilm
2.2912071521482975,0.37798055964987637,BonFilm
-0.33772586490205087,0.9904329299451748,BonFilm
1.0166296865793514,-0.04885930896291702,BonFilm
-1.5208375086875683,-1.26828534644627,BonFilm
-0.6456140264808315,-0.9344325072281026,BonFilm
-0.3983102135568893,-0.9931197292827455,BonFilm
-0.23393850798061258,-0.9525641429256495,BonFilm
-0.4350555274880918,0.44688386634387955,MauvaisFilm
0.12251446507455768,-0.3927402019982394,MauvaisFilm
-0.18946617147858025,-0.5365205839479379,MauvaisFilm
0.3966305718199412,0.8911705336569067,BonFilm
0.25388702519336004,0.07490673113245047,MauvaisFilm
0.4196480954152177,1.8001209106864948,BonFilm
0.48915651901371615,-1.5763646005508103,BonFilm
0.5075172077956515,-0.4009831339276902,MauvaisFilm
-1.7959123445218637,-0.5434337241300896,BonFilm
1.0784092115349038,-0.10227752677551927,BonFilm
0.7660020749709677,1.4636610794485905,BonFilm
1.2146898757028695,-0.09285825426190285,BonFilm
0.3915337258976662,0.09686446971499545,MauvaisFilm
0.9975624663498729,-0.40245967416933254,BonFilm
-0.5524131060705032,1.2102807188907045,BonFilm
1.1611524718336252,-0.4914707883241416,BonFilm
0.5697863717040779,1.4337212698916801,BonFilm
1.5753004424170212,0.2105308573435424,BonFilm
-1.904962769293064,0.2321082027559177,BonFilm
0.2033120351491765,0.5786598027557718,MauvaisFilm
1.682601088924133,0.9090218322502234,BonFilm
0.13874821441588334,1.5514365176161014,BonFilm
-0.04133453492378427,-0.12634402937597014,MauvaisFilm
1.0181462400718742,-1.21854607020234,BonFilm
-0.5232026511315007,-1.5994067708052404,BonFilm
-0.07739915341981601,-0.9250502038776369,BonFilm
0.891307336014303,-0.7000697903647645,BonFilm
-0.3842357234638626,-0.3542406245881332,MauvaisFilm
-0.7125910894153044,0.4784850644596663,BonFilm
-0.15183838462811952,0.04677417811222901,MauvaisFilm
-0.7372848468840603,0.8438177468907427,BonFilm
2.301617737891086,-1.251464193923275,BonFilm
-0.793708673550082,-1.3693113168016255,BonFilm
0.9403751958100867,0.04695057024744867,BonFilm
-0.514623088872079,1.3355281479640815,BonFilm
0.19920349729202894,1.543542971181104,BonFilm
-2.57251144604246,-0.9355300410050458,BonFilm
0.07164089922509244,-0.5602670931921038,MauvaisFilm
2.2294085193717192,-0.5868994458702159,BonFilm
0.19031271334113598,-0.7411252618458768,BonFilm
-0.026605094833010327,-1.3534295345791796,BonFilm
-1.1333279997773094,1.0301951802188967,BonFilm
0.25845084706617116,1.1574018804336044,BonFilm
0.32791116323000075,-0.7086757181552689,BonFilm
-2.424088366926713,-1.2907037506251982,BonFilm
0.5116291209680897,1.057840640509702,BonFilm
-0.9603587491620379,-0.8145367845103705,BonFilm
-2.0520711650730155,0.563333649733238,BonFilm
-2.114849283235291,-1.7220146556430336,BonFilm
0.7760888193800398,0.6923534445621685,BonFilm
-0.2965939240691074,0.4420815782149919,MauvaisFilm
-1.0187228687460779,1.9516104457808159,BonFilm
0.6014951917919282,0.3800973010308792,BonFilm
-0.6857313241882073,-0.5104778023422325,BonFilm
-1.6610801450087291,0.030287780691194036,BonFilm
-0.10746429643298044,1.0047095996867952,BonFilm
0.532020894302708,0.55861987668369,BonFilm
-0.9232579450306383,-0.5952934070160893,BonFilm
-0.25333129175618896,1.3350753123644352,BonFilm
0.1261023551452779,0.38651602009591857,MauvaisFilm
0.07802437077423341,-1.398241208180982,BonFilm
-0.13520592722595925,-0.09929951586542624,MauvaisFilm
-0.20321228663321694,-1.8792202114356649,BonFilm
0.9814578103695458,-0.8513674430383598,BonFilm
0.07664958392543983,-1.1122542428108655,BonFilm
-0.4681539178262086,-0.6605274343265166,BonFilm
-0.7430088547492253,0.4104763811655173,BonFilm
-0.12127398947241212,0.14957559371783777,MauvaisFilm
0.06556176679025974,-0.4242889992731339,MauvaisFilm
0.11267749648785551,0.3347074597766436,MauvaisFilm
0.8040717053099204,-0.0872601732088339,BonFilm
-1.0271588571429042,-1.2973594830987756,BonFilm
0.950662763843493,-0.9354061833564541,BonFilm
-0.6490897861503941,-0.7012559867785559,BonFilm
-0.6865308038009107,-0.5646339418201393,BonFilm
0.24322220963482172,-0.17644878131433456,MauvaisFilm
-0.24217965946897266,-0.1322072100530716,MauvaisFilm
1.1027315834666915,-0.06683096098025641,BonFilm
-0.6963053192250573,2.1098976273684107,BonFilm
1.2404463775720096,0.8456378217062878,BonFilm
-0.6640997120169042,0.7807985857776584,BonFilm
1.0155023497761089,0.6618991867286034,BonFilm
-0.39736464363971663,-0.771716640927331,BonFilm
-0.09978406231677375,1.2191288901183568,BonFilm
0.0894719844420776,1.3071081229304895,BonFilm
-0.3328989656354999,0.3079411236862767,MauvaisFilm
-1.5456974205296576,-2.5375430140006077,BonFilm
-0.781388155872788,-0.8220078283094935,BonFilm
-0.08125600689946037,-0.04182208125635549,MauvaisFilm
0.35218296455409576,-0.10326858292620758,MauvaisFilm
0.8291329072703923,1.6288204208976773,BonFilm
-0.6794183041245474,0.5709369540964518,BonFilm
1.7738411158984342,0.3050095366469236,BonFilm
1.7856173449547434,0.6269309244856738,BonFilm
0.404395619812453,1.6343532196402952,BonFilm
-1.7261072918363665,0.8060372561418597,BonFilm
-0.0002561996532768049,-1.0726679508280228,BonFilm
-0.7599249794482916,1.1841222711430595,BonFilm
-0.3282021614949802,2.187328680869007,BonFilm
-1.27307478444806,-1.693624897274433,BonFilm
-1.2205448524341433,-0.9894298939012174,BonFilm
-1.3154822272779843,0.6090598111109196,BonFilm
0.07665339295329796,-0.39913574036780597,MauvaisFilm
-1.8695918962576155,0.08558003843694896,BonFilm
-0.4421374681330976,-0.5784750742456354,BonFilm
0.15452053390656545,-0.2726324917334878,MauvaisFilm
-1.3957289370623611,-0.9173236021174508,BonFilm
-2.035546162000569,-0.7062870352111529,BonFilm
-0.6489337467842766,-0.2757918955868584,MauvaisFilm
-0.39746524551414514,-0.2445219013896521,MauvaisFilm
0.7642542731484682,-1.8565895981528107,BonFilm
0.8671059956546144,0.8641949408443885,BonFilm
-1.6401274813448676,-0.4093087063849304,BonFilm
-0.4855264447944573,0.8711399928639428,BonFilm
0.18495325325954726,0.4215132612537642,MauvaisFilm
-0.4633163693674817,0.5293676973297009,MauvaisFilm
-0.7938270904996163,0.25612900773361724,BonFilm
-0.9230036382070544,1.2409247021360068,BonFilm
-2.0076444269474134,-0.48386773488302215,BonFilm
0.27238005339204885,-0.5899317894626892,MauvaisFilm
-1.6073030089723033,1.0734119531116324,BonFilm
-1.3865567223376825,-0.9576194499213444,BonFilm
-0.9946892745899233,0.6860567492038341,BonFilm
-0.709733707857885,1.2390837474303615,BonFilm
1.0698198563565662,-0.759802266407909,BonFilm
-0.4820305229489372,-0.38476678236229395,MauvaisFilm
0.7675559864201241,1.0283163579711871,BonFilm
0.10133461687786513,-1.7900892758091074,BonFilm
-0.4192117604858517,-0.8451135764806823,BonFilm
-0.41624234744115274,-0.3034374857747755,MauvaisFilm
0.12149303798103374,0.5501912545654658,MauvaisFilm
0.6721877832184918,-1.683886782084981,BonFilm
-0.048398528869919334,-0.5746226254786473,MauvaisFilm
-1.303755025791133,0.429678239689214,BonFilm
0.39581958974826087,0.7088368969145046,BonFilm
0.9938971945431101,0.2727177658476569,BonFilm
0.03746646776897,-0.09095616517243185,MauvaisFilm
1.863873288723631,-1.0329993973756644,BonFilm
0.768468806849242,-0.5328380594426969,BonFilm
0.8411864892256881,0.5353894433267385,BonFilm
0.4731026937308374,-0.36614822199800934,MauvaisFilm
-1.485431102062969,1.5523629554123182,BonFilm
-0.7321829262563911,0.6282612946023929,BonFilm
0.8334813648730536,0.850485225769618,BonFilm
-1.1657344914130372,0.5099397084536523,BonFilm
-0.01325105573258029,1.6127232891592351,BonFilm
0.9758759994741188,1.075333258751833,BonFilm
1.1527583067298475,0.8532847751196452,BonFilm
1.5007188873989528,0.0906891415328178,BonFilm
0.6948916266513148,0.12290750969862903,MauvaisFilm
0.10206787135023652,-0.5845387131527016,MauvaisFilm
1.0733718855481003,0.5392888906821474,BonFilm
-0.28610778157711875,0.7619010611403351,BonFilm
-0.3194740548423722,0.5000040494172928,MauvaisFilm
-0.9519014361655224,-0.7625864711355504,BonFilm
-0.5362454686242374,-1.1833559149382658,BonFilm
1.2037777905659426,-2.4811945833310225,BonFilm
-0.8736364006057076,0.6349671481601533,BonFilm
-0.5259556534037667,-0.40077097759887037,MauvaisFilm
0.44744503368034366,0.8678645250855891,BonFilm
0.04874935388217316,-0.7149655226255156,BonFilm
1.2864690535756345,-1.4025158119909045,BonFilm
-0.8338768952451573,-0.8000690006577276,BonFilm
1.5807553849527516,1.0572836106170658,BonFilm
-0.8990689454708964,-0.7553715566233332,BonFilm
-1.2149746697672446,-0.34319793297315754,BonFilm
0.7271324405416264,0.7639816447458694,BonFilm
1.317699849288935,0.16270675409171942,BonFilm
1.8180117951082324,-0.695895660764105,BonFilm
0.14203641616476392,-0.49004365517795073,MauvaisFilm
0.22701731868037697,-0.28072748096316497,MauvaisFilm
0.520640218616844,0.8250061038588488,BonFilm
-1.0294514089917501,0.623116627622997,BonFilm
-1.7952797019670461,-0.8764972459968372,BonFilm
-0.65841215158198,0.9230998905900988,BonFilm
-1.5544509246303224,-1.113830145624255,BonFilm
0.8343636519256095,-0.9852824340481238,BonFilm
0.6701559665428091,0.36926360337780323,BonFilm
2.1535827946967268,0.9136037808688618,BonFilm
0.328311297362307,-0.23337729673599028,MauvaisFilm
-1.8516555700270474,0.5220040416804475,BonFilm
0.41146340045508895,-1.7335984407688971,BonFilm
1.4737127390803848,0.8388014251905153,BonFilm
-0.22073239486648755,-1.1086872188683294,BonFilm
0.5995294819264534,0.35359169832715154,MauvaisFilm
-0.3443339964443943,1.3980848629949223,BonFilm
-0.6663156778667312,1.5137366672304364,BonFilm
1.484286437191139,-0.08897419401220294,BonFilm
-0.38592333965495285,-0.03568812245571284,MauvaisFilm
0.4881397216999657,0.7180914520808978,BonFilm
1.067834999648324,1.685582433595841,BonFilm
-2.2015875981651343,-0.5643964107458065,BonFilm
-0.6817105306729444,-0.24686623047035852,BonFilm
0.5122262335597967,0.2688670212447859,MauvaisFilm
0.8648489968803962,-1.37916940976367,BonFilm
0.46930357186789173,0.49814643881859844,MauvaisFilm
-0.37433860871590185,2.1044416855425174,BonFilm
0.26672565948909915,1.2290389922816523,BonFilm
-1.3333209034418632,-1.528208585680111,BonFilm
-1.3564441712100181,0.839565182036587,BonFilm
0.7683103062451951,0.906951800916818,BonFilm
0.5022453240085394,0.5201049999902074,BonFilm
-0.6640412930789286,-0.7754803686750339,BonFilm
0.2906168814517037,-1.3845639804163192,BonFilm
-0.2129590994123547,2.79773309959873,BonFilm
-0.9783108589653079,-0.8124326966061949,BonFilm
1.1246436172217125,1.1961442914854012,BonFilm
-0.45284934347571804,-0.7006493868496391,BonFilm
0.07279254800177315,2.2090100171613662,BonFilm
-0.05333042738344907,-0.7515154001917582,BonFilm
-1.9150188662221463,-0.571284212005722,BonFilm
0.985896373107442,1.1372963793337152,BonFilm
0.4079668053208049,-0.6432430744859424,BonFilm
0.47046405252240026,-0.19484801527820894,MauvaisFilm
0.36583858185837825,-0.7034186172037552,BonFilm
-2.0956943906343386,-1.1040319047591547,BonFilm
-0.2969132640548875,0.1389155482537503,MauvaisFilm
-1.7856644006095557,0.11105315327202107,BonFilm
-1.1503947625622954,0.2528574904993461,BonFilm
-1.0097113052050444,0.00825571163441467,BonFilm
-0.753105423802975,-0.5354593591059946,BonFilm
0.13900721132743826,1.2210146554448895,BonFilm
1.6153348350359704,-0.45449588176564837,BonFilm
-0.9166157889607897,1.4040673417688005,BonFilm
-0.8377463432511779,-0.7504553247019992,BonFilm
0.4953971693155035,2.456615862124676,BonFilm
0.23302628259420669,0.04061378145997421,MauvaisFilm
1.4704018494969524,0.48011530463662966,BonFilm
-0.22953593789057675,-0.021590598467779467,MauvaisFilm
0.5569381676521293,-0.22555290128042046,MauvaisFilm
0.3854898864352672,-0.34792830258486657,MauvaisFilm
0.2678993600406565,-0.6333118627622317,MauvaisFilm
-0.6790128149151272,0.6845412561392628,BonFilm
-0.5523538035079559,0.8975483303729278,BonFilm
0.6943750349064676,0.19748991749739933,BonFilm
0.4042579435288416,0.7861561407663077,BonFilm
0.37244536633148484,-0.10526875123731122,MauvaisFilm
-0.30887596037551357,1.0749004858978737,BonFilm
-0.09763242812840026,1.1698422705956641,BonFilm
-0.9552811244183138,-0.38281807946010576,BonFilm
0.30335150727939825,0.1946123870798428,MauvaisFilm
0.26590375213777595,0.25916813005743455,MauvaisFilm
-0.4446669243399597,0.7293538009552372,BonFilm
-0.08867472062867604,1.1572591102218288,BonFilm
1.2326218406730265,1.4641998622137473,BonFilm
0.5427487435466789,-0.4025985095343249,MauvaisFilm
0.506209153880093,-1.1782716166199796,BonFilm
-1.3486245249845654,-1.2420538660987281,BonFilm
0.38846425813853475,1.3380802541913641,BonFilm
0.14264392909051332,-0.179658936315251,MauvaisFilm
1.4446867080537353,0.7404850268423735,BonFilm
1.7170419990497905,0.8123677981107505,BonFilm
-1.1952778214188606,-0.8973604816863758,BonFilm
0.32963096331601266,0.4603562517840921,MauvaisFilm
-0.6271336377634712,0.27438929391141637,MauvaisFilm
1.2249602811903113,-1.2094777345288055,BonFilm
-0.6707758797944765,0.6667217661638541,BonFilm
-0.04106287773210178,0.5098126696194327,MauvaisFilm
-1.918097899784066,-0.985346607861219,BonFilm
1.1334390196959077,-2.5880402815972463,BonFilm
-1.0660528256622706,0.3893067947223247,BonFilm
-0.39830843696436485,0.6643063359777235,BonFilm
-0.10531057705835786,-0.7419651126285948,BonFilm
0.5932222120911741,-1.640427271537172,BonFilm
-0.49207810813605957,-1.1125794906223425,BonFilm
0.6926523635854662,-1.0746840557650965,BonFilm
1.5445689909834048,1.8499266695010965,BonFilm
-0.40619601772595554,0.4556160723243901,MauvaisFilm
-0.14175753742544928,-0.30606003674843535,MauvaisFilm
1.2849939422292243,0.50795998416037,BonFilm
0.7220721068170134,1.648456091922121,BonFilm
-0.4659283520971187,0.02784340675310079,MauvaisFilm
0.10565052013151219,-0.29838836323010587,MauvaisFilm
1.387229171077672,-0.13214788892602186,BonFilm
0.06932964036041707,-0.3677047729653591,MauvaisFilm
-0.27741952477188025,0.527836259130221,MauvaisFilm
-0.6648908791429916,0.32288368718014304,BonFilm
-1.9048642752980651,-1.982807146869142,BonFilm
0.0032588169095011045,0.16163615388711583,MauvaisFilm
-0.8946490448456893,-0.028500737402944083,BonFilm
-1.6787399007773958,-0.1440681853324218,BonFilm
0.4289493731108157,0.4600535147082753,MauvaisFilm
0.861140970254995,-1.075057909727741,BonFilm
-1.9935119755008897,0.1700899320113612,BonFilm
-1.6196355501618773,-1.8013524380704051,BonFilm
0.6326904221225103,0.03908349445048571,MauvaisFilm
-0.399809539897794,-0.16205726853805053,MauvaisFilm
0.833407619496919,-1.0107618036431045,BonFilm
-0.3294919433915673,0.14818934458846497,MauvaisFilm
1.7257587602000146,0.5804462146168978,BonFilm
0.8240199051703992,-1.1251932116648844,BonFilm
-1.014719006411309,-0.8647594123657747,BonFilm
-0.931563560068735,-0.6505408633922646,BonFilm
0.5580139870605513,1.4393378068942029,BonFilm
0.38133313719965933,-0.9999708882482706,BonFilm
-0.05443864282254848,-1.206192258830715,BonFilm
-1.2408217272152244,1.2778145151332119,BonFilm
0.3360886655836229,-0.7521647366843581,BonFilm
0.1160744085774035,-1.5400993835863026,BonFilm
-0.050609977614460566,1.6421918545159342,BonFilm
1.0570766266021685,0.20569149427440023,BonFilm
-0.08818934511021778,0.6159956963232845,MauvaisFilm
0.278074867035176,0.35672245996101865,MauvaisFilm
-0.32105832960216935,-0.4956418297086726,MauvaisFilm
-0.33897482983276545,0.15038171317242116,MauvaisFilm
1.916806652472201,0.6429659392737338,BonFilm
-1.1356524547524287,-0.7208495912721672,BonFilm
-0.08770935687179206,-0.7687901160069555,BonFilm
1.6265072082253966,0.19796832765397812,BonFilm
1.3731196855433507,0.12072891216830398,BonFilm
-0.822705715884236,0.8623173718329937,BonFilm
-0.9946973391481938,1.5337701713769394,BonFilm
-0.5541683234145949,1.2153793628268548,BonFilm
-0.38428548960175096,1.3685847794026633,BonFilm
-2.046034710146017,-0.1529545270582079,BonFilm
0.05114304606104486,0.5596944369983055,MauvaisFilm
-1.3084418772421338,-0.37071142297120874,BonFilm
-0.5415033471463624,-0.8948867380741028,BonFilm
-0.22266021755652368,-2.612924177330191,BonFilm
0.8162255118274528,-1.6862153667937492,BonFilm
0.7965918097102143,1.8664019885785657,BonFilm
-0.46787103328934804,-0.6742493610115046,BonFilm
-0.761816560986169,1.4091234758104614,BonFilm
-1.1170244239162994,-0.7272969000513254,BonFilm
1.5766825982223822,-0.47499351304313475,BonFilm
-0.08884501518938687,0.8515066721505826,BonFilm
-1.1568429194764223,-1.2411444748458464,BonFilm
-0.1197053678379783,0.7644205778792309,BonFilm
0.6588917404558067,-1.073869796367387,BonFilm
-0.9734427564809801,-1.1768228739993338,BonFilm
-1.039722014776647,0.47118325040879533,BonFilm
-0.11023891464213202,1.7741183895032933,BonFilm
-0.9443120763177228,1.5163217093044083,BonFilm
1.2497237258003877,0.23096172604970786,BonFilm
0.08976904134788967,-0.8329348773884817,BonFilm
0.9664750659131839,-0.20551376286637432,BonFilm
-0.13514985863153547,-1.2338654088048617,BonFilm
0.6535128673475912,-0.23818760741433273,MauvaisFilm
-0.4997730835605409,-0.7939023127850842,BonFilm
0.6131973830829137,-1.4209515228779015,BonFilm
0.8397570352193924,0.6908558963782326,BonFilm
-0.48428402467274373,1.0257022737022232,BonFilm
-1.21769177979961,-0.3865223299225241,BonFilm
-0.24715679847296632,1.0048172058682452,BonFilm
0.023787352510295037,1.154848572833866,BonFilm
1.8902091856788765,0.3973974004398329,BonFilm
0.4114354359522921,-0.9621273247331402,BonFilm
0.6294291917071685,0.42885856189709554,BonFilm
0.6256218064567567,0.7242252343831223,BonFilm
1.6803064964298051,0.04821507802720456,BonFilm
-1.1309032571607345,0.1341946815325097,BonFilm
1.7393049199125896,0.20562232744736805,BonFilm
-0.5680574843904035,-0.2776158560352078,MauvaisFilm
0.5643531395577095,-0.16933041395868276,MauvaisFilm
0.5142069608556745,0.4911377590756086,BonFilm
-1.2093544394318991,0.3979795072464843,BonFilm
-0.5438139380178397,0.4472432320489239,MauvaisFilm
-1.2147689735424403,0.7310112454795074,BonFilm
1.4204309774333412,-1.2978160346007437,BonFilm
1.2011253695975315,-0.11119031280447815,BonFilm
-1.3717036075377684,0.10642003619878511,BonFilm
0.44531631053051457,-2.034494018904353,BonFilm
-0.9194482264884265,-0.8491921956579531,BonFilm
-0.5830785446689952,0.3514659135748971,MauvaisFilm
-0.13758648408009277,-1.1084080220688246,BonFilm
1.2757622350484392,-0.7894038470645041,BonFilm
0.584905173902542,0.4935440314500561,BonFilm
0.030935850910799614,-0.030405911407787655,MauvaisFilm
1.2257467267069362,0.31224291628303585,BonFilm
-0.5169505725070292,-2.7006564826570907,BonFilm
-0.2777860457383983,1.175766122757576,BonFilm
-0.15785294283756732,-0.885603199664149,BonFilm
-0.15553899736817878,1.0416468345108474,BonFilm
0.05416139129656951,-0.5485287936257301,MauvaisFilm
0.4230662136585785,-0.2553909060905475,MauvaisFilm
-0.030340192070005458,1.2644125295680642,BonFilm
0.8445230687959195,0.44034170659561683,BonFilm
-2.467206324246382,-0.7765706930281107,BonFilm
-0.542982072648473,0.5600929289440875,BonFilm
0.0137371550065647,0.2884536917410381,MauvaisFilm
0.018459883589379666,2.158523722437005,BonFilm
0.44297236031793835,2.076689682616391,BonFilm
0.10273384028016326,-1.0595174243766692,BonFilm
0.5454129540808065,-0.879846669624995,BonFilm
0.16215898058384082,2.242166204893431,BonFilm
0.07149958031503699,-0.08774175500843684,MauvaisFilm
0.32105685078685386,0.45110860910992956,MauvaisFilm
0.7120301965102781,-0.42130250670607555,BonFilm
0.25593483373290565,-1.2244499479277866,BonFilm
0.2912237198948904,-0.18944265579939013,MauvaisFilm
0.47542526065946744,-1.315616895443501,BonFilm
-0.17666196735333423,0.5880393429792663,MauvaisFilm
-2.821441959911175,0.909322115569873,BonFilm
0.34102437722277545,-0.8078818217054956,BonFilm
-0.7816423427535522,-1.2132507747401424,BonFilm
0.6542941093003826,0.7688270725312991,BonFilm
-2.0483464080387592,-0.5384912920489587,BonFilm
0.3653274513403746,0.014181356148324524,MauvaisFilm
-2.5262954298628997,1.4385208584950004,BonFilm
0.7492730028055575,-0.8371394651997921,BonFilm
-0.39481686914887054,1.8720337645985987,BonFilm
-1.1336609692173032,-0.4224303341618625,BonFilm
-0.49274974517264447,-1.405969120643012,BonFilm
0.9025102576795524,-0.20854535275877087,BonFilm
1.0794427938143871,-1.5356449476349376,BonFilm
-0.8495748996423269,0.3529676756308432,BonFilm
0.16697900495930285,0.3826628295505195,MauvaisFilm
0.49600815045385543,0.4011423475955711,MauvaisFilm
-0.4566769396708889,-1.3149829268533126,BonFilm
-0.4466501943327494,-0.1787147174408815,MauvaisFilm
-1.3409508882702206,-0.979313392048094,BonFilm
-0.3105287155563113,0.5014148099610893,MauvaisFilm
2.913805649285613,-1.370005744529298,BonFilm
-2.2339971984520424,0.2279388368315683,BonFilm
0.47302245633106815,-0.07695083659710125,MauvaisFilm
1.4818587417324902,-1.0140707916135814,BonFilm
-0.05002612668361275,0.5948100935264495,MauvaisFilm
-0.5396189997867918,0.2541961648958271,MauvaisFilm
-1.2127786295844352,0.41653326637111765,BonFilm
-0.5627959852799544,0.9675955714219526,BonFilm
0.6252055159453094,1.3005568293761758,BonFilm
0.1995136847937329,0.49069460012035887,MauvaisFilm
-0.08842197319376381,0.7091863525665701,BonFilm
-1.4290443045554027,0.602845068186692,BonFilm
-1.1855369756054048,-1.6908527154813435,BonFilm
1.6786123941316502,0.7053787370200132,BonFilm
0.7664529210859089,0.3134979022202688,BonFilm
-0.9209866513321567,0.8243605642765022,BonFilm
-0.3712333241039871,1.3068700189007105,BonFilm
1.2663939424260948,-0.3613158182198142,BonFilm
-0.19576420573818798,-0.35019054418722284,MauvaisFilm
0.22417985442232718,0.009591520389791008,MauvaisFilm
-0.9795913182871265,1.1698587428819491,BonFilm
-0.09475840684173098,-0.12671135671886793,MauvaisFilm
0.22091432937541808,0.31816158248486465,MauvaisFilm
-0.35693189212343734,0.032203495265393664,MauvaisFilm
-1.4107754005918103,1.9495625234001803,BonFilm
-0.35104052199576186,0.35175246461317666,MauvaisFilm
0.16416304386607702,-0.26571053572166675,MauvaisFilm
-2.3286308658531114,-1.098324875741261,BonFilm
-0.7066077224964078,-1.4445160504973393,BonFilm
0.5731675341308929,0.590512454423766,BonFilm
0.553890275870953,-0.830401381655167,BonFilm
1.4682621655904593,1.7102944126060284,BonFilm
0.8937295325886102,0.40097446639499823,BonFilm
0.9596882667781312,0.14313219439105024,BonFilm
0.5277888869896559,-1.8358484444067482,BonFilm
1.4339932967917468,0.050583950194737624,BonFilm
-1.0924772589181362,-0.21878791489378507,BonFilm
1.1604400633653984,-0.6249360801203332,BonFilm
1.3948866050118507,0.7304471799768719,BonFilm
1.557729006813608,-1.9594194946367192,BonFilm
0.6971619084251037,-0.4232131213357641,BonFilm
0.4120781821212928,-0.4455477131685182,MauvaisFilm
0.6036072517175216,-1.2376706079191657,BonFilm
-1.097459831924429,-0.2546519629512848,BonFilm
-0.03154164177470931,-0.15757542185355014,MauvaisFilm
-0.759089384190272,-0.31599617912255834,BonFilm
0.9564523757994281,-1.5789310726150698,BonFilm
0.44079133267960086,0.7100935245819598,BonFilm
1.3898025107676006,0.16822678816041206,BonFilm
1.727519070207177,1.1215156936803898,BonFilm
0.7625657375476729,-0.912603554413766,BonFilm
1.6721931238512588,-0.4651279728322812,BonFilm
-0.9941805388935717,0.27015571892426693,BonFilm
-0.9233607786060685,-0.8667812926761822,BonFilm
0.01925706428172955,-1.4990596528664781,BonFilm
-0.827507290238887,0.049830398550109706,BonFilm
0.6837123453580771,-1.213278147755304,BonFilm
0.5573410884686513,1.4172436007734188,BonFilm
1.7155026089253065,0.2771545113526012,BonFilm
-1.2338264359912412,-0.8168761676806963,BonFilm
-0.90149759629873,0.3353829819561292,BonFilm
0.45471390871150935,0.5814735217447164,BonFilm
-1.834949997714695,0.7878130567973545,BonFilm
0.9056450084753324,0.09594270100870608,BonFilm
-0.1747651110743828,-0.7394321239578303,BonFilm
-0.5970155970845332,-1.727514503998628,BonFilm
-2.859322347919051,1.5389750445284998,BonFilm
-0.7567748193093777,0.08940211291591094,BonFilm
-0.5871267378087146,1.1389375439255633,BonFilm
0.26859173720650303,0.6315806347512937,MauvaisFilm
1.4856382667612975,0.16554331617982307,BonFilm
1.2270423626419689,-0.7283749819424444,BonFilm
-0.502389955966572,0.6701602637302625,BonFilm
-0.30318106776374465,-0.38095601438028126,MauvaisFilm
1.6169404194931094,-0.8921139734323078,BonFilm
-0.030854608731089646,2.409690100501654,BonFilm
-2.2769030644108423,-0.385177947823533,BonFilm
-0.2505201856779705,0.7516191552935063,BonFilm
0.9190906751900523,-0.3390141542699405,BonFilm
-0.09689845126413824,0.9443689110684428,BonFilm
0.516289063012894,-1.6618958793723346,BonFilm
0.809443346274063,-0.7202065344353065,BonFilm
0.4263771623934531,0.8772592328470645,BonFilm
0.5923943604353545,2.019586686805811,BonFilm
-0.5656516894703901,0.3636176137181832,MauvaisFilm
-0.7949824117941195,1.144224259654341,BonFilm
1.748203318662804,0.3118759362624881,BonFilm
-0.42223587502351795,-0.33459651847294164,MauvaisFilm
1.6288501998913467,-0.6134214479389675,BonFilm
-0.9227418042496797,-1.115625625902504,BonFilm
-0.6002605307628555,0.08359300404530708,MauvaisFilm
-1.2561763102967507,-0.47726324329901426,BonFilm
-0.3751152936824403,0.07089509478676081,MauvaisFilm
0.343942458561493,1.042083575797262,BonFilm
-0.6806786154689486,0.023619118188474224,MauvaisFilm
0.37098410411685834,0.5858692187047896,MauvaisFilm
-0.13086734026298943,-0.3823211520181083,MauvaisFilm
0.3169832101110466,1.2609564692074196,BonFilm
0.21882386953802957,-0.212020688197561,MauvaisFilm
1.9847526389605075,-1.117222364256472,BonFilm
-1.2318769105908294,1.5723768176008823,BonFilm
0.11415127110239258,-0.08663944714894531,MauvaisFilm
-0.5037929232210425,1.1825670313741272,BonFilm
-0.46361550741467095,0.4739408259631925,MauvaisFilm
2.0298388298994743,0.2815466881612358,BonFilm
0.4862932187745059,1.0969920930773438,BonFilm
-0.33251169891815585,-0.9037657787610869,BonFilm
0.12607948723193116,0.5086639300061537,MauvaisFilm
-0.7453368749646487,0.19846438236108585,BonFilm
-0.06599450819413877,0.18428752106027124,MauvaisFilm
-0.48172895433398033,0.15335909608514256,MauvaisFilm
0.191952865145946,0.48440696679336526,MauvaisFilm
-0.17980052412216396,-1.0545334405727782,BonFilm
-0.644742722116633,1.496451503364896,BonFilm
2.1322829456143553,-1.0386963205980786,BonFilm
-0.8044025042416697,-0.15788131778391873,BonFilm
0.08036097619882032,0.7890323390378973,BonFilm
-0.8362458017818589,-1.2894795081479902,BonFilm
-0.3568342678746149,0.9052966912678316,BonFilm
0.6298430345453395,-0.18365016128222827,MauvaisFilm
-2.101384810231499,-0.08304543917738004,BonFilm
1.7680078814774012,-0.8435849664368139,BonFilm
0.03671485376408472,-0.1603110327337044,MauvaisFilm
-0.7319707869422106,-2.0273243266519207,BonFilm
0.7533883611924497,1.4858338902014923,BonFilm
1.769348796069507,-2.2976511606330767,BonFilm
1.5382898226300272,0.062144587396132246,BonFilm
1.1766839946687777,-0.9388425093406538,BonFilm
-0.6974620283706793,0.8723451321906073,BonFilm
-0.3612966180465589,-1.0803933918240083,BonFilm
0.09896274589765339,0.6179837550109777,MauvaisFilm
0.6753648423081833,0.6307222786528283,BonFilm
0.08988375514682474,-0.8809667236125633,BonFilm
1.7245400012476944,-1.4101225307193457,BonFilm
1.6010882054955373,-1.704298688740387,BonFilm
0.19675349969496694,-0.5567250360289493,MauvaisFilm
0.11857339660541155,2.0006408325907126,BonFilm
-0.3115679382132901,-0.042753149104082094,MauvaisFilm
-0.32858103935328614,1.3955069035472631,BonFilm
-1.0964647355872126,1.4615256759989348,BonFilm
1.4437901654562777,0.5272383400892013,BonFilm
-0.7979833093598759,0.29210632093222894,BonFilm
-1.1380615485966656,-0.5763270762690543,BonFilm
0.9148858139085176,-0.5308872516826829,BonFilm
1.7666325271146819,0.24570012416693002,BonFilm
-1.0585508228090612,1.1638934190385004,BonFilm
1.7175919851668575,-1.0180350650296983,BonFilm
0.3790839450993972,0.27808018251418537,MauvaisFilm
-0.8337207254724017,-0.7260994136627069,BonFilm
-0.1586425837081859,-0.3189905052107698,MauvaisFilm
0.9692218949839516,-0.2083768795457457,BonFilm
-0.11701123349741945,0.03913098833350775,MauvaisFilm
-0.33946302189784466,0.1759817655156243,MauvaisFilm
-0.1675036148193495,0.7472684796336161,BonFilm
1.1742248953982264,-0.3099411462442378,BonFilm
-0.8952446885323803,0.6331893955875757,BonFilm
-0.5115870245854702,-0.3131525596038701,MauvaisFilm
0.5932046014946125,-0.604415167644742,BonFilm
0.01282152275444699,-0.06916840225922301,MauvaisFilm
1.0935375239177234,2.2824459704991162,BonFilm
1.5822366305076958,1.3080565294431268,BonFilm
0.8456931547238881,-1.7754842830016897,BonFilm
-1.1354723587662663,-0.2579520145456432,BonFilm
0.7570988783189865,0.09307422868371441,BonFilm
-2.264172971310108,-0.8743346457909721,BonFilm
0.36485046833705503,-0.07493871820201134,MauvaisFilm
0.8996865533998418,-1.2401891265173866,BonFilm
0.8348927679576689,0.8961806190479559,BonFilm
-0.3867759659327659,-0.10208690948935414,MauvaisFilm
1.052663840472507,1.2729614840718502,BonFilm
0.04820647624121195,0.4239564395366268,MauvaisFilm
1.4825525652735045,-0.26312599952811155,BonFilm
1.5171256793040322,-0.47358420188634187,BonFilm
0.032389376079599304,0.7227896202777095,BonFilm
0.8705562104041545,-0.871472472612578,BonFilm
-0.9965114009640286,-0.784387271839258,BonFilm
0.5690159303450198,0.5794207301488017,BonFilm
0.43197792698943865,0.07588174549610917,MauvaisFilm
0.8223573631778232,-0.9374640642374998,BonFilm
-1.6107704454618836,1.7065804496517336,BonFilm
0.24553620546152655,0.22662220668209268,MauvaisFilm
-1.5434361728024715,-1.1000807957817236,BonFilm
0.546153698397191,0.1817266834759466,MauvaisFilm
0.5958751165807027,-1.2909881608790128,BonFilm
-1.319735670086327,2.170778688822586,BonFilm
-0.5351378138057244,0.48654261740328586,BonFilm
-0.05812554532659539,0.3267521312442228,MauvaisFilm
-0.6751749361819585,-0.6091975477154972,BonFilm
-1.1569428383540843,-1.0526875244172225,BonFilm
-1.8663579432696893,0.6056055734722336,BonFilm
0.906330213013217,1.9651111099049117,BonFilm
-1.0432897101076215,-1.770156400942054,BonFilm
0.8600094333191874,0.25729934416257544,BonFilm
1.307537795436347,0.09957558738863581,BonFilm
-0.41430640414726244,-0.38073146717977374,MauvaisFilm
-0.34762047529163426,0.9228229178138536,BonFilm
1.2367253302579595,-0.33086666316837154,BonFilm
0.2716028109132104,1.1042646137395846,BonFilm
1.1585447670036564,-1.6540259165500817,BonFilm
0.8227133346090237,0.5999334419601429,BonFilm
1.9136119055207217,-0.12770638500174158,BonFilm
0.9564054554191413,0.4487973993372345,BonFilm
1.1606418542182118,0.04948246721042654,BonFilm
-1.753437207270012,1.0577557374600703,BonFilm
1.764726539499391,-0.39605901239128566,BonFilm
0.6390944406465864,0.2763564499292218,MauvaisFilm
-0.39074951430200566,-0.24499414764628172,MauvaisFilm
0.8738962670496642,1.0085065943261127,BonFilm
2.2178658577334796,-0.4785169869021609,BonFilm
0.9562044603761792,1.6465959357587205,BonFilm
-1.0990788513549128,0.20392423684224303,BonFilm
0.6964412634207342,0.46502722042675604,BonFilm
-1.251506513602281,2.390883597235039,BonFilm
-1.229434183256946,-2.214323194769546,BonFilm
-0.584555115748344,-0.6776187913427765,BonFilm
0.014259128067753982,-1.4604495913361082,BonFilm
0.21142791910938563,0.6680170152930631,MauvaisFilm
1.0202525194317404,2.172812427409489,BonFilm
0.30565478322054707,0.8124031828748942,BonFilm
-1.5022659659016504,-0.8899355388641743,BonFilm
-1.1615192734564057,-0.3141077622100577,BonFilm
1.1814300974694592,0.7055801223788917,BonFilm
0.12715103745115558,0.1986042890184857,MauvaisFilm
-0.15350441607482093,-0.9469361591627916,BonFilm
0.1516918671204863,-1.066167298315561,BonFilm
0.43503780954197074,-0.9419644516573566,BonFilm
-0.07320324834682439,-2.01117002154934,BonFilm
0.5201372323943871,-0.06100240433947978,MauvaisFilm
-0.9714505786277493,0.2752580913671439,BonFilm
-0.7027778379553177,-1.167975926412941,BonFilm
2.269035786916546,-1.352799271252323,BonFilm
-0.14993903619139548,-0.08134036932121448,MauvaisFilm
-0.47585567456547173,0.6257598995018631,BonFilm
0.06797580815456981,1.0176369761880086,BonFilm
0.7599404686556125,1.2455867835658605,BonFilm
-0.028919833952325516,1.1284802998025425,BonFilm
-1.446564017596673,-0.26344469995573355,BonFilm
1.7404669927281124,0.02608967023890689,BonFilm
0.2905471165455077,-0.8809691875962556,BonFilm
1.2025458037536907,-0.38348482126931754,BonFilm
0.9398252092557444,-0.220196663556685,BonFilm
0.8995461731171581,0.6921616004762783,BonFilm
-0.3419073755512232,-1.8040051904101324,BonFilm
0.6874887309547044,-1.1138450519227745,BonFilm
0.33190143125299454,-0.6676382193054424,BonFilm
1.232311561077189,-0.3454120484867341,BonFilm
-1.6572224422116717,0.6403926049294693,BonFilm
0.7824866101971322,-1.1739534646669045,BonFilm
0.3146821757950091,-1.0712043966449347,BonFilm
-0.7172241995003716,-0.5824865825817304,BonFilm
-1.038735496258591,0.3169238607390242,BonFilm
0.3876813128654066,-0.4327665511824922,MauvaisFilm
0.2906381377930417,-0.6766731915502555,BonFilm
2.2155968897857323,0.5444307209599789,BonFilm
-0.8160617861508516,-0.7975776027237511,BonFilm
0.8198618173287953,-2.487195305749449,BonFilm
0.7349168784067585,-1.027422601598122,BonFilm
1.151553748256645,-0.523745401515471,BonFilm
0.40049237608896265,0.6358713145685629,BonFilm
0.15493571072411255,0.1657670193471191,MauvaisFilm
0.6055646129163588,-0.1667597245113589,MauvaisFilm
-0.07275738914832149,-0.4436334510769869,MauvaisFilm
0.18738019926074065,-1.0603844497757906,BonFilm
1.5730079067489,-0.21855102107609017,BonFilm
-0.9739397562219172,-1.031966970365327,BonFilm
0.12023301529565351,1.225712227605054,BonFilm
-0.4468370704104291,1.8633898394610355,BonFilm
1.281954347246559,-0.4575308494494793,BonFilm
-0.5546618476475346,0.5213610963306536,BonFilm
1.433290532205993,0.9777333601672413,BonFilm
0.9031992203453292,0.36308457302187425,BonFilm
-0.10846083353390043,0.3221462597063979,MauvaisFilm
0.7122564536494479,0.8708239642450467,BonFilm
0.9527740607609055,0.03850114419005456,BonFilm
-0.0984171936739419,0.5613445129004087,MauvaisFilm
-0.9891039448505653,-0.5740733826380697,BonFilm
0.8502175710072485,0.09041693075425222,BonFilm
0.9588248382032274,-0.015209820891586573,BonFilm
2.9669008811000537,-2.3311561374777767,BonFilm
2.230659276753141,-0.45547216180222294,BonFilm
0.89424803812937,-0.8411404329003876,BonFilm
0.146479344475075,-0.1497116728688393,MauvaisFilm
0.8284903116075517,0.9649500432018682,BonFilm
0.10081148835463713,-0.610467619650323,MauvaisFilm
0.043534136078295815,0.8452911342822905,BonFilm
-0.06120489409532514,-0.6112541595576241,MauvaisFilm
0.9558810780855935,-0.9781692246135039,BonFilm
1.0946960834160921,-0.6802203688877124,BonFilm
0.8440022547035507,1.4423459242583843,BonFilm
0.3531675128168481,0.22058704278920055,MauvaisFilm
0.6274463532253042,1.114085722695011,BonFilm
0.43151202970389574,-0.014871666448641045,MauvaisFilm
-0.7122956052872478,-1.1537219218086452,BonFilm
-0.7200560831468793,2.369056555687968,BonFilm
1.2330256622339555,-0.6747820944660371,BonFilm
1.2036563512502345,-0.05360201878877245,BonFilm
1.2582956339096094,1.078562775528695,BonFilm
1.0464160656867365,-0.6846537425129994,BonFilm
0.20156801310321906,1.4349072506942602,BonFilm
0.9662649449303289,-0.11821911932353417,BonFilm
-1.1686551558746727,-0.04996833739103388,BonFilm
0.23191721692887768,-1.1396454247966177,BonFilm
-2.664637907847831,2.1097553852693296,BonFilm
-0.9620412409711979,0.32774606487039354,BonFilm
0.02017756012789717,-0.7470353597937845,BonFilm
-0.19132143713213282,0.7694955673803929,BonFilm
0.09322241858025351,0.36489852961718494,MauvaisFilm
0.01451041072890906,0.7504679858247556,BonFilm
-1.2151076882458969,-0.69243736489731,BonFilm
-0.5469604753099423,-1.9559787319873443,BonFilm
-0.567364486768212,0.6695728733965115,BonFilm
0.2060251755715439,0.7404928820987922,BonFilm
-2.5774443684015904,-1.0565990684283046,BonFilm
-0.011714795602037885,-0.4572902593262526,MauvaisFilm
0.5232166853785322,1.2200158701449446,BonFilm
0.7353257639597347,1.392338204178707,BonFilm
-0.1858826468224389,0.4971450995396474,MauvaisFilm
1.694105789681687,-0.7206442447163823,BonFilm
1.0224854857304126,0.22253666876275557,BonFilm
1.0464784167903938,-0.9668463364422005,BonFilm
-0.6711909326073136,0.6673188873981816,BonFilm
0.002979451931053708,-2.539723630190201,BonFilm
0.417027025810111,-1.1304394848396602,BonFilm
0.9721861843597388,-3.171110311291369,BonFilm
-0.6679861547167503,0.14549697022271932,MauvaisFilm
1.6371967348481327,1.268142560705396,BonFilm
0.42571919967251876,-1.50909965693978,BonFilm
1.4577594857144403,1.098698278648322,BonFilm
0.725386394325415,-0.9882536379729894,BonFilm
-0.440250075020226,1.7131401569601208,BonFilm
1.3696955610193742,-0.9542514886923803,BonFilm
0.2935452796243396,0.08889413056481756,MauvaisFilm
0.21229999834038207,-0.07685296432231117,MauvaisFilm
0.8245674912490406,1.7685900802929615,BonFilm
-0.06594337568093228,0.4337000343603487,MauvaisFilm
-0.6286765564627724,0.2485405083093077,MauvaisFilm
-0.33072548116620637,-0.6590714335523898,BonFilm
-2.4784799181289143,-0.41904644428999366,BonFilm
-1.3837877535946894,-0.26371418662017787,BonFilm
0.3191934650821693,-0.0025697841486499403,MauvaisFilm
0.8957172409183417,0.5648138595454589,BonFilm
0.9717044312139329,-0.4910809043811793,BonFilm
0.7789710174835182,1.2498556728420134,BonFilm
-0.6387012071132382,-1.049437840774719,BonFilm
-0.6370841055342499,1.0504060908608648,BonFilm
-0.813486403816725,0.1551258765049345,BonFilm
-0.2389188215724292,-0.5922100105537725,MauvaisFilm
0.8138935558762724,-0.09240406796936754,BonFilm
-0.6956367303216874,-1.0538662609325649,BonFilm
0.4834075730323717,0.7967397800675532,BonFilm
-0.6882409328589686,0.2164179456840798,BonFilm
0.15624840141331603,0.8427223981790908,BonFilm
-0.6569491484781421,1.4919603961813581,BonFilm
-1.7503262583339487,0.15638442975909142,BonFilm
-1.0835998681306787,0.022487741695762054,BonFilm
-0.5729833466299676,0.25856725594899327,MauvaisFilm
0.7877269491340144,2.242587935538967,BonFilm
-0.5613164659944986,-0.22314936687373457,MauvaisFilm
1.2088602513242133,-0.05305192365452541,BonFilm
1.9450551020775984,-0.5278482232423509,BonFilm
-0.4222152308570596,-0.16115480471441057,MauvaisFilm
0.7849526828929535,0.3110168240138061,BonFilm
1.137174755108545,0.591889100320191,BonFilm
-1.3061910739580878,0.8247125965311537,BonFilm
-0.16799487929805426,-0.9325338363175995,BonFilm
-0.7348719501357126,-0.8079511038874554,BonFilm
-0.14832274534274315,0.7810852402589404,BonFilm
-0.5075407974184051,-0.6447982680885643,BonFilm
0.8789937515453984,2.522182816924236,BonFilm
1.7721721586145691,0.9361524543123748,BonFilm
0.11106499529008566,1.8218235540267012,BonFilm
-0.024495070744835763,0.5259064690536308,MauvaisFilm
1.3265800224568498,0.24072754467949142,BonFilm
-0.958914354760806,0.07874020703220178,BonFilm
-0.3021519577452224,1.3341765103329213,BonFilm
1.0543428904466372,-2.109836298984495,BonFilm
-0.12073338921726041,-0.6598458402400047,MauvaisFilm
0.36723237657199836,0.38273983442981224,MauvaisFilm
1.1560106429579189,-0.29966569829429485,BonFilm
1.312235456444368,-0.4080249418425525,BonFilm
-0.1956256407429879,-0.1910413796189488,MauvaisFilm
-0.5668087400609909,-0.3124628056330241,MauvaisFilm
-1.649634502079071,-0.07773608999861147,BonFilm
1.483250148692471,-1.769087597214054,BonFilm
-0.507054415509411,0.4841214870480098,MauvaisFilm
1.5912763220382684,0.2890027208201987,BonFilm
-0.7713321906230851,-0.9336229987433087,BonFilm
-1.4345304091989055,0.3861671472152663,BonFilm
-1.4044152605421114,1.4342037902377474,BonFilm
-0.5548800319644975,-0.47793256399337275,BonFilm
1.0545234626219315,-0.37043163495487597,BonFilm
0.7020121837089085,0.2452866257680774,BonFilm
-0.8454796037296682,-1.7159330332671734,BonFilm
-0.6912688477034052,1.112092370217279,BonFilm
-1.4225711824776475,1.1972187000307566,BonFilm
1.7200093349601449,-1.451098151958375,BonFilm
-1.219033611001056,0.25205849293483523,BonFilm
0.9848963323368147,0.8298610294867617,BonFilm
-1.0935528533787315,1.0952108558618046,BonFilm
0.02529287305459522,0.6330424850222357,MauvaisFilm
-0.9092131205479038,0.3863036610519593,BonFilm
-0.5586199879592518,1.6246413383868028,BonFilm
0.15527682681781096,-1.4168017919175215,BonFilm
-0.5074344282999974,-0.3834716287449624,MauvaisFilm
-0.39219544566774384,-1.7757981387685233,BonFilm
-0.850981375037024,-0.37477925654190497,BonFilm
1.53240532866838,-0.3612754882662012,BonFilm
-0.7694951342759689,-0.335596738943154,BonFilm
-0.24352477666761776,-1.75781908252673,BonFilm
0.8099301606699718,-1.3384892433294076,BonFilm
2.2326755695242166,-1.2082085315671296,BonFilm
-0.16835389768266645,-0.639225532777542,MauvaisFilm
0.6065457374907556,-1.9617465241712442,BonFilm
-0.7514354039686761,-0.017040039557897256,BonFilm
-0.7946984252334781,0.41977660828411334,BonFilm
0.40337385181579977,0.5003844779370125,MauvaisFilm
0.8994310259163444,1.6784857035876326,BonFilm
-1.1130629066852045,1.1717581568177273,BonFilm
0.9630806061033048,1.396080394788768,BonFilm
2.053066745415813,0.11022880302061203,BonFilm
0.5515788882427762,-0.295869130683898,MauvaisFilm
-0.8444084572947244,-0.5900183861818525,BonFilm
-0.05184699417760977,1.1249432387216924,BonFilm
1.2192653983875013,-1.4753495280157674,BonFilm
-1.978212212354927,0.6096308894811627,BonFilm
0.10713994233961027,-1.186103448479169,BonFilm
-0.04819605993238012,-0.5545541847770882,MauvaisFilm
-1.1805821148828515,0.6592051390678425,BonFilm
0.6033585559883488,-0.041471829749800106,MauvaisFilm
-0.5878012505631206,0.16764605166548857,MauvaisFilm
0.5757622419054785,0.6577045267264434,BonFilm
1.9242897532687433,-0.35675741066208266,BonFilm
0.21752245116346663,-2.283015284569127,BonFilm
0.6241361574518309,1.7301534714508515,BonFilm
0.4128570970228866,1.7215981226180812,BonFilm
0.1909099034749403,0.5636836124919543,MauvaisFilm
-0.12499600929635066,-3.28705640066602,BonFilm
1.5012296190539347,0.5081123650819096,BonFilm
-0.8591301700855741,-0.3853787665545471,BonFilm
-0.7756959088164646,-0.2517163047133138,BonFilm
0.27333027990537645,-1.133549884789598,BonFilm
-1.1810002849383114,-1.3733581680671942,BonFilm
-0.11294287196961177,-1.9148571314219367,BonFilm
0.2283128487009464,0.08519746249612668,MauvaisFilm
2.610909435594734,1.336318265719564,BonFilm
-0.370503759632366,0.4388252119646387,MauvaisFilm
0.35746010064153544,-0.7039334252106177,BonFilm
1.4859366648351362,1.6245104308876033,BonFilm
-0.5857781534930133,0.17593343330569952,MauvaisFilm
-1.627020246613826,0.8128633148862212,BonFilm
-0.40769371076209043,-0.2503315751991652,MauvaisFilm
0.9294610359424244,-1.2614043985299574,BonFilm
1.0070715759076954,0.6363698424370917,BonFilm
0.7461673041865096,1.5199342674946816,BonFilm
-0.8352474874834939,0.723196580215707,BonFilm
0.2814297454667834,-1.3134411681584581,BonFilm
0.6987135613192083,-0.86550364675584,BonFilm
-0.2179086231593585,0.2613690366177946,MauvaisFilm
-0.34916623477852865,1.1964808445623158,BonFilm
-0.9084458132559424,0.8321572261232026,BonFilm
0.6051226750026517,0.7524003655995933,BonFilm
-0.5948872797711577,-0.38215116635743573,MauvaisFilm
-0.32864233913155905,0.9260030631814651,BonFilm
-0.6057290412499885,-1.212228911206153,BonFilm
1.2390854781590908,1.0715880662301327,BonFilm
0.8966122738608355,0.07403491819233435,BonFilm
-1.0697189777878269,-1.170672972946427,BonFilm
-0.07734157039167683,-0.5697047091661275,MauvaisFilm
0.24693383529190963,-1.029678181953556,BonFilm
-0.788091320451674,-0.3012191708943855,BonFilm
-0.6103910361439419,0.6155722997397413,BonFilm
0.8882466528339743,1.1894713188722619,BonFilm
1.4614781377104036,0.9159629660417439,BonFilm
-1.6999043066606132,-1.6396555673701319,BonFilm
-0.9117059018996443,0.45095819415715055,BonFilm
-0.7510572505080078,0.8205372683624779,BonFilm
-0.6616742367693749,-0.42547889199389305,BonFilm
-0.9440994400091992,-2.5095400975068576,BonFilm
1.0174928819191515,-0.4158784215228681,BonFilm
0.4766886063721901,-0.9096931952018864,BonFilm
1.5904656324347946,-0.24108030931366084,BonFilm
0.6486726446051693,-0.0253244969969286,MauvaisFilm
-0.8303441781232079,0.1643459349709713,BonFilm
0.5057248112495327,0.47302023630725953,MauvaisFilm
0.49675038115215486,0.15016720217934237,MauvaisFilm
-0.4580753275877251,2.76784208266404,BonFilm
-1.7910040658751694,0.12227824609955146,BonFilm
1.4030173852097743,-1.204140398233168,BonFilm
0.41657270076556974,0.24463171738814732,MauvaisFilm
1.8006440299402138,0.15225568532253256,BonFilm
0.5301484007196535,0.17522695348005918,MauvaisFilm
1.161174852653949,0.4839461225410379,BonFilm
-2.3448800767938915,-1.477944733947153,BonFilm
-0.29670361980569643,-0.6248715532264741,MauvaisFilm
-0.57747569243541,-1.2667550716279061,BonFilm
0.30486483110184226,1.3513121798480092,BonFilm
0.3763090710074436,0.6971761216882792,BonFilm
-1.382308903503932,0.5370208989792106,BonFilm
0.7493086576036685,-0.7243534480157143,BonFilm
-0.4011852101266771,-0.17353133130171017,MauvaisFilm
0.7892841084751198,-0.8511795522357898,BonFilm
1.4747969492350248,-1.999899117538587,BonFilm
-0.13046744371598,-0.2440735268515854,MauvaisFilm
0.08177693404372573,-1.5104411765080419,BonFilm
0.8396713860106523,-1.7533341836284062,BonFilm
-0.13632060653342346,-0.4939419467088517,MauvaisFilm
-1.2313764459535328,2.1023947995823278,BonFilm
-1.2226686621270209,-1.4935846417460477,BonFilm
0.42848658381063454,-0.615150469324014,BonFilm
-0.6203911468076777,-0.072642925107958,MauvaisFilm
2.2767695987228596,1.200442179851642,BonFilm
-0.4210372686955947,-0.5018766795526083,MauvaisFilm
0.10679263447257024,0.4612137369460597,MauvaisFilm
-0.004065789874363322,0.6950466924751584,MauvaisFilm
-2.331415245321487,-0.5856821825295814,BonFilm
0.432127118377786,-0.313600718188721,MauvaisFilm
0.7641403510558598,-1.1353976874761615,BonFilm
-1.7138495076198264,-1.8769810438583445,BonFilm
-1.891094153512187,1.0798249927274055,BonFilm
1.7292181166783853,0.047502386031837464,BonFilm
-0.518102667493073,1.217915805177994,BonFilm
-0.8809195963834598,-0.19042078198752543,BonFilm
0.6056162009263623,1.9775912910294395,BonFilm
0.33554391922254884,-1.2711550839287904,BonFilm
-0.5222298396137658,-0.41721083096930905,MauvaisFilm
-0.6561013849818957,0.14970752323498787,MauvaisFilm
1.0371275443554575,1.2279375209233587,BonFilm
0.7056088090410942,-1.046616713267024,BonFilm
-1.0951412245101284,-0.3364600678846822,BonFilm
-0.7894660321268518,-0.8951503388611767,BonFilm
-0.14695216422876012,0.5253703489761722,MauvaisFilm
-1.6363915505479332,0.1761531965687773,BonFilm
1.6396761744704282,1.4411116561584698,BonFilm
0.6054764382293428,-0.09152914100256325,MauvaisFilm
0.26881139238071283,0.6260831720075879,MauvaisFilm
0.7076094405968996,-0.4075247408544595,BonFilm
-0.30100353545229197,0.6687657906474725,BonFilm
-0.09166977442907279,-0.4289925605106631,MauvaisFilm
-0.35530854129722816,0.35610369091397737,MauvaisFilm
0.06484332640825097,-0.011422298067557738,MauvaisFilm
-1.827230273092081,1.9658375991347263,BonFilm
-0.5219863371929198,-0.6946429360331323,BonFilm
1.0700445616843335,-0.9711137618365825,BonFilm
0.9456128448218507,-0.7011299939028791,BonFilm
-0.09576994561257263,0.2635569672613217,MauvaisFilm
-1.301106322379679,-0.4376080251274227,BonFilm
-0.24435356357716706,0.5197697137790054,MauvaisFilm
-0.5735199304969374,1.7086340167266765,BonFilm
1.9693659893050195,-0.1858534492791834,BonFilm
0.04215859858738587,-0.8035740084852774,BonFilm
1.4786065041631404,-1.9316267629915411,BonFilm
0.7482810047856592,1.1285544593012407,BonFilm
-0.1533057769317351,-0.20088095688680052,MauvaisFilm
1.323970171664686,-0.04040859156558084,BonFilm
0.03202308686205763,1.4364244637303958,BonFilm
-0.537004388989797,0.798992865772495,BonFilm
-0.16701641101182294,1.066235732432219,BonFilm
0.6384610972892824,0.6178145836000835,BonFilm
-0.995506782923907,0.08084590738549763,BonFilm
1.1311237479570821,0.2617207304606093,BonFilm
0.8558811768542288,1.5657517875088258,BonFilm
0.1935194338038138,1.257992876164218,BonFilm
0.3662021903794084,-0.44123224076029544,MauvaisFilm
-0.46652801649602593,0.3921122798360999,MauvaisFilm
-0.12171276243619131,-0.11293961067465447,MauvaisFilm
0.6367832369988212,-1.0829116728587613,BonFilm
0.057086535905969,-0.8015937449217765,BonFilm
-0.6365472692433505,0.25773747216832105,MauvaisFilm
-1.3373719734888678,-0.21672849009715195,BonFilm
0.6793777766861481,0.6142114602421803,BonFilm
0.4884639692521773,-0.43896627372892616,MauvaisFilm
-0.7479843888722199,0.6661687382985861,BonFilm
0.808765019210876,-0.21928215761209663,BonFilm
-0.04873850585551468,-0.7420484407283323,BonFilm
-1.8377519798134057,1.1664020708995504,BonFilm
-0.5726350069754735,-1.3616438705679506,BonFilm
0.709522840955404,-0.17704056548472705,BonFilm
0.661964789044515,-0.14723955432401264,MauvaisFilm
1.7575260710679619,0.46899172832592395,BonFilm
-0.45504201187346954,0.24654341203496613,MauvaisFilm
0.3950198557632645,-2.3810163396081325,BonFilm
1.1310557205015856,-0.707687129716425,BonFilm
-1.0985580519130211,-0.24448326524543756,BonFilm
0.16403511805410645,-1.2217369328714653,BonFilm
0.3802113580020927,1.413518984152127,BonFilm
-1.3541095795896967,-0.8247803331534375,BonFilm
1.7168794318915688,0.05279229756604578,BonFilm
-0.4877020737849407,-0.6261955373278526,BonFilm
0.9159022633362628,0.28684313313139526,BonFilm
1.4208837811789399,1.7877487535036907,BonFilm
0.846150604501794,0.6917109723377579,BonFilm
-0.019405725264343542,0.7435340933407015,BonFilm
-1.2317240599151742,0.1152547881542026,BonFilm
-0.8020931343628838,-0.5421363019996119,BonFilm
0.45764318328046444,0.0634373624920055,MauvaisFilm
1.3411874962482706,-0.10533102747878131,BonFilm
-1.965864887536745,-0.833858950249129,BonFilm
-0.3774345904861054,-1.7742429522806786,BonFilm
1.2263664066874067,-0.10756319190344656,BonFilm
1.8973246260476602,-0.5458554093383235,BonFilm
1.4791725273519658,-1.206999843747695,BonFilm
-0.5755245807513862,1.299757599957179,BonFilm
-0.33290811688471766,0.24481820238564442,MauvaisFilm
-1.7658741580125015,-1.6702439087576555,BonFilm
-1.0183737833876505,-0.8732615836068811,BonFilm
2.188645957298734,-0.04721158350480475,BonFilm
-0.26548802398488264,0.22351907733978243,MauvaisFilm
-1.337289578144519,-0.05013983821099821,BonFilm
-0.46598992936676736,2.886662286614523,BonFilm
1.9152155140136964,0.24372652412021437,BonFilm
0.08777392377034278,0.1310864584037946,MauvaisFilm
0.616018126227299,1.561364196653906,BonFilm
0.3772862628317311,0.07974499517029768,MauvaisFilm
-0.5190135453124937,-0.051123892060593354,MauvaisFilm
0.6586393396683854,-1.0828161237853065,BonFilm
2.5023945048521896,1.4102703422599476,BonFilm
0.7258355209207042,1.3428995580900607,BonFilm
-1.3766430850388167,0.27525014047763097,BonFilm
-0.888579929452682,-1.0510944878368054,BonFilm
-0.47592310304721425,0.8646554571966226,BonFilm
-0.8986427079096757,-1.8498753694855645,BonFilm
0.12097244103940447,-1.2333602189349469,BonFilm
-1.1304181668658837,-0.500120511039796,BonFilm
-1.726126571328682,0.4780125437753034,BonFilm
-0.38534384852340414,0.003908740727920229,MauvaisFilm
0.5008220883581112,0.7462349672359092,BonFilm
1.3296483533727845,1.1339418191489832,BonFilm
-0.0018864579452905483,-0.8813936806768347,BonFilm
-0.9412743726553323,-0.047447768199087255,BonFilm
-1.0121366639553786,0.49445660494253435,BonFilm
0.08074052134963691,0.6829047733005806,MauvaisFilm
-1.399500704383185,0.8945792132787592,BonFilm
0.5666181161829362,0.662895971976163,BonFilm
-0.4494499371489044,0.2886672410103091,MauvaisFilm
-0.030382783876893454,-0.06748006447978788,MauvaisFilm
-0.9575589210475712,-0.4689736082335294,BonFilm
-1.7956703427503333,-0.5230043278197785,BonFilm
-1.039616179919398,-1.263131078970749,BonFilm
-0.8320016160756847,-1.2113865405592454,BonFilm
-0.41231178748470426,0.7212941355338083,BonFilm
2.2316146733745876,1.1576935346365755,BonFilm
-0.23742282454516755,0.9003519245317922,BonFilm
0.8947697923617943,0.4596845804233999,BonFilm
0.03957537344167161,0.6143318550981042,MauvaisFilm
0.08989270030554941,0.7379087827990616,BonFilm
-0.7676558596638186,0.2063288176432636,BonFilm
0.5425865493015197,0.1842652914312076,MauvaisFilm
-0.02405093310706461,0.7236171339053414,BonFilm
0.7201906672548513,-0.017463869354626193,BonFilm
1.7295292491949132,-0.6519887950539845,BonFilm
0.657385221603209,-0.04092878758033605,MauvaisFilm
-0.12289782031147681,0.4416534276628761,MauvaisFilm
-0.3696359718511567,0.8917682074974265,BonFilm
1.078773581099485,0.5148005568268972,BonFilm
-0.8408106313786161,-0.49681631926563863,BonFilm
0.3237193188979344,-0.6055822333216062,MauvaisFilm
2.063950150718134,-0.7422143984260329,BonFilm
-1.145887411399103,-0.35047679422506023,BonFilm
1.5658845456331314,-0.3298144468536698,BonFilm
-0.7085808469530184,1.2378237765184248,BonFilm
0.6375032534482357,-0.1925236376147819,MauvaisFilm
0.7496976881382523,-0.014369513335049537,BonFilm
1.308947247252969,-1.3462149888818393,BonFilm
0.3391844044261877,-1.3987160214796592,BonFilm
-0.6158698849056373,-0.9846933067263733,BonFilm
1.028046880807148,-0.9441361398818936,BonFilm
-0.9205348951124294,0.3655802347369318,BonFilm
1.2458448259516033,-0.8617995401981139,BonFilm
0.9530236686192943,0.4693065375962354,BonFilm
0.5919776297144416,0.28497031756938657,MauvaisFilm
-1.7090996828937985,-0.6530022479097711,BonFilm
-0.6587263864126263,-1.2836230668378301,BonFilm
0.9930551585194928,-1.1184349319330287,BonFilm
-0.8204610787512666,-0.5837026347122232,BonFilm
-0.6875781595935919,-1.4461715277270026,BonFilm
-0.746780349020069,0.8718956529703341,BonFilm
0.07918698934770364,1.0616489135938085,BonFilm
1.5044995930912621,0.281329247714287,BonFilm
0.22885658870049483,-0.6931581752819261,BonFilm
-2.419870729409749,-0.3446391422281063,BonFilm
-0.5097593016285131,0.7492763721205621,BonFilm
-0.3124697012982023,0.06998542615533211,MauvaisFilm
-0.8242024708569754,0.23539214665471955,BonFilm
-0.5821305910706237,0.15511080053346102,MauvaisFilm
1.03255822084031,-0.9053750337125973,BonFilm
-1.2795328663602517,-0.8397770761402624,BonFilm
-0.25418239663735104,-2.3075655715058416,BonFilm
0.04112569466089128,0.9132193274807878,BonFilm
0.8116466947627256,2.440936070633158,BonFilm
-0.021258860612001402,-1.6640421762283708,BonFilm
1.2707566762948044,-0.026042869394804127,BonFilm
0.3164716451253102,-0.439546371868287,MauvaisFilm
0.3474370554096447,-0.861378190734876,BonFilm
-0.6222217581381687,-0.39417789645456136,BonFilm
-0.23616246274669161,0.08847640124271747,MauvaisFilm
0.4634727406996301,-1.298405816034897,BonFilm
0.29995640313528354,0.8108128269153173,BonFilm
0.9388101255136394,-1.063912300025078,BonFilm
-0.9289430536421791,-1.193284334028091,BonFilm
-0.29725195103830404,-0.5839247050251773,MauvaisFilm
-0.5433780855435213,-0.6068917751151834,BonFilm
0.7776591700579212,0.7385271238411508,BonFilm
-0.0758066235546721,-0.5130255768334093,MauvaisFilm
-1.3082821507147924,0.3789491444147966,BonFilm
-1.4767284574040922,0.9825139722032317,BonFilm
2.1994154438135665,-1.716690135813882,BonFilm
0.7061510041501864,1.2035971976985211,BonFilm
1.127291903574018,-0.5916708407306392,BonFilm
1.0041726712476708,-0.39534104828485234,BonFilm
-0.14121463672415008,0.3320502367084508,MauvaisFilm
-0.07888591702560874,-0.3240570433472541,MauvaisFilm
-0.7405180580983245,2.154200801004858,BonFilm
-0.8770195274953867,1.1594304839920204,BonFilm
1.2761774733416145,0.13815751505319204,BonFilm
0.2549585904671444,-0.7020169799704203,BonFilm
-0.3878130516274535,0.6622882751034392,BonFilm
0.8692970004861249,0.4106574640214356,BonFilm
0.32913192274148356,0.14760696779920077,MauvaisFilm
0.18685661694777708,-1.2272383725237235,BonFilm
0.22322741448713324,0.20162096695783222,MauvaisFilm
-0.2532891183819431,0.5468350197201872,MauvaisFilm
0.5171705946554115,0.9235853610601623,BonFilm
-0.7942887069352358,0.902456654187823,BonFilm
-0.5951622141164767,0.8539999312389445,BonFilm
-0.30233205120463885,-2.6220645303144754,BonFilm
0.6497387470923278,-0.3679067242776512,BonFilm
-0.5285767809957936,-1.0140871843922443,BonFilm
1.912432655444395,0.05254876948507207,BonFilm
-0.28295153861882183,0.43417621078119,MauvaisFilm
0.36760612726609465,-0.299033885137787,MauvaisFilm
1.287817563137409,-0.33132997144944254,BonFilm
1.6051863199984873,0.49153700030499836,BonFilm
-0.5010782046643466,1.0931314334771667,BonFilm
-1.0352239228080435,0.8119491127056531,BonFilm
1.4602997708347139,0.11424501747297808,BonFilm
0.24358894211011167,-1.7405519731851335,BonFilm
0.10562643338076555,-1.1196095603936242,BonFilm
-1.3405100473263474,1.6953596433518354,BonFilm
-1.1278603012384265,-0.49251244968933533,BonFilm
2.615728852410953,-0.7381009581210732,BonFilm
0.6720848746037258,2.17761835257634,BonFilm
-0.6120371356899126,-0.9448081535354722,BonFilm
1.0824608052317253,-0.5285522132694817,BonFilm
0.5681448477131372,0.8880404417291423,BonFilm
-0.39055730129372085,0.3396226023453593,MauvaisFilm
-0.19443756408605903,0.8068645362109811,BonFilm
-0.047233745514692935,1.3268522536726834,BonFilm
0.01264112996729431,0.5634554145283919,MauvaisFilm
-0.6560012294219517,-0.6593613077963654,BonFilm
0.10991495335754173,1.0095881293178612,BonFilm
0.41687916898471306,2.6515180964456224,BonFilm
1.6529177535617183,-1.564032791321911,BonFilm
-1.3838691632970284,0.2844080982852168,BonFilm
-0.9045251118462586,0.5137286699430722,BonFilm
0.6907365079452257,0.29054345407620547,BonFilm
1.2784813638541992,1.391201809658603,BonFilm
-0.2983264647572999,-1.5129700558277823,BonFilm
-0.503574540834539,1.1056656422961912,BonFilm
1.1817652195577129,0.5327908598964958,BonFilm
1.1797565712388078,0.5111750460820756,BonFilm
-1.4556450877311553,-0.9994073743596866,BonFilm
0.5512033370507237,-0.3008387661528002,MauvaisFilm
-0.20016741968736365,2.1228969018542903,BonFilm
-1.5556621349751978,-0.5166361549247404,BonFilm
-1.1254078600087087,0.7987742571772881,BonFilm
1.1462217066846865,-1.6372507840108883,BonFilm
0.5011431802792966,0.5861762937666567,BonFilm
-0.5871386246619402,0.32283255852059695,MauvaisFilm
-0.06322742067522921,0.29927136298082885,MauvaisFilm
0.47438249428681145,0.2906544028802361,MauvaisFilm
1.0988031630425295,-0.38449330990525293,BonFilm
-1.2622521835784648,0.22400672185933396,BonFilm
0.01830361451239476,0.8471502185468234,BonFilm
-0.46955923773625013,-0.3669666660977905,MauvaisFilm
0.7442511143223547,1.1137072056721724,BonFilm
0.6121908731176631,0.17266547305368699,MauvaisFilm
-1.073444716118704,0.39873110948110624,BonFilm
2.3117746868611055,-1.0228314371898606,BonFilm
-2.163441371996933,0.09014744301482061,BonFilm
-1.3418740179281734,3.2729878329698185,BonFilm
0.6615627786366263,-0.08951791723821978,MauvaisFilm
0.19789806042468708,-1.3409998173683348,BonFilm
-0.7326607137721548,1.1473892392813487,BonFilm
-0.13940830611224722,0.33209028562668874,MauvaisFilm
-0.447010319149975,-0.18058164214208222,MauvaisFilm
-1.1230832849280619,2.0422502466980514,BonFilm
-0.7349558145759242,-0.18648828608161866,BonFilm
-0.5292219828893192,1.7686377737599785,BonFilm
-0.3205922802955061,1.0106078013625812,BonFilm
-0.5425557487462515,1.732440388225114,BonFilm
-0.8384836014653616,-1.908962589301571,BonFilm
0.5388002625400595,-0.6911846219178271,BonFilm
0.30950900298579487,1.4761302976350656,BonFilm
-0.6152027999449415,-0.028895946032095707,MauvaisFilm
-2.319783709112239,0.7333089862719988,BonFilm
0.28565881872556775,1.210657513674655,BonFilm
0.6702423973932965,-0.9870801379972965,BonFilm
1.653168805211922,0.6642753025870126,BonFilm
0.7521053365321227,0.10373145721568795,BonFilm
1.3819897433749255,-0.6231109616967557,BonFilm
-2.8989698349857016,-0.2885053857609185,BonFilm
-0.11144993848436889,-0.5111153988448597,MauvaisFilm
-0.4745486525061941,-0.13027076767160287,MauvaisFilm
-0.3747362458454652,2.2096466130072465,BonFilm
-1.1880012396925457,0.42868239098857697,BonFilm
-0.8040325005528909,-0.9372015706916996,BonFilm
1.265032934358408,-1.2823382515619794,BonFilm
-0.5726052456053522,-0.6056494918292257,BonFilm
-1.9935988251548606,0.9734059485226977,BonFilm
0.018934329282487675,-0.7429059653921325,BonFilm
-0.9995899446884802,1.2883409930199168,BonFilm
-1.100761496415901,0.9204083948947589,BonFilm
1.3326177029523614,0.3790331024762102,BonFilm
-0.5884692039320003,0.16564932880217617,MauvaisFilm
1.2750037544086037,-1.5101479367208863,BonFilm
0.5661760000172076,-0.21439781869204896,MauvaisFilm
0.495581211772557,-1.1796138219803631,BonFilm
-1.1704277410402264,-0.36701693284275333,BonFilm
-0.37587694511222847,0.23364839056611827,MauvaisFilm
-0.5900752464529438,1.5267088966617344,BonFilm
0.9548449109304601,0.7317479240967961,BonFilm
-0.6814991348748501,-0.3114599411267104,BonFilm
0.023636312299590498,-0.4060595432009493,MauvaisFilm
0.8820664048512599,-0.6663954265402007,BonFilm
-0.6618456725692835,-1.8747304084666585,BonFilm
0.5789800136627314,0.9645238245570378,BonFilm
-0.48986838568576824,0.32385863942013826,MauvaisFilm
-1.2840585427553826,-2.216227088821326,BonFilm
0.9023053678045824,0.5782518007246376,BonFilm
-1.0054881468846288,0.5391788703592957,BonFilm
0.8123744753113228,-1.1125016384639104,BonFilm
1.2023625068387995,0.25352568350005317,BonFilm
0.23261355590759067,-1.4500145051913103,BonFilm
0.1884576720962802,-0.361167421284874,MauvaisFilm
0.44433473085420677,0.43274966791401065,MauvaisFilm
1.0500316354830912,0.003751910941229397,BonFilm
-1.3034573814439774,-1.2612891547556833,BonFilm
-0.010427238544218157,0.6594484412634098,MauvaisFilm
-0.828674609462094,1.3319916357556303,BonFilm
-0.8298826925750871,-0.06369464010574807,BonFilm
0.3343303308127737,0.565822184243341,MauvaisFilm
0.12151576098136288,-1.9764701151174813,BonFilm
-0.3872881627589748,-2.1250976445410226,BonFilm
-0.09252422173042088,-0.3968523443894884,MauvaisFilm
-0.5419900119098892,0.8438037128521058,BonFilm
0.3139216516742878,0.09075944894343885,MauvaisFilm
-1.873816090925,0.2358668531102906,BonFilm
0.5086180641314612,1.982684553157139,BonFilm
-0.45725369801827803,-1.3432325512235426,BonFilm
-0.6506667237114075,0.1363175254820021,MauvaisFilm
0.5789309836946874,-0.570087602162484,BonFilm
-0.7431842218475114,-0.17786122230031232,BonFilm
-0.28540267429109306,0.08316226605184311,MauvaisFilm
1.7847605836862395,2.3364728490706796,BonFilm
-0.7121345054223746,1.0633517042494791,BonFilm
-0.09786233793272739,-0.8122603354134875,BonFilm
0.6186903884852041,-0.5244841993987166,BonFilm
-0.7798280223262377,1.0606142231235833,BonFilm
-0.4562561886019029,0.8972914739756648,BonFilm
0.9426579093267619,-0.08847303416462901,BonFilm
-0.5440044388620969,1.196467527241413,BonFilm
0.0744356841144645,2.0544655703945023,BonFilm
1.0779418566484462,-0.9163849789712272,BonFilm
-1.9498986940771137,0.9578210618046559,BonFilm
-1.263659442536698,-0.4120034789898991,BonFilm
0.8712898520408409,-0.9745122831612117,BonFilm
1.116374115785871,-0.8012246586967304,BonFilm
1.2826308772149395,1.4094022973685274,BonFilm
1.1827341110949268,0.17792872335885979,BonFilm
-0.37854758917706827,0.4182587764175181,MauvaisFilm
0.03571758398411165,0.3829396898571154,MauvaisFilm
-1.089019948365867,-0.7801112573329138,BonFilm
-0.5817106677343417,1.243785049869043,BonFilm
-1.1479962090945257,0.7429572707333505,BonFilm
1.1536343029714795,0.19093131632519128,BonFilm
1.6829643803863747,0.10959302578996684,BonFilm
-0.7185516950326505,0.28872102198461996,BonFilm
-0.30373532972828976,-0.4575473903237407,MauvaisFilm
-0.7057204363653594,0.7535479004818597,BonFilm
0.37900674481356694,0.5403754555444147,MauvaisFilm
0.9553132560705557,-0.6963525943538873,BonFilm
1.5020990328943584,0.06127633501462121,BonFilm
1.7612971316216879,-0.2674853345394731,BonFilm
-1.404584634241483,0.04127317257562021,BonFilm
0.15559289868297257,0.06918865479709728,MauvaisFilm
0.0661457157055276,-0.43572410177816573,MauvaisFilm
1.8283931657389092,1.0957617499258197,BonFilm
0.41617394666688795,0.6551329254365217,BonFilm
-0.6559831914024697,-0.8388540049224353,BonFilm
-0.27291820736097067,-0.0100188210451287,MauvaisFilm
-0.7783635566757019,1.3257598299677158,BonFilm
0.25462946113492535,0.24158075072037358,MauvaisFilm
0.12123201700157603,0.045868073436107666,MauvaisFilm
1.7552733558627196,-0.0016152888272779591,BonFilm
0.7662556169298796,-1.2354595780231874,BonFilm
-1.0726539217827715,-0.24580235836738693,BonFilm
-0.11913659110454479,-2.7025923589026437,BonFilm
-0.18333575709388464,-0.7637746844841402,BonFilm
0.2985286539253685,-0.43655739247920516,MauvaisFilm
-0.2398800543265522,-0.8050138770987271,BonFilm
0.9129225566286484,0.31589281743500686,BonFilm
-0.43250261678229596,-0.47731866548141194,MauvaisFilm
2.0313419781347246,0.5169638826207342,BonFilm
-1.4944649247116193,-0.06694871048421913,BonFilm
1.636444858942613,1.031699498485075,BonFilm
0.1280622883075855,-1.6528122064054906,BonFilm
0.2971703766844711,-0.6103495517687261,MauvaisFilm
0.5481434088971762,-1.1335257720702816,BonFilm
-0.6085169792193823,0.27364013045052826,MauvaisFilm
-0.4105463854242334,1.5373591021044193,BonFilm
0.7122377980460727,0.8883737031388956,BonFilm
0.5110978976839403,0.09513523911956834,MauvaisFilm
-0.3269790529542861,0.4562680782021394,MauvaisFilm
0.8107326441983669,1.6944965023192178,BonFilm
-0.07081599501885101,0.33246173541132257,MauvaisFilm
-1.4980999122700829,-0.8698562587909164,BonFilm
-0.6850520154925345,1.468347718136271,BonFilm
-0.9170282735883978,-0.9457575895683413,BonFilm
-0.4802009865502773,1.3570683701223056,BonFilm
-0.4980753928947672,0.3308353589199788,MauvaisFilm
0.881603870602229,-0.10844590775198211,BonFilm
-0.47917755040555227,-1.4859891400435328,BonFilm
-0.9377177896778278,-0.26361042603532603,BonFilm
-0.9516558311906712,0.5043418063316936,BonFilm
-0.1130340599244773,-0.4580798965742858,MauvaisFilm
-0.4508549301570389,-0.3967750871971371,MauvaisFilm
-0.4146094559293387,-0.27868876182365904,MauvaisFilm
-0.5590520168129529,0.5166310062780693,BonFilm
1.532621635153281,1.309377848724817,BonFilm
0.32805296225768815,-2.360069877947292,BonFilm
-0.682962069893579,-0.5343999188389912,BonFilm
-0.007511303401767412,-0.2876543908041745,MauvaisFilm
-1.6489639244774081,-0.689745745052374,BonFilm
2.0553268069972126,0.5576289448545267,BonFilm
-0.8989641345164454,-0.9761794426259448,BonFilm
-0.9667981797283633,1.6518924202982619,BonFilm
-0.7237876081020715,0.698569756278499,BonFilm
0.5813742943518174,-0.9923389580173138,BonFilm
1.50056590259221,-1.727108316194414,BonFilm
-0.8812259748702231,1.4231946768011339,BonFilm
0.7175125631150041,-0.9777807063993637,BonFilm
-0.12727396616260367,-0.790380978526916,BonFilm
-0.11630513452024117,-1.1458238003196597,BonFilm
1.0207006647463057,0.43108771744731555,BonFilm
1.0913955238405277,-0.37824112789671793,BonFilm
0.6829622217772184,0.8293871928315456,BonFilm
1.5820899162928816,-0.6518632145423584,BonFilm
0.935939339836316,0.7893444696821074,BonFilm
1.1314507586893445,0.4475145915665937,BonFilm
-0.7759385106772806,-0.09112941226011234,BonFilm
-0.9516362128266936,-0.6924716327575051,BonFilm
0.8915787675913919,-0.19760211844567596,BonFilm
0.06687055896745683,0.6759800644402173,MauvaisFilm
-1.2611395357966069,0.5004568900201974,BonFilm
0.40072674132207775,-0.6928979738168646,BonFilm
-0.7542124735219425,-0.06164062987779682,BonFilm
2.569699614811521,-1.2359769648275245,BonFilm
1.6740634738273379,1.3680928920496873,BonFilm
-0.23098187296327963,0.2975115388312946,MauvaisFilm
0.0160550181250667,0.2520768241111634,MauvaisFilm
-1.0785120619575324,0.5572013561660881,BonFilm
-0.7649286327079188,-0.25906526073103064,BonFilm
0.5465980682678977,-0.2989449273196886,MauvaisFilm
-0.3553236387300188,0.09051396255931612,MauvaisFilm
-0.950218610179566,1.2931631677684239,BonFilm
3.5107628788505627,-0.02443918436338489,BonFilm
-0.9818190333140409,0.7962922585457239,BonFilm
-2.11315320835335,0.09416730926431387,BonFilm
0.12265040106513138,-0.9820671696571639,BonFilm
-0.11247848160471613,0.6533857372819144,MauvaisFilm
-0.15663679161927446,-0.0346904744324645,MauvaisFilm
-0.7290797789015638,-0.3815335844776477,BonFilm
0.6830884062039307,0.06713064477083903,MauvaisFilm
0.7559103315618847,-0.44799657186138864,BonFilm
0.6294393539401992,-0.8005433859248747,BonFilm
0.3348096028200756,-1.223549087881156,BonFilm
0.22254568548767567,0.16452308448435035,MauvaisFilm
1.7999648202760647,-0.11953530333375943,BonFilm
-1.89304829575937,-0.9294939163749895,BonFilm
-1.635837431778065,-0.9863313307858634,BonFilm
0.21689811654226165,-0.2109500891154316,MauvaisFilm
-0.5365782187918677,-1.0466962238893918,BonFilm
-0.8406038634378025,1.3843759976397494,BonFilm
0.8726871769089376,-0.12513811049480855,BonFilm
-0.4121066077120204,0.057204891524865145,MauvaisFilm
-1.1734742366800928,-1.4716706681671383,BonFilm
2.244414339924944,-1.4889889836194423,BonFilm
-1.0189364128980667,1.2759964945907682,BonFilm
-1.6276493216475063,-0.9140424294456838,BonFilm
1.0026814105757793,-0.25263879571897296,BonFilm
2.4178764775636843,0.03337369259353712,BonFilm
0.5678135864685451,-0.5762950099679093,BonFilm
0.6256006975973643,0.9816316552492059,BonFilm
0.9442018118252008,0.5048144388829428,BonFilm
-0.1387660148766836,0.14204584180120736,MauvaisFilm
0.412459802710905,0.4243897178634893,MauvaisFilm
-0.3189854818379012,1.2802090287454801,BonFilm
0.9119670084068404,-0.20971608572030556,BonFilm
-0.20839050472217946,1.6100173411334098,BonFilm
0.26014271768822966,0.20062807850394024,MauvaisFilm
-0.5827593027426637,-1.596583707163641,BonFilm
-0.07603543695279491,1.0868721018531171,BonFilm
-0.8702211997588825,-0.36829489787271125,BonFilm
-0.45992092711477317,-0.04977407198651568,MauvaisFilm
-0.5450224144407685,0.40472545507915597,MauvaisFilm
0.4438766148857691,-0.3773926521538237,MauvaisFilm
0.7377224216671471,0.5581653048041634,BonFilm
-2.0417524782561904,0.3933794883384815,BonFilm
-1.0621791271133119,0.7596004556983754,BonFilm
-0.6843071657443359,-0.9394824437909672,BonFilm
0.8176773455749758,0.9762446921449721,BonFilm
-0.4203891351517411,0.5141403560992559,MauvaisFilm
-0.539322507847638,-0.2654933676310693,MauvaisFilm
0.648852053897427,0.43547188918230234,BonFilm
-0.9880137975982727,1.0668637691413625,BonFilm
-1.8214446423639197,-0.37324130441219705,BonFilm
0.04138167326413786,-1.047154819911569,BonFilm
-0.1306254628455811,1.1231754914443413,BonFilm
0.2858747713735404,-1.177790886178609,BonFilm
-1.0492858286917748,1.0323810760639274,BonFilm
-1.6299916409989448,1.2947577195413087,BonFilm
-0.5338122991673485,-0.439724976182048,MauvaisFilm
-1.3555554221476607,0.4653407216380926,BonFilm
-0.7440263765894137,-0.2564980733461713,BonFilm
-0.1570924260053136,-1.2764692124950388,BonFilm
-0.1532712285744345,0.18155066296844075,MauvaisFilm
0.6899486401145792,-0.49514596900652197,BonFilm
-0.5662844390224182,0.2824254880803459,MauvaisFilm
1.3746223456867332,2.271932706673389,BonFilm
-0.7367945698488146,0.08258740141057075,BonFilm
0.7610923821069124,1.3618470926545023,BonFilm
0.38362038982602265,-0.9248475393198531,BonFilm
-1.3190933543037842,0.3780797697363468,BonFilm
0.39386451078921325,0.3943283625542118,MauvaisFilm
-0.727190989517063,-0.5167480937511416,BonFilm
-0.14460685507281257,-0.08114400390205431,MauvaisFilm
-1.0051178949221629,-0.5945477494755392,BonFilm
-1.060601685194915,-1.5922118635088935,BonFilm
-1.5596238157743656,-0.8408598428505066,BonFilm
-0.16568330784940236,-1.5040922023267456,BonFilm
-0.25894095647083626,0.7621476998917073,BonFilm
-0.3506169691166034,-1.1708089948876028,BonFilm
0.2524174850294398,-0.49922221549587803,MauvaisFilm
-0.5597151327247486,-1.503107193404609,BonFilm
2.533534471436735,1.359954549008391,BonFilm
2.240209532930079,1.1527246807088203,BonFilm
0.9113333126888563,0.7101474880369921,BonFilm
-0.16513826676451976,0.9830056152412319,BonFilm
0.9698401913288265,0.10954243355155749,BonFilm
0.058822346447534306,2.303200716461459,BonFilm
-0.9983848076989573,-1.617179245783313,BonFilm
0.42271757663632203,0.45800764252188303,MauvaisFilm
-0.692800293882157,-0.8768298851781577,BonFilm
-1.0185120723726306,-0.7639213366310126,BonFilm
1.7091501823675799,1.1579540702891302,BonFilm
1.3937809944070096,-0.10165742715648207,BonFilm
-0.43480797196678855,0.43334928690585234,MauvaisFilm
0.6860356992315225,-0.964980762988415,BonFilm
-0.8542199369052477,-0.8713163942667795,BonFilm
0.4784306024606645,-1.0268356024619698,BonFilm
1.032799422549183,-0.26590109768385495,BonFilm
0.7965179520429452,-0.12066309409890304,BonFilm
0.10613441384119159,-1.4898074406648034,BonFilm
0.6659721159484371,-0.2749477231038545,BonFilm
1.0395758577708851,-1.2405750772335191,BonFilm
0.6587220135098311,1.3477478300436778,BonFilm
-0.33274286339738907,1.3707855689642114,BonFilm
-0.36902118613534435,1.17513340468889,BonFilm
1.0255410088551018,1.0636731557421337,BonFilm
-0.2584716203806616,-1.4138799634796861,BonFilm
-0.5925747244560143,0.19645759209354338,MauvaisFilm
-0.9830578781405389,-0.22995879723949883,BonFilm
0.8391188605980758,-0.4640831190209985,BonFilm
-1.118337245609063,0.8408900012526859,BonFilm
1.793340799040249,-0.510384899845544,BonFilm
0.5174354274144503,1.0111807278900422,BonFilm
-0.0029159277549925824,1.5161741194771803,BonFilm
0.042598692698730435,-0.005820346286461323,MauvaisFilm
-0.8525005636019707,-0.06773386958512868,BonFilm
0.8894217964845216,-0.8035762016754093,BonFilm
-0.9783363927481524,0.7876127698506562,BonFilm
1.6567929093209872,0.8473971324009337,BonFilm
-0.1342280340167368,1.1947068257759772,BonFilm
0.49254858919965827,0.11433180737100179,MauvaisFilm
-0.5889633308291422,1.0100178272161795,BonFilm
0.6835427944774624,-0.8219568152917457,BonFilm
0.01012188503111967,-1.9738776562151727,BonFilm
-0.6172735775544167,-0.10291033960311466,MauvaisFilm
0.48442436570913355,-0.15548907099851655,MauvaisFilm
-0.2802242123607989,1.0175534809852314,BonFilm
-0.3351090234188552,0.25057195635687063,MauvaisFilm
0.6508415733546661,0.2479778624141237,MauvaisFilm
0.5363696740662645,-0.004851749900812945,MauvaisFilm
1.2717715877674702,-0.8393356378323593,BonFilm
-2.0905822670526586,0.17537607414625964,BonFilm
-1.5048623345054448,-1.4467392188870036,BonFilm
-0.6559635993767421,0.21817511106295984,MauvaisFilm
0.8923957979524259,-0.7137891124416712,BonFilm
0.07107286118266733,-0.17860199930005344,MauvaisFilm
-0.5908630919134871,-0.8423055042918185,BonFilm
0.10801427018014931,-0.014964828974106949,MauvaisFilm
1.7714716409369338,0.09681420460023263,BonFilm
-0.15568794588916046,-0.4992381674217671,MauvaisFilm
0.9363395417149317,0.199749976094734,BonFilm
0.4618732705691261,-0.4374413683483636,MauvaisFilm
1.5409681921230605,0.03350810573673328,BonFilm
-0.5064319987176344,0.33578512028565083,MauvaisFilm
-0.3515386987791148,-0.4913795986451508,MauvaisFilm
-0.24930379912372672,0.11210722984251621,MauvaisFilm
-0.7087882539290592,0.25723485120813894,BonFilm
-0.11076605425581867,0.7360175376367053,BonFilm
-0.5839316270192965,0.7942376401494807,BonFilm
0.6159738783247924,0.8078248468008149,BonFilm
-0.6504180697237332,-1.9819201688271402,BonFilm
-0.6945955010581975,-0.9721324672629774,BonFilm
-0.09351553845754938,0.2589901712232148,MauvaisFilm
0.5852074956615155,1.483707960436001,BonFilm
1.7641516187100623,-1.3773966607347732,BonFilm
-1.864178823917016,-0.5702924165965951,BonFilm
-1.8727404676494457,-0.2859853055477273,BonFilm
1.0749983870669633,0.4680283163732154,BonFilm
-2.2851478896589814,0.07475091373255593,BonFilm
-0.8043067500806046,-1.2582906612167326,BonFilm
-1.3657727371252113,-0.2522640620087286,BonFilm
0.6246432162918192,2.275793070188208,BonFilm
1.1795394884457457,-0.2541562707914428,BonFilm
0.13866345210783615,-1.490343421648372,BonFilm
1.5488758754266638,-0.4696571587875152,BonFilm
-0.47714631614492087,-0.12421269056930571,MauvaisFilm
-1.452024898278165,0.2822593882921565,BonFilm
-0.3555320925853503,-0.6745018941574835,BonFilm
-0.8218722522301523,-0.991960104491249,BonFilm
-0.30404754515958027,-1.446963504578977,BonFilm
0.3954355298669707,1.171125607777568,BonFilm
-0.8360931816099206,-0.8052458672890471,BonFilm
-0.12029917082626783,-1.3308463894303224,BonFilm
0.8986564387221371,0.29101956015029573,BonFilm
-1.6516697688354045,0.4927763098923248,BonFilm
-0.020756347515301185,0.9370255433134586,BonFilm
0.4749350618788543,1.2400978408319814,BonFilm
0.18419332320332146,0.9359857724298238,BonFilm
-0.974768595526797,0.7487432825657021,BonFilm
1.001777007445305,-0.47357035790721536,BonFilm
0.6047815328189654,-0.1674967876777943,MauvaisFilm
-1.290851713023098,-0.30148725547491495,BonFilm
-0.6228808948116898,-0.2985631544673892,MauvaisFilm
-0.3056552867700842,-0.8103892406818787,BonFilm
1.4197431241592469,-0.8735496544787623,BonFilm
1.5122817043305148,-0.16701148261017193,BonFilm
0.3565789825163032,0.9385691361496501,BonFilm
0.4104901262569926,0.4419243422437146,MauvaisFilm
-0.9748359548720839,1.1792247035968522,BonFilm
1.442084463202557,2.3543600547837222,BonFilm
-0.47525266766154,0.6624987697222382,BonFilm
-0.6470112319198142,-0.4795548458270564,BonFilm
0.8824355341241401,-2.381148858124909,BonFilm
0.3208919714935531,-0.5472149772692628,MauvaisFilm
-0.017709387084023007,1.8671323030607618,BonFilm
-0.9224584867605077,-1.2245395573580151,BonFilm
-1.9344888646548895,1.5791211839767683,BonFilm
-1.0983934187108797,-0.6176998703529447,BonFilm
0.5563948830412516,1.2578658281470476,BonFilm
0.04111626588639066,-0.5376431663985192,MauvaisFilm
0.360646860641946,-1.8821711313475027,BonFilm
0.9329310191128298,1.7079115515974637,BonFilm
-0.37801329704315384,0.03397661655634846,MauvaisFilm
-0.2856796164034977,1.0631859719094876,BonFilm
0.41037874875445063,-0.39477909283188173,MauvaisFilm
-0.4563504060579301,-0.23165529617940292,MauvaisFilm
-1.5906670908334337,0.025570776310093662,BonFilm
0.43597597710643665,1.2705758338828446,BonFilm
-0.16771801033573125,0.42538530994571433,MauvaisFilm
-1.2536139511184206,-0.5236506235669409,BonFilm
0.26128201070531015,0.75371081006843,BonFilm
-2.076557932745953,0.8426560360139758,BonFilm
0.2583043924228982,2.0597659518774343,BonFilm
-1.6341542322484812,0.5338875258552175,BonFilm
2.510459165496727,0.8200784131771147,BonFilm
1.5450870238265744,-0.6576120933770653,BonFilm
-0.07055059625288433,-0.05853854119987428,MauvaisFilm
0.8631598039085228,-0.7526972958569919,BonFilm
-0.5364076250790181,-1.3284577662774961,BonFilm
2.0536690342368678,0.26091540729501256,BonFilm
-2.019369007961044,-0.5706287733857559,BonFilm
1.031224596374168,-0.5218398453475926,BonFilm
-1.0748116082666326,0.9680308974705263,BonFilm
-0.7585367414022005,-1.693117916434838,BonFilm
0.7301895385034182,0.2700851988159037,BonFilm
-1.0266646745624723,-1.714455276367248,BonFilm
-0.16709520783475937,-0.350878921675904,MauvaisFilm
1.0394709490271385,0.13652470106501066,BonFilm
0.07848611748343433,0.2996405813648736,MauvaisFilm
0.04794017157177475,-0.9782341214696924,BonFilm
0.2595993183571374,-0.5708911459699068,MauvaisFilm
1.0694140366860876,0.0888895099484067,BonFilm
-1.5623276151997052,1.6389367094637945,BonFilm
0.8296189101934082,0.3472783394140103,BonFilm
-0.42010220720390373,-1.3309345387114682,BonFilm
-1.0253725633900914,-0.11553689841637872,BonFilm
-0.3551801496369869,0.13721231768888023,MauvaisFilm
0.6806071326318355,0.1546399315179183,MauvaisFilm
0.6154165002705579,0.022912813291731955,MauvaisFilm
-0.602980134217864,-0.31563325686916527,MauvaisFilm
-0.3891149127515767,0.8912677782000409,BonFilm
0.4485776292958961,-1.2095040886916697,BonFilm
1.4513372188485405,-0.8156448422322127,BonFilm
-1.3704399684638588,-0.24312963822986908,BonFilm
0.5314494236055715,-0.5582410800196591,BonFilm
-0.6707498185638601,-0.10916039293572284,MauvaisFilm
0.4410301661047505,-0.44945639660449677,MauvaisFilm
1.027409054306625,-0.44274177772526224,BonFilm
0.08546294416895767,-0.3979306037806484,MauvaisFilm
-1.2062065879300277,0.4606856962717132,BonFilm
0.06376479629546761,-0.47964280602261583,MauvaisFilm
-1.2156574803471765,-0.15979936728074112,BonFilm
-1.0480885799256283,-1.0294342717952858,BonFilm
0.01927703613857863,-1.5799451183241735,BonFilm
0.41783046793537093,-1.0360552565277927,BonFilm
-0.005063208537179611,-0.37941419440464785,MauvaisFilm
-0.753983583555785,-0.6240588987188908,BonFilm
-0.8538416700908051,0.042190012486649615,BonFilm
0.6180788561858598,-0.8681476843615199,BonFilm
-0.22443090142977098,-1.2630684915461197,BonFilm
1.706297200911823,0.42538420645170405,BonFilm
-1.637481327872635,-1.2287459804949246,BonFilm
-1.7322711944223614,-0.41326449224597106,BonFilm
0.7023561377891183,0.5545082387258454,BonFilm
0.3928017235654387,0.7248546289579169,BonFilm
0.5513191444769109,-0.2291434066112951,MauvaisFilm
0.21111541515384016,1.6965142745259107,BonFilm
-0.6886102952877429,0.04382755819057788,MauvaisFilm
-0.89863310331991,-0.6429098485756396,BonFilm
-1.0113492170814051,-1.5055738929727305,BonFilm
0.3848863273374983,0.41880538411147744,MauvaisFilm
1.447959384752751,0.8508537849722664,BonFilm
-0.5732476951928753,-0.3524851378185087,MauvaisFilm
0.09308595485308646,1.0371381613055493,BonFilm
0.04093966673971188,-0.4070456682320856,MauvaisFilm
0.4670589408520739,-1.432532919876294,BonFilm
-0.8419906138450959,-0.1382629324427084,BonFilm
0.7386045597092938,-1.0942976365119306,BonFilm
-1.230745522296428,-0.15961786978013312,BonFilm
0.4983555721368601,-0.03768669882253956,MauvaisFilm
2.9115205306916696,-0.7874565287076772,BonFilm
-0.6709114742029935,0.40597485329682564,BonFilm
-0.16119290823151636,-1.789205319230347,BonFilm
0.5227872364259665,-2.471981018249928,BonFilm
1.0078823273965236,1.3896919615429693,BonFilm
0.5542586740072901,-0.10777977041269493,MauvaisFilm
-0.5849423391566339,-1.7270136662505697,BonFilm
-0.2977151100006025,-0.5809727969408213,MauvaisFilm
-0.031037679282254906,-1.7933902637973531,BonFilm
0.8515927110577154,-0.8995097867572912,BonFilm
-0.34256365575148695,0.7605396551934579,BonFilm
0.2018817879501514,0.5137772553120444,MauvaisFilm
-0.32988318384371956,-0.4472916927071452,MauvaisFilm
-1.4308747128665802,2.0176352321926783,BonFilm
1.1402916831320575,-1.8691522926240904,BonFilm
-0.7671648845963662,1.0195236111839112,BonFilm
-1.7985804861046635,1.2395548817184818,BonFilm
0.21970854447531823,-1.0783415270910084,BonFilm
-0.11915739228277637,-0.7662145660904918,BonFilm
0.04283430627594044,-1.0890609694033218,BonFilm
-0.5274025554183218,-1.0766195094708924,BonFilm
-1.2543578347329383,-1.644018621859361,BonFilm
1.3789549738322426,0.2175639384107959,BonFilm
1.183465186313278,-0.04343533377374688,BonFilm
-0.29644447665964907,0.9358391189698982,BonFilm
0.3868373087546602,-0.5904106336256749,MauvaisFilm
0.33334240842192575,0.16671506079768386,MauvaisFilm
1.148180923925463,-0.9595768597794072,BonFilm
-0.5965351039173825,0.47342935561885346,BonFilm
-0.14916114419643997,0.03778681942466751,MauvaisFilm
-2.066973014394627,0.5653584584015603,BonFilm
0.07731575988445771,0.7988226548126864,BonFilm
0.45730774300116533,0.47035219183410376,MauvaisFilm
-0.7312818277204888,-1.8146831390365346,BonFilm
0.029896175483181735,-0.8728339572753095,BonFilm
0.7258476625222531,-0.280445586981857,BonFilm
0.5493252596729289,-0.7339379589056763,BonFilm
-0.8395613549465121,2.2164186781829134,BonFilm
-0.40772787170709507,-0.4697933120791716,MauvaisFilm
-1.3256489788443018,1.8210786032220803,BonFilm
-0.16165587502698875,-0.12711068394583575,MauvaisFilm
-0.2298367498011886,0.6416746108722661,MauvaisFilm
1.0673709438551708,-0.2099342166518721,BonFilm
0.09976820785928385,0.7314877944632472,BonFilm
-0.7527876881261302,-0.6010513616961284,BonFilm
-1.9781559287453576,0.31991281653532655,BonFilm
-0.6780166529839667,0.5158736445925309,BonFilm
0.23506902535398466,-0.30630474889343484,MauvaisFilm
-0.8626444793993527,0.9034144631883552,BonFilm
-1.8092141909462407,-1.359578789022441,BonFilm
0.18264973999971684,-1.0162187595229384,BonFilm
1.1791061934337728,1.9202793450315727,BonFilm
2.484458047920619,-0.7372495274325412,BonFilm
-1.727911493884397,1.0630637993541894,BonFilm
1.0645169834767436,-0.11152528695906022,BonFilm
-0.9124027474140985,0.35402474541965256,BonFilm
-0.8336518444969567,1.2844497823769494,BonFilm
-0.5026646171606097,-1.3854717808769705,BonFilm
0.920795936674984,0.5186088925422754,BonFilm
0.1264435984632151,0.11758648458656093,MauvaisFilm
1.822455800648226,-0.5018089777343064,BonFilm
-1.2758812630105387,-0.6201501983497476,BonFilm
0.8450962671308955,-0.3042224782261993,BonFilm
0.0205331047219259,0.9184314457987627,BonFilm
0.16625846266401267,0.7008230566352004,BonFilm
0.2513860549147331,1.7757264779764812,BonFilm
-0.6367281824920716,-0.5009216995532656,BonFilm
-1.1098470598331738,-0.5482585071251704,BonFilm
-0.3797728919869285,-0.4257688241850028,MauvaisFilm
-1.6264876255174314,1.951667488110932,BonFilm
0.4576502788106532,0.32303339614342547,MauvaisFilm
0.11491301220324072,-0.43279874466066337,MauvaisFilm
0.5834406501249962,-1.518119836418996,BonFilm
-1.891998937896274,0.11561230796095363,BonFilm
-1.2052306081391027,0.9497050373986772,BonFilm
-0.33739388031368023,-0.9657934645935449,BonFilm
-1.7666617270643814,-0.2315271182360429,BonFilm
-0.4037241717912136,0.4522081356872381,MauvaisFilm
-0.035400529396051074,-0.09476895736093362,MauvaisFilm
-0.6543797799615568,0.0923537371793674,MauvaisFilm
0.6448441967549601,0.3404003747017338,BonFilm
0.03473160241006458,-0.8166565708056441,BonFilm
-0.49843507100346135,-0.203647028539173,MauvaisFilm
-2.4720957014325613,1.0203519756863875,BonFilm
-0.3238682553359614,0.3072994335984613,MauvaisFilm
-0.8828118624782276,1.5898524343154956,BonFilm
-0.607311743301054,-0.5440778281208164,BonFilm
-0.6366447917803572,-0.734358235684118,BonFilm
-0.23997505589215057,0.4703004589438598,MauvaisFilm
-1.3756845067428722,0.11233896112922047,BonFilm
0.9920431098955409,-0.934039018204554,BonFilm
-0.7922382561939525,-0.02562783488116621,BonFilm
-1.4820544531410544,-0.36833587766746206,BonFilm
0.8620964303410716,-0.6180262193089727,BonFilm
0.2391273349369334,-0.04542142118079387,MauvaisFilm
-0.5304021411393081,-0.8727770203370862,BonFilm
-0.8031932199580982,-0.23814697874161395,BonFilm
1.119278313067059,-2.2464377724857822,BonFilm
0.5889960976909424,-0.38729550716203875,MauvaisFilm
-0.2915816536511281,-0.7135146173902257,BonFilm
-0.9328801135486001,0.16946728058902633,BonFilm
0.8323842690181152,0.09376740110613072,BonFilm
-1.634439700939435,-1.4690138726516782,BonFilm
-0.08653749851784814,0.17911880418932966,MauvaisFilm
0.41378632819853656,-0.8994224670989603,BonFilm
0.3760067561832161,-0.9117808637294686,BonFilm
-0.08365589881040252,-0.7619623979742466,BonFilm
-0.17676038481048065,1.8584131189811035,BonFilm
-0.09292013420131578,0.3996207458884591,MauvaisFilm
0.24043520493128764,1.120520782549738,BonFilm
0.3600230928257102,0.7871643595398508,BonFilm
0.5560567116378745,0.6739658042247697,BonFilm
0.19756646967346123,-1.240586132446083,BonFilm
-0.10475469603029389,0.4093140996050976,MauvaisFilm
-0.20488376931312155,0.9792128088461607,BonFilm
1.5981899565684015,-0.9646165245996859,BonFilm
1.0163557645402534,-0.4869791923735674,BonFilm
-0.49987253497954603,-0.8544072917415801,BonFilm
0.5406598607157422,0.5282466034698488,BonFilm
-0.08658224047675615,-1.110395475302163,BonFilm
0.5651566137394479,-0.11404997407709212,MauvaisFilm
-1.463089414457325,-0.9876624860696886,BonFilm
-0.999472067343589,0.5354757783301852,BonFilm
-0.6522634051167621,0.8967303142435618,BonFilm
1.228079164287409,-0.7618203037007282,BonFilm
-0.7221706053792577,-0.34144014816962354,BonFilm
-0.7154911344320058,0.7859752619502592,BonFilm
-0.7765124829151989,1.2270777207097772,BonFilm
-0.3727093978442649,1.4616965484854865,BonFilm
-1.5617174898653354,-0.9780226959563322,BonFilm
0.10068606296025946,-1.9103095540041701,BonFilm
-1.293081492124583,-0.08323073033750428,BonFilm
0.925924899781848,1.1243411691089997,BonFilm
1.0222757592673362,1.227627800206443,BonFilm
0.021492137640914896,-0.3568556113036082,MauvaisFilm
1.0626373012372123,1.5810017940441186,BonFilm
-1.4027029610920498,0.6755903297524067,BonFilm
0.9384673143508062,-1.665211866757728,BonFilm
1.3549511225147153,0.22206733794615652,BonFilm
-2.6936450238687653,-0.3605446298931216,BonFilm
1.466370127785995,-2.190075126938122,BonFilm
-1.1994102321875615,1.6529621609510448,BonFilm
-0.6939812499557503,0.5839921256753876,BonFilm
-0.45139211461661205,1.0046472548274554,BonFilm
0.6508285504810039,-1.0494375201429154,BonFilm
-0.29205702067040396,1.9406150791658139,BonFilm
0.8314418903625695,-0.7426420392861109,BonFilm
1.2550044240858482,1.50248391351616,BonFilm
0.12061538297023243,0.7941236064799015,BonFilm
-0.769853355822516,0.36122234030687117,BonFilm
1.016409935699614,-1.3786099253585482,BonFilm
-0.015521829487313581,-1.4465734781152444,BonFilm
0.26782160906375446,-0.09681771427202612,MauvaisFilm
-0.7740070811512001,-0.7618879605347328,BonFilm
1.0711539822952882,0.5264208542380956,BonFilm
0.830284158490797,-1.2789204004937715,BonFilm
0.9346613620513077,-1.2048444395041298,BonFilm
0.07700590091081884,-2.0059401575651097,BonFilm
-0.05593342231250941,-0.3836781022566944,MauvaisFilm
0.5698553594841808,-1.2100371366043712,BonFilm
1.9078053039068823,0.5947973477109747,BonFilm
-0.5510458723831639,-0.4837053769581889,BonFilm
0.37032848652201933,1.7513099748273322,BonFilm
-0.3984929178031143,-1.1899538081283774,BonFilm
1.4565370229264396,1.0017630381784308,BonFilm
-0.14473426683274407,-0.10177574979489641,MauvaisFilm
-1.1162785504838892,0.36486139259163186,BonFilm
-1.117343057697915,-1.321676866446207,BonFilm
-1.610098144643451,-0.14145492265238288,BonFilm
-1.03518924488659,-0.4867293960281191,BonFilm
1.4360206368577653,-0.5895692387366399,BonFilm
1.606524668872791,1.070020782337521,BonFilm
0.8081855241962174,1.0663537446697247,BonFilm
0.5244020318392392,-1.2606504542789905,BonFilm
0.8230462654893189,-1.3973381590004161,BonFilm
1.1747611015469652,-0.26165939596841903,BonFilm
-0.7256100861342542,-0.5975744414874692,BonFilm
0.28035748892726947,0.700572002592896,BonFilm
-1.3371186999699878,-1.6178166405612995,BonFilm
0.5809552924037678,-0.768208763658509,BonFilm
1.1764098515335324,1.4364578480252306,BonFilm
-0.0898132518310153,2.13479738391574,BonFilm
-0.0911938442715578,0.12318847343277646,MauvaisFilm
0.9617585941429247,1.1644270660166571,BonFilm
-1.3316102466611723,-0.69880686575933,BonFilm
-0.9821831288155232,-1.469755070418691,BonFilm
0.4728768891260356,0.4127134831709006,MauvaisFilm
-2.3456010835279333,0.135573206295031,BonFilm
-1.0727490880581032,1.604259996079706,BonFilm
0.03664369730143254,-0.18303271770160726,MauvaisFilm
0.4390206303295754,-0.8011432672222776,BonFilm
0.290078862954637,0.3849149576778262,MauvaisFilm
0.5719788158321635,-0.7816094109410344,BonFilm
0.2504730858930444,-1.0740607647103193,BonFilm
0.020168131312774427,-0.1254042258326976,MauvaisFilm
-0.9044429568628806,0.13911600208168864,BonFilm
0.7416757130825958,0.7155500339336367,BonFilm
-1.2662674676855104,-0.7976554939279389,BonFilm
-0.026771373008490685,-1.027145900422503,BonFilm
-1.963109139285057,-0.22706971656150013,BonFilm
1.269947248144529,0.6608014294609755,BonFilm
-0.8028374148934418,1.9904585806038977,BonFilm
0.634501515224583,0.5910433417761864,BonFilm
-0.4843494136437336,-1.051431594452744,BonFilm
1.0497216010442123,-0.7463460527610614,BonFilm
-1.5540002265744821,-1.1562996745332732,BonFilm
-1.58163973742028,1.1128778120030551,BonFilm
-0.7670346638262809,-0.15505082251061736,BonFilm
-1.3876519477602007,0.44711607347990384,BonFilm
0.4563716366240169,1.0029591580348045,BonFilm
-1.2061764272531532,-0.7580341985134328,BonFilm
1.2996725373364062,0.9844045036668809,BonFilm
-0.4971453660408291,0.8453713905069813,BonFilm
0.4152383705935568,-0.24009306234079608,MauvaisFilm
-0.0209228323458534,-3.1735459973873272,BonFilm
-1.0357842637976353,-2.34405512678373,BonFilm
-1.6612596727639664,-0.457989872179758,BonFilm
0.5599606129961258,-0.9458742959383505,BonFilm
-0.7567220402867176,1.5766423780483276,BonFilm
1.5948824964832016,-0.5068086783409697,BonFilm
1.1451205513743705,-1.134850700507515,BonFilm
-1.0636282285863905,-0.8364179168876468,BonFilm
-0.8301145075070798,0.11065448808700434,BonFilm
-0.4291510410302312,-0.4538662770581188,MauvaisFilm
-0.033968469047878265,0.6987833811409336,MauvaisFilm
-0.5520860563134484,2.3494783891335587,BonFilm
-0.021829493697863977,0.04644792965737597,MauvaisFilm
-0.9540252143003012,-0.09865253957339004,BonFilm
0.9910954806301397,-0.24330473828495697,BonFilm
-0.11403911322280452,-0.10181955433841632,MauvaisFilm
1.4474039545447408,-2.6463036592820273,BonFilm
-2.7014036292231167,-0.5555049850962939,BonFilm
1.0982317513762914,0.20471533567271663,BonFilm
0.09799325195129384,0.7732931078335346,BonFilm
0.6545310150848943,0.6516501015670884,BonFilm
0.5719966461983476,-0.2683653887700581,MauvaisFilm
0.6115000794136322,0.4059727150531547,BonFilm
-1.284491933940057,-1.0585435578257338,BonFilm
-1.497591596476043,-1.6307165942463253,BonFilm
0.1262097119496694,0.06899530484917867,MauvaisFilm
-1.1204902081266332,-1.1604016014660115,BonFilm
-0.3218451343060774,-0.8521697072977386,BonFilm
-0.8640544183569991,0.4065486505995865,BonFilm
0.7665112043955307,-1.282489424993782,BonFilm
1.444368404835239,-0.2967277326577039,BonFilm
-0.1589177357631429,0.3391196661655539,MauvaisFilm
2.2016568742758125,-0.8354615648851889,BonFilm
-0.04772604117775686,0.601845165258946,MauvaisFilm
-0.12307592120278299,-0.08065554140058767,MauvaisFilm
-0.8361817283969931,0.2029586659157384,BonFilm
-0.6031216397816827,-1.4850672424304387,BonFilm
-1.7628828080031425,0.2326799656275635,BonFilm
-0.6055060677360915,0.5920400904446717,BonFilm
1.6900369111258213,0.09678917324673161,BonFilm
-0.8258789456068831,-0.6597144722816269,BonFilm
0.03425804547159125,0.6643182119276391,MauvaisFilm
-0.788835179320847,-0.9659424917553322,BonFilm
-0.3945347422590215,0.46120440407578334,MauvaisFilm
-0.35995095493903195,-0.502698403688853,MauvaisFilm
-0.7344458202456354,0.4067181544910524,BonFilm
-0.6104583266592655,0.30611529492139156,MauvaisFilm
-1.8970818420292663,-0.3355874026759993,BonFilm
-1.2119312798633446,-1.8377843350698184,BonFilm
-1.4091391655698082,-1.8965447930301063,BonFilm
1.4355484582986326,1.9848163337525857,BonFilm
-1.2354591690960837,-0.7925023259018962,BonFilm
-0.25885359332650604,1.3853174238817707,BonFilm
0.08653657513833396,-0.49938621147592704,MauvaisFilm
0.04774893975184706,-0.74274575500731,BonFilm
0.031769866790240846,0.29331369206408786,MauvaisFilm
-0.5064842465849568,2.5707961135629667,BonFilm
1.170956072212142,0.3349704404346282,BonFilm
1.3152970768172945,0.1952476302877816,BonFilm
-0.08183138193205175,0.30457565980485446,MauvaisFilm
-1.1213610489285546,2.08094195786345,BonFilm
-0.9174431997203794,0.22681245907401745,BonFilm
0.5338042479930002,0.16651418898144923,MauvaisFilm
-0.6281482016764455,0.9768406654864891,BonFilm
-0.7907220138018861,1.4781303328411473,BonFilm
0.1360118557896081,0.7728131083963343,BonFilm
0.38063388657647196,0.45052680363935543,MauvaisFilm
0.20443170213678874,-0.19067329297157576,MauvaisFilm
0.6565411713741333,-0.07030972772451344,MauvaisFilm
-0.7346068962434551,0.05834672858492333,BonFilm
-1.7743302147770552,0.13862442440457817,BonFilm
-0.911823206074896,-0.35931204012385404,BonFilm
-0.5400845980257328,0.6885257332600516,BonFilm
0.035827529466062435,-0.3098171058045432,MauvaisFilm
-0.6816862209994188,0.41882373227455316,BonFilm
0.6137489081994772,1.2177893183585788,BonFilm
0.15203289976208137,-0.3622172471646767,MauvaisFilm
1.0570577866485797,-0.7337967296311848,BonFilm
1.618456813482177,1.0570579963384052,BonFilm
-0.03177903974977644,0.23381618632756318,MauvaisFilm
0.04540592412847274,-0.5972469671814089,MauvaisFilm
-0.5620449614271759,0.4268625043822525,MauvaisFilm
0.24117440625512399,0.04415449824211977,MauvaisFilm
-0.7860006273498198,-1.2852596249597714,BonFilm
0.9353320558344229,-0.3049116078528446,BonFilm
-0.8652973729626454,-0.3716898864733092,BonFilm
0.700707155153065,0.29946971579216863,BonFilm
1.1182475442589777,-0.6967773140095924,BonFilm
0.8844273403335897,-1.5323952498382003,BonFilm
0.5853571847930412,1.6221778987958984,BonFilm
-0.2550582342847073,0.7878083935997137,BonFilm
0.8508729221318547,-0.2798412737048463,BonFilm
0.771224679042315,0.9258389766351875,BonFilm
-0.3326584840734952,0.12897376971922253,MauvaisFilm
-0.5185029424252754,-1.8875116890767638,BonFilm
0.566917116024586,0.898927871544868,BonFilm
-0.6166516443224331,1.0358374434726445,BonFilm
-0.08018880788562452,-1.5965699984759856,BonFilm
0.9734223526539869,0.5008152404027464,BonFilm
-0.15714722428741373,-0.398326553801529,MauvaisFilm
1.0109851055071626,0.18198182952434752,BonFilm
-0.7391337170636159,-1.2184204724103198,BonFilm
-0.3897645212913099,-1.0164640594040897,BonFilm
-0.2821084574794268,0.8117140837344281,BonFilm
1.5312122424160701,-1.2134894520594461,BonFilm
1.658309760980748,0.15177667270741257,BonFilm
0.013141065283354642,-1.0373269753137564,BonFilm
-2.371893853341917,-0.7137947634666959,BonFilm
-1.221233670789365,-0.5718083309266503,BonFilm
-1.1869030228910178,-0.48542316101861327,BonFilm
-0.1901212202919355,-0.7896008480355926,BonFilm
1.9761598305693697,1.1950067812859304,BonFilm
-0.13710692668767432,-0.9819982219852915,BonFilm
-0.6447725430123112,-1.860201345401293,BonFilm
0.01721987132660559,0.2555623797377672,MauvaisFilm
0.300531855002573,-0.2193062220304446,MauvaisFilm
-0.2401881047085261,-0.5027711779149548,MauvaisFilm
-2.593284382840927,0.7899192933572364,BonFilm
-1.6749595720841297,-0.11865089742892893,BonFilm
1.6336649295613765,2.3610119540530556,BonFilm
0.2904314980706477,0.9383765357168665,BonFilm
0.12364657135635068,-0.8814612613247206,BonFilm
1.3843453450169516,-0.02778527749079332,BonFilm
0.22690618292272222,-0.8205252131437061,BonFilm
0.1523367176008072,-0.0862261084633451,MauvaisFilm
-0.43566422694681545,-2.4571311543640233,BonFilm
0.8657726593771378,0.021926208758621828,BonFilm
0.5836329470097221,-0.5009383956049104,BonFilm
-0.1649227528940011,-1.0323070702832862,BonFilm
1.1111417052847747,0.14304044539476599,BonFilm
-1.7462107020179933,-0.37103558141175713,BonFilm
-2.0956552515729605,-0.11974296863165444,BonFilm
1.6258537190454974,-1.1948253356632799,BonFilm
0.42720235897036546,0.30432865673180454,MauvaisFilm
-0.8320546430004587,-1.1532847255466545,BonFilm
0.9400335406787962,0.4835528511002083,BonFilm
1.5242196416412372,-1.4747814057948618,BonFilm
-0.8318661215956025,-0.6772020173696045,BonFilm
1.0888981392716484,-0.6108361964992959,BonFilm
1.6957516479296062,-0.8245724694563386,BonFilm
-1.3748573769107864,-0.7203931587520978,BonFilm
-1.1883456601004565,-0.7421163914409536,BonFilm
1.6849318626439935,-0.1313592893209385,BonFilm
0.03832266452052998,-0.7828570660395932,BonFilm
1.4106618289917476,1.091635121386186,BonFilm
-1.668004630268442,0.4654569194744291,BonFilm
0.7047194463490076,-0.0006592511305979946,MauvaisFilm
0.8537074220055499,0.7702911715882456,BonFilm
0.19487195759168835,-0.7714521975264086,BonFilm
0.9141309964878934,-1.6458024518690226,BonFilm
-0.7127132087158389,-0.3753541665678327,BonFilm
-1.165489090279449,-0.6499705411854632,BonFilm
-0.664374986664541,-0.2583515389485599,BonFilm
-0.8973151441028381,-1.351111076858468,BonFilm
-1.0984519259254721,-0.7219029299889855,BonFilm
-0.9961374924449488,-0.4424152042371577,BonFilm
1.2924060123974483,-0.08816916717591694,BonFilm
-0.9828272516766924,-1.5503450475080378,BonFilm
1.280577560864094,0.29867652060588573,BonFilm
-0.1210190684780716,0.3194655129791632,MauvaisFilm
-1.210527311486776,0.21429221835173734,BonFilm
-1.1959146169973958,-1.112203008716363,BonFilm
-1.9214263937875964,0.42145956534527124,BonFilm
-0.31072143644552985,0.8484001218070913,BonFilm
-0.42721735923618953,0.8224782730897483,BonFilm
-0.976974449877425,1.343392892821998,BonFilm
-0.577733945370314,-0.8744756017021004,BonFilm
-0.5483167474202467,1.361062828907396,BonFilm
-0.2405006644934483,0.2946703077661063,MauvaisFilm
-1.6408687033245646,0.3573417549263329,BonFilm
-0.8212641950287888,-0.4684135623891971,BonFilm
-0.12455256670664103,0.20659404816472687,MauvaisFilm
-0.854601794701976,-2.3061956713918668,BonFilm
1.3464734517342358,0.5193776555127697,BonFilm
1.724570608688338,0.006486930598636339,BonFilm
0.23203176293708885,1.5646311749289565,BonFilm
0.5770816104865879,-0.9230560377349171,BonFilm
1.1945232973625577,-0.2369688799586503,BonFilm
-0.293942776054258,-0.3335503127039134,MauvaisFilm
1.4610926471435648,-1.9964666180375428,BonFilm
-0.899655398882664,0.3287669405067812,BonFilm
-0.46664080954275294,1.8594207387334856,BonFilm
1.0821021299685136,-0.20970651123427037,BonFilm
-1.121726442620793,-0.37618724381956314,BonFilm
-0.7039695268767393,-0.9571450146057047,BonFilm
0.8776658322345878,-0.2903324436101757,BonFilm
-1.8061690153899344,-0.9975196896041861,BonFilm
0.1447550271214613,2.0687381891435384,BonFilm
-0.14869815684652576,0.527682505971781,MauvaisFilm
0.019127707497840336,-0.5868722057009015,MauvaisFilm
-1.4908386312564714,0.10557806828951485,BonFilm
0.8800243006171414,0.42983619123471484,BonFilm
1.0742130440200564,1.4151655643355199,BonFilm
0.6733040809569314,-0.45148013023302125,BonFilm
1.5568906221340744,-1.3108052023004844,BonFilm
-2.279072962731484,-1.6415007282000547,BonFilm
0.31024424330111083,-0.572171576068426,MauvaisFilm
1.6198589086598538,0.3719622763931884,BonFilm
0.7339376480044905,-1.2592557527112769,BonFilm
-1.7462708027438183,1.1180810972831554,BonFilm
-0.2320202079411431,0.4239934818575271,MauvaisFilm
-0.07544809751644095,-1.3653580297388188,BonFilm
-0.2969643856529244,1.3103907459991877,BonFilm
-0.6613971885216449,0.21240665258050986,MauvaisFilm
0.303231970113621,1.6009855488265317,BonFilm
-1.7135925178162632,1.5003622301754627,BonFilm
-1.2802626144789804,-1.0105308252888419,BonFilm
-0.31652437866351646,-0.14937742854473135,MauvaisFilm
1.845215312868452,0.544390330374625,BonFilm
-0.1540826793139096,-0.524217291250817,MauvaisFilm
-1.0585945448948142,0.16674602186670354,BonFilm
0.2855339563116687,-0.33047446504117156,MauvaisFilm
-2.0357509138889944,-2.6337366519995506,BonFilm
-1.6381334324300239,0.5060643030697024,BonFilm
0.31152948608824366,-0.3267947210324553,MauvaisFilm
1.8065293991297817,-0.28702229284228686,BonFilm
-1.4016281917549533,-0.8469386662696585,BonFilm
0.14294416362561807,-1.3803777138129718,BonFilm
0.8118894800050173,0.2205501188931817,BonFilm
-0.06008599551995219,-2.4970217495355973,BonFilm
-1.4367909096092444,0.11705231337870126,BonFilm
-0.12277846222953677,-1.424360101066557,BonFilm
-0.07906776423727566,0.3503366909152974,MauvaisFilm
-0.26999731937955235,0.506534287496068,MauvaisFilm
0.8788876386769476,-0.5814080318849854,BonFilm
-0.00041448642546695837,-0.4313829403086135,MauvaisFilm
1.0106828286467409,1.39104525035345,BonFilm
-0.7211380908098212,0.07911922821098974,BonFilm
-1.825019503533981,0.09380523915548067,BonFilm
0.7887477556525186,1.2065766445543498,BonFilm
2.142285677804798,1.176871694718196,BonFilm
-1.3311511665462237,2.0807286861311973,BonFilm
-0.040299584338569394,0.11956741159760972,MauvaisFilm
1.0364304057581073,-0.7687962239309126,BonFilm
-0.8184070959309874,0.21516616244356648,BonFilm
-1.1574637759707467,-1.087063831173654,BonFilm
-0.15111417113012435,-0.3140751707344519,MauvaisFilm
-0.35041870538929465,0.8307392001281184,BonFilm
-1.3770063171135765,-0.7815807801937067,BonFilm
-0.24667468525424086,0.3890559173303323,MauvaisFilm
0.03139194941847944,0.12163820690735926,MauvaisFilm
0.5337820876355648,2.238440142584414,BonFilm
1.2440475964159947,0.3480527053789691,BonFilm
0.9670764005050363,-0.5474658949409219,BonFilm
0.19335858951527157,0.7666281574040401,BonFilm
-2.2517058651571875,-0.268990058294881,BonFilm
-1.308128286626924,-0.6899069053402395,BonFilm
-0.08499864649618886,-0.3188252616811352,MauvaisFilm
0.9354131618309438,-0.8140507867722727,BonFilm
0.7819537064080709,-0.37350648041813517,BonFilm
0.3991216366317109,-0.2685000776330763,MauvaisFilm
-0.18559613290592006,1.2044872433989875,BonFilm
0.1491220675944078,-1.1353392933706734,BonFilm
1.0276401029688407,-0.06858168637393892,BonFilm
-0.7184268870999587,1.2915846640165156,BonFilm
-1.0928435930418992,1.0760882685497382,BonFilm
1.0418815448383076,0.27947134104819793,BonFilm
-0.14628842238834594,0.5250904333951474,MauvaisFilm
0.4303683338421356,1.263712299940703,BonFilm
1.8792332017798368,1.2718336950776603,BonFilm
0.33697574479233866,0.9725964592205878,BonFilm
1.6732637399711852,-0.11933756123714345,BonFilm
0.5394880251640629,2.2109270533367034,BonFilm
0.7680327681537946,-0.8906409615752262,BonFilm
0.9778827866385379,0.7025357463655431,BonFilm
-1.269460516961677,-0.4854956671150375,BonFilm
0.9106346199370084,1.5420352038069505,BonFilm
-0.1505286148240926,-0.04596646397454302,MauvaisFilm
0.5369891683029403,-0.5718951879559366,BonFilm
0.6543441282770914,-0.43669644374155564,BonFilm
-0.5472503693569438,-2.954797683824355,BonFilm
0.1195214514565245,0.027766942315090283,MauvaisFilm
1.3701139490628949,0.2985359282211512,BonFilm
-0.15322844642526826,-0.45862365629807533,MauvaisFilm
0.7573265643560189,0.7057245133167251,BonFilm
1.1205905900480013,-0.07965129997053391,BonFilm
0.18431469524179347,0.7761139414877722,BonFilm
-2.484283910967558,-0.31186477803213875,BonFilm
-1.742471234051647,-1.209610300191147,BonFilm
-0.15284952653838324,0.7436295651095974,BonFilm
-0.039261459668499775,0.9421270792555368,BonFilm
0.7940880236739536,0.4083229669935711,BonFilm
-0.0452482149605661,-0.7868581388183707,BonFilm
1.125150182258931,0.4930978381883755,BonFilm
-0.4674001883610629,0.29236302523398816,MauvaisFilm
0.33303644218821515,-0.2842601221353293,MauvaisFilm
2.239389913810964,-0.9945275060875434,BonFilm
-2.451070644703852,-0.5627885483456398,BonFilm
0.5801651663872421,1.4028526654364646,BonFilm
0.07779659490273529,-0.26608591410324633,MauvaisFilm
1.542148666649706,0.9027598783082261,BonFilm
0.2918911623617359,-1.9651988064461259,BonFilm
0.4987677130893624,-0.4840619563455644,MauvaisFilm
-0.15001280531877095,0.8778532535768003,BonFilm
-1.089900749894212,-1.3242286675608088,BonFilm
1.5671034255860945,0.11589881527811687,BonFilm
0.44272895277723995,0.2946365141102509,MauvaisFilm
0.43766701244857537,-0.3210075259650228,MauvaisFilm
-1.5600944059816044,0.633850626541507,BonFilm
-0.893985857209895,-0.7514543306080771,BonFilm
-0.09625644319238691,0.4284280692135919,MauvaisFilm
-1.0588452589810975,0.021941438989948624,BonFilm
0.7423453052374807,-0.8285142355143171,BonFilm
-0.06341841554064975,1.4920762574727133,BonFilm
0.39368972736585056,0.6499271386708354,BonFilm
-1.2883144293341853,-1.5802987519618585,BonFilm
0.7315150506108246,0.09546040411597967,BonFilm
-0.09724864270358223,-0.6525666201382229,MauvaisFilm
0.8579925056629124,-1.2708560393738735,BonFilm
1.1374922292514917,-0.40844172755106406,BonFilm
0.2601654049666546,1.1103581858252096,BonFilm
0.21509545353344386,-1.3887556033597874,BonFilm
-1.4256451190086747,-0.9001064237954753,BonFilm
-0.40827677000502643,-0.943795399772757,BonFilm
-1.5334444649785859,1.0930328459819907,BonFilm
-0.05904166857201857,0.232656996393383,MauvaisFilm
-1.2891283939156797,1.510082573017821,BonFilm
0.31044326308372466,0.03472245911333165,MauvaisFilm
1.2130739406071958,-0.21933267200016576,BonFilm
1.3128671005415868,-1.808184021251717,BonFilm
-0.8272202281307846,-0.1509482317328242,BonFilm
-0.4752231080202396,0.3839369309855621,MauvaisFilm
-0.20160446958720515,0.8439262686361129,BonFilm
1.5315462776446345,2.6023387608637005,BonFilm
-1.1657481809727293,-1.5181417497049223,BonFilm
0.6176607729342516,-0.6464062554049864,BonFilm
0.9367857727833432,-1.1080679410726062,BonFilm
0.2096582600887387,-0.9844150910175924,BonFilm
-1.0650015643623998,-0.1036784088547526,BonFilm
0.020646723444690283,0.0011378137571586562,MauvaisFilm
0.7507805390161504,-0.30183571350183086,BonFilm
0.9859699062703426,0.73683394165206,BonFilm
-0.23778191331782472,0.1620054276005503,MauvaisFilm
-0.21829307142653379,-0.4692903757883296,MauvaisFilm
-0.4995913522069789,-0.6317511080327182,BonFilm
0.3674279167517652,0.4825440694657997,MauvaisFilm
-1.4267937375568798,0.41571631722469116,BonFilm
0.302512564921003,-0.3856098475819683,MauvaisFilm
0.9037257377524669,0.9712971578240874,BonFilm
-0.33710610222162524,0.4105744051580658,MauvaisFilm
-0.2945496788700169,-1.1853713586506975,BonFilm
-1.011450669774998,-0.08619524470926584,BonFilm
0.2256046751026281,-0.25264740026484483,MauvaisFilm
0.39582328757157403,-0.02430016319386828,MauvaisFilm
-0.6293491182837897,-0.3589397428450427,BonFilm
1.0894141528768926,-1.6950053651023653,BonFilm
-2.2264855784270674,0.9638609528706192,BonFilm
0.13840929032892008,-0.09547175435181701,MauvaisFilm
0.6326955080182953,-0.3148791898904509,MauvaisFilm
0.24276193902690163,0.004872652267656604,MauvaisFilm
-0.174415734680561,0.8964452845276273,BonFilm
1.6902312423570656,0.459988777861601,BonFilm
-1.0403836973385199,1.9160355013412675,BonFilm
-0.2723408622914587,0.0499078324375633,MauvaisFilm
-0.3286240045997912,0.3220720894589472,MauvaisFilm
-0.36662762514133673,-0.29316880913879906,MauvaisFilm
-1.1636930912735974,0.2843822536321934,BonFilm
1.1065072799140592,-1.028498174607874,BonFilm
1.0795544770207186,0.14089452904601685,BonFilm
-0.7112006342607236,0.5035299680140061,BonFilm
-1.30019440068706,0.8124129555953654,BonFilm
2.2845038716122845,-0.27727469301861224,BonFilm
-0.21008222031533846,1.0074255642641334,BonFilm
1.8173359171462917,0.4128997736482719,BonFilm
1.4936727758463193,-0.13476507338076316,BonFilm
-0.21393677985717285,0.11190857173143094,MauvaisFilm
0.45524986824773356,-0.18903798317117457,MauvaisFilm
2.6859468010807057,1.7330865656777608,BonFilm
-1.2053618014702985,-0.35595844591996256,BonFilm
-1.0266585544799205,-0.6442376384724735,BonFilm
-0.8562998245474135,-0.7556880752535065,BonFilm
-0.15810366642038182,0.32669529598481695,MauvaisFilm
1.7109532178211946,-1.0877144476031675,BonFilm
0.8165860119049605,-0.6147067357315725,BonFilm
0.2176144862721747,-0.8398880476884379,BonFilm
0.17948475051002133,0.6761347658906619,MauvaisFilm
0.0074976415860644186,0.823707812163158,BonFilm
-1.1175622597096762,-0.5367135357113965,BonFilm
-0.1252338433120542,-0.7269730676898369,BonFilm
0.882369092135201,-0.21708280928340157,BonFilm
-0.4163028849782016,-0.14152477751957313,MauvaisFilm
1.164357120326384,0.0033878222229508015,BonFilm
-1.0143310044628204,-0.012167510126065753,BonFilm
1.0924630463599387,0.44732323025706433,BonFilm
1.0284810740774244,1.2358893581718284,BonFilm
-0.7234084852958662,1.5574526755908442,BonFilm
0.07856896623227262,1.5946286930023514,BonFilm
-1.1662508551471096,-1.352825288008324,BonFilm
-0.3954790284628095,-0.5157775630963335,MauvaisFilm
-0.561010244650959,1.176127077259684,BonFilm
0.10676436582968359,-0.0848662107033811,MauvaisFilm
-1.4440223479597085,1.4917755375209274,BonFilm
0.7679213875392729,-2.6633315329191856,BonFilm
0.05400469888029965,1.1829391158588165,BonFilm
-0.8821725021125973,-0.6244136391042867,BonFilm
-0.886538051582984,1.2794216691437599,BonFilm
0.550600286353492,-0.3683074067423089,MauvaisFilm
-0.5622646497663871,1.5267701928599056,BonFilm
0.2280970762123755,-0.30279135679631947,MauvaisFilm
-0.23520116094273927,0.010583667631162414,MauvaisFilm
0.04751375224390672,-0.35711284432055346,MauvaisFilm
-1.1698111804431557,-0.29042110221637496,BonFilm
-1.5877140524778304,0.020309049722332252,BonFilm
1.9867937043027346,-0.33155657799442473,BonFilm
-0.048136732779028024,2.9696731233102107,BonFilm
0.9183526571649389,-0.8392775044329143,BonFilm
-0.25227942975114087,1.0598131646753428,BonFilm
-0.10880276237227751,-0.5236370966704175,MauvaisFilm
-1.287903133256699,-0.4097726371972146,BonFilm
1.6390725964929316,2.4535380357020258,BonFilm
-2.211133800892554,0.20093375700126415,BonFilm
1.0133311686648623,-0.44803104701909174,BonFilm
-0.42903304771497686,0.038850426831514205,MauvaisFilm
1.2560327408415646,-1.1131371605176577,BonFilm
-0.5160449568697647,0.7871315503413787,BonFilm
0.08485745785244778,0.9502187045828492,BonFilm
0.8943421884787661,-0.5359445341679354,BonFilm
2.3580605106649926,0.7591977373564404,BonFilm
0.6934517501307027,-1.0508177402782968,BonFilm
0.12493018439235014,0.34684964441644595,MauvaisFilm
0.20688853671310037,-0.5663909740119617,MauvaisFilm
0.48994820547643175,-0.57336664582861,BonFilm
-0.4462353334215322,0.6917818947157545,BonFilm
-1.5359136804193494,0.394746027443494,BonFilm
2.595038568452896,0.5394023573007276,BonFilm
1.1338820093386694,-1.1218449690357577,BonFilm
1.3436900618153353,-0.07391808203681172,BonFilm
1.2221458826933962,-1.3024381789016586,BonFilm
-0.651112441535037,-0.061775109244391446,MauvaisFilm
-0.16965880028791988,0.15757411574831107,MauvaisFilm
-0.10056930821195142,1.1719946711745084,BonFilm
-0.9380053672085176,-0.061663267049750226,BonFilm
1.736176028768274,-0.6683264600211712,BonFilm
0.30253675489341963,1.9829671050796003,BonFilm
1.1730348247590172,0.41488541485644154,BonFilm
1.00773400299937,-0.05633402223087592,BonFilm
-1.1699171670059034,0.8911675153372384,BonFilm
-1.105579446719507,1.2379324014594892,BonFilm
0.591505095241924,-1.2165793863179895,BonFilm
0.322790092775571,-0.3300139787137734,MauvaisFilm
-0.6235871226721749,-1.9707040821323563,BonFilm
2.744863505769053,0.5872847173929503,BonFilm
-0.044904500932564304,-1.7329845316710035,BonFilm
-0.08674191584479421,0.9538300854338464,BonFilm
-1.5461223590865754,-0.7812399294164347,BonFilm
-1.1846554186249043,-1.5306272089434296,BonFilm
1.1352849007621522,0.821943295536608,BonFilm
-0.4279885722649945,-1.200524959365596,BonFilm
-1.3529903459311006,-0.7140410590318336,BonFilm
1.3946051099267875,2.234486799996406,BonFilm
-1.169860530970571,-1.8038945532399158,BonFilm
-2.371666452069645,0.3085870782696711,BonFilm
-0.6958238737085921,0.23258991558982833,BonFilm
-0.29966159879744286,-1.1379010146113333,BonFilm
0.1187970373373226,-0.7295962819453977,BonFilm
0.045042622943489055,0.72679265455343,BonFilm
-0.06649504488837411,-1.5448472752152327,BonFilm
-0.29511473555257245,-1.2295286065143125,BonFilm
-0.0979669234365141,1.406533317020514,BonFilm
-0.7341478839488763,-0.9135799308133746,BonFilm
-0.9333017916686193,-1.3134684638200356,BonFilm
-1.1262277894741466,1.1780597517369888,BonFilm
0.13757355141047767,-0.4408674759804939,MauvaisFilm
-1.9182800859657165,-0.4064080325025573,BonFilm
-0.3850497192948402,1.1834749867436456,BonFilm
-1.8583075933479862,0.28365045005382716,BonFilm
-1.5889950402035873,-0.8981965520449192,BonFilm
-1.3210760333382119,-0.1357015951400254,BonFilm
-0.5326069313933239,0.3347268494018645,MauvaisFilm
0.6032739034822262,2.319894562619474,BonFilm
-0.7800354281473533,1.531557894261141,BonFilm
0.2518524224021342,-0.35552391966443236,MauvaisFilm
0.4529665402144971,0.6872917528848977,BonFilm
1.5054852451646112,0.32672849689265315,BonFilm
0.31186020089652583,-0.031555650896791104,MauvaisFilm
-1.0676825464632773,0.22134157160448079,BonFilm
0.5391553288998707,0.4759176365597233,BonFilm
-1.0137330263868176,-1.3211137991389474,BonFilm
0.9341705174797268,-0.7345177592268141,BonFilm
-1.0449438427289892,1.1665080233030953,BonFilm
-0.7975430578937092,-1.4343378953801549,BonFilm
1.8172373828815878,-1.499298163414579,BonFilm
-1.0457783670544167,-0.1797001822840274,BonFilm
1.4474491022051497,0.42383487078641774,BonFilm
0.16766245770579427,0.008561042526996162,MauvaisFilm
-0.10544254498876289,0.7102611298137816,BonFilm
1.9237926612185157,-0.09113144526359275,BonFilm
-0.37282729122628705,0.4903577406558179,MauvaisFilm
0.527131717609101,-0.9213371368688918,BonFilm
0.5195551319642919,-0.9199544280894699,BonFilm
-0.8668258708332203,0.027325433037501175,BonFilm
-0.15876836170792447,-0.7072329481577208,BonFilm
0.05918906120120122,0.15952743466376518,MauvaisFilm
0.9854297446912614,0.08973325717174918,BonFilm
-0.06266516424591076,1.300963158278279,BonFilm
0.05335471870509049,0.6321134920319864,MauvaisFilm
-0.2374808184979812,1.740426628356927,BonFilm
-1.6073934286342062,0.49716247261766405,BonFilm
0.5398299379851352,-1.3119337673418505,BonFilm
0.5724057504016641,1.2608658161611348,BonFilm
-0.23039279019257902,0.7677006428440798,BonFilm
0.6836767542538391,-0.8070669840557173,BonFilm
-1.1363538226863181,0.7277591527650126,BonFilm
-0.6203867298878684,-0.6641842555289588,BonFilm
0.033339400418030456,0.38476174684204156,MauvaisFilm
-0.32458197338360806,0.34321467868298083,MauvaisFilm
-1.441629480036913,0.412927160201675,BonFilm
0.05115733229723545,1.9159087160605197,BonFilm
0.7767229432723739,-0.1759073391872866,BonFilm
-1.0315895268005908,0.8786566849973887,BonFilm
-0.08548870329829071,-0.7222785779958586,BonFilm
-0.24745587607858402,1.634880123550236,BonFilm
-0.7669413339220301,-1.2459922318110794,BonFilm
1.3943842100250876,-0.0434840420966301,BonFilm
0.9195996780599732,-0.24453216817660636,BonFilm
0.07368510619302582,-0.14908393578058024,MauvaisFilm
-0.18567751848618422,0.6336837695999944,MauvaisFilm
0.9152272521951863,1.2193505457669578,BonFilm
-1.1632144607434638,0.2610648119728729,BonFilm
-1.9050568205871161,-0.008828508553555929,BonFilm
-0.5553326360819807,-0.730946689648955,BonFilm
-0.11461271464087859,-0.5738077114301215,MauvaisFilm
0.07700627440015284,-0.877202026371472,BonFilm
-0.32482959994616334,1.8051951536034425,BonFilm
-0.10415464857712141,1.0626656155455108,BonFilm
-0.12148474641012198,0.536555191956773,MauvaisFilm
2.0959526222565747,1.883022801172039,BonFilm
0.7962402583710648,0.5802046136537345,BonFilm
0.8063361061851936,-1.7052464956953903,BonFilm
0.8153689190812164,0.3545017247985,BonFilm
-0.21409246114975977,-0.7994562121032874,BonFilm
0.26988255359850055,1.0167497282255082,BonFilm
-1.4309216700526746,-0.10108576884723737,BonFilm
-0.8908304549957333,0.2857001875916449,BonFilm
-0.710132664738095,-1.7953581031616623,BonFilm
0.010993255546193447,1.140735084868225,BonFilm
0.0936699137526164,-0.6421945530280688,MauvaisFilm
1.2024986306895622,0.5629892367867874,BonFilm
0.25462684030310573,-0.3279143473719752,MauvaisFilm
0.9502708242791973,-0.03921031249910118,BonFilm
2.428527678717015,-0.639926911842395,BonFilm
0.09918740751676522,1.2783999706480351,BonFilm
-0.2978303333587612,1.1694429033343674,BonFilm
-0.8236546908957193,1.926453169980971,BonFilm
-0.5420366980704284,1.4855316126239735,BonFilm
-0.6557870038545804,0.3779658143460879,BonFilm
-0.40462683188452087,-1.8128870461092066,BonFilm
1.5636803173960312,-0.5441001778949733,BonFilm
-1.4810863184700689,-0.2485510600562644,BonFilm
0.22142749667508482,-0.2895097441281983,MauvaisFilm
0.5625344579896153,0.1327998522785078,MauvaisFilm
2.3842827801691837,1.5760415519012252,BonFilm
-0.6417204661417867,-0.2744510532689152,MauvaisFilm
-0.8130996046465148,0.3258697269765501,BonFilm
-0.7116612174825075,1.0825832836634826,BonFilm
-1.0359377248545238,0.3076478844939989,BonFilm
0.5383030507196497,1.394800794579736,BonFilm
2.282039709159556,0.4243120188856514,BonFilm
-2.0259520219638785,-1.8858280275203623,BonFilm
-0.8237121810587889,-1.0284434117545214,BonFilm
0.2709396763049682,1.773819059499405,BonFilm
-0.24999835090952638,0.25825017506720727,MauvaisFilm
0.5868004838716201,-0.22636579179541227,MauvaisFilm
1.3209034142662321,-1.1254441920390148,BonFilm
0.4390595316200615,-0.3629790590922075,MauvaisFilm
-1.0001765410391106,0.16827125312491137,BonFilm
-0.9495865381844795,-0.5519280134046523,BonFilm
-1.3498836739096798,0.6392444734592684,BonFilm
0.33123979302267403,0.040488564171544665,MauvaisFilm
0.5577847194441788,-1.164513648898195,BonFilm
-0.22601008431566952,0.562130546851361,MauvaisFilm
0.0027325652700983263,-1.07818723711696,BonFilm
0.8614028332770738,0.18091065942537218,BonFilm
-0.7143828563642796,1.45643976580346,BonFilm
-1.038077138586445,-1.2148003472253839,BonFilm
-0.3509536201253381,-1.2138645115881532,BonFilm
-0.19667761302667325,-1.5209219304008437,BonFilm
2.3134931135420262,1.4137973770541807,BonFilm
0.9058912649942332,-1.0951943295920055,BonFilm
0.7164041808571437,0.557590453962644,BonFilm
1.9999119218061003,1.3140088032748658,BonFilm
0.11578865941379143,1.5117704480971192,BonFilm
-0.7308124623860802,-1.5868347359246138,BonFilm
-1.378393365934668,0.03162289145739453,BonFilm
0.07956390730222158,-0.4011551112033911,MauvaisFilm
1.1244943287859102,0.1992631493607626,BonFilm
-0.36608719266338025,-2.861870724760897,BonFilm
0.43219222137490965,0.7172793830427657,BonFilm
0.06547237719860843,1.6672148205052666,BonFilm
-1.728110148817268,-0.7783917604690099,BonFilm
-2.2189747852798174,0.6095107568776298,BonFilm
-0.7850965270502642,1.062530345908457,BonFilm
-1.584942604589025,0.385811349600135,BonFilm
-1.5388513105486126,0.272789949597607,BonFilm
-0.33141076704251093,-0.5688307203984423,MauvaisFilm
1.0727459944621105,0.4151590222713698,BonFilm
-1.2651179235087067,-0.026882176728922666,BonFilm
0.8738471590083055,1.6618906495765011,BonFilm
-0.6637183322366715,0.929719094484372,BonFilm
-1.5132971520568645,1.0431992944166755,BonFilm
0.5386470629477234,-1.2620732155908096,BonFilm
-1.0401983536722559,0.6417709947542923,BonFilm
0.8944060842561475,0.8058654815509604,BonFilm
-0.5260303270935129,-0.9243333358238927,BonFilm
1.0752881664796685,1.789410822818422,BonFilm
0.5012649861247744,-0.8085047512973687,BonFilm
0.3702049487855169,0.20964476197754514,MauvaisFilm
0.06705118532973399,0.3780939282677239,MauvaisFilm
-1.4133141968143792,-0.3265685616608612,BonFilm
-1.7177323028358198,-0.7253670994454202,BonFilm
1.2976129443426925,-0.8932225314161176,BonFilm
-0.301792292038365,-0.9256449750482788,BonFilm
1.5560283548959588,1.8249904703030106,BonFilm
-0.22077687859109074,-1.007203792942891,BonFilm
0.8723998157116,-2.2028883487808013,BonFilm
-0.4356694388366011,-0.6147316706886188,BonFilm
0.16372504398514576,0.9940025717770568,BonFilm
0.8743751741022276,-0.5510614766591234,BonFilm
-0.02259485546879885,1.314483336842539,BonFilm
-0.5963439426440241,-0.16759227325881154,MauvaisFilm
2.240463957235413,-0.7524371550087234,BonFilm
1.4636122452289508,-0.4913775815856085,BonFilm
-0.1707750773454394,1.0491938606800135,BonFilm
1.1812655633339983,-1.013195381201817,BonFilm
0.10173561255657967,0.5422050163958103,MauvaisFilm
-2.237828529795193,0.248546325502997,BonFilm
0.3387072689601725,-0.2142382523977192,MauvaisFilm
1.160642681012224,1.5455432539068379,BonFilm
-1.1305061070165991,0.00020665986721579187,BonFilm
-0.5291320388138346,-0.5137123612062495,BonFilm
0.20436436987698547,0.5218651992636643,MauvaisFilm
-0.16050408848033368,-1.1314721691451415,BonFilm
-0.6943227081987821,1.2856999685596047,BonFilm
-0.208688496598392,1.9736334362467571,BonFilm
0.11275760887260369,0.1895442021261639,MauvaisFilm
0.21698236451649763,0.33690405826023573,MauvaisFilm
1.189178680735249,-0.6670671153069727,BonFilm
1.952480199398985,0.6070657129555103,BonFilm
-0.1226849599318978,1.1476508542952806,BonFilm
1.3290231213057497,-0.393418456107635,BonFilm
-0.8179847663748813,-1.4940279934980636,BonFilm
-0.32027730966672857,1.5513740706107662,BonFilm
-0.4290584261283854,0.0032342189460361987,MauvaisFilm
0.2386260332265272,-0.31610808459180234,MauvaisFilm
0.8519567482463313,-0.27374422554109545,BonFilm
0.48170365818002425,1.0372272139096996,BonFilm
0.3174694325471744,-0.3391617096611773,MauvaisFilm
-1.8212386865889283,0.80584327957183,BonFilm
-1.6151782796103975,0.7826976473848734,BonFilm
1.8102662079805094,-0.6888582000152769,BonFilm
-0.17071235661414996,-0.9112532574552645,BonFilm
0.26418059147075834,0.8087737544011369,BonFilm
-1.6353031504903033,0.7920855179738955,BonFilm
-1.8793572855994238,-1.7293582779954004,BonFilm
1.0291903425329143,-0.8181516685757213,BonFilm
-0.08407353637702397,-0.46416634416454017,MauvaisFilm
-0.9336773488757061,-0.14119197874215947,BonFilm
2.308321313229161,-0.5272164141841629,BonFilm
-1.3267007849314436,0.8600854750017272,BonFilm
-1.0800178350005192,-1.007406437457779,BonFilm
-1.3373377574626377,0.8148428156515694,BonFilm
-1.4500774779373227,-0.46093539729424504,BonFilm
1.6835208893356108,-0.943761226363951,BonFilm
1.2342803415590329,1.0381669555294637,BonFilm
1.0461867696354814,-1.4169606394536516,BonFilm
1.6346971688195535,1.0488372504047352,BonFilm
-0.6856689669352787,0.16717179298728319,MauvaisFilm
-0.77845268299394,-0.8564686479221463,BonFilm
-0.03141662158245221,1.4454993554743805,BonFilm
-1.0986627808825487,-0.1837693084167225,BonFilm
-0.4766289369346147,-2.5643021670108954,BonFilm
1.2414794717814566,0.6048460532489135,BonFilm
0.34713210484753404,0.17149025851103888,MauvaisFilm
-2.0570591088471235,-0.7196230836584167,BonFilm
-0.05854216518556998,0.8086518792406686,BonFilm
-1.7657504996884144,0.25058521344288137,BonFilm
-0.6182204029984094,-0.23651498113675382,MauvaisFilm
1.0598830457024868,0.17097915063129482,BonFilm
1.204455245667012,-0.09239018729354709,BonFilm
-1.1945812595579908,-0.22741284909335877,BonFilm
0.08425668129818904,1.3996219140733779,BonFilm
1.559894219322877,-0.16216715238778517,BonFilm
-0.8690671524081826,0.6969887806453501,BonFilm
0.21491090982802255,-1.4363725852633016,BonFilm
-1.0460291386741252,1.236225273967832,BonFilm
0.7606949166653844,-1.0021888567191786,BonFilm
0.3306593141095881,-0.2854047025568092,MauvaisFilm
-0.636759019352176,1.3620136469113906,BonFilm
1.211028856530873,0.7559563035042388,BonFilm
-0.20123515361933453,0.03407403722799063,MauvaisFilm
-0.558538389678886,0.4831806162605182,BonFilm
-0.47533510907888393,0.5474985946056506,BonFilm
-1.4191702984807566,-0.3366038859611904,BonFilm
-0.6076892920249009,0.6831758449296235,BonFilm
-0.7536315578790176,0.17270719649006444,BonFilm
0.4986427349776777,1.1012446103554172,BonFilm
1.6178986390719716,0.9004982949823575,BonFilm
-0.6245297576934752,-0.046346190332772444,MauvaisFilm
-2.3177719716736624,1.5697621282907754,BonFilm
-0.8170476265598934,-0.33095760126803386,BonFilm
-1.1410158146774587,-0.6332000214538673,BonFilm
-1.0105725622067607,-1.586091351631487,BonFilm
0.349305779540415,-1.1674116768315672,BonFilm
-1.0525078469556928,-0.5722772359237873,BonFilm
0.8224218609799201,-0.5704316793513643,BonFilm
0.6212388371470887,0.6974931467798009,BonFilm
0.9514999862554206,-0.008047842507824966,BonFilm
0.841534263614424,0.1979385187996005,BonFilm
-0.8704208620442339,0.419026642228018,BonFilm
-0.2593167313758634,0.11617581117323646,MauvaisFilm
-0.2666795652347719,0.5496894118462028,MauvaisFilm
-0.48447129859549765,1.627324547973754,BonFilm
-1.0663215816939202,-1.243114068457825,BonFilm
-0.13835472009755712,0.25453587723849636,MauvaisFilm
-0.041127805047648826,1.6414821618784912,BonFilm
0.2667776083082054,-0.37550098461468456,MauvaisFilm
-0.4232471905765657,-0.1178088681189907,MauvaisFilm
1.3454430482502926,-0.28405490089867147,BonFilm
-0.23750692989312314,0.922987026074972,BonFilm
1.656432891684531,1.014480787969441,BonFilm
-0.13503922678040783,-2.065633895385595,BonFilm
-1.4945238928860334,-1.2711467750580645,BonFilm
0.6467317488258232,0.3652693513004803,BonFilm
0.6180609759173292,1.1217917601795202,BonFilm
-0.44655347982992477,1.5124685281427634,BonFilm
-0.3383364438352786,0.06529356025193181,MauvaisFilm
0.10818535151049065,-0.07476641248142786,MauvaisFilm
0.5241082766692429,-1.5849767861754314,BonFilm
0.09124938566350724,-0.36130986358491063,MauvaisFilm
-0.4250022815697502,-1.822440951272425,BonFilm
-1.939728751083442,0.14304145754778477,BonFilm
-0.16196452224978578,-0.2548713554312381,MauvaisFilm
0.2653724362300604,-0.9199513559292521,BonFilm
1.3079041699507363,-0.8087644776577716,BonFilm
0.09988710426837016,-0.16335311025498156,MauvaisFilm
-1.0619946479805928,-0.5747230468204337,BonFilm
-0.9279214276046654,1.3933322034986548,BonFilm
0.8236902521675972,1.2395913583917213,BonFilm
0.36941121596726606,-1.277198077538267,BonFilm
0.47886501468589643,-2.197360508502634,BonFilm
1.1462647131322277,-0.8204241709354185,BonFilm
-1.6795023862590777,0.7574047084755566,BonFilm
0.38809424837639767,-0.37318811871488067,MauvaisFilm
-0.5524731386524733,0.5478733478264595,BonFilm
1.1095584531409615,0.06364902209586476,BonFilm
0.03179247561976542,-0.8807214476407424,BonFilm
-1.1113437897081033,0.9837921003964287,BonFilm
0.5581502540560277,-0.15058675553697778,MauvaisFilm
0.2935410747128883,0.9669334730107141,BonFilm
-0.30554491535937756,0.9569337751456943,BonFilm
-0.6901434093794292,1.2700563294937777,BonFilm
1.0242832748396833,1.76225072907172,BonFilm
-0.06278788608263705,-0.8019190707258762,BonFilm
-0.6864196052887774,-0.441258292711553,BonFilm
-0.09150875635820266,1.0715250977932198,BonFilm
1.838095621157821,-0.24616224903780357,BonFilm
0.8819473984489583,0.03307945641066536,BonFilm
0.7446857657881538,0.8771233799302525,BonFilm
-0.8623178408921917,0.3171945436554955,BonFilm
-0.18163868483542847,-2.9505269876458717,BonFilm
-0.6452898686811931,-0.21160387237453337,MauvaisFilm
-0.7806150699612965,0.40053640835042553,BonFilm
-0.3108563455710182,1.1703457614130521,BonFilm
-0.595100068462885,1.222847935901234,BonFilm
1.6914417481479807,-0.17614292264603554,BonFilm
-1.2325237367838842,-1.195608489293465,BonFilm
0.6202654707770242,-1.5792748108981307,BonFilm
0.49830557551145876,-0.22966253233998926,MauvaisFilm
0.31444433219546036,1.7791827371794877,BonFilm
-0.6690464383656226,-0.6422813266076205,BonFilm
-2.665358125121881,1.3273344213485243,BonFilm
-1.7471290291032455,0.8114304000317906,BonFilm
0.025382214182251898,-2.348764491975992,BonFilm
0.11802396119383494,-0.8839007970194771,BonFilm
-0.437359267673296,0.316502977448868,MauvaisFilm
1.75739820014811,-0.9469801936976752,BonFilm
0.4594519169395811,-0.09538523049121074,MauvaisFilm
0.9460979233977302,2.2317611260027963,BonFilm
0.7701860757862684,1.3808185579564198,BonFilm
-0.6021783548269307,0.7806521166860715,BonFilm
-0.31474686413715897,0.2813719134633104,MauvaisFilm
-0.31942500243465943,-1.39572240933072,BonFilm
0.4514719146196928,1.2050404590264925,BonFilm
-1.1081662140168023,0.3951332130069392,BonFilm
1.09748574722456,0.6262171814307711,BonFilm
-0.18134533083817464,0.3155923199573517,MauvaisFilm
-0.8335587740507009,-0.04491806175010649,BonFilm
-2.251275623134426,-0.6305341844478071,BonFilm
0.30956199825856123,-1.0955261350624539,BonFilm
0.5085712644660874,0.7215563271452623,BonFilm
0.10184241130437559,1.3420998475231412,BonFilm
0.6432976681228975,-0.8762176968928982,BonFilm
-1.8618374875976673,0.7266962324028817,BonFilm
-0.1849085760723083,-0.29783178567139956,MauvaisFilm
-0.7081768557997153,-1.1430078562447938,BonFilm
-0.34565168623145276,-0.8411634675366971,BonFilm
-0.9073760925248935,2.6222614866363476,BonFilm
-1.3691763302867668,0.7132433997892363,BonFilm
-0.3367588633847668,1.3001646653594636,BonFilm
0.7358507083614296,1.0541920736811499,BonFilm
0.5453353740219666,0.6250709815880959,BonFilm
0.7105857184410443,0.01118019964157716,BonFilm
1.1944892466404453,-0.4026911136360082,BonFilm
-0.6681051402460146,0.3825628498699986,BonFilm
0.3353669348627396,-0.10439260808380764,MauvaisFilm
-0.31651921235410596,-0.5437515056587395,MauvaisFilm
0.8701809904177269,0.028532461653719386,BonFilm
-1.7503013834900052,-1.6962187998929077,BonFilm
0.4338689758755927,0.43367083944545676,MauvaisFilm
0.19463325380585433,-1.1140029336225352,BonFilm
0.12126385282037302,0.8371696271435752,BonFilm
0.06280960120162354,0.3210861824142527,MauvaisFilm
-1.157911513823177,-0.35240776232791843,BonFilm
1.9545046728969768,0.8825925000630406,BonFilm
-0.24927177213983667,-0.4361854365404781,MauvaisFilm
0.1862126076686773,-0.6756623626174698,MauvaisFilm
0.3575509087491423,-1.1291968444433287,BonFilm
-1.7505934195358603,-0.5670891456519931,BonFilm
0.5472220444778131,-0.5464835446325681,BonFilm
-0.6794052129988167,2.0947943246211116,BonFilm
0.8956439122827823,-0.47707451451463573,BonFilm
1.2604688559991666,0.004932299407977198,BonFilm
1.6239849966188646,-0.7287090433999546,BonFilm
1.542631893739154,1.42672723983226,BonFilm
1.7935663699999798,1.0842132418997974,BonFilm
0.19593630343161805,-0.8038855243597893,BonFilm
-1.383833276926754,-0.5732887559223993,BonFilm
-1.496937367915964,1.3314556492104814,BonFilm
1.1592860197663275,-0.11572894614492509,BonFilm
-0.7454713456870429,0.4793560865975759,BonFilm
-0.5317644948406237,0.20054688591752373,MauvaisFilm
0.6800751561570041,-1.0134353640521157,BonFilm
0.6864661628417632,0.04238271735965127,MauvaisFilm
0.9672871651522136,-1.5028482079273566,BonFilm
0.8731695861364114,-0.28063941255432584,BonFilm
-0.15860143422357761,0.5432699255071198,MauvaisFilm
-1.099641566419869,1.1835523172817823,BonFilm
-0.00506682320617479,-1.0455458956410368,BonFilm
2.3621681268255093,0.756570921385183,BonFilm
-0.2728184024023242,-0.06622305093353394,MauvaisFilm
0.7720663218907683,-1.431747044186072,BonFilm
-0.10018007956780851,0.7338865437310286,BonFilm
-1.0559001973830702,0.7882413278587728,BonFilm
2.0785491703761894,-2.017442653454616,BonFilm
-0.519806680280713,0.2193031223339246,MauvaisFilm
-1.0596522459299103,1.1637573562477652,BonFilm
0.12058374003691037,-0.8785485711139861,BonFilm
0.21248424592244097,-0.9710860953458452,BonFilm
-1.5620831164591393,0.9205014271382539,BonFilm
1.7383124303007942,0.4277561556934449,BonFilm
-0.871611085066968,-0.9731203754441723,BonFilm
0.6470344995556251,1.6924277652805855,BonFilm
-0.9569689025357917,-0.6961978452686338,BonFilm
0.8418686905993295,0.16491609131969698,BonFilm
-0.9112343383339238,-1.1652115399118297,BonFilm
2.1352268312407525,0.47543508868295126,BonFilm
1.8579033668385627,-1.293956721109927,BonFilm
1.053793315413217,-0.3984891845049988,BonFilm
-2.4640735918539707,1.0140449628582977,BonFilm
-0.14708487184552815,-0.08995724639006997,MauvaisFilm
-1.0587372048838901,-0.17620999237902765,BonFilm
-0.2610942983259082,-0.6188191060124513,MauvaisFilm
1.068525247124932,0.774689781441334,BonFilm
0.26334222186902506,0.9548011874737565,BonFilm
0.3005455412829782,0.15563326668992875,MauvaisFilm
0.19802548335753256,-0.224966536596307,MauvaisFilm
-0.6482242594717099,-1.7458839387840925,BonFilm
0.08721349917375502,-0.9444569295042636,BonFilm
-0.21642816134755255,1.2721953485079378,BonFilm
1.0820162643486886,-0.4369853761235642,BonFilm
-0.5163385473258261,0.2043616371761014,MauvaisFilm
0.1571990191841246,-0.5104971959276946,MauvaisFilm
0.9911676903089063,-0.36845202658938253,BonFilm
1.1931506908327594,1.9921741628646898,BonFilm
1.7937569228512666,1.6117530399185362,BonFilm
0.024845962107509317,-0.29404137011124865,MauvaisFilm
0.879181286081609,-0.018717554411176885,BonFilm
0.20763308975577607,1.2859637088919909,BonFilm
-0.8212650822560967,-0.4417534946530864,BonFilm
-1.3686226084388209,-1.3164958702473526,BonFilm
-0.8632610078151048,-0.6850875309491249,BonFilm
0.07471246750413783,0.09571064089416585,MauvaisFilm
1.2989595545449972,0.1881882482471168,BonFilm
2.051261483683256,0.6145309294443373,BonFilm
-1.0434035852702273,-1.2930004586794763,BonFilm
0.4044940592467578,0.7258191070817716,BonFilm
0.7728527224765545,-1.724502439775951,BonFilm
2.2402063244783093,-2.9093920555820643,BonFilm
-0.18354628212057153,-0.2641480923561082,MauvaisFilm
-0.9630191709292608,-0.46382957328785585,BonFilm
1.0902213176448068,-0.1634290468854916,BonFilm
1.588521491744734,0.07611894900027442,BonFilm
-1.126534248188619,-1.1192995587218917,BonFilm
-0.29230022480595974,-0.3139043132927119,MauvaisFilm
-0.4045379270688124,1.1382749921511521,BonFilm
0.11993667991828358,-1.4683994742301827,BonFilm
-0.5653118055044003,0.960029185004767,BonFilm
-2.202850403753406,1.0519707975844261,BonFilm
0.27979437699536625,-1.064326929072721,BonFilm
-1.0884932403776522,-0.15859209899223795,BonFilm
-1.0580119696518258,-0.7214705069872491,BonFilm
-0.6619691946800442,-0.08415386913256973,MauvaisFilm
-0.8200911731094211,0.9443077325217578,BonFilm
-0.8406641206216167,0.44538032483122625,BonFilm
-0.5081538061299541,-1.0144684001822692,BonFilm
-0.07859122903533439,0.030397941019189027,MauvaisFilm
0.2862538403798408,0.08032903920751384,MauvaisFilm
-0.3648745477045052,-0.8310681418459989,BonFilm
0.4403151673682811,0.03247826321766337,MauvaisFilm
0.8123681920800625,1.2740574414772547,BonFilm
0.0810973401241898,-1.1045464227522772,BonFilm
-2.2070220318287688,1.9962458853330887,BonFilm
1.1936855152488361,0.8424149205321945,BonFilm
-0.6777904074639997,-2.179432724764477,BonFilm
0.1102775187567931,0.6228671020226082,MauvaisFilm
-1.9523433578266352,-0.5074787180385854,BonFilm
-0.011686615027731185,-1.1252222315551734,BonFilm
-0.8295265839739084,1.8825210611669925,BonFilm
-0.7812946001188766,-0.7099789757004664,BonFilm
-0.30089618666022866,0.43230931636996067,MauvaisFilm
-1.6343835190315184,1.5644580470689298,BonFilm
1.138774024438602,-0.11748616552174071,BonFilm
0.5527917368746202,1.1315152610574963,BonFilm
0.6632641727629064,-0.250632935697895,BonFilm
0.5784858176390617,0.8282278164097336,BonFilm
1.1389575143095574,-1.3703136549465833,BonFilm
-0.7756889128787235,0.6452034120518335,BonFilm
0.7893091420819893,-0.3088356923644794,BonFilm
-0.059850502467480624,0.26547396789623595,MauvaisFilm
1.7027427112267757,-1.5149406528547305,BonFilm
0.05025945936264891,0.13541577244741163,MauvaisFilm
-0.2865594909889222,-1.9189436386039067,BonFilm
-0.4616730172159977,1.054873603656879,BonFilm
-0.9089528451313474,-0.7110978097749027,BonFilm
1.395467153064415,0.03194987218864863,BonFilm
-0.16241542503769058,0.8362956107166263,BonFilm
-1.2260281460220066,-0.8480239451548329,BonFilm
0.33373896380874996,0.9962016059110503,BonFilm
0.21645834991151763,1.1693316684750226,BonFilm
-0.5547684707904549,1.6386323170713808,BonFilm
-1.1941693669736362,-0.31080547487621235,BonFilm
-0.4993011470573772,2.2055078852042667,BonFilm
-1.7388666293813755,0.5062000353682448,BonFilm
-2.360840823801367,-0.789681053053412,BonFilm
-0.024388785890948214,0.1362971837951237,MauvaisFilm
1.3391834741882858,1.4014405914714587,BonFilm
-0.6272966031962472,-0.8729894427382006,BonFilm
-0.9965314500350934,-0.3636968626452124,BonFilm
-1.8370128106307355,-0.01981442945544659,BonFilm
1.0856255272582405,-0.622587622398547,BonFilm
-1.6235093993890184,-0.6642069912618924,BonFilm
0.5013730276739197,-0.27838782357083314,MauvaisFilm
0.6016719220403869,-0.5293475639462545,BonFilm
0.08914815626579979,-1.7181498235793604,BonFilm
-0.07822624139606166,1.355675290056554,BonFilm
0.5688734847198087,-0.42891836098485336,BonFilm
1.831227681095618,-0.698105162305927,BonFilm
-0.13450603499837224,1.3637526882157696,BonFilm
-1.3635347713108303,-0.008556447601475265,BonFilm
1.0612957529400713,0.35208967935236796,BonFilm
1.3328731747520601,-1.3014597788903757,BonFilm
0.7734211928767382,0.34630133557248477,BonFilm
-0.2902911859710991,-1.6533192302553907,BonFilm
0.09268949430536604,0.36565430431703516,MauvaisFilm
-0.4467539028639278,-0.5529170181690402,BonFilm
0.826791853515282,-0.07007680199250618,BonFilm
-1.7502848607999868,1.6163523033188218,BonFilm
-0.4777975771390882,-0.4872148447010562,MauvaisFilm
-0.19126545610270115,-0.1928297218456129,MauvaisFilm
0.9578922910088874,-0.6612718075587223,BonFilm
0.6374605319164898,-0.1088143359561813,MauvaisFilm
0.781834028751218,1.6784708023664092,BonFilm
0.6423355843293553,-1.1594713680572581,BonFilm
0.8405484391491665,0.47252040927631533,BonFilm
0.6102693300287971,0.2803605889282984,MauvaisFilm
-1.286159766222833,1.047103394284955,BonFilm
-1.3351033344133298,-0.3760292326794161,BonFilm
-0.5280815144661792,0.9237915098174255,BonFilm
-0.8783012251354283,0.8620555680120356,BonFilm
1.7882122318953901,0.11275857108540513,BonFilm
-0.17083347605103466,-1.051031673438724,BonFilm
2.239750772231513,-0.37168090838807016,BonFilm
-0.893585392326513,0.7748979221912957,BonFilm
0.3781806969743959,-1.278024124388929,BonFilm
-0.3744595333936134,-0.18748702681380885,MauvaisFilm
-0.9945339909422893,-0.5590799384375176,BonFilm
-0.09900628828920595,0.039623521040654905,MauvaisFilm
0.2282572466296473,-1.473929697184326,BonFilm
0.49219945249616526,0.37157414803837047,MauvaisFilm
1.8602481913857407,-0.13208666125716673,BonFilm
0.8885367045619713,0.26101125258993746,BonFilm
-0.026337293267604873,-0.001276821226805537,MauvaisFilm
-0.9988888084866627,-2.0378419071614737,BonFilm
-1.3815637447191866,-0.47775514562478305,BonFilm
-0.31247005722365945,0.2789794825105312,MauvaisFilm
-0.4219741099237722,-0.5504602243698826,MauvaisFilm
0.6871401033990869,-0.9360963741910556,BonFilm
0.9803214332975888,-1.5810129028083169,BonFilm
-1.1570580882923396,0.9847007166817948,BonFilm
1.1471510073326259,2.1397155644708588,BonFilm
0.41237103129332103,1.504841099455242,BonFilm
0.6799305124235792,-0.5189149461027877,BonFilm
1.3046169837333053,-0.4570252919949421,BonFilm
0.40477364720605036,-0.6230297548976647,BonFilm
-0.06748109265795971,-0.9481515093660436,BonFilm
1.842920833100629,0.1568326617726736,BonFilm
-0.9817840097159224,-0.9004234222358818,BonFilm
-0.9647164433032847,0.5384920582855599,BonFilm
1.6372188735923272,0.1954059432954918,BonFilm
1.1019720047726254,-1.8611523620203145,BonFilm
1.059466265041084,0.7564608501043962,BonFilm
0.5217690560226227,-0.221150273449514,MauvaisFilm
0.19969207684261245,0.12934176125772157,MauvaisFilm
1.0140711745415416,1.270738589805782,BonFilm
-2.8971705959703344,2.137852634384286,BonFilm
1.5173997119532823,-0.48342850462063497,BonFilm
-1.2582952719752765,-0.9737975941240452,BonFilm
-0.26087762649481433,-0.35807158698776476,MauvaisFilm
0.4049636368450749,1.9087760263838223,BonFilm
0.849731460806196,0.35701151954879484,BonFilm
-0.8920940551467545,0.12006067939630526,BonFilm
-0.9616930903293034,1.3985608332216342,BonFilm
0.1913502317505457,-1.310503601868293,BonFilm
-1.3823383366610396,-0.7052718244222986,BonFilm
-0.00342320685010354,-0.023178189202459173,MauvaisFilm
-0.3407875184073559,0.7162940958089328,BonFilm
-0.23524729619911214,0.3994259371828244,MauvaisFilm
-0.9136683828652361,-1.4297857004529773,BonFilm
-0.9354529067668264,-0.9865892930025401,BonFilm
-1.1960708666098967,-2.1276334556933527,BonFilm
1.0682229222277453,2.2965326817894107,BonFilm
-2.1463928244283297,0.542871935324258,BonFilm
-0.8244552957564604,-0.9735006692750107,BonFilm
0.9876993927522671,0.7483556570189195,BonFilm
0.6624052973111659,-0.5669192773342694,BonFilm
-1.0150699596924315,0.0642090018298098,BonFilm
0.368645126439713,0.6845340244100041,BonFilm
-1.4176715101686372,0.20417079791157602,BonFilm
-0.37011778464861345,-0.2352929739154586,MauvaisFilm
0.9990939160252578,-0.3329446979519965,BonFilm
0.40830470602192964,0.12314325900871459,MauvaisFilm
-0.4479476245256513,-0.322246399568748,MauvaisFilm
-0.33652718167858503,2.199270036789394,BonFilm
-1.1284340816490719,0.30430424148786056,BonFilm
-1.2239424990935064,0.05477489541261944,BonFilm
1.752334030222084,-0.8658231010201507,BonFilm
-1.7769515028058218,-1.0180651048098341,BonFilm
1.0425760786164333,-0.1435682710331489,BonFilm
1.2464952642146379,1.6100179213289643,BonFilm
-0.6292291243613432,1.9872115500038254,BonFilm
-0.486340356384949,-0.43330568000559677,MauvaisFilm
0.5121994102741028,-0.6575642556982615,BonFilm
-0.05733728454252598,0.6434567123229036,MauvaisFilm
1.4699988660073728,0.8753425810470287,BonFilm
0.7982065519374937,0.6188723486768178,BonFilm
-2.300290162671819,1.1768615512691984,BonFilm
0.11354875172396538,-0.49371534244091964,MauvaisFilm
1.373815166305789,1.3465791274801282,BonFilm
-0.28234736887850886,-2.0074804407016718,BonFilm
0.4964456573933646,-0.9510310962439733,BonFilm
1.0138843208713366,-0.038777156006122505,BonFilm
0.22719320771771814,0.582402688674467,MauvaisFilm
0.27905432197119046,-0.610919148547469,MauvaisFilm
-0.36483255361010813,-0.9854145705914388,BonFilm
1.2820339370666256,1.971588407411346,BonFilm
-0.8627985364760469,1.1382479969865464,BonFilm
-1.2118742307518355,1.7076112883587058,BonFilm
-0.13777840187544055,-0.7752301623951107,BonFilm
1.0345554376404231,-0.6755021687754847,BonFilm
0.4535486388842843,0.9876033884787268,BonFilm
0.44427204222863814,0.6853845169295266,BonFilm
0.35476404272503126,0.9567461540034126,BonFilm
-1.2405236716597217,-0.03587396850268993,BonFilm
-2.3635963560127666,0.6944933385676144,BonFilm
-0.6001540987175081,1.3413532256462959,BonFilm
-1.3083195011814865,-1.0835169848348885,BonFilm
2.4273851872013767,-0.641964405312786,BonFilm
0.31448376374094755,0.42650894500580916,MauvaisFilm
0.5509428381721179,0.09423145025367947,MauvaisFilm
-0.11399975222071662,-0.2408986983660775,MauvaisFilm
1.1379112930924777,-1.0071819615267,BonFilm
-1.4114443968960106,0.8498971652859089,BonFilm
0.4413045802859266,1.3129242262848837,BonFilm
-0.3525397277466924,0.8214404192134539,BonFilm
-0.6119691111364663,1.6654480433026952,BonFilm
0.3332800044397749,-0.9637727799670023,BonFilm
-0.15188289651108067,0.1189500004250629,MauvaisFilm
-0.3886509686016521,-1.9014858853639278,BonFilm
-1.3999739540119975,-0.12405874790333937,BonFilm
0.7411776863429153,-1.547108223555617,BonFilm
-0.7622582496183841,1.1523488518739473,BonFilm
-0.511547936141907,1.6973912727707359,BonFilm
0.09373068491295575,1.1735658053440527,BonFilm
-1.2536021010378904,1.1327726794192219,BonFilm
-0.5875644958944012,-0.8519122127032212,BonFilm
-0.37653603665164853,0.7049019521967897,BonFilm
-0.5208365739795966,-0.2536317911016748,MauvaisFilm
-0.6300484586645285,-0.08697417527882156,MauvaisFilm
0.5632160421456366,-0.9319617000508087,BonFilm
0.049447996570519216,0.6276988205968871,MauvaisFilm
-1.3727700861187686,1.453129338434442,BonFilm
-0.3179422645485906,-0.6896621258596001,BonFilm
-0.3192044522846917,0.6525872190143968,BonFilm
-1.0542355515306598,-0.16943104885387456,BonFilm
0.049769928070516584,-0.13004845143757232,MauvaisFilm
-1.4636707026456273,-0.6895147029058426,BonFilm
1.3342732620518936,-0.16673258762234186,BonFilm
1.8158820759612235,0.04380325977483572,BonFilm
0.24931434525280197,1.0815664037597723,BonFilm
0.3547210056995192,1.1467086716236359,BonFilm
2.143770679087203,0.2530884887124718,BonFilm
-0.6604611300852941,0.172871901951503,MauvaisFilm
-0.3674741680048976,2.065595294156114,BonFilm
-0.5833728028513107,1.0422448177558996,BonFilm
0.5296360821718162,-0.11958109164110917,MauvaisFilm
-0.34287383163228874,-1.3225484196801305,BonFilm
0.5378888553957517,0.17194080191813405,MauvaisFilm
-0.21432244956372729,-0.3099188214586236,MauvaisFilm
0.0686538528216978,-0.49553282817424854,MauvaisFilm
0.24106989263176426,0.6928535124065085,BonFilm
-0.8265300446328557,0.9574646456948286,BonFilm
-0.07952861209322304,-0.12320998165174432,MauvaisFilm
0.3636899569851295,-0.27270460764142246,MauvaisFilm
0.4687741197901861,2.3785687056196636,BonFilm
-0.9577269508304684,-0.023452509205154844,BonFilm
-0.16728695297603688,-0.42837444994400714,MauvaisFilm
-0.5556060383971028,0.7834148620939018,BonFilm
1.28327308446664,-2.6847889854062785,BonFilm
-0.7228613937932487,-0.6655510642767418,BonFilm
0.14734800670325074,0.5920077585958021,MauvaisFilm
0.1593037538408495,0.16958264934005327,MauvaisFilm
0.7762263698986958,-1.2733987255520949,BonFilm
-1.1789239209006246,-0.6378567049567607,BonFilm
0.25738738061091565,0.11214048278063214,MauvaisFilm
-0.0721168011500386,0.6039961562274041,MauvaisFilm
0.18162311020067695,-1.278106724326257,BonFilm
-0.031287355052413444,0.6199208188364949,MauvaisFilm
-1.1945602213445758,-0.4685485410539464,BonFilm
-0.34695737255188774,0.9403964415710903,BonFilm
-0.7897082688508413,0.26371380125875904,BonFilm
-2.154708539240775,1.012533554651109,BonFilm
1.133572414834721,0.2851173324192031,BonFilm
-1.2289437522633868,-1.0562802411986107,BonFilm
-0.8901452449607614,-0.40560531227225355,BonFilm
-0.9426053808560434,-1.007840093670011,BonFilm
1.426486918627345,-1.798658874493579,BonFilm
0.0880623590824312,-0.8397386988894382,BonFilm
0.8385275980162883,1.1139551977089934,BonFilm
1.2025175697974833,1.1418405475278524,BonFilm
0.25568599801943587,-0.17914899975436605,MauvaisFilm
-0.5680286301696775,-0.6395145294041478,BonFilm
0.9077718886636489,0.6484358504156413,BonFilm
0.8229506664175811,1.8988371676106042,BonFilm
0.14338810592080722,-0.38806147387190665,MauvaisFilm
0.2934832939110489,-0.396922496979637,MauvaisFilm
1.6334644641114233,0.000180798977113921,BonFilm
-0.18135270266078724,0.49787497281726045,MauvaisFilm
-0.234500504788081,0.6942538807153902,BonFilm
2.2237181965706068,0.8582550357131843,BonFilm
-0.10292414828792425,-1.0952423890828733,BonFilm
1.0605658313742525,-0.8483849905713234,BonFilm
1.0965532642574367,0.19957828792616203,BonFilm
-0.38697069965292663,-0.4759930856630528,MauvaisFilm
0.8228283905930346,-1.9485312145379874,BonFilm
0.07225159718603978,-1.3349265324689568,BonFilm
-0.7631035288650047,-0.14755428163396014,BonFilm
0.36533585749072306,-0.6445215058532634,BonFilm
0.7333422199752332,0.6724631290264781,BonFilm
-0.37079736938535385,0.3896082011899486,MauvaisFilm
-2.137037179320462,-1.5055629148305498,BonFilm
-0.11185673019383999,-1.1368913581866058,BonFilm
0.02011179780735476,0.32591308556025705,MauvaisFilm
0.7523118997375378,0.10976793613105551,BonFilm
-0.5868393888663711,-0.9093050474720304,BonFilm
-1.8379022494199664,2.5028440273242,BonFilm
-0.9856509992259191,0.2376910918783726,BonFilm
0.4202347893063498,1.5001099432774692,BonFilm
-1.1845657624279877,0.3164380528879439,BonFilm
-0.3111370627201741,-0.9434035193680531,BonFilm
0.6112357973244946,0.9141622407064453,BonFilm
1.3361559875227575,-1.1035804355975505,BonFilm
-1.44927740318841,0.2112396803284671,BonFilm
-1.5455340251581107,1.0144618356922004,BonFilm
-1.7755755823448753,-0.9888658169766876,BonFilm
-0.15740145705296785,0.7655884821031826,BonFilm
-0.3461466861627569,1.4383600709871143,BonFilm
-0.32026652146616497,-0.048133963066647065,MauvaisFilm
-1.2612918475745811,-2.0626541797082627,BonFilm
-0.7598710903328576,0.4322946529677225,BonFilm
-0.56785506236142,0.6451120481006734,BonFilm
-1.0114236126112832,-0.284078302886635,BonFilm
0.6281030393053769,0.20989404754499655,MauvaisFilm
-0.36858089586896015,0.6621185699177891,BonFilm
0.605875454702012,0.9307512929146998,BonFilm
-0.28710780351379495,-0.6158949271726338,MauvaisFilm
0.9702517965656338,0.26064338993720493,BonFilm
0.3504616185960121,-0.1409379312491619,MauvaisFilm
-2.0619157363463394,0.2578043221803534,BonFilm
-1.6027511789085989,1.1466954743974542,BonFilm
-0.5297060936300143,-0.5308413129723002,BonFilm
0.056492912107945735,1.20615628913978,BonFilm
0.9152139513151278,1.023970828002099,BonFilm
0.10369568083580277,-1.3209547956911234,BonFilm
0.7831517677927843,-0.2484003688120651,BonFilm
-1.5877825888636778,0.34636215177069934,BonFilm
0.46155151337490463,-0.5802784048007453,BonFilm
-0.7274002593031773,-0.11611687085257237,BonFilm
0.7794437524324181,-0.8510690151119089,BonFilm
-2.3679487527453214,1.5913360063894355,BonFilm
0.696327799449851,-0.9429562054062152,BonFilm
0.9638945925747847,-0.5717617575194223,BonFilm
-0.5501377533718674,0.11649462724622053,MauvaisFilm
0.6292690204930784,-0.6015018701264975,BonFilm
-1.1378459383362487,0.34429826474654157,BonFilm
0.5531897337389219,-0.8674651815600553,BonFilm
-0.31547011651279394,0.553088050012767,MauvaisFilm
-1.0301740779130406,-0.33590550557141746,BonFilm
-0.7049672866070193,0.18606946471041483,BonFilm
0.33860707055694683,0.469389432245468,MauvaisFilm
1.7924933656409554,-1.704999737393984,BonFilm
-2.095757821058062,1.1833534205445382,BonFilm
0.24463926093353022,-0.5181548882193595,MauvaisFilm
0.6865722649726315,0.23963169292269285,BonFilm
-0.31908764458087224,0.6026508401422819,MauvaisFilm
-0.4455872796374638,-0.359024126828356,MauvaisFilm
-0.28038647562333363,0.06956547545613047,MauvaisFilm
-1.135350302717562,-0.17107707185845145,BonFilm
-0.4985434432103512,1.0375538998967635,BonFilm
1.235303532437582,1.2849224427108095,BonFilm
-0.42997502204338234,-0.5618954703170542,BonFilm
1.0207404730822731,-0.17572560968604448,BonFilm
0.06791639438732712,-1.1592328570058585,BonFilm
-0.4598540674523993,-1.6658652228788198,BonFilm
0.1327888888463499,0.6728634388362554,MauvaisFilm
-0.7411439916585096,-0.5094194893254442,BonFilm
-0.1901136062284824,0.05300297419596891,MauvaisFilm
-0.3162730949396319,0.5501423017688372,MauvaisFilm
0.19272869885385424,1.0219153605938973,BonFilm
0.49855315054875116,1.1683240915893727,BonFilm
-0.41027483739855675,-0.8046079394461072,BonFilm
0.7487170851810734,0.7092760226448545,BonFilm
0.18328286842382277,-0.913558843556323,BonFilm
-0.16882876053308637,-0.9569529271554128,BonFilm
0.3793834969389275,-0.4698622364846796,MauvaisFilm
0.6058194452982871,-0.48629229637667104,BonFilm
0.09476741204335669,0.39838278067785815,MauvaisFilm
-2.8371643853210027,0.4230131875282375,BonFilm
-0.2862451907002536,0.436449255523887,MauvaisFilm
0.3567300274086886,-1.3221856107055316,BonFilm
-0.7245467794700098,-0.6457016221097022,BonFilm
0.5899257231678913,-1.395307324339365,BonFilm
-0.5694501586752305,-0.3260647272634175,MauvaisFilm
-1.389823149575367,0.9104668928673475,BonFilm
-0.5227149105318822,-1.6556360285091443,BonFilm
-0.8137833346076654,0.4074205444074366,BonFilm
0.13990341047434596,-1.7018437739953454,BonFilm
0.4731170937677048,-0.9796977032470237,BonFilm
1.515949872557447,0.9567974797334002,BonFilm
-0.41566578622340344,0.6225032666063786,BonFilm
-1.6731851904306598,1.3861206447074554,BonFilm
0.5208021212972918,0.2789926234015622,MauvaisFilm
0.25142293359904605,-0.8988745236525645,BonFilm
1.5709511010845132,1.1411589850284665,BonFilm
-0.9727054547362622,-0.5414247174952014,BonFilm
1.0267314297227648,0.8935210500944379,BonFilm
0.42036882572931883,1.0641922172893485,BonFilm
-0.7807178754899433,-1.099197271445798,BonFilm
1.2169974114467568,-0.09301494234112793,BonFilm
-0.5963429121710091,-1.8414355243130531,BonFilm
-0.5608757285088952,0.017722880492610543,MauvaisFilm
0.04388239693270773,-0.3947543230838535,MauvaisFilm
2.6219813010607704,-1.362104116086211,BonFilm
-0.9987436037773098,-0.970877334460054,BonFilm
0.4636623429003925,-0.9202320822578071,BonFilm
1.1498708679003544,-0.4984482480314132,BonFilm
-0.6754019758392802,1.805382584262745,BonFilm
1.9686959754724667,1.2763339103041045,BonFilm
-1.3377727724598167,-0.1277453864332603,BonFilm
-0.10634828874845223,-0.1755654481677224,MauvaisFilm
0.6906022522589823,1.3225111962138045,BonFilm
-1.0138117071163597,0.03206881800414646,BonFilm
-2.1515989224765617,-1.4843454893966046,BonFilm
0.35506062983262854,0.12344422030485265,MauvaisFilm
0.13284538236704374,0.044486854192301646,MauvaisFilm
1.1605094402929763,0.6366641782875485,BonFilm
-0.4408867287228049,-0.5964121410900102,BonFilm
1.873537658719138,-0.35693458208835116,BonFilm
-0.8226488384716197,-0.33522814435878523,BonFilm
0.7217436339967769,-0.4120363644273864,BonFilm
1.453198524612163,-0.14189170324049827,BonFilm
0.4841658918232524,-1.651615903100171,BonFilm
0.16046234586834546,0.7772045316114812,BonFilm
-0.08972424917442838,-0.512690151161269,MauvaisFilm
1.6666203734736533,1.3409480166592689,BonFilm
-1.5131298019347752,-0.9712322342089711,BonFilm
-0.4346403912232868,0.2808190193840079,MauvaisFilm
-1.7020196323314194,1.2732098684995266,BonFilm
-0.1980575982942833,-0.8219074843684783,BonFilm
-0.34014689535431264,-0.3608300665848236,MauvaisFilm
1.9953879966766321,-0.7957833813941118,BonFilm
-0.004285956354554877,1.9800727907063296,BonFilm
0.8053907115879587,-1.5645833312285977,BonFilm
0.1163527092872869,0.8288272786428602,BonFilm
-0.40819769489716146,0.21090138381047266,MauvaisFilm
-0.5045700245714992,1.3818137279019256,BonFilm
0.8041772081296465,0.3091648983880634,BonFilm
1.378411296516349,-1.054888039841891,BonFilm
-0.026613339419958366,1.1344843782824128,BonFilm
-1.8984382803424034,-0.1459167230898424,BonFilm
-1.9502201086442024,0.21980179799848337,BonFilm
1.4694312594481296,1.035579150709878,BonFilm
0.3804158384022859,0.9033099260349801,BonFilm
1.7978185078082127,-1.3597970738168088,BonFilm
-0.8737742422565141,0.37068867478516027,BonFilm
-0.19934820319577792,1.696272904563672,BonFilm
-0.520068067042409,-0.46074878349798254,MauvaisFilm
-0.030251540703139974,0.055562997332695284,MauvaisFilm
0.7787959546383774,0.7263861361204741,BonFilm
-0.02446031434615182,-0.19221685820675263,MauvaisFilm
0.24950423930802765,2.5203366904692057,BonFilm
0.5116152573219046,-0.4119487343326067,MauvaisFilm
0.6476585898157745,-0.12656265357673763,MauvaisFilm
0.9448301092886696,0.41623519863656006,BonFilm
0.051927813846224795,-0.9761044210890841,BonFilm
-0.5191974516511887,-0.6020580621364592,BonFilm
-0.6226572446000732,-0.22576414655147273,MauvaisFilm
0.23117859679073294,0.1619114972272758,MauvaisFilm
0.7685484954360152,-0.816912754575184,BonFilm
-0.5212415301460175,-2.1186663635396705,BonFilm
-0.4066663225252347,-0.5830247684488757,BonFilm
1.5259412128447245,0.9593744236917944,BonFilm
-1.862029035931529,0.4011293386625088,BonFilm
-0.5954554344413162,-2.078957537698811,BonFilm
1.5114736391157804,-2.2176102781860894,BonFilm
-0.5290919914050811,0.9646628323442097,BonFilm
-0.6620337278507775,0.17818721464975462,MauvaisFilm
0.5021624572396745,0.5849399098606566,BonFilm
-0.4239775667753011,-1.3135501926967086,BonFilm
1.4288443155191342,-1.0175269401788862,BonFilm
-0.029614157516151873,-0.938140310799679,BonFilm
0.0392826547926203,-0.2245329690399481,MauvaisFilm
-1.2235643877856668,0.21810130940554578,BonFilm
-0.14612261283852446,-1.6909883076952628,BonFilm
0.4169850682074559,-1.5777027497217162,BonFilm
1.9940974858627807,-0.16363166249351657,BonFilm
-1.3034427520390106,-0.7122711386610743,BonFilm
0.6061722578321243,0.3427587265937486,MauvaisFilm
1.0143979931765041,0.7366290377904007,BonFilm
0.5952786270964673,-0.8441416423925893,BonFilm
-0.6072089912002246,0.02753918842269776,MauvaisFilm
1.490268154853671,-0.9366870966133344,BonFilm
0.6298504865718597,-0.37017716699126735,BonFilm
0.6884671633365506,1.7753156532697267,BonFilm
-0.6120739364132848,1.358549227954574,BonFilm
1.808975244821113,-1.5994738489707068,BonFilm
0.4785748753000468,-1.818396101692949,BonFilm
1.4871625589159476,0.33245318217072806,BonFilm
-0.8565552189358662,0.08556924744454657,BonFilm
1.169894362630089,-0.35865209345764915,BonFilm
-0.7563860903216505,0.8703698615246875,BonFilm
-1.1046766478918841,-0.0048332237756739,BonFilm
0.8203175606536335,-1.7738187008630453,BonFilm
2.0603186319561204,-0.9676885069122941,BonFilm
-1.02738621726919,-2.29673250511722,BonFilm
-0.7753733616991346,0.6478020874789122,BonFilm
-1.0062453572241983,1.7959244015042828,BonFilm
0.18159308435735527,-0.6515903173236899,MauvaisFilm
-0.36768887219301477,0.34516075010681985,MauvaisFilm
-1.0758865802610416,0.3977191271661069,BonFilm
-1.6921401923198616,-0.9611582476602801,BonFilm
-0.9240607583613857,0.5635278902421286,BonFilm
0.5260204636965221,0.41713736124978473,MauvaisFilm
-0.5598224560491151,-1.7491299234668125,BonFilm
-0.9904621179293556,-0.5032519982834638,BonFilm
-0.3252965348341485,-1.2015162227346023,BonFilm
0.40713549526671694,-0.713019381183062,BonFilm
-0.02301012630419157,0.5101474475071985,MauvaisFilm
0.7737001151809109,-1.8966357308299744,BonFilm
-0.9453051190341535,0.7161778215058049,BonFilm
-0.1028780271057074,2.7547063661720537,BonFilm
0.3595697525614219,-1.1073637943708348,BonFilm
-0.07148791250695605,0.11836218706209675,MauvaisFilm
0.5827092305940793,1.3594730485358897,BonFilm
1.127273199482639,-1.125436984782998,BonFilm
-0.8784476878111456,1.1653898619324008,BonFilm
0.09224389914803197,-1.662056639315518,BonFilm
0.44445691287845496,0.28783089837856884,MauvaisFilm
-0.36726664211128535,-1.8221556981863496,BonFilm
0.9996834934254176,-1.4058655179599533,BonFilm
-0.5143705437216248,-1.4907158996800234,BonFilm
1.6233140101949144,1.0831273448754113,BonFilm
0.9287933709410028,-0.15530650064410306,BonFilm
0.618498651885568,-2.3824373494495075,BonFilm
-1.0114941956099648,-0.11464562462962644,BonFilm
1.0977630852724694,0.6062675871021826,BonFilm
-0.4987258223291967,1.8319212387467885,BonFilm
0.6691328175014956,-0.543066672826947,BonFilm
-0.7535898706424692,-1.839746901386789,BonFilm
-0.8161017337546229,-0.10640880529784043,BonFilm
0.5104920601721272,0.05553235622021059,MauvaisFilm
0.7662867744030039,0.9550339213426982,BonFilm
0.4540479948830745,-0.3918743801391894,MauvaisFilm
-1.2769328933019903,1.7315315514659264,BonFilm
1.8868678894799669,1.0109747737359696,BonFilm
0.8893033323455193,0.15277531477439468,BonFilm
1.4780386949671829,1.2431097068886794,BonFilm
0.6500297948789184,1.867118670344389,BonFilm
1.2705623363559595,-0.40561376962094764,BonFilm
-0.27350136151253346,1.3187100972636385,BonFilm
-1.3105949444043732,1.4391555431985066,BonFilm
-0.20788631093562177,0.8577367819615531,BonFilm
0.8311774379292478,0.528093373999152,BonFilm
-2.336520150847841,-0.21971315397177416,BonFilm
-1.4501516393116147,1.8703273059712866,BonFilm
0.44526890837135147,1.0815634985858094,BonFilm
-0.807458808920709,-0.2543846754546995,BonFilm
-0.4505249173593857,-2.002177704473149,BonFilm
-2.4951115285643732,-2.0495885869719315,BonFilm
-0.2760808986922879,1.5137380627507744,BonFilm
-1.2608765619564233,0.6464453080200858,BonFilm
-1.559600479058127,-0.05153161764375399,BonFilm
-0.4886345531383652,0.10018805770380888,MauvaisFilm
-0.9428425119709778,-0.9598235662092222,BonFilm
1.0376962840323858,-0.04057258479878491,BonFilm
0.05572483944718994,0.0523667655985308,MauvaisFilm
1.220863200201463,-0.0889124053209243,BonFilm
-0.683846860901624,-0.5126198286264673,BonFilm
0.45600426139423045,0.8883217696603098,BonFilm
-0.5212683609673948,-1.876654966270025,BonFilm
-2.4850002131340676,-0.5455924612826143,BonFilm
1.1025911975208535,0.4310257376256499,BonFilm
-1.4755598148186682,-0.2015348603647003,BonFilm
-0.364011703142335,-1.2183280970384096,BonFilm
-0.21397621798019778,1.7497598265902143,BonFilm
-1.3792038261529478,1.3177475780513326,BonFilm
0.3838686246452741,-0.2436150516921797,MauvaisFilm
-0.213106632304935,-0.8351746242776789,BonFilm
0.9758373660332496,0.42384763229693495,BonFilm
-2.0150132563699077,0.9856690721749659,BonFilm
0.011007211035898763,-0.36101093275263946,MauvaisFilm
2.078675497043506,1.8947598962053702,BonFilm
0.48000172230212756,-0.9568121281208192,BonFilm
0.61732479438912,-1.222163715617544,BonFilm
-0.832035297688505,-0.19841384235863316,BonFilm
-1.5067560209938737,-0.48408277740981404,BonFilm
-1.2452375679011938,0.20852546704185448,BonFilm
-0.036087669182874524,1.4046826618742951,BonFilm
-0.34123298749992265,-0.024467545621441055,MauvaisFilm
-0.5844450965106195,1.6275109464161568,BonFilm
-0.44718014758338476,-0.1558427567859928,MauvaisFilm
0.24433956776470578,1.0848103647773946,BonFilm
1.6064335842703474,0.33811690284623724,BonFilm
0.5536948487487746,0.21986944674561104,MauvaisFilm
1.1534815175378899,-0.99609537187195,BonFilm
0.3488019134777082,-0.03351631967939078,MauvaisFilm
0.2513953859322335,-1.3768922071517766,BonFilm
1.6712860700465784,-0.06415348800313646,BonFilm
0.17597867698975672,-1.3762083668293161,BonFilm
0.050926724490757615,-0.7271272765773888,BonFilm
0.5030503591642052,-0.6266994513587217,BonFilm
-0.6106769570546673,0.8673852144490292,BonFilm
1.7836724886712818,-0.19419873384630237,BonFilm
-1.2692686755017248,-1.2615976833684548,BonFilm
0.19245284982705813,-0.5664019086192016,MauvaisFilm
-0.24509515752258051,-1.315131163400206,BonFilm
-1.4070219201206826,0.056393336008754,BonFilm
0.11280298188945985,-1.2504063195773583,BonFilm
-1.2611809023430474,0.4319954940356153,BonFilm
0.40245025922733435,1.4619678572141135,BonFilm
0.44749175966079596,-0.2775250481881646,MauvaisFilm
0.7944580518495532,-1.309597470764884,BonFilm
-0.295715366541523,0.6330250580603815,MauvaisFilm
-1.8315282641909811,-0.3955458842731327,BonFilm
-0.6671844541030355,-0.5213954401927456,BonFilm
-0.256719579497284,0.5174916339871768,MauvaisFilm
0.45463480926220456,-0.6811174130563381,BonFilm
0.12435081286814219,0.10399004465223312,MauvaisFilm
0.8199173266213201,0.12887900777290817,BonFilm
-0.6059483931242613,0.8797664787712233,BonFilm
-0.9278964926401473,-0.18187447242341767,BonFilm
-0.01227008435501879,-1.1347743843736788,BonFilm
0.3535462296342865,-0.3228515575657852,MauvaisFilm
-1.6547196409715144,-0.9420053893034983,BonFilm
-0.5809368171428594,-2.5888109867493254,BonFilm
0.3724780806856374,-0.8259014897195008,BonFilm
0.6142218177765955,0.283418634570082,MauvaisFilm
-0.8223004586264137,-2.2101379845959026,BonFilm
0.31423895406713626,0.9315040994103548,BonFilm
2.5687081008886534,-1.5686993188922636,BonFilm
-0.9788446731388413,-1.2271089877284072,BonFilm
-1.4765091886423642,-0.36381398270311216,BonFilm
-0.8649213279365947,1.237418365749874,BonFilm
0.41285176479454716,0.04380210066696965,MauvaisFilm
-0.3134148639099509,-0.004262889262645911,MauvaisFilm
-2.0061899883348175,-0.9064191526994692,BonFilm
-1.2770463690003,-1.1998442075360936,BonFilm
0.06378645400200397,-1.8574783467546268,BonFilm
-0.9857710111278367,-1.8022912702142637,BonFilm
-0.03801596726495939,1.525728318584321,BonFilm
1.7965926467161828,0.983591509755099,BonFilm
-0.2688222779823366,0.33859791218135815,MauvaisFilm
-1.044708439772047,-0.06222167914697164,BonFilm
-0.34520213895185714,-0.12070597810269032,MauvaisFilm
-0.6954780834669655,0.3501276610472903,BonFilm
1.8318403635425777,-1.5589194415455427,BonFilm
0.4337994708714653,2.6565498658206343,BonFilm
0.8173035134029271,0.4744128476038784,BonFilm
-1.3854943420771901,-0.22789186178294674,BonFilm
-0.435572050354437,-0.6703304407835873,BonFilm
-0.4225176982242267,-0.6003497765613776,BonFilm
1.7039089049787213,0.3424212130622395,BonFilm
-0.05804503698531904,0.49716757573967657,MauvaisFilm
0.7035459269646313,0.6039643675060098,BonFilm
0.1600581971702505,1.7347408891628842,BonFilm
-0.3921290297542334,0.08007573613636175,MauvaisFilm
0.27514568781697585,0.5242411539525881,MauvaisFilm
0.8258376276083232,-0.27708426967981686,BonFilm
0.294150221295102,0.699856950669631,BonFilm
-0.09382066665041995,-1.2602863679367837,BonFilm
0.3190730886950873,-0.08809175995132869,MauvaisFilm
1.3466494029356109,0.9880024422506625,BonFilm
-1.0676778504395075,-0.5687741677099807,BonFilm
-0.24044384179539005,-0.7765557804672709,BonFilm
0.42751103912473254,0.9027613907267749,BonFilm
-1.2706004347376931,0.10876753478321716,BonFilm
0.5346286227966441,-0.059534009381654936,MauvaisFilm
-1.6242228333654627,0.3161190743293267,BonFilm
1.542171810348356,0.5856962151125702,BonFilm
-0.06379706267494344,0.03591650751481065,MauvaisFilm
0.15345498740546945,0.11776737621404317,MauvaisFilm
-1.382170106725167,-0.06413851145510537,BonFilm
0.7261876085121881,-0.9949726059264715,BonFilm
-0.0924326127721622,-0.3525365308642995,MauvaisFilm
3.273053755551213,-0.9532377696114439,BonFilm
1.763061711532905,-0.6254331170069084,BonFilm
0.9737833342148694,-0.8210448351059625,BonFilm
-1.034049506929689,-0.16687388963734898,BonFilm
0.6548025616077496,-1.2759265996161893,BonFilm
-0.11190513444220129,-0.23048827434867636,MauvaisFilm
-0.2533280967110135,0.4653867404002476,MauvaisFilm
0.85989070750218,-0.7990316550697272,BonFilm
1.9853952498859873,-0.7944912702311586,BonFilm
0.15612779937201202,-0.27865973015891504,MauvaisFilm
-0.4219951503819856,1.9886709464648968,BonFilm
-0.706959287122317,-0.8706893598114904,BonFilm
0.6890395828707317,-0.047242263019914424,MauvaisFilm
0.9588589925639649,-0.8798581712452554,BonFilm
1.674757728350444,1.762482199457538,BonFilm
-0.18449425320326737,0.77565669703261,BonFilm
1.6545172614226065,1.046844938171771,BonFilm
-0.36529145434713417,-0.7022318944377752,BonFilm
-0.8377701353847733,0.4545526904161608,BonFilm
-0.8275094645038221,-0.7755688605696354,BonFilm
1.8877340430880414,-0.28912043687463995,BonFilm
-0.04304991955844456,-0.3941227462787694,MauvaisFilm
1.318864594037305,0.3388024672483855,BonFilm
-0.21403822431002797,0.6326638308004531,MauvaisFilm
-0.1798808345096861,-1.2585141199501515,BonFilm
-0.02851053315995972,0.619236311220892,MauvaisFilm
-1.9644677031129147,0.09576057761204776,BonFilm
1.015049805542593,-2.1199379412044506,BonFilm
0.20629109699837125,0.46769910404197756,MauvaisFilm
-2.1167477211347254,0.8724792895128647,BonFilm
1.269851050570989,1.4200234012770026,BonFilm
-0.36028159327355225,-0.2519806349480812,MauvaisFilm
-0.24356776466515057,0.5689713978394421,MauvaisFilm
-1.2139930909330319,-0.778960912036527,BonFilm
-0.0182923457054212,0.43913395901288327,MauvaisFilm
-0.28784423453995256,-1.11662327867651,BonFilm
-0.5846322357325731,-0.10069278795016093,MauvaisFilm
0.5742439624477174,1.011556494195252,BonFilm
-0.6785012018741517,1.2041660642668472,BonFilm
-0.9779263321205296,-1.314517285686397,BonFilm
-1.3503533906981198,0.20836064578344443,BonFilm
-1.5731422054367097,-0.6490123739805179,BonFilm
0.24695146196741838,-0.8562066587934315,BonFilm
1.1581989818132212,1.1092221215904654,BonFilm
-0.06627028653163536,-1.268726274056863,BonFilm
1.3523575597954212,-2.4166660237145865,BonFilm
0.2842824647912823,-0.14668278822001893,MauvaisFilm
-0.7919587871195987,1.4291574843321162,BonFilm
0.3724808869988438,0.9784104449032532,BonFilm
0.41123592772018625,1.0204772033353449,BonFilm
0.1378456515063806,-2.2100754735967385,BonFilm
1.1503380261581109,-1.0198765780502956,BonFilm
-0.2347554424246619,-0.5544874593867203,MauvaisFilm
-0.05516465023358879,-0.6559649353851453,MauvaisFilm
-1.6588847609651551,-0.7578678248078894,BonFilm
0.270239502551936,-0.23381083699431882,MauvaisFilm
-0.12804810266297878,0.2580907986259104,MauvaisFilm
0.6529534037458875,0.12136634812407313,MauvaisFilm
-0.6090077153969694,0.6397220045129244,BonFilm
0.25950970476251506,1.0051291292272302,BonFilm
-1.5094950908058316,1.536543971234417,BonFilm
-0.47434901944971464,-0.4339681262701027,MauvaisFilm
-0.31355461556545317,-0.008549985546144015,MauvaisFilm
1.021931043238398,-1.9527430273496258,BonFilm
0.9578441650731153,0.7885707757803707,BonFilm
0.7907011399819002,-0.48721431931762355,BonFilm
-0.07007962329599436,1.1221019775759804,BonFilm
0.6479081129100328,1.3845436620125173,BonFilm
-1.746613852002747,-0.11788827023496047,BonFilm
1.704603145773684,0.08029564084134905,BonFilm
-0.024519853735443582,2.6821629467136416,BonFilm
-1.0433460596468327,0.2117636439640941,BonFilm
-0.016097818728932043,1.131038409454586,BonFilm
0.4792152629151144,0.6027278791057463,BonFilm
0.8530183922247192,-1.8523917355242105,BonFilm
-0.31747203616708203,-0.7098171061101153,BonFilm
1.8090168330809837,0.6865643478818187,BonFilm
-0.12729454572637514,0.18710375663002826,MauvaisFilm
-0.954925612429127,-0.29636586559459904,BonFilm
1.1359405392231272,-1.2365324719945177,BonFilm
0.9652630396890675,1.4094554443924883,BonFilm
0.1603181959827638,1.4970414543089554,BonFilm
-1.8495191544982814,-1.1508000930696973,BonFilm
-0.1907711647709601,-1.2226490769636857,BonFilm
-0.8772472762322824,0.04636077861485541,BonFilm
-0.5695408239919716,0.21658049600300908,MauvaisFilm
1.4110219279318186,0.01695647553289956,BonFilm
-0.29247419764092725,1.353503638531188,BonFilm
-0.6701366620407683,-0.3046687012871759,BonFilm
0.6028202407156148,-2.294091015059017,BonFilm
0.9418107280529788,1.562825720202341,BonFilm
-0.45574807862968675,-0.20173193627912636,MauvaisFilm
-0.35561596011963825,-1.6805156953193694,BonFilm
-1.5156217893610324,-0.6839278231088681,BonFilm
-0.9051668609613153,-0.20234126540039146,BonFilm
1.0255424292227413,-1.0638246438806895,BonFilm
-0.273581276890194,-0.33692656694593714,MauvaisFilm
-2.4989650848109255,0.10930807670418237,BonFilm
1.2440552809752232,-2.059422183206221,BonFilm
1.35716021152179,-0.5215461285287603,BonFilm
2.067117867268096,0.9215048296294361,BonFilm
-2.6199962416032436,-1.3297233976958147,BonFilm
-0.13682164062452143,0.06184767390989886,MauvaisFilm
-1.2214710021432247,0.13753739599453282,BonFilm
0.5309042511363945,-1.8926429716190474,BonFilm
-1.0095569915575635,-1.1829651853141343,BonFilm
0.04994803565433658,1.5725576471129306,BonFilm
0.3373651291435984,-1.1661815507417397,BonFilm
1.4261413742905367,-0.4269234702668468,BonFilm
-0.27882345822843463,1.4671073988851788,BonFilm
-1.1672293623471268,-1.2251870494097625,BonFilm
-1.36534715949315,-2.516547969818067,BonFilm
-0.6143162652271111,-0.8922966256670772,BonFilm
-0.3979520904372196,0.14689662816543705,MauvaisFilm
0.242921778229316,1.011183973169197,BonFilm
-0.019886613200456912,-1.5545141005455656,BonFilm
-1.0626939250065148,-0.7822497675026572,BonFilm
-0.37220684842576596,-0.29755748691964445,MauvaisFilm
0.12925601063685171,0.8432244286024386,BonFilm
-1.0820510001475625,-0.28067122808831146,BonFilm
0.3436641011850463,-0.6218767921517019,BonFilm
1.1036474425661558,0.9368955333103356,BonFilm
1.2897494614088363,1.292457953360071,BonFilm
0.42455576409152546,-0.8525845808436515,BonFilm
-0.7758544361433922,-1.6772912214978555,BonFilm
-0.05165279644548777,-1.0507054787311219,BonFilm
-1.6901157766637567,-0.40415193735123683,BonFilm
0.18366375573400534,0.7198031146296072,BonFilm
-0.642711706419295,-1.440850159265512,BonFilm
1.4454073438607054,-0.27280789845352404,BonFilm
-0.993895362704168,0.09173225516706317,BonFilm
-0.6626016921072385,-0.2410366627860824,MauvaisFilm
-0.1518347186567186,1.4632879660074727,BonFilm
1.2674500400037922,-0.18932991625998202,BonFilm
1.2945134323858263,-0.8132618331776649,BonFilm
-0.8270547795971747,-1.6835193619444873,BonFilm
0.2440349967294124,-0.14540585085273106,MauvaisFilm
0.42517624208616756,1.2774114048381184,BonFilm
-0.05168835637347463,-0.4989485061509687,MauvaisFilm
0.28041144943283863,-1.2699869865875664,BonFilm
0.651191999994147,2.7317919845794574,BonFilm
1.0986611161062252,0.26763278130709095,BonFilm
2.098334892581307,-0.19768688502315734,BonFilm
-1.3332052228247209,0.14353428788838699,BonFilm
-0.9335925164879345,-0.0031928593170183405,BonFilm
0.27919420490047103,-0.13345825553199128,MauvaisFilm
0.4624210996441257,-0.7607145129471299,BonFilm
0.5316083366652047,0.7580110673606743,BonFilm
0.7231344288197004,-0.1863072238574539,BonFilm
-0.0552972646406271,0.3672446302489687,MauvaisFilm
-0.9283692991733422,-0.09445480074770396,BonFilm
-0.3265723389196227,0.06458068634634256,MauvaisFilm
-1.7175472776185916,-0.7009707692433229,BonFilm
-1.0922064187677147,0.5321624121864872,BonFilm
-0.23501355689512898,0.3205334464837001,MauvaisFilm
0.5201390319513954,-1.277814532885588,BonFilm
-1.0603659011982953,-1.650956915427046,BonFilm
-0.42013843299926434,0.3397327664477417,MauvaisFilm
1.376696123013189,1.6944423468891805,BonFilm
-0.08053146513909643,-0.9415360300856209,BonFilm
-0.34989160975777533,0.9047482262029373,BonFilm
1.0344468738756984,-2.726330822561139,BonFilm
-0.4685826032837799,-0.10818595637577597,MauvaisFilm
-0.6322989521142446,0.603972611909015,BonFilm
-0.7106500461087152,0.4537034363784246,BonFilm
1.9191586362468616,0.45722393570829667,BonFilm
0.6942108025739607,0.05770093511827239,MauvaisFilm
-0.3608461253448533,0.5250281480861424,MauvaisFilm
1.7310314918524143,1.5335181998108058,BonFilm
0.09946002441069472,-0.22272814726540005,MauvaisFilm
-0.016403553024609253,-0.736417437642458,BonFilm
1.7199932056761769,0.9166575322485713,BonFilm
0.854145804336999,0.042888185091759394,BonFilm
1.888570219034753,2.0598901902149636,BonFilm
-0.9316091739318249,-0.4687172551015148,BonFilm
0.32566637871039883,-1.6887532415202176,BonFilm
0.9607520542633988,1.5102446535614107,BonFilm
0.9241607967512,-1.2578392900073454,BonFilm
-1.0033970592560362,-1.0181122619156742,BonFilm
-0.7965160924165409,-0.705432690580092,BonFilm
-0.5972519401350814,-0.26622742349036627,MauvaisFilm
1.0326143435589379,1.432425043089676,BonFilm
-1.2882367832590924,1.180516660503872,BonFilm
-0.15755180524478127,-1.3743594278612281,BonFilm
0.7571257850006513,-0.5211347178094886,BonFilm
-0.4390315172112193,-0.30092791654618906,MauvaisFilm
-0.10653566632173683,-0.3924191152270258,MauvaisFilm
1.4063745507351513,1.17315649324007,BonFilm
-0.8487096098559975,-0.859066340979153,BonFilm
-0.4691787617720071,0.1041955297362957,MauvaisFilm
-0.11921128981096239,1.539718657421955,BonFilm
0.3110147626031778,-0.8632595679317842,BonFilm
1.5269717196576769,-0.954507549225246,BonFilm
0.1801578798040401,0.5596166469855278,MauvaisFilm
-0.46405041796515156,-2.042134918131923,BonFilm
-0.061831020570080344,1.304276716513014,BonFilm
-0.506919886896062,-1.580261011865095,BonFilm
1.0492531543019255,1.9844533503096453,BonFilm
-1.180617638489708,0.19260571009604574,BonFilm
0.5850395442483279,-0.3579281072679106,MauvaisFilm
0.3668787663828436,0.9347405711509161,BonFilm
-0.4968146350422392,-0.0829595307058738,MauvaisFilm
-0.436160577707583,-0.5931866759214024,BonFilm
0.47390544793690365,-0.761691805053901,BonFilm
1.443186573338571,-0.8089277614140812,BonFilm
0.2083439095824031,1.1968854659017165,BonFilm
-0.14666034179220927,-0.8258716740355996,BonFilm
-1.6652762472222493,-1.224951821662662,BonFilm
0.29794200089962447,1.2776041378382865,BonFilm
-1.1347818322527787,0.5398120639291799,BonFilm
-0.2072991336299152,0.4449430746097856,MauvaisFilm
-1.069296544939908,1.7504586641769695,BonFilm
0.6301015563612854,0.03609392029513596,MauvaisFilm
-0.5916690059135491,0.1840644061188753,MauvaisFilm
0.15872337414088714,1.2151508342084634,BonFilm
1.0080184482287509,0.9793628082364677,BonFilm
-0.17932402676952047,-0.5965756875421727,MauvaisFilm
0.8208168679157439,0.41591744679353193,BonFilm
-0.08660569440234857,-0.6135660958751478,MauvaisFilm
-1.3938135364767132,-0.4472757567598447,BonFilm
-0.18145867879736827,-0.7047836156914928,BonFilm
0.3529717205960508,0.8833142739712283,BonFilm
0.7098992253692343,-0.5121513658881082,BonFilm
-0.5071890225031556,0.29255668158533243,MauvaisFilm
-0.3446173109015035,-0.9274412954091947,BonFilm
-0.5881713135226715,1.5415743253693286,BonFilm
0.3207549025477639,2.0404347017663578,BonFilm
-0.5788769776941987,-0.13788087939411564,MauvaisFilm
-0.7643662106838643,-0.6246080018683022,BonFilm
1.6835438080718952,-0.47673788893124186,BonFilm
-0.6267095782952419,-1.3326973648728828,BonFilm
-0.04336667735830238,0.9200518123917396,BonFilm
-0.3571013379000947,2.4218174894273115,BonFilm
-0.9455211970251354,0.01686690265999164,BonFilm
1.1744598068410772,0.10824144059179266,BonFilm
1.010003204971646,-0.6015847602053146,BonFilm
1.2419364680759937,2.092453568962972,BonFilm
-1.1325709446337742,-0.45227306967154474,BonFilm
-0.4600500044570435,-0.672316865980172,BonFilm
0.18837316209768415,-1.920311830421215,BonFilm
-0.8511590327904486,1.4615027209873683,BonFilm
0.2740106225520721,-1.5674853376718285,BonFilm
0.3756080446970069,1.799153385914296,BonFilm
-0.6706716182852709,-0.6954219399977188,BonFilm
1.0943279645536999,1.155611526602939,BonFilm
1.1487114905066187,1.2534648740729137,BonFilm
-0.11802021272031825,0.3558326450140914,MauvaisFilm
-0.142428018514774,-1.0809329055557353,BonFilm
0.48215787517415154,-0.6438101332229705,BonFilm
-2.340117947321483,-0.3637154706888982,BonFilm
0.9711324813875701,0.4756410995998873,BonFilm
0.13812211095139307,-0.835112234474798,BonFilm
1.577020094274615,0.8565879322619399,BonFilm
1.6938606582457578,0.9483491111076261,BonFilm
0.7001317493404878,2.748634356468241,BonFilm
-0.14832228534456768,0.7614558633804421,BonFilm
-1.9553678121234725,0.06728907375593167,BonFilm
-0.6879629497129209,0.5330213987988638,BonFilm
-0.08479968803853961,-0.5856278259458719,MauvaisFilm
1.1184540625025223,-0.22538134575631757,BonFilm
-1.8235543097878708,-1.199476575303253,BonFilm
-2.812088747015033,-1.6359223850508808,BonFilm
0.22488073727038366,-0.5122941148672164,MauvaisFilm
-1.0347033028679715,1.2114104098514649,BonFilm
2.288627360870191,1.6231217718701838,BonFilm
-0.8369587147162653,0.7868520175421576,BonFilm
-1.5349734400433976,0.4627872062556658,BonFilm
1.6609978335176407,0.3545141064661423,BonFilm
0.02811317785116845,-0.7690203310943677,BonFilm
0.19211322156322533,0.6079900986160263,MauvaisFilm
1.0511149437343403,1.7267053724114578,BonFilm
0.29126039755051963,0.32184062299996746,MauvaisFilm
-1.0534027485979518,0.02306424544330147,BonFilm
-2.60900823061722,1.335516426033199,BonFilm
-0.8400430787748207,1.860300313456492,BonFilm
-1.3158612895696544,1.302037529866955,BonFilm
-1.2363431033388161,-0.00271160780242686,BonFilm
2.012285562054888,0.9217901934385715,BonFilm
-0.5355427461451205,-1.0785865041460965,BonFilm
1.6710456697507896,-0.025574530010381503,BonFilm
-0.676797240101352,-0.13685433336684574,MauvaisFilm
-0.35330224803018934,-0.22394558032198078,MauvaisFilm
0.4179770982944563,-0.4254865024167625,MauvaisFilm
-0.4465559844927393,0.167962348662127,MauvaisFilm
2.3174747710523116,-1.2247620637385985,BonFilm
0.8620290937224028,2.077662435427932,BonFilm
2.4843542590729877,0.7569019081854804,BonFilm
0.19369247116442445,1.0001009512111416,BonFilm
0.30449015564729914,-0.7056488518942408,BonFilm
0.13980655293030667,0.41477783888516645,MauvaisFilm
-1.0371051100465667,0.8314336757681681,BonFilm
-0.35434011666137677,-0.07817949504810831,MauvaisFilm
-0.023786286417756486,-0.6652038630633255,MauvaisFilm
0.014548021492973191,0.463113395897487,MauvaisFilm
-0.7024005775461224,2.069515676035502,BonFilm
0.7262918461048378,0.21814468712446336,BonFilm
1.9158568779860685,-1.5104572155012992,BonFilm
-0.7516702901519721,0.6558736896607521,BonFilm
-1.057789569619856,0.6396433514874053,BonFilm
0.09310636214133079,0.5371076164907874,MauvaisFilm
-0.12107705501625786,0.6620622464319083,MauvaisFilm
0.1510655833062619,-1.212401526648781,BonFilm
-0.8329720128241039,-1.3158048299235177,BonFilm
0.3580940367128651,-1.310875227718611,BonFilm
-1.2981302805523611,-0.6628771864581349,BonFilm
-0.6830320266369391,0.5947337928985101,BonFilm
1.5117736941713034,0.010457714170144143,BonFilm
0.31764578703208296,-0.5679260101142661,MauvaisFilm
-0.015390080471663533,0.2446627713100673,MauvaisFilm
0.9300101165353656,-0.3255704780384181,BonFilm
0.6565374948818036,0.18664026031517159,MauvaisFilm
1.0795853936395694,2.0134793960224244,BonFilm
0.6641097310980909,-1.3983398743814237,BonFilm
-2.0070619872143345,-0.761593684716259,BonFilm
-0.3450176043769449,-0.8412729653635403,BonFilm
0.6484854187233273,1.2144383092681021,BonFilm
1.0812268999580081,0.3367498763701297,BonFilm
0.9555921923317515,0.670237101671516,BonFilm
0.42561434940039866,-0.9292487641664594,BonFilm
0.16533491502254746,0.6311613237257068,MauvaisFilm
0.8882851958664885,-1.2683543586931854,BonFilm
2.083861546656181,-0.682800402327682,BonFilm
0.8472106286537918,-0.593792103321196,BonFilm
-1.9378397218492196,-1.3379673381999526,BonFilm
-0.42978772003732174,-1.0430414441461162,BonFilm
-1.52702690519319,0.6294612802134338,BonFilm
0.2806458380012257,0.2819962917575209,MauvaisFilm
0.8782922196400742,0.07110917649673529,BonFilm
-0.12581825265530186,0.6824370892026357,MauvaisFilm
1.1583918829720823,0.4927519430492668,BonFilm
-0.38034033527085737,-2.237006637916275,BonFilm
-0.814438351820972,-0.930610429032275,BonFilm
1.0837233805202882,-1.0079927880110067,BonFilm
0.07540687527926561,-1.368994476747605,BonFilm
-0.5035765607581498,0.4401524545638722,MauvaisFilm
0.154968763119937,0.3474182258147197,MauvaisFilm
0.8220073113266071,-1.3971099612033633,BonFilm
0.6897564305097229,1.3446596321328903,BonFilm
0.1251767122705725,2.451499435850192,BonFilm
-0.2977713970284634,-0.5090555036671586,MauvaisFilm
0.5837422429955631,0.5889196868101632,BonFilm
1.065182830334719,-0.7206249793968023,BonFilm
-1.161179982527026,0.775169908450688,BonFilm
0.8269517198260864,-0.5477701765175387,BonFilm
-1.5329580233757296,-0.6721151743928564,BonFilm
0.5194385546283781,0.9307540186637259,BonFilm
-0.5102907983162196,0.6454674381950072,BonFilm
1.8773876856210905,0.07847820181895525,BonFilm
-0.21982638070793523,-1.7414544763380755,BonFilm
-0.4333095062561988,-0.8839619936521055,BonFilm
0.38262913135926274,1.657861961147995,BonFilm
0.5596204183762097,0.38755139227922725,MauvaisFilm
-1.2057826570781307,0.26066024918965086,BonFilm
1.0718585060071024,0.040431500089881785,BonFilm
-0.508436707056703,1.5367479899524559,BonFilm
-0.10210168859304154,-0.29043020661680347,MauvaisFilm
0.07482354469528275,1.2497218239532435,BonFilm
-0.4432787835711889,0.5622030916892385,BonFilm
-1.5607441038446321,-1.189342705547011,BonFilm
-0.029330734762305875,-0.20313450521619464,MauvaisFilm
1.9372698439695581,-0.5684913736663495,BonFilm
-0.07902642458881277,-0.7044345402611377,BonFilm
0.4340101380808373,-1.5749519286879408,BonFilm
0.6137203082822456,-3.038959622986543,BonFilm
-0.3068511257456902,0.34081847978468893,MauvaisFilm
-0.4639079568860122,2.054393099871368,BonFilm
-2.5104597311054824,0.66323129867338,BonFilm
-0.8411967729741774,-1.2028808684209655,BonFilm
0.42930372245721926,-0.08160590384296992,MauvaisFilm
-1.0156150477836687,2.412539314527219,BonFilm
-2.7104518310005434,-0.07037260734365171,BonFilm
0.4930567690413703,-1.0137191857810042,BonFilm
-0.46663335100447295,1.8544224382161603,BonFilm
0.9537057548488117,-0.6244637620907354,BonFilm
-2.3150310392719007,0.09485475522169491,BonFilm
-0.1990545298693032,-2.4641087979798733,BonFilm
-0.1745997543758702,1.4686002425711082,BonFilm
0.4928338214188239,-1.6865189860561427,BonFilm
0.9694123185445153,-0.4035795447940561,BonFilm
1.2056279003624357,-0.4203193674710795,BonFilm
-0.2043674628013176,-0.3163990400594731,MauvaisFilm
2.196207880939443,1.2480223440370504,BonFilm
0.6449089332370039,-0.13008999876008573,MauvaisFilm
-2.183744703219261,0.8082999959885944,BonFilm
-1.5335712291521115,-1.5802441395337223,BonFilm
1.3565235910499829,0.7675764175852604,BonFilm
0.31525891706207376,-0.869973172092598,BonFilm
0.17025391399698608,0.8051661753843666,BonFilm
-0.25965446257320546,1.20027508158296,BonFilm
0.45405960260764144,0.39296230740547516,MauvaisFilm
-1.2106087763182285,-0.5318822622895412,BonFilm
1.1256908506320473,-1.0872469230627622,BonFilm
-0.5811097096746629,-0.27969307654794007,MauvaisFilm
0.48984435596200443,0.9502021405763742,BonFilm
-0.14996239510416337,2.0468600693190857,BonFilm
-0.24165353902415643,1.7062880034368748,BonFilm
-1.110511211693391,0.5643941790595001,BonFilm
-0.6520371045949845,0.22305637626704927,MauvaisFilm
0.4716557162588437,1.1350339659396764,BonFilm
-0.33001826166223547,0.4562661364609857,MauvaisFilm
-0.3786120967029012,-1.2665221193575749,BonFilm
1.4996151401138385,0.13662314790917027,BonFilm
-0.8777371344388537,0.18171033301581294,BonFilm
-2.655718645522324,1.351055916467323,BonFilm
-0.13627466872744068,0.23642592333024287,MauvaisFilm
-1.5745065317753544,0.3210000079541663,BonFilm
-0.36602911258551263,1.2134596278872534,BonFilm
0.5894417009434622,-0.831799723298553,BonFilm
0.7533897300702087,1.743077621573031,BonFilm
1.1044189046183506,0.05921190499183419,BonFilm
0.21058793857247127,-0.16546812438968514,MauvaisFilm
1.5196692017222102,-1.7864166666085324,BonFilm
0.8286302511301138,-0.3616389460209677,BonFilm
1.6850993010475166,1.2592508139916812,BonFilm
0.4445213243009525,0.5499359891547907,BonFilm
0.6525080303596473,1.622925984758396,BonFilm
0.023595672665217293,-0.6718045413084062,MauvaisFilm
0.19312699120629884,-0.10690414941174221,MauvaisFilm
-1.6046591233805303,-0.013927414594987088,BonFilm
2.468625540437512,0.08845348918854866,BonFilm
-1.1334033232836551,-0.030810365984884517,BonFilm
0.9972879270106431,-1.3026269232106873,BonFilm
-0.4385640214849091,-0.1311781262472587,MauvaisFilm
0.5950499913797787,-0.5641723351077257,BonFilm
1.0900989106893784,0.7302149325301349,BonFilm
0.7540082727182069,-0.13154946014820626,BonFilm
0.027008406507309866,-2.4530084943064696,BonFilm
2.422375221369253,-3.1056600927092917,BonFilm
0.2432897144691848,0.4351484573799269,MauvaisFilm
-0.4600176423412063,-0.420120571856963,MauvaisFilm
-0.3339203871417752,0.37374512554103506,MauvaisFilm
-0.01286922472613231,-1.188345049735049,BonFilm
-0.13152999265022625,1.3648524675722158,BonFilm
0.10076909725643728,1.3155106658729812,BonFilm
-0.8738371486097306,-1.0348868653543144,BonFilm
0.5276776299174906,-0.01673186311522994,MauvaisFilm
1.8905376561853304,1.6841966489017834,BonFilm
0.12028971868996062,-0.3352992147556395,MauvaisFilm
0.9765166832930204,-0.13068658602316655,BonFilm
-0.8136766916451494,1.2518318329500882,BonFilm
0.5990340978281677,-0.38324577275086696,BonFilm
-0.9608172969771375,0.4706556717583643,BonFilm
-1.5874548514150215,-0.3264672985343866,BonFilm
-0.5685250073493071,-1.0040561050580648,BonFilm
0.45795227739320427,-0.36446064215935575,MauvaisFilm
-0.991718688516114,0.08910039049626979,BonFilm
-1.5851254445839618,0.17453870599316545,BonFilm
0.07680435314053234,-0.8963043856318228,BonFilm
0.8195270436416537,-0.2029215298932301,BonFilm
0.22452605969097836,-0.10491801139884024,MauvaisFilm
1.7814689572078353,-0.6168896107075753,BonFilm
-0.838151920580266,0.4475773454167331,BonFilm
0.5520370398056444,-1.6907181514105856,BonFilm
-0.6873720642380333,-1.8677105743584437,BonFilm
0.0270067375623566,0.2554935785128893,MauvaisFilm
0.9687794830826618,-0.3446158112148192,BonFilm
1.0123145428360696,0.07495328312319695,BonFilm
0.4958915690251396,-2.2789742794382626,BonFilm
-1.35395518815381,-1.4294851790323162,BonFilm
-0.008045072675335215,-0.0964289773982948,MauvaisFilm
0.6169433324195959,0.34173823932498465,MauvaisFilm
-0.2460445789115943,-0.07700342022586401,MauvaisFilm
-0.817691218386856,0.44770884290436774,BonFilm
-1.138321727431858,0.15918054566591486,BonFilm
-0.1318954223407302,-0.8601848322985736,BonFilm
1.5715015120949205,0.7668640422846916,BonFilm
0.8882378613906006,0.6730087870952048,BonFilm
1.2721316323483975,-0.291830850217022,BonFilm
1.1668669364810451,0.7907922977832994,BonFilm
2.1942752737469844,0.17938011130269216,BonFilm
0.5236236874731999,1.3694082674254822,BonFilm
0.9389920494493381,0.6883394005878516,BonFilm
0.1463320122733305,-0.21148336290240663,MauvaisFilm
0.6610839386193209,0.3220941080582163,BonFilm
0.5424319556648614,0.14877531781395636,MauvaisFilm
0.9179199417025604,0.3715964748705262,BonFilm
0.4487447573487029,0.5840388458783736,BonFilm
0.3637799052705314,0.6845602860819735,BonFilm
0.1822513895508613,-0.19752816285002844,MauvaisFilm
-0.2675055786033804,0.9810090537090969,BonFilm
0.5405751874525999,-0.41829864258886396,MauvaisFilm
0.528327367182093,-0.6663696962609009,BonFilm
-2.1884198642211423,1.1623609301086326,BonFilm
-0.31543306595857623,-0.8820015144184952,BonFilm
0.029581673953248518,0.9839459292684061,BonFilm
0.29905453392732445,1.3519330912281111,BonFilm
-1.896929105544308,0.16787186748615265,BonFilm
-0.7212461299255694,0.8297828442141449,BonFilm
0.14980813340381485,-1.4630425376763383,BonFilm
-1.5200799258676716,0.8681091473935322,BonFilm
1.1109712739381432,-0.09677699132057363,BonFilm
1.0876495274563327,0.0309554614854193,BonFilm
0.7089154579993299,-0.5547529069309668,BonFilm
0.28480052407713496,0.1182585580417112,MauvaisFilm
2.3717619194929482,-0.9987292111399947,BonFilm
0.49696208634633326,-1.0207132274380117,BonFilm
-0.2366875582839243,0.7967442199764774,BonFilm
-0.8027132321552883,0.6776553940848639,BonFilm
-0.5167664366748251,-0.26827723071536075,MauvaisFilm
-0.1383475874928582,0.5998915478031269,MauvaisFilm
0.15300607308396905,-0.4357881408838679,MauvaisFilm
-1.2196962450963709,-1.034685463345439,BonFilm
-0.8010177722045493,1.0338913449266294,BonFilm
0.4171391419108065,1.3713246272904813,BonFilm
1.2615561951872685,2.2368989550878435,BonFilm
0.1539890280029588,-0.18116242669884658,MauvaisFilm
-0.7533717359415898,-0.18176450128800134,BonFilm
1.4086923927718316,0.11362642891528393,BonFilm
-0.40838940174074456,-2.1330631655987955,BonFilm
-1.5318008066882722,-0.563263219019714,BonFilm
0.5169750808778133,0.5868903130862098,BonFilm
-2.193399794023644,0.22286543684219956,BonFilm
0.6365301057508522,-0.31889582339970113,BonFilm
-1.0208988193147386,0.07564823279952937,BonFilm
0.16460739106013245,-0.9059906957098762,BonFilm
1.321429149937559,1.0485988913959026,BonFilm
0.07121910425270653,-1.7016676479115689,BonFilm
-0.43437488969774674,0.9033899957646782,BonFilm
-1.1895865684591225,-0.7554930655627685,BonFilm
0.8235904588475401,-1.12687506418344,BonFilm
-1.1611762842510411,-0.3928114881338401,BonFilm
1.2390821838720942,0.24170869537748238,BonFilm
-1.3497307060126187,0.3008566328180179,BonFilm
1.3054433394642901,2.5709196173056226,BonFilm
1.284907699402709,1.1638255461219227,BonFilm
-0.48909936638201784,0.25323241747809094,MauvaisFilm
0.7426683250164231,-1.0880161044366885,BonFilm
0.4197343865565672,-0.37874354712176,MauvaisFilm
0.9977829419390112,1.1100529382849627,BonFilm
-0.36066327794150954,-0.6969917971999167,BonFilm
0.44187042915267866,0.4653451033689399,MauvaisFilm
-0.05635772475528562,-0.4849163575966642,MauvaisFilm
0.30036824912056137,-0.7378291779905227,BonFilm
0.9670623938828291,0.043606731074611306,BonFilm
-1.5292627240867123,0.6845814671295218,BonFilm
-1.1170296012629684,-0.5672308822969777,BonFilm
-0.025539215550236156,0.3724918034838903,MauvaisFilm
-0.6640542610990551,-0.23135930780994285,MauvaisFilm
-0.4781901395572845,0.8998346395410451,BonFilm
-0.16503835919527615,1.5608110973356233,BonFilm
-0.3717929278847539,0.7043492211964818,BonFilm
-1.3584832253963093,0.036001636187604796,BonFilm
-1.5534345913071466,-2.693744935538781,BonFilm
-0.7293163456822467,1.0605865100468994,BonFilm
0.16613910711978078,1.0598608212475857,BonFilm
-0.864377331302719,-0.45522754481508754,BonFilm
0.7956531119736195,0.9374524133631582,BonFilm
0.5509098152377926,0.2878916045709485,MauvaisFilm
0.5965680580631928,-0.48394800255592446,BonFilm
-0.4161732287960797,-0.14570298930333003,MauvaisFilm
-0.9256552007474708,-0.2385445501485094,BonFilm
-0.5149927693211155,0.5631076508290946,BonFilm
0.5614476167459403,-0.2238666537140494,MauvaisFilm
0.1789132304287696,-1.6013486867562439,BonFilm
0.2237094076090925,-1.6934444449542043,BonFilm
-0.007110293722827237,-0.7854254279333226,BonFilm
0.5311425729528672,1.5477027447454752,BonFilm
-1.1877798123776186,-0.5623958092007125,BonFilm
1.3295057430188113,0.6232358371764517,BonFilm
1.5513539007478334,-0.09249593185977108,BonFilm
1.7369939444801044,0.5163045953366056,BonFilm
-1.0215029399962106,0.23134696372142793,BonFilm
0.3435715717275184,1.314980480082604,BonFilm
0.7129670440224387,-1.599327070077819,BonFilm
-2.009650161019619,-1.8748049301518048,BonFilm
1.0232905561610701,-0.49815359295053296,BonFilm
-0.6214048722645408,-0.003899529021772603,MauvaisFilm
0.05693201086771535,0.08951439106209043,MauvaisFilm
0.20012112397269227,-1.929417769780311,BonFilm
2.06123745486779,-1.7684551070765502,BonFilm
-0.9670418419971185,1.2447059683103003,BonFilm
0.7932377451239264,0.4884799582375056,BonFilm
0.4624545795931447,-1.9884781808103988,BonFilm
-0.22301269591365938,0.9938501914359337,BonFilm
-0.06080905916892835,0.1437574276338389,MauvaisFilm
-0.8698203684794001,1.5157467994466984,BonFilm
-0.799740946677959,-1.752552456024386,BonFilm
-1.7049538170344103,0.5538852084330751,BonFilm
-2.763044581669368,1.2786427554529551,BonFilm
-0.9921724732797818,-0.8125408505946338,BonFilm
-1.0110541119400085,-0.5070878004325197,BonFilm
0.29872008633562736,0.2449755194074942,MauvaisFilm
-1.1833832526942827,-1.0056464247652812,BonFilm
0.6680716156854124,0.21256971757860382,MauvaisFilm
0.6664744892131873,-0.5058830117985038,BonFilm
-0.09738608563867283,-0.7582651618610817,BonFilm
-1.3451159765140037,1.467276888550017,BonFilm
-1.0277031718228264,0.5638892730348779,BonFilm
0.14325054262134054,0.8186809919094251,BonFilm
-0.9219654121872743,0.7259664287307993,BonFilm
1.7878831929939505,0.09169350477376133,BonFilm
0.8682150309968822,-0.3947280529586767,BonFilm
0.0981936079551902,1.5611816239833172,BonFilm
-0.22041177676789273,-0.11490421367199678,MauvaisFilm
-0.8174902468689287,0.7295702061356989,BonFilm
0.1962128125881784,0.636234569960884,MauvaisFilm
0.39603082987145316,0.5665242317699927,MauvaisFilm
-1.6573104695295193,0.2660207669027679,BonFilm
0.989882680633189,0.08683225401788261,BonFilm
-1.0968912756591758,0.31218069220724515,BonFilm
0.15107473252367937,-0.6010270473995443,MauvaisFilm
-1.5798086874466817,-0.40141452153518165,BonFilm
-0.16595308808914175,0.6906367206724177,BonFilm
1.0930858878167433,0.7706254345472242,BonFilm
-0.6225292565682754,-0.6764158853559943,BonFilm
0.7837463176281921,0.09852160450995869,BonFilm
-0.9660977115848693,0.9049445706647335,BonFilm
1.3209403325298454,0.6052127365519582,BonFilm
-1.0316655619378146,1.1679399195183011,BonFilm
0.9781944299953083,0.3867318362531195,BonFilm
-0.256624405028545,0.757651024058164,BonFilm
2.1326274938378416,0.7243512315925028,BonFilm
1.4774756119211636,-0.517081758443999,BonFilm
1.8088125175439043,-2.43571180685432,BonFilm
-0.041832418072034645,0.6490265707275911,MauvaisFilm
-0.8648042461602731,-0.7830960878436154,BonFilm
-1.0058631679160652,-1.4123232482394417,BonFilm
0.3672164400196278,-0.42195803337653315,MauvaisFilm
0.9224444284895448,-0.43462329748375855,BonFilm
-0.0403312875528586,-1.0202922522032736,BonFilm
0.6873564985487423,-0.7208855476725708,BonFilm
-0.16075827647191976,0.6104191578696659,MauvaisFilm
-1.744929820950756,0.09556937500263094,BonFilm
-1.469780506513106,-0.14903493060143222,BonFilm
1.4216146007599542,-0.0954049925100702,BonFilm
-0.16093120793717802,1.0285757329861418,BonFilm
0.6900612759534838,0.722072785392162,BonFilm
-1.0953390086856172,-1.6523145664302363,BonFilm
-0.4402085545326057,-0.25131573601773444,MauvaisFilm
-0.7325806014161431,2.0800191686740397,BonFilm
0.9371262635563423,-0.2600066302759714,BonFilm
-0.5304410167174669,0.04884789136665111,MauvaisFilm
-0.2851085676378527,-0.3444758933244904,MauvaisFilm
1.1500930408450392,-0.4428588668212252,BonFilm
1.4980472969908674,-0.6799525373175215,BonFilm
-0.8070455513779157,0.6615143605285285,BonFilm
1.5389449595960094,0.47825226029672174,BonFilm
-0.7222092683338774,-1.0588078560084426,BonFilm
-0.797770971108605,-0.3024451606903231,BonFilm
0.7231348086766916,0.29879436619847455,BonFilm
0.6906663574213461,0.24414551023280767,BonFilm
0.20744265933095982,0.29323752420421617,MauvaisFilm
-1.1699288144842244,-0.2800048430483525,BonFilm
-0.6610504904583363,0.4294500571014679,BonFilm
0.6605865878037928,-0.30616377838088293,BonFilm
0.13470432897680382,0.6957285277677793,BonFilm
-0.47602481055377993,0.02106126970811202,MauvaisFilm
-0.4173660240588641,-0.1146230472922404,MauvaisFilm
2.4784142885246645,0.07787005399840792,BonFilm
-0.12171290814952132,-0.04223396217339881,MauvaisFilm
-1.5855657135898595,-1.5552342638835148,BonFilm
0.1134240186985516,-1.5465047404916998,BonFilm
1.0027811199728527,0.9347315778488952,BonFilm
-0.13438986328473837,0.018473871072607905,MauvaisFilm
1.2057438354298153,-0.17773517310304537,BonFilm
-0.21263606480005645,1.8455392589085569,BonFilm
-2.242275183657175,-0.14754668886240618,BonFilm
-0.7499743379092463,-0.20020044354681363,BonFilm
0.8468829686705072,-0.7977590271612122,BonFilm
-0.27562132048554694,-1.5331715391559066,BonFilm
-1.858296329982055,0.7806766011319275,BonFilm
-0.005022609868472554,0.5934356121902754,MauvaisFilm
-0.19056430379072584,-0.6824746240262589,BonFilm
-0.21914948936761816,0.6742270599820972,BonFilm
0.8193602280637096,-0.47717734211345236,BonFilm
1.0952427184028057,-2.4065608633014537,BonFilm
0.9552085514436178,0.3558141289947197,BonFilm
1.305744235910792,0.32872028666846265,BonFilm
-0.5913221733611466,-1.2928327154746981,BonFilm
0.02414258630667755,0.6302178795759569,MauvaisFilm
-1.0957238640894837,-0.43312551944664457,BonFilm
2.1659175950197453,1.2794831715944572,BonFilm
-0.18991776345056816,-0.1533658627714091,MauvaisFilm
0.6745316205013846,-1.7708648743978868,BonFilm
-0.1826489272432578,-0.09527904864012744,MauvaisFilm
-0.253813918833398,0.17356887637374774,MauvaisFilm
0.737879819637044,1.254463302386951,BonFilm
-1.1978855066875935,0.5241621831132167,BonFilm
-0.9578509069459654,0.2615353407820921,BonFilm
-0.44393960880635513,0.8382160483924419,BonFilm
0.14752255848415607,-0.24775569153132232,MauvaisFilm
-0.34917004867935925,0.48833359980481117,MauvaisFilm
-0.7278506399562278,-0.1841599955895884,BonFilm
0.24179947566869106,-0.19186411049095728,MauvaisFilm
2.038622356395573,-1.352191535543465,BonFilm
0.6112604403881681,-0.8942701447218221,BonFilm
-0.4576352096924386,-0.07784585360436211,MauvaisFilm
-1.6194301543087994,-0.5328083530219463,BonFilm
1.4544997263815553,0.3209189226526502,BonFilm
-0.013442576338520546,-1.8929601916442533,BonFilm
-2.63773986811072,0.2683299153713481,BonFilm
0.2090081656652801,-0.443527870240135,MauvaisFilm
0.49785982091422754,-1.939127486006121,BonFilm
-1.6202649417404453,0.3682395492770088,BonFilm
1.191375887512141,0.4717795381999397,BonFilm
-0.943941445754825,0.9547673014209165,BonFilm
-0.4964410909323567,-0.20379780603434394,MauvaisFilm
-2.06980273729161,1.4264987692682858,BonFilm
-0.6556725949117154,-0.011450483833153401,MauvaisFilm
-0.05653744980440401,-1.2478519972072177,BonFilm
-0.9875556743892486,-1.0236884583926553,BonFilm
0.8990440223935725,0.3576639522651513,BonFilm
-1.446181033231977,0.769384433726153,BonFilm
0.1470049653621027,0.1739120066307824,MauvaisFilm
-0.0849545493573373,-0.25892352075322045,MauvaisFilm
1.2367559773782566,-0.2277830262009795,BonFilm
-0.7344265622362155,-0.47556432698105383,BonFilm
-1.8117914513526037,1.8187126742971802,BonFilm
-0.47931897276188534,-0.06715721555891825,MauvaisFilm
0.9314362954660269,1.2059895323106777,BonFilm
0.10233232790897989,1.8237038378774917,BonFilm
0.6218634341626211,0.4309080840786021,BonFilm
-0.06107629718451072,1.6241011400836358,BonFilm
1.968078583750092,1.833694542053002,BonFilm
0.84859384141992,-0.5637192759633065,BonFilm
2.0000920251713046,1.1917764866975453,BonFilm
-1.6574700752848543,1.5380335318433278,BonFilm
-0.4829065321810652,0.059505353478853745,MauvaisFilm
-1.0827846737805076,1.4394369767405637,BonFilm
-0.2933479761984289,0.15738436591231703,MauvaisFilm
-0.8516837323219485,-1.664603178720015,BonFilm
-0.048173506529037693,-1.5657024148369967,BonFilm
-0.6781489419182201,-0.897995143978513,BonFilm
0.6525735211249789,-1.7759007731633238,BonFilm
-0.6852299971525725,-0.5973474501224926,BonFilm
0.6689285787911086,-1.7970760593744703,BonFilm
-1.2054034996370417,0.7089989851357756,BonFilm
0.06194242034142302,-0.4957761249714228,MauvaisFilm
-0.029442079985334223,-1.3250166991894374,BonFilm
-0.1772728081289136,-0.5963235792494302,MauvaisFilm
0.1801224849204228,0.2600245225118112,MauvaisFilm
-0.37445652303349514,2.3145895448214406,BonFilm
-0.3160467459479212,0.7385261537814009,BonFilm
-0.006731438992769447,-0.05849689220550416,MauvaisFilm
-1.6607404242340154,0.8116771990020982,BonFilm
-2.0435276990526106,0.002966797996241859,BonFilm
0.6401475676414579,-0.5045116954459046,BonFilm
0.22568358903502392,0.8786730198483912,BonFilm
-0.11129664985251712,-1.4041037603471018,BonFilm
2.171214628276915,-0.8268695018018093,BonFilm
1.0963492811997457,0.01817953590885534,BonFilm
0.397221578653999,-0.5013575019737967,MauvaisFilm
-0.3483633891730218,0.7994278292382243,BonFilm
0.42933224331839753,0.2983147213327117,MauvaisFilm
1.8281193562887614,-1.5068204607501694,BonFilm
0.8673152438045698,-0.6115863833410503,BonFilm
0.8390735769209265,-1.6492888223617117,BonFilm
-0.016522902898038042,1.485344932242267,BonFilm
-0.5038222735365893,-0.2609958584424601,MauvaisFilm
0.09467464064121359,-0.7731589991994811,BonFilm
-0.01869802413940642,-0.13983052826215456,MauvaisFilm
1.0649773057409946,-0.85403222321317,BonFilm
0.6402080967652415,-1.3407225498269322,BonFilm
0.009594482792171143,-1.610622933021256,BonFilm
-0.05189916482573485,-0.35197702811871806,MauvaisFilm
-1.489472068132527,0.18000191740912294,BonFilm
0.7983030575063909,-0.7215465442438022,BonFilm
1.1299671616398324,-0.3831115319951321,BonFilm
0.39091187749794654,-2.3551897271052806,BonFilm
0.7729017733281809,-0.551017169113934,BonFilm
1.2779645640508641,-0.47421470536604665,BonFilm
1.0609613227828911,0.13223572752425689,BonFilm
-0.5426906302029761,0.796664371119952,BonFilm
0.6800472551421163,-0.0030288417488953502,MauvaisFilm
0.46633750579313543,-1.9764677615535888,BonFilm
-0.8390517647501267,-0.724305723451931,BonFilm
0.6074586151508355,0.267233817293325,MauvaisFilm
2.1237222494742456,-1.085556852361529,BonFilm
-0.5904161906484303,-0.3065250135810965,MauvaisFilm
-0.13820023063096515,0.2792740400214811,MauvaisFilm
-0.23966311273576202,-0.2475391611132183,MauvaisFilm
1.4209096688939031,0.18087187604248783,BonFilm
-0.20800320765939778,0.4517894522789298,MauvaisFilm
0.5814447071693412,0.7788755473615443,BonFilm
-0.7289679488738745,-0.5474519966141523,BonFilm
-0.658925381262848,-0.956529944673513,BonFilm
0.24866419972427684,0.6582630908029474,MauvaisFilm
-0.29353347353484205,-0.00879117433189657,MauvaisFilm
1.7149634251555432,-0.9994956241587399,BonFilm
1.226700314746002,-0.44074087463370115,BonFilm
0.46288039264639996,-0.2674588393579001,MauvaisFilm
-1.5147164231994972,2.2255928617920677,BonFilm
1.4418774707962918,-0.5912211228747741,BonFilm
0.6474054547249558,-1.0102239000909448,BonFilm
1.0546962822488852,0.27924278270526487,BonFilm
-0.32145488694837554,0.016251758613898718,MauvaisFilm
-0.698187212272195,-0.16606276449518087,BonFilm
-0.4424537213387217,-0.3960423237447078,MauvaisFilm
0.08327238918644772,-0.29742181016261576,MauvaisFilm
0.38585769330636005,-0.6143261738028807,BonFilm
1.7231137233643494,1.5962146256240235,BonFilm
1.1438106042535163,0.8057760667358593,BonFilm
0.7463023465267506,0.9948001934552783,BonFilm
-0.10746939219194458,0.9649728358021132,BonFilm
0.8171527357408903,1.526052610513433,BonFilm
2.2601836073136727,-1.508069158573681,BonFilm
2.045664115820198,0.7054488053739985,BonFilm
1.0235664750144795,1.837655313263055,BonFilm
0.26415369008666273,0.5600672549727569,MauvaisFilm
0.4676049453272491,-0.6344025013813953,BonFilm
0.601551446897075,0.28041613376834873,MauvaisFilm
-0.09991878888201317,0.5791923669324446,MauvaisFilm
-0.07221121423349518,-1.3066553113022719,BonFilm
-0.3094157091313789,-0.17082435922760256,MauvaisFilm
-0.1944605182100388,-0.3211765308702721,MauvaisFilm
-1.1783155893707407,-0.2486956268920394,BonFilm
0.9902595710864375,-0.41858637856646674,BonFilm
-0.5784444382845704,0.1589722790685389,MauvaisFilm
-0.09467281259073176,0.01049856594368467,MauvaisFilm
-0.2832183526569523,0.9869829469992043,BonFilm
1.6030218281072768,-0.05436868599799366,BonFilm
-1.4502321872640387,0.7021480236847044,BonFilm
0.3535512360535742,-0.24124897823783908,MauvaisFilm
0.7155885315878783,2.6557324012442884,BonFilm
0.7802757967099553,1.544719868350747,BonFilm
-0.4391648770775975,0.3037858277840854,MauvaisFilm
-0.3522313351364279,-0.654747465705074,BonFilm
-0.6654033582872793,-0.9833706464108872,BonFilm
0.8549897840803218,-0.5722542919905654,BonFilm
0.43107764825658895,-0.29638071666547955,MauvaisFilm
1.0034510939688228,1.1022684080913625,BonFilm
-1.4237887193166276,-1.5039136753955384,BonFilm
-0.7168134600784657,0.25559204843449007,BonFilm
-1.02225750195963,-0.5615820421503752,BonFilm
-0.44554859783868717,-0.5436752161534552,MauvaisFilm
-0.476352394785996,-1.5262220111908198,BonFilm
-0.7836566224604381,-0.5602149044725374,BonFilm
0.20841100649600663,0.21102126002687746,MauvaisFilm
0.35305182356625653,-0.05994026108635327,MauvaisFilm
1.1525683350341922,0.2504339314695506,BonFilm
-1.0931511299007723,1.2512415054926493,BonFilm
0.07449228359788058,-0.11994300147003124,MauvaisFilm
0.4199061457044329,-0.5486415383132056,MauvaisFilm
1.3210486589180872,0.9443939544113659,BonFilm
-1.1622597972923947,0.3317976715006599,BonFilm
0.5735304421901385,0.15399695814160438,MauvaisFilm
-0.9139653061740656,-1.0361221114291024,BonFilm
0.9484332082294512,0.4388823563876825,BonFilm
0.5157041970915764,-0.26844650342473764,MauvaisFilm
0.7358279681814945,-0.5765040041334352,BonFilm
0.09425938221106325,0.11222719015617746,MauvaisFilm
-0.22680009317822414,-0.06640509974956024,MauvaisFilm
0.41995796650056977,-0.3945467787192643,MauvaisFilm
0.18297382986094365,0.5866429148186717,MauvaisFilm
-0.8251459405553316,-0.27226965662067815,BonFilm
1.6206086232368286,0.28059351266839067,BonFilm
-1.2204025832491379,0.12974431108738244,BonFilm
0.20656146950703194,-0.3611692407266429,MauvaisFilm
-0.3630943592800996,-0.27733675386137663,MauvaisFilm
-0.8467630370309541,-0.8500013193068653,BonFilm
0.6634355407213313,0.31822255418425616,BonFilm
0.08839434534308373,1.0971703513170603,BonFilm
0.004242457277363205,1.2871881481377374,BonFilm
0.6696110183027916,0.7267434375865515,BonFilm
-1.3378775166229055,0.10446670145136883,BonFilm
1.4046357241463068,-0.46643132081243516,BonFilm
0.6808479316937764,-2.147753947240703,BonFilm
-0.21019060276820078,0.6936137539346836,BonFilm
1.5494924626755329,0.5823943251078951,BonFilm
0.05490541105737869,-0.49950367959812647,MauvaisFilm
0.0026312843823995814,0.16368853181576323,MauvaisFilm
0.40460122285838795,0.366020702586901,MauvaisFilm
0.11496148748928825,-0.9067021420706654,BonFilm
-0.2081923498631573,1.8572705420236304,BonFilm
1.294061212098286,-1.5142514843898323,BonFilm
1.9173977989531108,-1.273470498271765,BonFilm
-0.7477124792895657,0.32304062288557917,BonFilm
-0.6009231750034825,-0.5331680438536114,BonFilm
0.799640474506371,-0.2990865887204363,BonFilm
0.29810942463620105,1.0501161053344183,BonFilm
0.6717403596436738,1.1678322751371821,BonFilm
0.2820717103674784,-0.03244758126007552,MauvaisFilm
0.8465772682504267,0.40135510602676905,BonFilm
1.636247202629461,0.176408629795597,BonFilm
0.014009668981494042,-1.787424400993522,BonFilm
-0.08465403554389646,-0.6219779446227407,MauvaisFilm
-0.45487872961770454,0.17470213705063412,MauvaisFilm
0.04494954024822513,1.7974314625265473,BonFilm
1.8450721937206485,1.2214168892407375,BonFilm
0.3635252610588494,-0.06020167105401857,MauvaisFilm
-0.6179770895997496,0.8345923506135828,BonFilm
-0.4790993937668101,1.1968638046311626,BonFilm
-0.1543651598627831,-0.3593979456782686,MauvaisFilm
-0.3217004168976012,1.0596850366795854,BonFilm
0.2803636898240625,-0.9275817371951021,BonFilm
-1.2375187805084744,-2.187223829965702,BonFilm
-0.3637506873935491,0.39717056788610283,MauvaisFilm
1.6991051255187573,1.6490094906652837,BonFilm
-3.126056528824828,-0.2194172163738594,BonFilm
0.8288627525581671,1.8087123604393416,BonFilm
-0.07709691927983563,-1.6042311735928207,BonFilm
-0.7678492574806907,0.2113554718391429,BonFilm
1.2597197786689502,0.19934385074500974,BonFilm
0.23319773208102898,1.3376959663680803,BonFilm
-1.4859607105794912,0.9062684401484946,BonFilm
1.0922805953040768,-0.1516521375389703,BonFilm
-1.0571884461234768,-0.047202110879919205,BonFilm
0.28391154410610153,1.912680956237762,BonFilm
-1.0567720077693386,-0.800248601825196,BonFilm
-0.6711835269829918,-0.8913990116116766,BonFilm
0.2356648037862184,-2.3542850791613787,BonFilm
0.3470597745359834,-0.19573738859908546,MauvaisFilm
0.4464357807921376,1.0838753440231046,BonFilm
-0.9973333837823338,0.8864988196781074,BonFilm
1.5543120413728313,0.1286512236396181,BonFilm
1.7725633729806891,-0.1238793197754021,BonFilm
-1.04728777113964,1.809659849859654,BonFilm
-0.4415970742021072,-0.9477039486707094,BonFilm
0.5923208423727285,-2.660031300981111,BonFilm
0.7147099133460891,0.8337450154092279,BonFilm
-1.533589137916285,-1.386084075707349,BonFilm
0.161971765987605,0.21978815829942835,MauvaisFilm
-0.5334925510718678,1.0060734638984128,BonFilm
1.7518643800139702,1.2319629072629485,BonFilm
0.42780431413280223,-0.5976882282483715,BonFilm
1.03849584230095,0.2733760990538199,BonFilm
-1.6246752507505682,-1.2826119919069385,BonFilm
0.6146424446749706,1.2946499023219469,BonFilm
-0.8570217715030168,-0.33615397873642633,BonFilm
1.2383025242113508,-0.2960752131733383,BonFilm
-0.05073021781523062,0.571074229422449,MauvaisFilm
-1.2509953710417185,0.4204225908112404,BonFilm
-2.3192110193733724,-0.15195948678123777,BonFilm
0.2687291289582058,0.9481915507814201,BonFilm
-0.06495704035082507,0.7202774895734934,BonFilm
0.505717897143776,-0.07267298895458067,MauvaisFilm
-0.9265544564968573,-0.8319919142729114,BonFilm
0.1706662115231022,-2.6252996683336596,BonFilm
1.279106642099853,-0.08825658891372612,BonFilm
1.8284241045194245,0.9160249720912184,BonFilm
0.21355701450290465,0.1479044319761163,MauvaisFilm
0.49725638274090944,-2.2366341115124406,BonFilm
0.05204328484054384,1.3769912523149463,BonFilm
-0.29076716953104154,-1.3738447586884672,BonFilm
1.1655231431742783,0.5095131970272392,BonFilm
0.0004063385563764542,0.4427417070529933,MauvaisFilm
-0.5294075590545734,0.4383188170774762,MauvaisFilm
-0.6745748575778215,-1.469491304817194,BonFilm
-0.7457731212490847,-2.1949033466643684,BonFilm
-0.2999774034209341,0.16229425906431333,MauvaisFilm
-0.1828622746435485,-0.4106665080901292,MauvaisFilm
1.344174740096346,-0.4390377750179554,BonFilm
-0.5999338506254512,-0.8406017006691612,BonFilm
1.0997364270706815,-0.14264454632582038,BonFilm
-0.502644599750167,-1.2073889822383328,BonFilm
0.3753300225226551,-1.6502853871047976,BonFilm
0.5531695867391062,-2.352187897078754,BonFilm
0.08941863470219441,-0.1945309482387279,MauvaisFilm
0.5298921772827332,-0.7561671583315518,BonFilm
0.03581928574993947,0.9709994963218288,BonFilm
-0.1016387309028979,-0.2966626375768349,MauvaisFilm
1.2969887591311424,0.6028918998022386,BonFilm
0.24822691619980336,-1.004743923693427,BonFilm
0.18377424918299243,0.5214636837562774,MauvaisFilm
1.6914706747628456,-0.5210134519309775,BonFilm
0.07230889793453603,-0.904514009243484,BonFilm
0.6622193294212387,-0.14750253871034721,MauvaisFilm
-0.705524623724917,0.05557812865119462,BonFilm
0.38472304014857106,-0.8564396176549331,BonFilm
-1.237792885054639,0.7656644518748784,BonFilm
-1.556823060881576,-0.12299788767745003,BonFilm
-1.0858210384993991,-1.1200531438240886,BonFilm
-1.0114216516296288,-1.1932343188902612,BonFilm
-1.7116912251138032,0.16443164277300013,BonFilm
-1.0764446482594376,-0.408744155823838,BonFilm
2.1155387417117,-0.5994988482684689,BonFilm
0.0689045899548616,-0.7118682455174274,BonFilm
0.8409529030087174,-0.28600111767248076,BonFilm
0.11716149415835125,2.0962842494941816,BonFilm
-0.2884826964450585,1.0966749993998164,BonFilm
-0.012331750684064282,1.1457076561778166,BonFilm
-1.3234046084417865,3.373024246022099,BonFilm
0.512083806561854,0.7930642895049741,BonFilm
1.6056096690544663,0.9786516880540168,BonFilm
1.3089948527234798,1.7511088740441991,BonFilm
1.3972526365347326,0.17720486181610665,BonFilm
-1.0558350007614976,-0.31326615900914223,BonFilm
1.65199267961724,0.47428139948983317,BonFilm
0.0758361771799583,-0.09429268373648034,MauvaisFilm
-1.5804795870527928,-0.1340870511824514,BonFilm
-1.1329006998136395,0.8451301962989863,BonFilm
-1.525591077975807,1.587153121712401,BonFilm
-0.6185492298580408,-0.2344531257363709,MauvaisFilm
0.47494477060973345,-0.3972926954115559,MauvaisFilm
0.03380449490236103,0.5622979706339186,MauvaisFilm
-0.6963808103177775,2.2496551093240407,BonFilm
0.12823762174503325,-1.3224197278576828,BonFilm
-0.4292124764125342,-1.305121606719994,BonFilm
-0.8551586807623608,-2.3177169934491295,BonFilm
-0.5624383941398962,-1.3622851357019612,BonFilm
1.3545930365594825,0.6661273760930445,BonFilm
0.3430890327583959,-0.9935766811220205,BonFilm
-0.5091516153258026,-0.38176734904508347,MauvaisFilm
1.2542623607094583,-0.1079006551750635,BonFilm
-1.0643287975046607,1.5334951149570855,BonFilm
-0.8675783445510729,1.1857575826893194,BonFilm
-0.4426758324274395,-0.515107973505605,MauvaisFilm
1.2522515932809004,0.7690178315563128,BonFilm
1.3524415616414176,-0.41650216636797394,BonFilm
0.3093633942238469,-0.48783806821065967,MauvaisFilm
0.9919478636738954,-1.1595175889725102,BonFilm
-0.5120486570154591,0.9938085294016697,BonFilm
0.009374422409478084,0.3484047406175153,MauvaisFilm
0.010918393623846117,-0.4928598385794936,MauvaisFilm
-0.5376493007764107,1.0179708962185354,BonFilm
-0.010692447958918836,0.8600463266801919,BonFilm
-0.2471442337633411,-1.1943195373082987,BonFilm
1.6305187413899254,1.31266421661897,BonFilm
-1.3137371141853231,-0.5363619014834906,BonFilm
0.9447202244174089,1.1209981589785185,BonFilm
-0.9737761642665856,-1.2024828173372977,BonFilm
1.0635888285535149,0.49446692941451237,BonFilm
-0.7056068662888453,-0.56603129469107,BonFilm
-0.3307438055463244,0.6621350186752071,BonFilm
1.2170127893365106,0.8882971089142137,BonFilm
-0.20860664858160374,0.07757501552017564,MauvaisFilm
1.0382404405850203,0.1639773886015329,BonFilm
-0.3136432357500021,1.4190838178615761,BonFilm
-0.6862762127012388,0.03742275455890051,MauvaisFilm
0.3337961657015159,1.781262754047904,BonFilm
-1.13332264367253,0.32256125125130175,BonFilm
-0.20410223348760484,-1.0753356958054463,BonFilm
-0.835239949876266,1.2924342915002482,BonFilm
0.6666164594424994,1.1627942890379646,BonFilm
-0.25280859400928113,-0.07793631109481122,MauvaisFilm
0.1216627640677591,0.32357522867141997,MauvaisFilm
3.273984471519516,0.15400209888324173,BonFilm
0.33211112393474534,2.0120933307784035,BonFilm
1.8857236818477008,-1.477700636059922,BonFilm
-1.0795124830340326,0.8007936572114152,BonFilm
-0.20964837946868525,-0.7070548073850063,BonFilm
-1.0784963999346628,0.17002199705615992,BonFilm
0.5897282800909466,0.9424047782521485,BonFilm
-0.27662159968248046,0.6514855230423864,BonFilm
-0.47356190426279116,-0.0528597930150653,MauvaisFilm
-0.7358389171178363,-0.37892954506657145,BonFilm
-0.9497616781807363,0.26246310057903716,BonFilm
-0.5471270650187459,0.3659238617061815,MauvaisFilm
0.7071588700927132,-1.2309664491008099,BonFilm
-2.04934090607684,-2.167885572975741,BonFilm
-2.20081387361539,0.5613393292568876,BonFilm
0.06034265783056012,0.010568710004907472,MauvaisFilm
0.9122307830605527,-1.709263478694382,BonFilm
0.5290967025943659,1.2349632476959016,BonFilm
-0.4013738515919011,-0.1605852663547429,MauvaisFilm
0.13334749931084225,-0.02088459385619397,MauvaisFilm
-0.3233002772227465,-0.49035511165689216,MauvaisFilm
-1.3649988583390944,0.6939583438490589,BonFilm
-1.699358226185689,-0.7215423265345804,BonFilm
-0.7864686958395755,0.19607187858649508,BonFilm
1.3888237488777957,0.15370615313356448,BonFilm
1.5621949340655144,-0.980901372849993,BonFilm
-0.4243429386754256,0.8672780328025824,BonFilm
-0.02643710154283204,-0.5642831125581252,MauvaisFilm
1.0323992986885917,-0.7582218785153949,BonFilm
0.5635093401197413,-1.8011365118431684,BonFilm
-1.450973466573577,-0.5360580760708376,BonFilm
0.3196496224828493,0.16816453245066534,MauvaisFilm
0.37321747598369565,0.06168385259940174,MauvaisFilm
-0.4682305273744761,1.6022702333721526,BonFilm
-1.9789836718268532,1.840506069262125,BonFilm
0.3956399722242033,0.6226714692130528,BonFilm
0.4880548337582057,0.74357378769346,BonFilm
-0.349650952942468,-1.003078644563644,BonFilm
1.6330758896425586,-1.6163339564113834,BonFilm
0.5227384122204507,0.4828161474692018,BonFilm
-2.167416377875214,0.15244670190840032,BonFilm
-0.38770534275897783,-1.1724128438604635,BonFilm
-0.18137628211512308,1.1420897055774986,BonFilm
-0.545226505184602,-0.33637580974556164,MauvaisFilm
0.7602412279137629,0.983198554336728,BonFilm
-1.2965749146675336,0.12334225681869228,BonFilm
-0.2830998333465107,0.07734934054656169,MauvaisFilm
-0.10632826026492238,-0.08998629939798101,MauvaisFilm
-0.8482846726588809,0.47216699461585193,BonFilm
0.8459458990230188,0.29072308963214366,BonFilm
-1.6696017726059764,0.2052094944836505,BonFilm
0.9662222345970812,-0.1179598655500172,BonFilm
-0.7870153394100089,-0.28471149737434315,BonFilm
-0.1793560474508738,2.33676763201984,BonFilm
0.35179258854869405,0.3208601526250705,MauvaisFilm
0.9429864748628258,-1.6064638738853068,BonFilm
-0.728964932265294,1.2851751731051997,BonFilm
2.0157630872969867,0.06901537415085543,BonFilm
0.13287981550065806,-0.6670411744080705,MauvaisFilm
0.198300425041152,-0.27727246436539915,MauvaisFilm
1.1090380140663514,1.2438486390129233,BonFilm
-0.5399000355036727,1.727021538140381,BonFilm
-0.0004223303516996801,0.45337804881734284,MauvaisFilm
0.058081596832415504,0.8449442866843034,BonFilm
-1.3241287636378645,-1.7030966582621032,BonFilm
-1.009389989946244,0.7966519891047065,BonFilm
-0.9610823894095815,0.7909489385746084,BonFilm
-0.24278156151183972,0.8583010280591542,BonFilm
0.6649346647850044,1.100756423065044,BonFilm
-0.1332871352002289,2.4554269777756863,BonFilm
0.6028254466682575,-1.7547958345425283,BonFilm
-1.078544218632173,-0.5299616632974976,BonFilm
-0.066112902486014,-0.38939629514609614,MauvaisFilm
-0.17931742357594918,0.10656184029198866,MauvaisFilm
-1.1754552648477565,0.38578163451394987,BonFilm
1.0701839512659428,-1.1128875516334809,BonFilm
0.28330748907395426,-0.49174543484213046,MauvaisFilm
-0.47084475649236873,1.3868005346561472,BonFilm
0.25977683183996614,1.9049056757383886,BonFilm
-0.5091730987561713,2.7945032027198984,BonFilm
0.8522384191826581,-1.7066561442321755,BonFilm
0.07893497711127452,-1.5477116718702826,BonFilm
-0.2676834957728573,-0.2233518091989572,MauvaisFilm
0.14803925462709977,0.7159395478605274,BonFilm
-0.5332516317559552,0.0016210334159294296,MauvaisFilm
-1.2995586203925265,0.6293502663044805,BonFilm
0.6044549007570666,-0.025959496235976764,MauvaisFilm
-0.024068111659271276,-0.20866169517949393,MauvaisFilm
-0.4007179549492937,1.5045761803887965,BonFilm
-0.3145514960864079,-0.38797392150532,MauvaisFilm
1.6936748133025166,-0.17436925598516972,BonFilm
0.6048374435621093,0.011588690694485286,MauvaisFilm
-0.8561697432910184,-0.36766721584148926,BonFilm
1.0711308668121222,0.09110786710273105,BonFilm
-1.3028241516688923,-1.0525099478562567,BonFilm
-0.902152750291385,-0.8501429605571454,BonFilm
-0.00407019082363782,-1.1031500044993732,BonFilm
-2.6551711906553024,-1.113947143492356,BonFilm
0.13911307840955842,0.5928867301875714,MauvaisFilm
1.201794618077344,-0.6655291576685841,BonFilm
0.16664888092878408,-0.6703231817778029,MauvaisFilm
-0.6836623938416113,1.293786338274614,BonFilm
-0.660121708406269,0.3332009237845155,BonFilm
-0.30148230957480676,-1.2433014299395437,BonFilm
-0.03319448511800001,-0.060178482457742724,MauvaisFilm
-0.8251040561326883,-0.10726979467521215,BonFilm
-1.2551337425402818,0.35027015183090027,BonFilm
-0.24895385585756472,0.6225772281783406,MauvaisFilm
0.12225201847125555,-1.0690906461266747,BonFilm
1.3549406206674404,0.6013249584883626,BonFilm
-1.0250363489204777,0.755075785422253,BonFilm
2.4373862006933353,1.271203718392385,BonFilm
-0.535468216187536,-0.10612513480340338,MauvaisFilm
-1.334699561104868,-0.7116136232558825,BonFilm
1.4370383290132744,-0.24642042648434612,BonFilm
-0.2448181415004766,-0.5817105285742391,MauvaisFilm
0.5577750304085587,-0.49310609149077633,BonFilm
1.0733096741067816,-0.25587583674770825,BonFilm
0.04866147907383821,0.21302830535157935,MauvaisFilm
0.5308299897754825,-0.6097634681854446,BonFilm
-0.6975777609952104,0.6196878099842187,BonFilm
-0.37028767713811006,-0.828354364237823,BonFilm
-1.2101122483337843,0.7865859892984968,BonFilm
-1.8107913445179322,0.18435119407165057,BonFilm
-0.7222754172566435,-0.28352181353738654,BonFilm
1.0475951173498756,-0.3200493235128425,BonFilm
1.000788758022181,0.5359315108458319,BonFilm
0.2878402771564168,-0.19823563654263185,MauvaisFilm
1.6047871957444355,0.0030765556072454947,BonFilm
-1.1379302923214616,0.5030882166204206,BonFilm
0.5883432227869422,-0.793187410556917,BonFilm
-1.3084773014537905,-0.23351079986905954,BonFilm
-0.29570237542262795,1.0729312601406673,BonFilm
-0.3115937906538607,1.0126548638816975,BonFilm
0.1593561884871882,0.3531283246892482,MauvaisFilm
1.1157546625598493,-1.064687546511948,BonFilm
-0.006505998890675118,0.3282289976947525,MauvaisFilm
0.6956900432191515,1.14278536826115,BonFilm
-1.155699679430245,-0.44654331164863414,BonFilm
0.13120846364642766,-0.7426765735445447,BonFilm
-0.36349320324788975,0.6026322114501184,MauvaisFilm
-0.13960320072504506,-0.08140392258926898,MauvaisFilm
1.419627416842351,-0.0938154142266042,BonFilm
0.23759252604356546,-0.02592023994795812,MauvaisFilm
1.5154594063670879,-1.8836216724588024,BonFilm
0.3177392952907842,0.5217626586766972,MauvaisFilm
-0.5307714640224016,-1.8926778220631328,BonFilm
0.3250764660326759,0.8924713598939829,BonFilm
0.09920256661559926,1.3637784973416631,BonFilm
-1.5192459096852602,3.1662077179818864,BonFilm
-0.1512901036137165,-1.5237497537146991,BonFilm
-0.16235549058137155,-0.6135172060505308,MauvaisFilm
-0.6219660402941045,0.646764160125775,BonFilm
-1.15174781163051,0.38746695906116735,BonFilm
-1.933462213263209,-1.0368529778783988,BonFilm
0.6226124147596966,-1.5068212065487228,BonFilm
0.07501570178907084,0.6991192573948578,MauvaisFilm
1.1855293597754193,-0.7776263952028813,BonFilm
-0.7341784093028375,1.0070570281272333,BonFilm
-0.0988720001464022,-0.8016449497063055,BonFilm
0.024222570960482505,-0.49267802004190786,MauvaisFilm
1.5138071767264425,0.18433947000898304,BonFilm
0.26360462131072304,0.3609319011787888,MauvaisFilm
-2.4921283577871898,0.42636874899656724,BonFilm
-0.9700949484656297,-2.5850190780808773,BonFilm
2.2558201198716565,0.9820109378511346,BonFilm
-0.49391016645254043,-0.677227627274886,BonFilm
-0.3181418813160182,0.9442286219512017,BonFilm
0.5817133076518072,1.008071015662303,BonFilm
1.5092591645838118,0.6293850452067076,BonFilm
0.30595506596741295,0.27525490245490214,MauvaisFilm
-0.8415096574349094,0.9193881695122395,BonFilm
-0.1980850217604465,0.12827633812669811,MauvaisFilm
0.8734333825274251,0.2734762758710314,BonFilm
-2.348923152819683,1.0628467258343264,BonFilm
0.0471389586136855,0.29704595081915885,MauvaisFilm
-1.6474238316306837,-0.5309249804041859,BonFilm
-0.00993755379836254,-0.3314260061913998,MauvaisFilm
1.4315598603764834,0.3310254139715183,BonFilm
0.8209437936485899,0.5917140520376903,BonFilm
0.5758679423756394,-0.2744555236759833,MauvaisFilm
1.1093255983823143,-1.3572008002541378,BonFilm
-0.9466801193664949,-0.4941306868085623,BonFilm
-0.2321999316964994,-0.48235489039521634,MauvaisFilm
0.273109791061544,0.3317574596913434,MauvaisFilm
-0.33527896275443164,0.9681680393467369,BonFilm
1.5683906811649408,0.610427061565722,BonFilm
0.1410576060073288,-0.050924353895949986,MauvaisFilm
0.06485017604563269,1.2611224194623325,BonFilm
-0.3385638032996328,-0.8869290988076133,BonFilm
0.4671902678056596,0.07383284318051939,MauvaisFilm
0.40061333969889584,1.6737032431189822,BonFilm
-1.2377376409496201,0.04183080495630279,BonFilm
1.1858682983967472,0.6529558073037196,BonFilm
0.7253705591284584,-0.35147284923351935,BonFilm
0.8833374987204998,-0.6460984410367877,BonFilm
1.2408056279228563,-0.22261738214233004,BonFilm
-1.3537179664531942,0.2554073168726724,BonFilm
0.29944428134626305,-1.340434115371289,BonFilm
-0.4145531098121761,0.2633607211927777,MauvaisFilm
0.42486093308158646,-0.7235925732255065,BonFilm
0.9815318350145958,0.09802341380602492,BonFilm
2.305177402750351,-0.4113110510727188,BonFilm
-0.6112478761701443,0.779442640727708,BonFilm
-0.6860471874237607,-0.8068746709142901,BonFilm
-0.47838664974753053,1.2223643070792651,BonFilm
-0.3540798939935941,0.6262025122887376,BonFilm
1.5157107881338765,-0.0908684305851003,BonFilm
1.3228688482769362,0.2660948941706116,BonFilm
-0.08359634692649281,0.5351292654810728,MauvaisFilm
-1.2598922204325356,-0.22993706630894178,BonFilm
1.5616327615606298,1.2905181331363023,BonFilm
0.6610976236469336,0.6931494613481086,BonFilm
0.9685317028238588,-0.27905662438662576,BonFilm
1.0848390562554608,1.365845651090417,BonFilm
0.08757460831716969,1.3698229481325555,BonFilm
0.20216957753025389,0.388914737679449,MauvaisFilm
-0.5536912887161076,1.4714226986162098,BonFilm
0.8244465760303687,-0.6219198343531558,BonFilm
0.7780887419063476,0.6321624111001418,BonFilm
0.17973829402814162,0.5249549889651871,MauvaisFilm
-0.3217445930851186,-0.1523572488162198,MauvaisFilm
-0.4461297090373965,-1.1136433901591425,BonFilm
0.29550568649419984,0.7538702428149128,BonFilm
0.19469917719002772,-0.2222366421083075,MauvaisFilm
-0.627737634442825,-1.6678724340097197,BonFilm
-0.20009678840451625,0.7519643716734218,BonFilm
0.19009068442211374,1.432642178604331,BonFilm
-0.32417723297763534,0.01166003993911972,MauvaisFilm
0.576518838552794,0.22766247921607372,MauvaisFilm
-0.4746549022400203,0.009877240418853264,MauvaisFilm
-0.0635052080108606,-0.3684299431109017,MauvaisFilm
-0.8951511970430821,-2.0709055055987666,BonFilm
-0.8762649648665315,0.29415654746814024,BonFilm
-0.5600028684191746,-0.939801350003963,BonFilm
-1.4587715533945051,-0.40262163700508496,BonFilm
0.9606917713131443,-0.003079729227349295,BonFilm
-2.4708303504148974,0.3682141146785094,BonFilm
1.375194327782775,1.8169964653721964,BonFilm
1.468977102823493,-1.1849502567943366,BonFilm
0.12254282330940536,-1.462230246062803,BonFilm
0.2027008438691648,-0.07590283347599802,MauvaisFilm
0.567172978622398,0.42333153025525505,BonFilm
-0.9439907998026741,1.4187239323966974,BonFilm
0.08869866565768766,0.058773864969991985,MauvaisFilm
-1.8312059285523197,-1.0780562126725461,BonFilm
1.4980384985071244,0.7559478768093372,BonFilm
1.0179563222356955,-1.2060979728096708,BonFilm
1.163385450927282,-0.6918441216957592,BonFilm
-0.7542644769604506,-0.29052461914354655,BonFilm
-0.4238104616424349,-1.0303882663329995,BonFilm
-1.305244514204911,-0.3120654717733084,BonFilm
-1.196539118769622,-2.044903674108473,BonFilm
0.5739520456866,-1.4498760249409186,BonFilm
-0.5491603366014908,1.0136715409951091,BonFilm
1.096288103539115,-0.5372808026970197,BonFilm
-0.24297422673021743,-0.6984885798510355,BonFilm
0.8338696888723894,0.2471319129488467,BonFilm
-1.5037939860240404,0.03974744449498444,BonFilm
-1.3821815664766255,-0.8099686682752465,BonFilm
-0.7234686718156972,-0.05605725205797854,BonFilm
0.20112273268615916,0.40759265623392305,MauvaisFilm
2.1447186128970057,-1.424032547031064,BonFilm
-0.4480998476827979,0.9650312606435907,BonFilm
1.3351960664143374,0.7391871829858292,BonFilm
1.2591665807511796,0.987025240326991,BonFilm
-1.2686566719463344,-0.7656395032633185,BonFilm
0.03665792508123236,-0.8047133506567528,BonFilm
0.2892244596837988,0.35586954007436716,MauvaisFilm
0.1967796029375384,-0.7184504843876973,BonFilm
0.5690309627887735,0.6587350699037735,BonFilm
0.29577683511976266,0.6911338659811418,BonFilm
0.28667649642729126,0.035846984426291875,MauvaisFilm
0.22216240110862304,0.4088109531074179,MauvaisFilm
-1.2859544872795667,0.07081417937404368,BonFilm
0.6727201697257102,-0.179822732872665,MauvaisFilm
-0.39836991064200455,-0.3731666454786331,MauvaisFilm
-1.4592967551655693,-1.0940700438889224,BonFilm
0.6580376832094718,-2.290429645489746,BonFilm
0.5235368236878398,1.7749535150609324,BonFilm
-0.3760355922566016,0.7989799326289061,BonFilm
-0.111817386071917,1.496480219315768,BonFilm
0.11902600162544735,-0.7762441519211867,BonFilm
2.004024875355966,-0.16232394786862903,BonFilm
-1.3140471587199105,-0.4173769636810503,BonFilm
0.927383939694057,1.2640245339224065,BonFilm
-0.18209125154240238,0.8053894813126548,BonFilm
0.9600441412690857,0.2595307777209265,BonFilm
-1.1512218652584743,0.8572692723067112,BonFilm
-0.10876579547562489,1.2673565765618429,BonFilm
0.1067880223602613,-1.529634768331587,BonFilm
-2.5136501620120932,0.7818053798506166,BonFilm
-0.8980847907157432,0.20210016877610684,BonFilm
-0.44151830005177073,-1.2632802520047317,BonFilm
-0.695313660652795,-1.0397238684820262,BonFilm
1.2565411235231685,-2.0607287017513407,BonFilm
0.6386147012342838,-0.304196754000344,BonFilm
0.9504200570380551,-1.4970935084182257,BonFilm
-1.295185767806844,2.4051577640018174,BonFilm
-0.622480222814438,-1.6995418491048202,BonFilm
-0.7488630380980338,-1.5504643537570122,BonFilm
-0.34865978173371676,1.7374742773857943,BonFilm
2.2112640452163883,-0.7670940594603718,BonFilm
-1.9772922515911555,0.5744317907886229,BonFilm
0.6532200584639007,0.13988087899027268,MauvaisFilm
0.2583405778654363,-1.1649657332570396,BonFilm
1.9065579825416925,0.5129831575456066,BonFilm
-0.6416124253481303,-0.6966394361794425,BonFilm
1.1720988564332002,-0.8330255182162526,BonFilm
-0.3512288321443114,-0.20892171153354797,MauvaisFilm
0.9008455681274481,-0.6614193428521343,BonFilm
-0.9998507321905186,0.7604813638430327,BonFilm
0.004880392470594533,-0.6132637644024649,MauvaisFilm
0.3545893868784505,-0.28727612415396225,MauvaisFilm
-0.500443394001556,-0.5866975415209786,BonFilm
0.8308118128915553,1.4536445289718187,BonFilm
-0.9639071290224827,0.21703450249112677,BonFilm
-0.4135446170927732,2.182728326149104,BonFilm
0.4216443662951966,0.376315539998337,MauvaisFilm
0.30911066333583365,0.031693545270268624,MauvaisFilm
-0.13474717586676327,1.2240119805917482,BonFilm
-1.9551332952793359,1.356965232168778,BonFilm
-0.3073020795947228,-0.6864481912642598,BonFilm
-0.14109228320296396,-0.6741769718774298,MauvaisFilm
-0.9073149879182465,-0.25658462997233605,BonFilm
-2.682242955951239,0.8304767278115907,BonFilm
-1.6223025789305294,1.283771774043777,BonFilm
0.02275208812543255,-1.8280716910779118,BonFilm
-1.8597378484644727,0.9601163740044858,BonFilm
1.0636366623470204,-0.13557553468812403,BonFilm
-0.06457448113543467,-0.4361015542368483,MauvaisFilm
-0.6997546956772408,0.8808110882520418,BonFilm
-0.7789443418615603,-0.4443470518130246,BonFilm
0.6799893718965611,-0.6279868716129181,BonFilm
-0.07813007996731458,-1.1426557170751679,BonFilm
-0.2489246388251409,-0.053518318346364904,MauvaisFilm
0.3563735406125058,0.14142624190474254,MauvaisFilm
-0.4280031550165111,-0.3604617255901163,MauvaisFilm
0.505626405103997,0.7794080550791687,BonFilm
-1.6588806567777992,-0.9037640682493404,BonFilm
-2.453549095259651,0.35199211671487873,BonFilm
0.5055755391623913,-1.3273190828286952,BonFilm
-0.1035393596978685,-0.14751563041166976,MauvaisFilm
-0.9268131874123454,0.5373604099621349,BonFilm
-0.41724970811342166,1.0818765285314327,BonFilm
0.5588144004218658,1.044938236177462,BonFilm
-1.1228210281800064,-0.8610217851276734,BonFilm
0.4041587349729173,-0.8515953101523791,BonFilm
-1.000757843542005,0.16437888841061404,BonFilm
-0.843441410815816,0.09138856657815332,BonFilm
-0.6577049146996777,0.06951427161534562,MauvaisFilm
-0.7377159629815091,-0.11898710256979857,BonFilm
-1.646094926627471,0.7645396211114681,BonFilm
0.7455914888506195,0.5344651237084505,BonFilm
1.892991296990305,-0.4625120356750151,BonFilm
-0.042461087016486244,0.7754595821062303,BonFilm
-0.25720412300431367,0.6020621518601045,MauvaisFilm
-2.1621709614152205,-0.177998727353664,BonFilm
-1.5633508270020595,-1.308757542744777,BonFilm
1.3604393514555386,-0.18993542218632326,BonFilm
-1.0178046960812206,-1.3958527181372555,BonFilm
1.6272833474709267,-0.4376120843583393,BonFilm
2.044525633387028,-0.22453446884095957,BonFilm
-0.19540248686700942,-1.161644615242755,BonFilm
0.11549275838266254,-0.6817591689548821,MauvaisFilm
0.8268034752393206,0.47168307763953565,BonFilm
-0.07364738960695243,0.3622230604712513,MauvaisFilm
0.9428206377143014,-0.4867826807073778,BonFilm
1.1199212150443205,0.7572483315748672,BonFilm
-0.5547129099998206,0.004020999774704977,MauvaisFilm
3.0969084883284257,1.6415593602675358,BonFilm
0.5752333836490771,-1.1030432241103387,BonFilm
0.6390835335471594,0.1696227617693962,MauvaisFilm
-1.0821743632170318,-0.5148349402720385,BonFilm
-0.8062582265320036,-0.11513750545883536,BonFilm
0.8092293386767947,0.6726111695463022,BonFilm
0.7879183696056664,0.28555270285605583,BonFilm
0.6487240228622732,-0.8349709586438586,BonFilm
-2.1765302541893776,0.4712274251779956,BonFilm
1.006928428496913,-0.451905207755633,BonFilm
0.8403985888553487,0.5860487351969007,BonFilm
0.050374773160921454,-0.9395969795786184,BonFilm
-0.5142685826432737,-0.932092069115417,BonFilm
0.23473305133067662,-0.812600063107007,BonFilm
0.08959998590926344,-0.9404656477585102,BonFilm
0.14219478587090234,0.5618854641279013,MauvaisFilm
0.05840788016019834,-0.24384597191489146,MauvaisFilm
0.7171872414627273,0.876668878577117,BonFilm
0.6186976263654796,-1.755381976561234,BonFilm
0.005912037423320509,0.7951653299902008,BonFilm
0.43413935261185344,1.762916961919036,BonFilm
-0.08255042632465015,-1.3441195627748947,BonFilm
-0.538618726001645,0.6469613349762392,BonFilm
0.13763787510924946,0.7708992581278716,BonFilm
0.1813799884457009,-0.7803928998036703,BonFilm
-1.245751608038828,-0.4658818604350973,BonFilm
0.4579716065263612,-0.803575042343399,BonFilm
1.5498464039505615,-0.5369934462270932,BonFilm
-0.5054380131175433,-0.2355509910834495,MauvaisFilm
-0.9747837560442185,0.230055976381245,BonFilm
-0.3886938211153923,0.24751584472835705,MauvaisFilm
-0.5871401323674227,-0.21202287645381893,MauvaisFilm
0.6970689336611174,-0.5978755730122216,BonFilm
0.9624400788374501,0.5968111567942667,BonFilm
0.0686198232697055,-0.9399866544329863,BonFilm
0.34459939566977416,1.2333024506328272,BonFilm
0.12079788419504789,-1.317158027400931,BonFilm
-1.0292727957973626,0.19611588901266097,BonFilm
1.0044408393252673,0.5002122593176282,BonFilm
-0.5984233000412545,0.7535043263054402,BonFilm
1.0970264788409327,1.1095612839630655,BonFilm
0.14395974767002637,-1.9974206188355714,BonFilm
-0.36542820841532925,-0.1834025596634642,MauvaisFilm
-0.36636016449426845,1.2555345676077214,BonFilm
-0.7496019743310502,0.16292299391448917,BonFilm
-0.9187582661124756,-0.3483711293425267,BonFilm
-1.2908721832028651,0.9525165850287481,BonFilm
0.6699444705554447,0.04889659310118128,MauvaisFilm
-0.6629293776518683,0.4144538107756111,BonFilm
-0.052011714774042636,0.42353702168652685,MauvaisFilm
0.1467334075231022,-0.06096124048432922,MauvaisFilm
0.7518309627996429,-0.8032826823673562,BonFilm
0.6284488706292959,1.6679231111940211,BonFilm
-1.180824946613154,0.09022194069762468,BonFilm
0.57922351104934,0.57983843498138,BonFilm
1.5264249543269497,-0.11544323837858328,BonFilm
-0.4322303937320541,-0.6066301904903771,BonFilm
1.6549348111845725,0.48679955182857726,BonFilm
1.2211542549542485,-0.3697470075480459,BonFilm
0.595138777297737,0.8586755943457663,BonFilm
1.3432367077258975,0.03221304135731429,BonFilm
0.83500575588268,1.0977031118532368,BonFilm
-1.4939921888717667,0.6613519644265405,BonFilm
-0.8504052208246727,0.3918782963455645,BonFilm
-0.9547463280543267,-0.4670680763464681,BonFilm
0.30420640236913044,1.3854219945236967,BonFilm
-0.02698641274149855,1.0164049437823994,BonFilm
0.31618531486513174,0.154951471430781,MauvaisFilm
0.16432277661971714,-0.16999572179603278,MauvaisFilm
0.5958769985368042,0.01231639612693607,MauvaisFilm
-1.0902369027525283,-1.437446008178874,BonFilm
-0.7629352950429412,0.7509041714476592,BonFilm
-1.0670435478489833,0.32189066032935854,BonFilm
1.8456577877548175,0.9490239281755283,BonFilm
0.46482051041712147,-0.1791330861825237,MauvaisFilm
0.6223982373438444,0.051786450256527526,MauvaisFilm
-1.9350907095629377,-0.7969776800223801,BonFilm
-0.0679640668034657,-1.9313003026343922,BonFilm
0.8463143472646489,-1.137448723574057,BonFilm
-0.6669650248071728,1.8793047378606913,BonFilm
-1.4127203639562942,-0.19933841123290613,BonFilm
-1.3338163121251756,0.9713160943370103,BonFilm
0.7874204867241897,0.052496276710832415,BonFilm
2.5667491685010817,2.2310214487023434,BonFilm
-1.1059224428661076,0.2877511474119684,BonFilm
0.5724809972227584,-0.08012712537440783,MauvaisFilm
-0.46480982783106506,-1.3557502321609889,BonFilm
-1.0159256928421283,-0.5394800102150294,BonFilm
0.5845201890391568,0.8294066282649271,BonFilm
0.7388122533834257,-0.6731060859970041,BonFilm
-0.5996107159945441,0.3234243176812463,MauvaisFilm
-0.7043390956283991,0.07655057878778107,BonFilm
-0.54037480322532,-0.2746570138982025,MauvaisFilm
-0.45382536558696723,-0.052892197582751245,MauvaisFilm
1.4795713092247753,-0.267789500412437,BonFilm
1.3101466241815638,0.9131908708252992,BonFilm
-0.5454238854344653,-0.11512767266257193,MauvaisFilm
-0.7305405177731029,-0.041238008079584845,BonFilm
-0.40684891481091356,0.7941835968261145,BonFilm
-0.6147864544812683,0.27170681899372273,MauvaisFilm
0.39670925865210643,1.8346400871402402,BonFilm
-1.1925414877451332,1.8795244057577416,BonFilm
-0.01595372779816512,0.7371512244878766,BonFilm
-0.9639552470246193,0.7462578219333457,BonFilm
0.40656305963194084,-0.3339120325433458,MauvaisFilm
0.14254338560493002,0.7726368111867407,BonFilm
-1.4860171092981556,-0.732718807394579,BonFilm
-0.39907218104588776,1.2184078129644318,BonFilm
-0.2222754453613541,1.4797093214438881,BonFilm
0.6311074256805376,-0.23267167476790276,MauvaisFilm
0.5757470258541916,1.4465864174135306,BonFilm
-0.06219281823105085,-0.17273104610699738,MauvaisFilm
-1.1464439555519998,-1.3044369445840773,BonFilm
-0.3065969959821579,0.9510623078303395,BonFilm
0.7964200334092804,-1.1736748157509092,BonFilm
-1.037226617715442,0.08041889453380488,BonFilm
0.13834545593477474,0.7904744941250393,BonFilm
-2.373899346998236,-0.4570892316940824,BonFilm
0.22308839149135232,-2.1367816905492343,BonFilm
-0.7384202070103578,-0.6738292529262783,BonFilm
-0.24299329459353908,0.42783835521281666,MauvaisFilm
-0.15835508107536375,-0.20170250256624128,MauvaisFilm
-1.9318004804510598,-0.635518902840625,BonFilm
1.7841425360450685,0.10537248762413062,BonFilm
1.1272586990832227,0.666852969578858,BonFilm
0.030984520798951525,2.06341626751962,BonFilm
-1.124786368018158,2.1492299066280225,BonFilm
1.0835999828214384,-1.4986058876208803,BonFilm
-0.33103725682430557,-1.239384906016964,BonFilm
-0.7754985940140475,1.0919972864052387,BonFilm
1.6903243944452941,-1.0952466010939046,BonFilm
-1.1169084557897415,0.24715852112007744,BonFilm
