Name,Platform,Year,NA_Sales,EU_Sales,JP_Sales,Other_Sales
Wii Sports,Wii,2006,41490000.0,29020000.0,3770000.0,8460000.0
Super Mario Bros.,NES,1985,29080000.0,3580000.0,6810000.0,770000.0
Mario Kart Wii,Wii,2008,15850000.0,12880000.0,3790000.0,3310000.0
Wii Sports Resort,Wii,2009,15750000.0,11010000.0,3280000.0,2960000.0
Pokemon Red/Pokemon Blue,GB,1996,11270000.0,8890000.0,10220000.0,1000000.0
Tetris,GB,1989,23200000.0,2260000.0,4220000.0,580000.0
Wii Play,Wii,2006,14030000.0,9200000.0,2930000.0,2850000.0
New Super Mario Bros. Wii,Wii,2009,14590000.0,7060000.0,4700000.0,2260000.0
Duck Hunt,NES,1984,26930000.0,630000.0,280000.0,470000.0
Pokemon Gold/Pokemon Silver,GB,1999,9000000.0,6180000.0,7200000.0,710000.0
Wii Fit,Wii,2007,8940000.0,8029999.999999999,3600000.0,2150000.0
Wii Fit Plus,Wii,2009,9090000.0,8590000.0,2530000.0,1790000.0
Kinect Adventures!,X360,2010,14970000.0,4940000.0,240000.0,1670000.0
Grand Theft Auto V,PS3,2013,7010000.0,9270000.0,970000.0,4139999.9999999995
Grand Theft Auto: San Andreas,PS2,2004,9430000.0,400000.0,410000.0,10570000.0
Super Mario World,SNES,1990,12780000.0,3750000.0,3540000.0,550000.0
Super Mario Land,GB,1989,10830000.0,2710000.0,4179999.9999999995,420000.0
Super Mario Bros. 3,NES,1988,9540000.0,3440000.0,3840000.0,460000.0
Grand Theft Auto V,X360,2013,9630000.0,5310000.0,60000.0,1380000.0
Grand Theft Auto: Vice City,PS2,2002,8410000.0,5490000.0,470000.0,1780000.0
Pokemon Ruby/Pokemon Sapphire,GBA,2002,6060000.0,3900000.0,5380000.0,500000.0
Gran Turismo 3: A-Spec,PS2,2001,6850000.0,5090000.0,1870000.0,1160000.0
Call of Duty: Modern Warfare 3,X360,2011,9030000.0,4280000.0,130000.0,1320000.0
Pok?mon Yellow: Special Pikachu Edition,GB,1998,5890000.0,5040000.0,3120000.0,590000.0
Call of Duty: Black Ops,X360,2010,9670000.0,3730000.0,110000.0,1130000.0
Pokemon X/Pokemon Y,3DS,2013,5170000.0,4050000.0,4340000.0,790000.0
Call of Duty: Black Ops 3,PS4,2015,5770000.0,5810000.0,350000.0,2310000.0
Call of Duty: Black Ops II,PS3,2012,4990000.0,5880000.0,650000.0,2520000.0
Call of Duty: Black Ops II,X360,2012,8250000.0,4300000.0,70000.0,1120000.0
Call of Duty: Modern Warfare 2,X360,2009,8520000.0,3630000.0,80000.0,1290000.0
Call of Duty: Modern Warfare 3,PS3,2011,5540000.0,5820000.0,490000.0,1620000.0
Grand Theft Auto III,PS2,2001,6990000.0,4510000.0,300000.0,1300000.0
Super Smash Bros. Brawl,Wii,2008,6750000.0,2610000.0,2660000.0,1020000.0
Call of Duty: Black Ops,PS3,2010,5980000.0,4440000.0,480000.0,1830000.0
Mario Kart 7,3DS,2011,4740000.0,3910000.0,2670000.0,890000.0
Halo 3,X360,2007,7970000.0,2830000.0,130000.0,1210000.0
Grand Theft Auto V,PS4,2014,3800000.0,5810000.0,360000.0,2020000.0
Super Mario 64,N64,1996,6910000.0,2850000.0,1910000.0,230000.0
Gran Turismo 4,PS2,2004,3010000.0,10000.0,1100000.0,7530000.0
Super Mario Galaxy,Wii,2007,6160000.0,3400000.0,1200000.0,760000.0
Pokemon Omega Ruby/Pokemon Alpha Sapphire,3DS,2014,4230000.0,3370000.0,3080000.0,650000.0
Super Mario Land 2: 6 Golden Coins,GB,1992,6160000.0,2040000.0,2690000.0,290000.0
Grand Theft Auto IV,X360,2008,6760000.0,3100000.0,140000.0,1030000.0
Gran Turismo,PS,1997,4019999.9999999995,3870000.0,2540000.0,520000.0
Super Mario 3D Land,3DS,2011,4890000.0,2990000.0,2130000.0,780000.0
Gran Turismo 5,PS3,2010,2960000.0,4880000.0,810000.0,2120000.0
Call of Duty: Modern Warfare 2,PS3,2009,4990000.0,3690000.0,380000.0,1630000.0
Grand Theft Auto IV,PS3,2008,4760000.0,3760000.0,440000.0,1620000.0
Super Mario All-Stars,SNES,1993,5990000.0,2150000.0,2120000.0,290000.0
Pokemon FireRed/Pokemon LeafGreen,GBA,2004,4340000.0,2650000.0,3150000.0,350000.0
Just Dance 3,Wii,2011,6050000.0,3150000.0,0.0,1070000.0
Call of Duty: Ghosts,X360,2013,6720000.0,2630000.0,40000.0,820000.0
Halo: Reach,X360,2010,7030000.0,1980000.0,80000.0,780000.0
Mario Kart 64,N64,1996,5550000.0,1940000.0,2230000.0,150000.0
New Super Mario Bros. 2,3DS,2012,3660000.0,3070000.0,2470000.0,630000.0
Halo 4,X360,2012,6630000.0,2360000.0,40000.0,730000.0
Final Fantasy VII,PS,1997,3010000.0,2470000.0,3280000.0,960000.0
Call of Duty: Ghosts,PS3,2013,4090000.0,3730000.0,380000.0,1380000.0
Just Dance 2,Wii,2010,5840000.0,2890000.0,10000.0,780000.0
Gran Turismo 2,PS,1999,3880000.0,3420000.0,1690000.0,500000.0
Call of Duty 4: Modern Warfare,X360,2007,5910000.0,2380000.0,130000.0,900000.0
Donkey Kong Country,SNES,1994,4360000.0,1710000.0,3000000.0,230000.0
Minecraft,X360,2013,5580000.0,2830000.0,20000.0,770000.0
Animal Crossing: New Leaf,3DS,2012,2009999.9999999998,2320000.0,4360000.0,410000.0
The Elder Scrolls V: Skyrim,X360,2011,5030000.0,2860000.0,100000.0,850000.0
Super Mario Kart,SNES,1992,3540000.0,1240000.0,3810000.0,180000.0
FIFA 16,PS4,2015,1110000.0,6060000.0,60000.0,1260000.0
Wii Party,Wii,2010,1790000.0,3530000.0,2490000.0,680000.0
Halo 2,XB,2004,6820000.0,1530000.0,50000.0,80000.0
Mario Party 8,Wii,2007,3810000.0,2300000.0,1580000.0,730000.0
FIFA Soccer 13,PS3,2012,1060000.0,5050000.0,130000.0,2009999.9999999998
The Sims 3,PC,2009,980000.0,6420000.0,0.0,710000.0
GoldenEye 007,N64,1997,5800000.0,2009999.9999999998,130000.0,150000.0
Mario & Sonic at the Olympic Games,Wii,2007,2580000.0,3900000.0,660000.0,910000.0
Final Fantasy X,PS2,2001,2910000.0,2069999.9999999998,2730000.0,330000.0
Final Fantasy VIII,PS,1999,2280000.0,1720000.0,3630000.0,230000.0
Pac-Man,2600,1982,7280000.0,450000.0,0.0,80000.0
Grand Theft Auto: Liberty City Stories,PSP,2005,2900000.0,2830000.0,240000.0,1750000.0
Super Mario Galaxy 2,Wii,2010,3660000.0,2420000.0,980000.0,640000.0
Star Wars Battlefront (2015),PS4,2015,2930000.0,3290000.0,220000.0,1230000.0
Call of Duty: Advanced Warfare,PS4,2014,2800000.0,3300000.0,140000.0,1370000.0
The Legend of Zelda: Ocarina of Time,N64,1998,4099999.9999999995,1890000.0,1450000.0,160000.0
Crash Bandicoot 2: Cortex Strikes Back,PS,1997,3780000.0,2170000.0,1310000.0,310000.0
Super Mario Bros. 2,NES,1988,5390000.0,1180000.0,700000.0,190000.0
Super Smash Bros. for Wii U and 3DS,3DS,2014,3240000.0,1350000.0,2420000.0,430000.0
Call of Duty: World at War,X360,2008,4790000.0,1900000.0,0.0,690000.0
Battlefield 3,X360,2011,4460000.0,2130000.0,60000.0,690000.0
The Legend of Zelda: Twilight Princess,Wii,2006,3830000.0,2190000.0,600000.0,700000.0
Call of Duty: Black Ops 3,XOne,2015,4520000.0,2089999.9999999998,10000.0,670000.0
Just Dance,Wii,2009,3510000.0,3030000.0,0.0,730000.0
Battlefield 3,PS3,2011,2850000.0,2930000.0,350000.0,1100000.0
Need for Speed Underground,PS2,2003,3270000.0,2830000.0,80000.0,1020000.0
Tekken 3,PS,1998,3270000.0,2220000.0,1400000.0,290000.0
Crash Bandicoot 3: Warped,PS,1998,3680000.0,1750000.0,1420000.0,280000.0
Super Smash Bros. Melee,GC,2001,4410000.0,1040000.0,1390000.0,220000.0
Mario Kart 8,WiiU,2014,3130000.0,2069999.9999999998,1270000.0,490000.0
Fallout 4,PS4,2015,2470000.0,3150000.0,240000.0,1100000.0
Mario Kart: Double Dash!!,GC,2003,4120000.0,1770000.0,870000.0,190000.0
Just Dance 4,Wii,2012,4139999.9999999995,2210000.0,0.0,560000.0
FIFA 14,PS3,2013,780000.0,4320000.0,70000.0,1730000.0
Need for Speed Underground 2,PS2,2004,2710000.0,3020000.0,80000.0,1090000.0
Medal of Honor: Frontline,PS2,2002,2930000.0,2750000.0,170000.0,990000.0
Uncharted 3: Drake's Deception,PS3,2011,2770000.0,2800000.0,190000.0,1060000.0
Crash Bandicoot,PS,1996,3230000.0,2350000.0,940000.0,300000.0
Zumba Fitness,Wii,2010,3500000.0,2640000.0,0.0,670000.0
Gears of War 2,X360,2008,4150000.0000000005,1920000.0,60000.0,640000.0
Uncharted 2: Among Thieves,PS3,2009,3270000.0,2250000.0,210000.0,1000000.0
Call of Duty 4: Modern Warfare,PS3,2007,3100000.0,2300000.0,280000.0,1040000.0
FIFA 12,PS3,2011,840000.0,4320000.0,110000.0,1420000.0
Red Dead Redemption,PS3,2010,2790000.0,2610000.0,170000.0,1030000.0
FIFA 15,PS4,2014,790000.0,4290000.0,50000.0,1470000.0
Donkey Kong Country Returns,Wii,2010,3250000.0,1840000.0,1030000.0,470000.0
The Elder Scrolls V: Skyrim,PS3,2011,2550000.0,2710000.0,250000.0,1050000.0
The Legend of Zelda,NES,1986,3740000.0,930000.0,1690000.0,140000.0
Assassin's Creed III,PS3,2012,2640000.0,2560000.0,160000.0,1140000.0
Halo: Combat Evolved,XB,2001,4980000.0,1300000.0,80000.0,70000.0
Pok?mon Emerald Version,GBA,2004,2570000.0,1580000.0,2060000.0,210000.0
Kingdom Hearts,PS2,2002,3640000.0,1200000.0,1490000.0,70000.0
Pok?mon Crystal Version,GB,2000,2550000.0,1560000.0,1290000.0,990000.0
Halo 3: ODST,X360,2009,4340000.0,1350000.0,60000.0,610000.0
Red Dead Redemption,X360,2010,3700000.0,1970000.0,90000.0,570000.0
Super Mario Sunshine,GC,2002,4010000.0,1260000.0,870000.0,170000.0
Street Fighter II: The World Warrior,SNES,1992,2470000.0,830000.0,2870000.0,120000.0
World of Warcraft,PC,2004,70000.0,6210000.0,0.0,0.0
Driver,PS,1999,3110000.0,2800000.0,20000.0,330000.0
Kinect Sports,X360,2010,3920000.0,1780000.0,30000.0,510000.0
Gears of War 3,X360,2011,4050000.0,1620000.0,70000.0,490000.0
Gears of War,X360,2006,3540000.0,1900000.0,70000.0,600000.0
Metal Gear Solid 2: Sons of Liberty,PS2,2001,2450000.0,2009999.9999999998,870000.0,720000.0
Metal Gear Solid 4: Guns of the Patriots,PS3,2008,2630000.0,1740000.0,830000.0,830000.0
Metal Gear Solid,PS,1998,3180000.0,1830000.0,780000.0,240000.0
The Last of Us,PS3,2013,2410000.0,2280000.0,280000.0,1010000.0
Final Fantasy XII,PS2,2006,1880000.0,0.0,2330000.0,1740000.0
LittleBigPlanet,PS3,2008,2800000.0,2049999.9999999998,170000.0,900000.0
LEGO Star Wars: The Complete Saga,Wii,2007,3660000.0,1630000.0,0.0,530000.0
Resident Evil 2,PS,1998,1880000.0,1470000.0,2020000.0,450000.0
Tekken 2,PS,1996,2260000.0,1890000.0,1360000.0,230000.0
Destiny,PS4,2014,2490000.0,2049999.9999999998,160000.0,960000.0
Tetris,NES,1988,2970000.0,690000.0,1810000.0,110000.0
Assassin's Creed II,PS3,2009,2540000.0,1950000.0,210000.0,870000.0
Super Smash Bros.,N64,1999,2950000.0,600000.0,1970000.0,40000.0
Assassin's Creed,X360,2007,3280000.0,1650000.0,70000.0,550000.0
Batman: Arkham City,PS3,2011,2700000.0,1910000.0,110000.0,800000.0
Forza Motorsport 3,X360,2009,2990000.0,1920000.0,100000.0,510000.0
Monster Hunter Freedom Unite,PSP,2008,470000.0,570000.0,4130000.0,340000.0
Super Mario Advance,GBA,2001,3140000.0,1240000.0,910000.0,200000.0
Mario Kart: Super Circuit,GBA,2001,2620000.0,1640000.0,990000.0,230000.0
Super Mario World,GBA,2001,3210000.0,1110000.0,950000.0,200000.0
Pokemon Stadium,N64,1999,3180000.0,1240000.0,940000.0,90000.0
Call of Duty: World at War,PS3,2008,2720000.0,1870000.0,0.0,840000.0
Crash Bandicoot: The Wrath of Cortex,PS2,2001,2069999.9999999998,2290000.0,240000.0,820000.0
Minecraft,PS3,2014,1970000.0,2510000.0,0.0,940000.0
Final Fantasy XIII,PS3,2009,1740000.0,1240000.0,1870000.0,520000.0
Dr. Mario,GB,1989,2180000.0,960000.0,2000000.0,200000.0
Pokemon Pinball,GB,1999,3020000.0,1120000.0,1010000.0,160000.0
Assassin's Creed III,X360,2012,3130000.0,1710000.0,30000.0,440000.0
Final Fantasy IX,PS,2000,1620000.0,770000.0,2780000.0,140000.0
Final Fantasy X-2,PS2,2003,1920000.0,1080000.0,2110000.0,170000.0
Donkey Kong 64,N64,1999,3330000.0,790000.0,1090000.0,60000.0
Assassin's Creed II,X360,2009,3100000.0,1560000.0,80000.0,510000.0
Tomb Raider II,PS,1997,2300000.0,2460000.0,200000.0,280000.0
Dragon Quest VIII: Journey of the Cursed King,PS2,2004,650000.0,750000.0,3610000.0,200000.0
Diablo III,PC,2012,2430000.0,2150000.0,0.0,620000.0
Super Mario Bros. 3,GBA,2003,2930000.0,1250000.0,830000.0,200000.0
New Super Mario Bros. U,WiiU,2012,2320000.0,1300000.0,1270000.0,310000.0
Super Mario Land 3: Wario Land,GB,1994,2490000.0,980000.0,1570000.0,150000.0
FIFA Soccer 13,X360,2012,1080000.0,3480000.0,30000.0,580000.0
Donkey Kong Country 2: Diddy's Kong Quest,SNES,1995,2100000.0,740000.0,2200000.0,110000.0
Tomodachi Life,3DS,2013,960000.0,2020000.0,1890000.0,280000.0
Medal of Honor: Rising Sun,PS2,2003,1980000.0,2230000.0,130000.0,800000.0
Kirby's Dream Land,GB,1992,2710000.0,610000.0,1700000.0,110000.0
Fable III,X360,2010,3590000.0,1110000.0,50000.0,380000.0
Call of Duty: Advanced Warfare,XOne,2014,3210000.0,1530000.0,10000.0,380000.0
Microsoft Flight Simulator,PC,1996,3220000.0,1690000.0,0.0,200000.0
Guitar Hero II,PS2,2006,3810000.0,630000.0,0.0,680000.0
Resident Evil 5,PS3,2009,1960000.0,1430000.0,1080000.0,650000.0
Grand Theft Auto V,XOne,2014,2660000.0,2009999.9999999998,0.0,410000.0
Grand Theft Auto: Vice City Stories,PSP,2006,1700000.0,2020000.0,160000.0,1210000.0
FIFA Soccer 11,PS3,2010,600000.0,3290000.0,60000.0,1130000.0
Super Mario Bros.,GB,1999,3400000.0,1300000.0,150000.0,220000.0
Resident Evil,PS,1996,2049999.9999999998,1160000.0,1110000.0,730000.0
Tony Hawk's Pro Skater,PS,1999,3420000.0,1380000.0,20000.0,200000.0
Super Smash Bros. for Wii U and 3DS,WiiU,2014,2590000.0,1060000.0,800000.0,570000.0
Warzone 2100,PS,1999,2790000.0,1890000.0,0.0,330000.0
Spyro the Dragon,PS,1998,3360000.0,1360000.0,70000.0,210000.0
Link's Crossbow Training,Wii,2007,3060000.0,1180000.0,290000.0,460000.0
Guitar Hero III: Legends of Rock,PS2,2007,3490000.0,10000.0,10000.0,1480000.0
Fallout 3,X360,2008,3390000.0,1030000.0,90000.0,440000.0
Uncharted: Drake's Fortune,PS3,2007,2310000.0,1730000.0,120000.0,780000.0
Madden NFL 06,PS2,2005,3980000.0,260000.0,10000.0,660000.0
Diddy Kong Racing,N64,1997,2910000.0,990000.0,890000.0,100000.0
Monster Hunter Freedom 3,PSP,2010,0.0,0.0,4870000.0,0.0
Dr. Mario,NES,1990,2620000.0,600000.0,1520000.0,100000.0
God of War III,PS3,2010,2740000.0,1360000.0,120000.0,630000.0
StarCraft II: Wings of Liberty,PC,2010,2560000.0,1680000.0,0.0,590000.0
Assassin's Creed,PS3,2007,1910000.0,2000000.0,90000.0,830000.0
FIFA 15,PS3,2014,570000.0,3140000.0,40000.0,1070000.0
Crash Team Racing,PS,1999,2570000.0,1570000.0,440000.0,210000.0
FIFA 17,PS4,2016,280000.0,3750000.0,60000.0,690000.0
Batman: Arkham City,X360,2011,2990000.0,1310000.0,40000.0,410000.0
Driver 2,PS,2000,2360000.0,2100000.0,20000.0,250000.0
The Simpsons: Hit & Run,PS2,2003,1730000.0,2190000.0,0.0,790000.0
Tony Hawk's Pro Skater 2,PS,2000,3050000.0,1410000.0,20000.0,200000.0
Animal Crossing: City Folk,Wii,2008,1870000.0,1120000.0,1320000.0,370000.0
The Lord of the Rings: The Two Towers,PS2,2002,1940000.0,1950000.0,80000.0,700000.0
Forza Motorsport 4,X360,2011,2080000.0,2040000.0,60000.0,470000.0
Tomb Raider,PS,1996,2290000.0,1970000.0,130000.0,240000.0
Guitar Hero III: Legends of Rock,Wii,2007,3060000.0,1120000.0,0.0,440000.0
The Legend of Zelda: A Link to the Past,SNES,1991,2420000.0,910000.0,1150000.0,130000.0
The Legend of Zelda: The Wind Waker,GC,2002,2600000.0,990000.0,890000.0,130000.0
Mario & Sonic at the Olympic Winter Games,Wii,2009,1890000.0,1990000.0,220000.0,480000.0
Luigi's Mansion: Dark Moon,3DS,2013,1780000.0,1390000.0,1100000.0,300000.0
Splatoon,WiiU,2015,1550000.0,1150000.0,1440000.0,430000.0
The Last of Us,PS4,2014,1780000.0,1870000.0,70000.0,820000.0
Guitar Hero III: Legends of Rock,X360,2007,3190000.0,920000.0,10000.0,420000.0
Madden NFL 2005,PS2,2004,4179999.9999999995,260000.0,10000.0,80000.0
Pitfall!,2600,1981,4210000.0,240000.0,0.0,50000.0
Madden NFL 07,PS2,2006,3630000.0,240000.0,10000.0,610000.0
Spider-Man: The Movie,PS2,2002,2710000.0,1510000.0,30000.0,230000.0
Dragon Quest VII: Warriors of Eden,PS,2000,200000.0,140000.0,4099999.9999999995,20000.0
Uncharted: The Nathan Drake Collection,PS4,2015,1960000.0,1690000.0,80000.0,740000.0
Call of Duty: Advanced Warfare,PS3,2014,1540000.0,1940000.0,190000.0,770000.0
God of War,PS2,2005,2710000.0,1290000.0,20000.0,430000.0
Nintendo Land,WiiU,2012,2550000.0,1110000.0,460000.0,330000.0
Michael Jackson: The Experience,Wii,2010,2670000.0,1350000.0,10000.0,390000.0
Tony Hawk's Pro Skater 3,PS2,2001,2660000.0,1290000.0,10000.0,460000.0
Winning Eleven: Pro Evolution Soccer 2007,PS2,2006,100000.0,2390000.0,1050000.0,860000.0
The Elder Scrolls IV: Oblivion,X360,2006,2820000.0,1050000.0,130000.0,400000.0
Zelda II: The Adventure of Link,NES,1987,2190000.0,500000.0,1610000.0,80000.0
Need for Speed: Most Wanted,PS2,2005,2029999.9999999998,1790000.0,80000.0,470000.0
Resistance: Fall of Man,PS3,2006,1730000.0,1730000.0,140000.0,750000.0
Kingdom Hearts II,PS2,2005,2200000.0,580000.0,1380000.0,170000.0
FIFA 14,X360,2013,920000.0,2930000.0,10000.0,460000.0
Call of Duty: Advanced Warfare,X360,2014,2750000.0,1180000.0,0.0,370000.0
Asteroids,2600,1980,4000000.0,260000.0,0.0,50000.0
Fable II,X360,2008,2510000.0,1270000.0,110000.0,410000.0
Halo 5: Guardians,XOne,2015,2640000.0,1200000.0,30000.0,390000.0
Super Mario 3D World,WiiU,2013,2110000.0,1110000.0,720000.0,300000.0
Batman: Arkham Asylum,PS3,2009,2230000.0,1340000.0,70000.0,610000.0
Assassin's Creed: Revelations,PS3,2011,1410000.0,2020000.0,100000.0,720000.0
Namco Museum,GBA,2001,3000000.0,1110000.0,50000.0,70000.0
Metal Gear Solid 3: Snake Eater,PS2,2004,1460000.0,0.0,830000.0,1930000.0
Daxter,PSP,2006,2450000.0,1020000.0,0.0,750000.0
Warcraft II: Tides of Darkness,PC,1995,1700000.0,2270000.0,0.0,230000.0
The Legend of Zelda: Ocarina of Time,3DS,2011,2029999.9999999998,1270000.0,620000.0,300000.0
FIFA Soccer 06,PS2,2005,780000.0,2550000.0,40000.0,840000.0
EyeToy Play,PS2,2003,880000.0,2300000.0,200000.0,830000.0
Uncharted 4: A Thief's End,PS4,2016,1300000.0,2069999.9999999998,180000.0,650000.0
Gran Turismo 5 Prologue,PS3,2007,1280000.0,1830000.0,570000.0,530000.0
Assassin's Creed: Revelations,X360,2011,2250000.0,1470000.0,40000.0,430000.0
Street Fighter IV,PS3,2009,2020000.0,1060000.0,580000.0,530000.0
FIFA 12,X360,2011,840000.0,2790000.0,20000.0,530000.0
Teenage Mutant Ninja Turtles,NES,1989,3380000.0,440000.0,310000.0,40000.0
Excitebike,NES,1984,2040000.0,480000.0,1570000.0,70000.0
Frogger,PS,1997,3790000.0,270000.0,0.0,110000.0
Madden NFL 2003,PS2,2002,3360000.0,210000.0,10000.0,560000.0
Watch Dogs,PS4,2014,1400000.0,1860000.0,110000.0,770000.0
Half-Life,PC,1997,4030000.0000000005,0.0,90000.0,0.0
Super Mario World 2: Yoshi's Island,SNES,1995,1650000.0,610000.0,1760000.0,90000.0
FIFA Soccer 07,PS2,2006,710000.0,2480000.0,30000.0,890000.0
The Legend of Zelda: Skyward Sword,Wii,2011,2140000.0,1200000.0,370000.0,400000.0
Street Fighter II Turbo,SNES,1992,1420000.0,510000.0,2100000.0,70000.0
Carnival Games,Wii,2007,2130000.0,1500000.0,50000.0,420000.0
Fallout 4,XOne,2015,2450000.0,1260000.0,10000.0,370000.0
World of Warcraft: The Burning Crusade,PC,2007,2570000.0,1520000.0,0.0,0.0
Fallout: New Vegas,X360,2010,2650000.0,1060000.0,40000.0,330000.0
God of War II,PS2,2007,2320000.0,40000.0,40000.0,1670000.0
Forza Motorsport 2,X360,2007,2350000.0,1280000.0,30000.0,410000.0
World Soccer Winning Eleven 9,PS2,2005,120000.0,2260000.0,900000.0,770000.0
Namco Museum Vol.3,PS,1996,2280000.0,1550000.0,160000.0,60000.0
Tekken Tag Tournament,PS2,2000,1680000.0,1510000.0,510000.0,350000.0
Far Cry 4,PS4,2014,1120000.0,2120000.0,100000.0,690000.0
Star Fox 64,N64,1997,2780000.0,580000.0,640000.0,40000.0
Minecraft,PS4,2014,1380000.0,1870000.0,120000.0,650000.0
Golf,NES,1984,1220000.0,280000.0,2460000.0,40000.0
Fallout 3,PS3,2008,2150000.0,1200000.0,70000.0,590000.0
Left 4 Dead 2,X360,2009,2670000.0,890000.0,50000.0,370000.0
Namco Museum: 50th Anniversary,PS2,2005,2080000.0,1350000.0,0.0,540000.0
EA Sports Active,Wii,2009,2100000.0,1360000.0,60000.0,400000.0
Assassin's Creed: Unity,PS4,2014,1180000.0,1960000.0,80000.0,700000.0
Donkey Kong Land,GB,1994,1970000.0,760000.0,1070000.0,110000.0
Tony Hawk's Underground,PS2,2003,2290000.0,1170000.0,10000.0,420000.0
Assassin's Creed IV: Black Flag,PS3,2013,1330000.0,1710000.0,130000.0,730000.0
Monster Hunter 4 Ultimate,3DS,2014,670000.0,490000.0,2620000.0,110000.0
MotorStorm,PS3,2006,1530000.0,1610000.0,60000.0,670000.0
The Elder Scrolls V: Skyrim,PC,2011,1150000.0,2089999.9999999998,0.0,640000.0
Tekken 5,PS2,2005,930000.0,1940000.0,310000.0,700000.0
Dragon Warrior III,NES,1988,100000.0,0.0,3770000.0,0.0
Sports Champions,PS3,2010,2120000.0,1140000.0,100000.0,510000.0
NBA 2K16,PS4,2015,2480000.0,650000.0,30000.0,690000.0
World Soccer Winning Eleven 8 International,PS2,2004,160000.0,1890000.0,1120000.0,680000.0
Namco Museum Vol.1,PS,1995,2120000.0,1440000.0,220000.0,60000.0
The Legend of Zelda: Link's Awakening,GB,1992,2210000.0,960000.0,540000.0,130000.0
Big Brain Academy: Wii Degree,Wii,2007,1060000.0,1930000.0,410000.0,430000.0
Nintendogs + cats,3DS,2011,1440000.0,1370000.0,730000.0,270000.0
Batman: Arkham Knight,PS4,2015,1490000.0,1580000.0,100000.0,610000.0
Mario & Sonic at the London 2012 Olympic Games,Wii,2011,1140000.0,1910000.0,270000.0,460000.0
LEGO Indiana Jones: The Original Adventures,X360,2008,2400000.0,1030000.0,0.0,360000.0
Resident Evil Director's Cut,PS,1996,1820000.0,1240000.0,470000.0,250000.0
Ratchet & Clank: Size Matters,PSP,2007,1400000.0,1400000.0,100000.0,870000.0
Just Dance 2014,Wii,2013,1980000.0,1470000.0,0.0,320000.0
The Sims: Unleashed,PC,2002,2029999.9999999998,1560000.0,0.0,170000.0
Super Paper Mario,Wii,2007,1980000.0,880000.0,590000.0,320000.0
Harry Potter and the Sorcerer's Stone,PS,2001,1370000.0,2000000.0,140000.0,220000.0
The Witcher 3: Wild Hunt,PS4,2015,960000.0,2000000.0,210000.0,560000.0
Resident Evil 3: Nemesis,PS,1999,1300000.0,770000.0,1540000.0,110000.0
Spyro: Year of the Dragon,PS,2000,1930000.0,1580000.0,0.0,190000.0
FIFA Soccer 2005,PS2,2004,580000.0,2480000.0,40000.0,590000.0
Pok?mon Trading Card Game,GB,1998,1490000.0,730000.0,1380000.0,100000.0
Battlefield 4,PS3,2013,1300000.0,1510000.0,270000.0,610000.0
Tony Hawk's Pro Skater 4,PS2,2002,2130000.0,1180000.0,10000.0,350000.0
Midnight Club 3: DUB Edition,PSP,2005,1650000.0,1220000.0,0.0,790000.0
Banjo-Kazooie,N64,1998,1870000.0,1130000.0,550000.0,100000.0
SOCOM: U.S. Navy SEALs,PS2,2002,2530000.0,810000.0,60000.0,240000.0
Guitar Hero: World Tour,Wii,2008,2330000.0,970000.0,0.0,350000.0
Gran Turismo 6,PS3,2013,710000.0,1800000.0,400000.0,740000.0
Jak and Daxter: The Precursor Legacy,PS2,2001,2080000.0,1090000.0,150000.0,330000.0
Pokemon Snap,N64,1999,2230000.0,680000.0,660000.0,60000.0
FIFA Soccer 10,PS3,2009,600000.0,2460000.0,50000.0,520000.0
Pro Evolution Soccer 2008,PS2,2007,50000.0,0.0,640000.0,2930000.0
Call of Duty: Ghosts,PS4,2013,1780000.0,1420000.0,50000.0,380000.0
Resident Evil 4,PS2,2005,2080000.0,830000.0,460000.0,250000.0
Tom Clancy's The Division,PS4,2016,1280000.0,1610000.0,150000.0,570000.0
Star Wars: Battlefront,PS2,2004,1930000.0,1220000.0,30000.0,440000.0
Doom II: Hell on Earth,PC,1994,2049999.9999999998,1400000.0,0.0,160000.0
The Simpsons: Road Rage,PS2,2001,2020000.0,1170000.0,0.0,420000.0
Luigi's Mansion,GC,2001,2380000.0,670000.0,460000.0,100000.0
Star Wars: Battlefront II,PS2,2005,2180000.0,1020000.0,30000.0,370000.0
WWF SmackDown!,PS,2000,2009999.9999999998,1350000.0,60000.0,160000.0
Croc: Legend of the Gobbos,PS,1997,1570000.0,1790000.0,0.0,200000.0
Grand Theft Auto: Liberty City Stories,PS2,2006,1560000.0,1400000.0,70000.0,500000.0
The Getaway,PS2,2002,1230000.0,1770000.0,50000.0,490000.0
Tomb Raider III: Adventures of Lara Croft,PS,1997,1660000.0,1580000.0,120000.0,180000.0
James Bond 007: Agent Under Fire,PS2,2001,1900000.0,1130000.0,100000.0,410000.0
LEGO Star Wars: The Video Game,PS2,2005,1980000.0,1140000.0,10000.0,410000.0
Battlefield 4,X360,2013,2140000.0,1080000.0,20000.0,290000.0
FIFA Soccer 11,X360,2010,710000.0,2400000.0,20000.0,400000.0
Rugrats in Paris: The Movie,PS,2000,1960000.0,1330000.0,0.0,230000.0
Spyro 2: Ripto's Rage!,PS,1999,2140000.0,1210000.0,10000.0,170000.0
Left 4 Dead,X360,2008,2660000.0,500000.0,50000.0,300000.0
Resident Evil 5,X360,2009,2110000.0,940000.0,120000.0,340000.0
Donkey Kong Country 3: Dixie Kong's Double Trouble!,SNES,1996,1170000.0,500000.0,1750000.0,80000.0
Assassin's Creed: Brotherhood,X360,2010,2840000.0,390000.0,30000.0,240000.0
Kung Fu,NES,1985,1640000.0,380000.0,1420000.0,60000.0
Batman: Arkham Asylum,X360,2009,2200000.0,970000.0,20000.0,310000.0
Star Wars Battlefront (2015),XOne,2015,1940000.0,1220000.0,20000.0,310000.0
Battlefield: Bad Company 2,X360,2010,2089999.9999999998,1020000.0,40000.0,320000.0
Assassin's Creed: Unity,XOne,2014,2260000.0,890000.0,0.0,300000.0
Far Cry 3,PS3,2012,880000.0,1750000.0,100000.0,720000.0
Monster Hunter 4,3DS,2013,0.0,0.0,3440000.0,0.0
Borderlands,X360,2009,2390000.0,730000.0,30000.0,290000.0
Tekken 4,PS2,2002,1550000.0,1270000.0,330000.0,290000.0
Battlefield 4,PS4,2013,1340000.0,1540000.0,170000.0,380000.0
LittleBigPlanet 2,PS3,2011,1820000.0,1070000.0,60000.0,470000.0
Grand Theft Auto 2,PS,1998,1130000.0,2069999.9999999998,0.0,220000.0
Final Fantasy III,SNES,1994,860000.0,0.0,2550000.0,20000.0
Spider-Man 2,PS2,2004,1750000.0,1200000.0,20000.0,430000.0
F-1 Race,GB,1990,1730000.0,690000.0,590000.0,400000.0
FIFA Soccer 2003,PS2,2002,460000.0,2280000.0,50000.0,610000.0
Crash Bash,PS,2000,1560000.0,1470000.0,190000.0,170000.0
LEGO Batman: The Videogame,X360,2008,2029999.9999999998,1030000.0,0.0,320000.0
Metal Gear Solid V: The Phantom Pain,PS4,2015,1080000.0,1350000.0,480000.0,470000.0
WWF War Zone,PS,1998,2470000.0,760000.0,0.0,130000.0
The Legend of Zelda: Majora's Mask,N64,2000,1900000.0,670000.0,730000.0,60000.0
Rugrats: Search For Reptar,PS,1998,1630000.0,1530000.0,0.0,180000.0
Assassin's Creed IV: Black Flag,X360,2013,1900000.0,1140000.0,10000.0,290000.0
James Bond 007: Nightfire,PS2,2002,1450000.0,1290000.0,120000.0,460000.0
Ratchet & Clank,PS2,2002,1440000.0,1010000.0,570000.0,300000.0
Mario Party 9,Wii,2012,1150000.0,1170000.0,760000.0,240000.0
Star Wars Episode III: Revenge of the Sith,PS2,2005,1470000.0,1390000.0,30000.0,430000.0
Max Payne,PS2,2001,1990000.0,1050000.0,50000.0,220000.0
The Lord of the Rings: The Return of the King,PS2,2003,1500000.0,1280000.0,50000.0,460000.0
Assassin's Creed Syndicate,PS4,2015,800000.0,1920000.0,60000.0,500000.0
Destiny,XOne,2014,2130000.0,920000.0,0.0,230000.0
True Crime: Streets of LA,PS2,2003,1890000.0,1050000.0,20000.0,310000.0
Wii Music,Wii,2008,1360000.0,1130000.0,460000.0,320000.0
Gran Turismo (PSP),PSP,2009,500000.0,1590000.0,310000.0,870000.0
Monster Hunter X,3DS,2015,250000.0,190000.0,2780000.0,40000.0
Tekken,PS,1995,950000.0,1300000.0,770000.0,220000.0
FIFA 16,XOne,2015,880000.0,2110000.0,0.0,230000.0
L.A. Noire,PS3,2011,1270000.0,1330000.0,120000.0,510000.0
Madden NFL 16,PS4,2015,2330000.0,300000.0,0.0,590000.0
Yokai Watch 2 Ganso/Honke,3DS,2014,30000.0,0.0,3180000.0,0.0
007: Tomorrow Never Dies,PS,1999,1720000.0,1330000.0,0.0,160000.0
Baseball,NES,1983,730000.0,100000.0,2350000.0,20000.0
Killer Instinct,SNES,1995,2260000.0,720000.0,120000.0,100000.0
WWF SmackDown! 2: Know Your Role,PS,2000,1760000.0,1210000.0,70000.0,160000.0
Crisis Core: Final Fantasy VII,PSP,2007,1350000.0,600000.0,800000.0,440000.0
God of War: Chains of Olympus,PSP,2008,1480000.0,1010000.0,40000.0,660000.0
Dragon Quest VI: Maboroshi no Daichi,SNES,1995,0.0,0.0,3190000.0,0.0
Dance Central,X360,2010,2150000.0,770000.0,10000.0,260000.0
Enter the Matrix,PS2,2003,1780000.0,1120000.0,90000.0,190000.0
Super Mario Maker,WiiU,2015,1180000.0,870000.0,930000.0,200000.0
Fallout: New Vegas,PS3,2010,1520000.0,1080000.0,100000.0,470000.0
Ace Combat 04: Shattered Skies,PS2,2001,2060000.0,560000.0,380000.0,170000.0
Animal Crossing,GC,2001,1920000.0,160000.0,990000.0,90000.0
Resident Evil 6,PS3,2012,880000.0,970000.0,880000.0,420000.0
Halo: The Master Chief Collection,XOne,2014,1890000.0,990000.0,30000.0,240000.0
FIFA Soccer 08,PS2,2007,680000.0,0.0,0.0,2460000.0
Spider-Man,PS,2000,1700000.0,1250000.0,20000.0,160000.0
Need for Speed III: Hot Pursuit,PS,1998,2140000.0,860000.0,0.0,130000.0
Star Wars Episode I Racer,N64,1999,2310000.0,620000.0,140000.0,40000.0
The Elder Scrolls IV: Oblivion,PS3,2007,1690000.0,870000.0,140000.0,420000.0
Dragon Warrior IV,NES,1990,80000.0,0.0,3030000.0,10000.0
Heavy Rain,PS3,2010,1290000.0,1270000.0,60000.0,500000.0
Mass Effect 2,X360,2010,1990000.0,820000.0,30000.0,270000.0
FIFA 15,X360,2014,780000.0,2020000.0,0.0,300000.0
Dragon Ball Z: Budokai,PS2,2002,2170000.0,280000.0,550000.0,80000.0
Madden NFL 2002,PS2,2001,2500000.0,160000.0,10000.0,420000.0
World Class Track Meet,NES,1986,1920000.0,450000.0,640000.0,70000.0
Borderlands 2,X360,2012,1890000.0,910000.0,40000.0,240000.0
The Legend of Zelda: A Link Between Worlds,3DS,2013,1400000.0,990000.0,460000.0,220000.0
Donkey Kong,GB,1994,1570000.0,620000.0,550000.0,340000.0
The Sims: Vacation,PC,2002,1720000.0,1210000.0,0.0,140000.0
Mass Effect 3,X360,2012,1940000.0,860000.0,30000.0,240000.0
Kung Fu Panda,X360,2008,1910000.0,840000.0,0.0,290000.0
Far Cry 3,X360,2012,1380000.0,1350000.0,20000.0,280000.0
Epic Mickey,Wii,2010,2060000.0,640000.0,120000.0,220000.0
Saints Row 2,X360,2008,1940000.0,800000.0,20000.0,270000.0
Rayman,PS,1995,1540000.0,1330000.0,0.0,160000.0
Killzone 2,PS3,2009,1400000.0,1070000.0,80000.0,470000.0
Tom Clancy's Splinter Cell,XB,2002,1850000.0,1040000.0,0.0,130000.0
Mike Tyson's Punch-Out!!,NES,1987,2029999.9999999998,470000.0,450000.0,70000.0
WWE SmackDown! Shut Your Mouth,PS2,2002,1450000.0,1130000.0,70000.0,380000.0
Gears of War: Ultimate Edition,XOne,2015,2380000.0,320000.0,0.0,310000.0
NBA 2K13,X360,2012,2600000.0,210000.0,10000.0,190000.0
Dragon Ball Z: Budokai Tenkaichi 3,PS2,2007,1150000.0,0.0,760000.0,1090000.0
Middle-Earth: Shadow of Mordor,PS4,2014,1010000.0,1410000.0,50000.0,530000.0
Star Fox,SNES,1993,1610000.0,510000.0,800000.0,70000.0
The Sims: Livin Large,PC,2000,1670000.0,1180000.0,0.0,130000.0
World Soccer Winning Eleven 6 International,PS2,2002,120000.0,1260000.0,1160000.0,450000.0
Devil May Cry,PS2,2001,1360000.0,860000.0,640000.0,130000.0
Animal Crossing: Happy Home Designer,3DS,2015,470000.0,1000000.0,1390000.0,120000.0
Battlefield: Bad Company 2,PS3,2010,1330000.0,1120000.0,80000.0,450000.0
The Sims 4,PC,2014,960000.0,1720000.0,0.0,290000.0
Star Wars: The Old Republic,PC,2011,1580000.0,1010000.0,0.0,380000.0
Sonic Heroes,PS2,2003,1040000.0,1370000.0,60000.0,490000.0
Hitman 2: Silent Assassin,PS2,2002,1360000.0,1150000.0,40000.0,410000.0
Street Fighter IV,X360,2009,1820000.0,710000.0,150000.0,260000.0
Wave Race 64,N64,1996,1980000.0,580000.0,340000.0,40000.0
SOCOM II: U.S. Navy SEALs,PS2,2003,2220000.0,510000.0,60000.0,150000.0
WWE SmackDown! vs. RAW 2006,PS2,2005,1450000.0,1110000.0,40000.0,330000.0
inFAMOUS,PS3,2009,1760000.0,690000.0,120000.0,370000.0
Pac-Man Collection,GBA,2001,2069999.9999999998,770000.0,50000.0,50000.0
Mass Effect,X360,2007,1830000.0,800000.0,30000.0,270000.0
WarioWare: Smooth Moves,Wii,2006,870000.0,1060000.0,730000.0,260000.0
Cooking Mama: Cook Off,Wii,2007,1430000.0,1130000.0,50000.0,300000.0
Super Mario World 2: Yoshi's Island,GBA,2002,1750000.0,450000.0,620000.0,90000.0
FIFA 14,PS4,2013,610000.0,1850000.0,110000.0,330000.0
Titanfall,XOne,2014,1840000.0,800000.0,40000.0,220000.0
Sonic Mega Collection Plus,PS2,2004,1540000.0,1140000.0,0.0,220000.0
Sega Superstars Tennis,X360,2008,1750000.0,860000.0,0.0,280000.0
World Soccer Winning Eleven 7 International,PS2,2003,80000.0,1240000.0,1130000.0,450000.0
Need for Speed: Most Wanted,PS3,2012,710000.0,1510000.0,60000.0,610000.0
Hot Shots Golf 3,PS2,2001,990000.0,320000.0,1380000.0,200000.0
Call of Duty: Finest Hour,PS2,2004,1510000.0,1120000.0,10000.0,240000.0
Zumba Fitness 2,Wii,2011,1540000.0,1070000.0,0.0,280000.0
Syphon Filter,PS,1999,2029999.9999999998,720000.0,20000.0,110000.0
Colin McRae Rally,PS,1998,90000.0,2430000.0,120000.0,220000.0
Call of Duty: Ghosts,XOne,2013,1870000.0,770000.0,0.0,220000.0
Madden NFL 13,X360,2012,2530000.0,160000.0,0.0,170000.0
The Elder Scrolls III: Morrowind,XB,2002,2089999.9999999998,630000.0,30000.0,110000.0
Mortal Kombat,PS3,2011,1980000.0,550000.0,0.0,320000.0
F-Zero,SNES,1990,1370000.0,510000.0,890000.0,70000.0
Yoshi's Story,N64,1997,1290000.0,530000.0,980000.0,50000.0
Command & Conquer: Red Alert,PC,1996,1370000.0,1340000.0,0.0,140000.0
Skylanders: Spyro's Adventure,Wii,2011,1400000.0,1140000.0,0.0,310000.0
FIFA 16,PS3,2015,400000.0,1980000.0,50000.0,420000.0
Assassin's Creed: Brotherhood,PS3,2010,1870000.0,570000.0,110000.0,300000.0
BioShock,X360,2007,1650000.0,860000.0,50000.0,280000.0
Madden NFL 10,X360,2009,2520000.0,90000.0,0.0,220000.0
Medal of Honor,PS3,2010,1280000.0,1050000.0,70000.0,430000.0
WWE SmackDown! vs. Raw,PS2,2002,1320000.0,1080000.0,40000.0,390000.0
Metroid Prime,GC,2002,1960000.0,670000.0,100000.0,90000.0
Finding Nemo,GBA,2003,1590000.0,1050000.0,40000.0,140000.0
Myst,PC,1994,20000.0,2790000.0,0.0,0.0
Need for Speed: Hot Pursuit,PS3,2010,1050000.0,1250000.0,30000.0,480000.0
WWE SmackDown! Here Comes the Pain,PS2,2003,1320000.0,1060000.0,40000.0,380000.0
Star Wars: The Force Unleashed,X360,2008,1740000.0,800000.0,0.0,260000.0
Hot Shots Golf,PS,1997,290000.0,200000.0,2130000.0,180000.0
Killzone 3,PS3,2011,1450000.0,880000.0,90000.0,380000.0
A Bug's Life,PS,1998,1960000.0,720000.0,0.0,110000.0
WWF SmackDown! Just Bring It,PS2,2001,1190000.0,1150000.0,40000.0,410000.0
Dragon Quest V: Tenkuu no Hanayome,SNES,1992,0.0,0.0,2780000.0,10000.0
Mortal Kombat Trilogy,PS,1996,1980000.0,700000.0,0.0,110000.0
Battlefield 3,PC,2011,890000.0,1430000.0,0.0,480000.0
NBA Street,PS2,2001,2190000.0,220000.0,0.0,380000.0
Monster Hunter Tri,3DS,2011,460000.0,290000.0,1960000.0,70000.0
Jak II,PS2,2003,1680000.0,740000.0,0.0,360000.0
inFAMOUS: Second Son,PS4,2014,1270000.0,970000.0,70000.0,470000.0
Ratchet & Clank: Going Commando,PS2,2003,1440000.0,830000.0,260000.0,250000.0
Tekken 6,PS3,2009,1200000.0,980000.0,170000.0,430000.0
The Sims,PS2,2003,1410000.0,1120000.0,0.0,240000.0
Sonic and the Secret Rings,Wii,2007,1240000.0,1200000.0,40000.0,300000.0
Saints Row: The Third,X360,2011,1250000.0,1150000.0,70000.0,300000.0
Missile Command,2600,1980,2560000.0,170000.0,0.0,30000.0
Mario Paint,SNES,1992,1430000.0,540000.0,710000.0,70000.0
Assassin's Creed IV: Black Flag,PS4,2013,1070000.0,1310000.0,60000.0,310000.0
Pok?mon Stadium 2,N64,2000,1020000.0,360000.0,1130000.0,230000.0
Metroid,NES,1986,1330000.0,310000.0,1040000.0,50000.0
L.A. Noire,X360,2011,1520000.0,940000.0,20000.0,240000.0
Call of Duty 3,X360,2006,1490000.0,930000.0,20000.0,270000.0
The Legend of Zelda: A Link to the Past,GBA,2002,1750000.0,520000.0,330000.0,100000.0
Onimusha: Warlords,PS2,2001,990000.0,480000.0,1090000.0,140000.0
Mortal Kombat X,PS4,2015,1470000.0,760000.0,0.0,470000.0
Mario Party,N64,1998,1250000.0,530000.0,870000.0,50000.0
Madden NFL 12,X360,2011,2420000.0,110000.0,0.0,160000.0
LEGO Star Wars II: The Original Trilogy,PS2,2006,1850000.0,640000.0,10000.0,190000.0
Madden NFL 11,X360,2010,2380000.0,120000.0,0.0,180000.0
Skate 3,X360,2010,1460000.0,980000.0,0.0,240000.0
Burnout 3: Takedown,PS2,2004,1230000.0,1110000.0,0.0,340000.0
Yokai Watch 2 Shinuchi,3DS,2014,0.0,0.0,2680000.0,0.0
Need for Speed: Shift,PS3,2009,690000.0,1410000.0,40000.0,530000.0
Final Fantasy XIII-2,PS3,2011,780000.0,750000.0,890000.0,260000.0
Call Of Duty 2: Big Red One,PS2,2005,1480000.0,920000.0,10000.0,260000.0
Guitar Hero: World Tour,X360,2008,1780000.0,640000.0,0.0,250000.0
Medal of Honor,PS,1998,1440000.0,1090000.0,0.0,140000.0
Fable,XB,2004,1990000.0,580000.0,0.0,90000.0
Tom Clancy's Splinter Cell,PS2,2003,1150000.0,1110000.0,0.0,400000.0
Skylanders Giants,Wii,2012,1560000.0,880000.0,0.0,220000.0
Medal of Honor Heroes,PSP,2006,860000.0,1110000.0,10000.0,660000.0
Super Mario Bros.: The Lost Levels,NES,1986,0.0,0.0,2650000.0,0.0
Star Wars: Shadows of the Empire,N64,1996,2000000.0,500000.0,120000.0,30000.0
LEGO Star Wars: The Complete Saga,X360,2007,1530000.0,870000.0,0.0,240000.0
Midnight Club: Street Racing,PS2,2000,2000000.0,470000.0,20000.0,140000.0
Pac-Man: Adventures in Time,PSP,2006,760000.0,1100000.0,120000.0,650000.0
Halo Wars,X360,2009,1530000.0,820000.0,40000.0,240000.0
God of War Collection,PS3,2009,1700000.0,460000.0,60000.0,410000.0
ESPN NFL 2K5,PS2,2004,2150000.0,120000.0,0.0,360000.0
Mario Strikers Charged,Wii,2007,1070000.0,1060000.0,240000.0,250000.0
Medal of Honor,X360,2010,1550000.0,810000.0,40000.0,210000.0
FIFA Soccer 10,X360,2009,590000.0,1790000.0,10000.0,230000.0
NBA 2K12,X360,2011,2310000.0,140000.0,10000.0,160000.0
Harry Potter and the Chamber of Secrets,PS2,2002,900000.0,1220000.0,40000.0,440000.0
Super Mario All-Stars: Limited Edition,Wii,2010,1020000.0,520000.0,920000.0,140000.0
FIFA Soccer 09,PS3,2008,480000.0,1630000.0,40000.0,430000.0
Ratchet & Clank Future: Tools of Destruction,PS3,2007,930000.0,1120000.0,80000.0,450000.0
NBA Live 2005,PS2,2004,2029999.9999999998,210000.0,0.0,350000.0
LittleBigPlanet,PSP,2009,640000.0,1240000.0,10000.0,690000.0
Killzone: Shadow Fall,PS4,2013,890000.0,1330000.0,70000.0,280000.0
Ghostbusters: The Video Game (DS Version),X360,2009,1040000.0,1240000.0,30000.0,270000.0
Monster Hunter Freedom 2,PSP,2007,370000.0,270000.0,1750000.0,180000.0
WWE SmackDown vs. RAW 2007,PS2,2006,1400000.0,880000.0,30000.0,260000.0
Ratchet & Clank: Up Your Arsenal,PS2,2004,1310000.0,740000.0,310000.0,220000.0
Dragon Age: Origins,X360,2009,1760000.0,560000.0,30000.0,220000.0
Madden NFL 08,PS2,2007,2140000.0,80000.0,0.0,350000.0
Sonic Adventure 2 Battle,GC,2001,1700000.0,590000.0,210000.0,70000.0
Dragon Warrior II,NES,1987,150000.0,0.0,2410000.0,0.0
Madden NFL 13,PS3,2012,2110000.0,230000.0,0.0,220000.0
Pok?mon Colosseum,GC,2003,1210000.0,570000.0,700000.0,70000.0
Deca Sports,Wii,2008,1130000.0,870000.0,290000.0,250000.0
Madden NFL 09,X360,2008,2210000.0,120000.0,0.0,200000.0
Crazy Taxi,PS2,2001,1130000.0,1120000.0,60000.0,220000.0
Perfect Dark,N64,2000,1550000.0,750000.0,160000.0,60000.0
Game Party,Wii,2007,1500000.0,780000.0,0.0,240000.0
Dragon Warrior,NES,1986,490000.0,0.0,520000.0,1510000.0
Tomb Raider (2013),PS3,2013,600000.0,1310000.0,80000.0,520000.0
Marvel: Ultimate Alliance,X360,2006,2290000.0,20000.0,0.0,190000.0
PES 2009: Pro Evolution Soccer,PS2,2008,130000.0,70000.0,260000.0,2049999.9999999998
Mario Party 2,N64,1999,1280000.0,140000.0,1080000.0,10000.0
Saints Row: The Third,PS3,2011,860000.0,1060000.0,180000.0,390000.0
Rockstar Games Double Pack: Grand Theft Auto III & Grand Theft Auto Vice City,XB,2003,1840000.0,560000.0,0.0,90000.0
LEGO Harry Potter: Years 1-4,Wii,2010,1290000.0,970000.0,0.0,230000.0
Mortal Kombat: Deadly Alliance,PS2,2002,1810000.0,520000.0,0.0,150000.0
Resistance 2,PS3,2008,1150000.0,850000.0,100000.0,390000.0
Pure,X360,2008,1380000.0,850000.0,0.0,250000.0
Tomb Raider: The Last Revelation,PS,1998,1150000.0,1140000.0,60000.0,130000.0
NBA 2K13,PS3,2012,1720000.0,440000.0,50000.0,270000.0
NBA 2K14,X360,2013,2100000.0,200000.0,0.0,170000.0
Mario Party 4,GC,2002,1130000.0,360000.0,920000.0,70000.0
uDraw Studio,Wii,2010,1670000.0,580000.0,0.0,200000.0
Midnight Club: Los Angeles,PS3,2008,1550000.0,540000.0,50000.0,310000.0
Final Fantasy V,SNES,1992,0.0,0.0,2430000.0,20000.0
Final Fantasy Tactics,PS,1997,930000.0,120000.0,1340000.0,60000.0
Twisted Metal 2,PS,1996,2120000.0,250000.0,0.0,70000.0
Halo: Combat Evolved Anniversary,X360,2011,1440000.0,730000.0,40000.0,220000.0
Need for Speed Carbon: Own the City,PSP,2006,870000.0,980000.0,0.0,590000.0
The Sims: Bustin' Out,PS2,2003,1070000.0,1190000.0,0.0,180000.0
Riven: The Sequel to Myst,PC,1997,1520000.0,820000.0,0.0,100000.0
Tom Clancy's Rainbow Six: Vegas 2,X360,2008,1560000.0,610000.0,20000.0,230000.0
Sonic Adventure,DC,1998,1260000.0,610000.0,460000.0,80000.0
Ice Hockey,NES,1988,1270000.0,320000.0,780000.0,50000.0
pro evolution soccer 2011,PS3,2010,290000.0,1180000.0,540000.0,410000.0
Dragon Ball Z: Budokai 2,PS2,2003,1630000.0,220000.0,510000.0,60000.0
ATV Offroad Fury,PS2,2001,2069999.9999999998,260000.0,0.0,80000.0
Dino Crisis,PS,1998,810000.0,760000.0,700000.0,140000.0
Minecraft,XOne,2014,1430000.0,760000.0,0.0,220000.0
Need for Speed: ProStreet,PS2,2007,690000.0,0.0,40000.0,1680000.0
Madden NFL 16,XOne,2015,2069999.9999999998,80000.0,0.0,260000.0
Tetris Plus,PS,1996,2100000.0,240000.0,0.0,70000.0
Pro Wrestling,NES,1987,770000.0,180000.0,1420000.0,30000.0
Theme Hospital,PC,1997,2300000.0,100000.0,0.0,0.0
Need for Speed (2015),PS4,2015,490000.0,1490000.0,50000.0,360000.0
Zumba Fitness,X360,2010,1740000.0,480000.0,0.0,180000.0
Monopoly,PC,1994,1490000.0,810000.0,0.0,100000.0
Batman: Arkham Origins,PS3,2013,1070000.0,870000.0,40000.0,400000.0
Dead Island,X360,2011,1480000.0,710000.0,0.0,200000.0
Guitar Hero,PS2,2005,1670000.0,610000.0,30000.0,70000.0
LEGO Star Wars: The Complete Saga,PS3,2007,1020000.0,970000.0,0.0,390000.0
Kinect: Disneyland Adventures,X360,2011,1730000.0,460000.0,20000.0,180000.0
WCW/nWo Revenge,N64,1998,1940000.0,390000.0,30000.0,20000.0
Bloodborne,PS4,2015,1000000.0,760000.0,260000.0,360000.0
NBA 2K15,PS4,2014,1460000.0,540000.0,10000.0,370000.0
Madden NFL 11,PS3,2010,2040000.0,150000.0,0.0,190000.0
Yu-Gi-Oh! The Duelists of the Roses,PS2,2001,1160000.0,910000.0,0.0,300000.0
Madden NFL 08,X360,2007,2180000.0,10000.0,0.0,180000.0
Half-Life 2,PC,2004,2280000.0,20000.0,80000.0,0.0
The Incredibles,PS2,2004,960000.0,1080000.0,40000.0,300000.0
Tony Hawk's Underground 2,PS2,2004,1250000.0,860000.0,10000.0,260000.0
Madden NFL 10,PS3,2009,2029999.9999999998,130000.0,0.0,210000.0
Kinect Sports: Season Two,X360,2011,1380000.0,740000.0,20000.0,220000.0
Kirby's Dream Land 2,GB,1995,690000.0,140000.0,1480000.0,50000.0
Donkey Kong Land II,GB,1996,1390000.0,480000.0,400000.0,80000.0
Dragon Warrior Monsters,GB,1998,0.0,0.0,2340000.0,10000.0
Midnight Club: Los Angeles,X360,2008,1680000.0,460000.0,10000.0,200000.0
Skylanders SWAP Force,Wii,2013,1320000.0,830000.0,0.0,200000.0
WWE SmackDown vs Raw 2008,PS2,2007,920000.0,0.0,10000.0,1410000.0
My Fitness Coach,Wii,2008,1200000.0,900000.0,0.0,240000.0
Resident Evil - Code: Veronica X,PS2,2001,1080000.0,700000.0,340000.0,210000.0
The Sims 3,X360,2010,1270000.0,860000.0,0.0,200000.0
The Legend of Zelda: Majora's Mask 3D,3DS,2015,1140000.0,540000.0,470000.0,170000.0
NBA 2K16,XOne,2015,1930000.0,140000.0,0.0,240000.0
Just Dance Kids,Wii,2010,1570000.0,560000.0,0.0,190000.0
Mario Tennis,N64,2000,780000.0,400000.0,1060000.0,70000.0
Grand Theft Auto,PS,1997,790000.0,1350000.0,40000.0,140000.0
James Bond 007: Everything or Nothing,PS2,2004,850000.0,1060000.0,90000.0,320000.0
Need For Speed: High Stakes,PS,1999,1580000.0,640000.0,0.0,90000.0
Chrono Trigger,SNES,1995,280000.0,0.0,2020000.0,10000.0
Cool Boarders 3,PS,1998,1650000.0,460000.0,100000.0,100000.0
LEGO Marvel Super Heroes,X360,2013,1240000.0,850000.0,0.0,210000.0
Guild Wars 2,PC,2012,950000.0,1060000.0,0.0,290000.0
Dead Island,PS3,2011,1080000.0,750000.0,150000.0,310000.0
Tomb Raider II,PC,1997,910000.0,1250000.0,0.0,130000.0
God of War: Ascension,PS3,2013,1230000.0,680000.0,40000.0,340000.0
Need for Speed Underground 2,XB,2004,1380000.0,800000.0,0.0,100000.0
Pro Evolution Soccer 2010,PS3,2009,300000.0,1270000.0,460000.0,260000.0
Just Dance 2015,Wii,2014,1110000.0,980000.0,0.0,200000.0
Yokai Watch Busters,3DS,2015,0.0,0.0,2280000.0,0.0
Mario Bros.,NES,1983,510000.0,120000.0,1630000.0,20000.0
FIFA Soccer 09,PS2,2008,380000.0,70000.0,10000.0,1820000.0
Star Wars: The Force Unleashed,PS3,2008,1010000.0,900000.0,0.0,370000.0
Borderlands 2,PS3,2012,1050000.0,770000.0,100000.0,360000.0
TOCA Touring Car Championship,PS,1997,70000.0,2000000.0,20000.0,180000.0
Paper Mario: Sticker Star,3DS,2012,1120000.0,390000.0,640000.0,120000.0
Sonic's Ultimate Genesis Collection,PS3,2009,1340000.0,620000.0,0.0,310000.0
Super Monkey Ball: Banana Blitz,Wii,2006,1070000.0,920000.0,40000.0,240000.0
Kirby: Nightmare in Dream Land,GBA,2002,1220000.0,100000.0,910000.0,40000.0
Wario Land 4,GBA,2001,900000.0,730000.0,540000.0,90000.0
Guitar Hero III: Legends of Rock,PS3,2007,1400000.0,540000.0,20000.0,300000.0
Resident Evil 4,Wii,2007,1340000.0,570000.0,140000.0,210000.0
Minecraft,PSV,2014,280000.0,790000.0,870000.0,320000.0
Onimusha 2: Samurai's Destiny,PS2,2002,620000.0,440000.0,1060000.0,130000.0
Cool Boarders 2,PS,1997,1520000.0,460000.0,200000.0,80000.0
Paper Mario: The Thousand-Year Door,GC,2004,1480000.0,250000.0,460000.0,60000.0
Madden NFL 12,PS3,2011,1930000.0,150000.0,0.0,170000.0
Monster Hunter Tri,Wii,2009,670000.0,410000.0,1050000.0,110000.0
Dissidia: Final Fantasy,PSP,2008,510000.0,510000.0,910000.0,320000.0
Sonic Advance,GBA,2001,1190000.0,710000.0,220000.0,130000.0
Spyro: Season of Ice,GBA,2001,1290000.0,830000.0,0.0,110000.0
Teenage Mutant Ninja Turtles II: The Arcade Game,NES,1990,1740000.0,250000.0,210000.0,30000.0
Dance Dance Revolution X2,PS2,2009,1090000.0,850000.0,0.0,280000.0
New Super Luigi U,WiiU,2013,1270000.0,620000.0,180000.0,160000.0
Prince of Persia: The Sands of Time,PS2,2003,880000.0,1030000.0,0.0,310000.0
The Legend of Zelda: Link's Awakening DX,GB,1998,1000000.0,630000.0,450000.0,130000.0
Need for Speed: Hot Pursuit,X360,2010,1030000.0,980000.0,0.0,210000.0
BioShock 2,X360,2010,1450000.0,550000.0,20000.0,190000.0
Assassin's Creed IV: Black Flag,XOne,2013,1470000.0,550000.0,0.0,190000.0
Devil May Cry 3: Dante's Awakening Special Edition,PS2,2006,1060000.0,820000.0,50000.0,280000.0
Rock Band 2,X360,2008,1780000.0,240000.0,0.0,180000.0
Frogger,2600,1981,2060000.0,120000.0,0.0,20000.0
Guitar Hero II,X360,2007,2009999.9999999998,20000.0,0.0,170000.0
Wario Land 3,GB,2000,1110000.0,510000.0,340000.0,230000.0
Pro Yakyuu Family Stadium,NES,1986,150000.0,0.0,2049999.9999999998,0.0
Sonic Unleashed,Wii,2008,1280000.0,680000.0,20000.0,210000.0
Pro Evolution Soccer 2012,PS3,2011,340000.0,970000.0,550000.0,330000.0
Saints Row,X360,2006,1170000.0,780000.0,20000.0,220000.0
Star Wars: Knights of the Old Republic,XB,2003,1680000.0,440000.0,0.0,80000.0
Kirby's Pinball Land,GB,1992,870000.0,170000.0,1100000.0,50000.0
Donkey Kong Country,GB,2000,1040000.0,720000.0,300000.0,130000.0
Hitman: Absolution,PS3,2012,590000.0,1070000.0,70000.0,450000.0
Yu-Gi-Oh: Duel Monsters 4,GB,2000,0.0,0.0,2170000.0,10000.0
ATV Offroad Fury 2,PS2,2002,1920000.0,200000.0,0.0,60000.0
Forza Motorsport 5,XOne,2013,1210000.0,780000.0,10000.0,170000.0
Madden NFL 25,X360,2013,1970000.0,70000.0,0.0,130000.0
Mario & Luigi: Superstar Saga,GBA,2003,1480000.0,170000.0,470000.0,60000.0
Final Fantasy XIII,X360,2010,1270000.0,680000.0,10000.0,200000.0
Star Wars: Rogue Squadron,N64,1998,1600000.0,460000.0,80000.0,30000.0
Tennis,NES,1984,480000.0,110000.0,1560000.0,20000.0
The Sims: House Party,PC,2001,1230000.0,830000.0,0.0,100000.0
Your Shape featuring Jenny McCarthy,Wii,2009,1510000.0,470000.0,0.0,180000.0
Syphon Filter 2,PS,2000,1500000.0,550000.0,20000.0,80000.0
Tom Clancy's Rainbow Six: Siege,PS4,2015,540000.0,1160000.0,130000.0,320000.0
Volleyball,NES,1987,140000.0,30000.0,1980000.0,0.0
FIFA 15,XOne,2014,600000.0,1410000.0,0.0,140000.0
Call of Duty: Roads to Victory,PSP,2007,520000.0,1030000.0,0.0,590000.0
Super Mario RPG: Legend of the Seven Stars,SNES,1996,660000.0,0.0,1450000.0,30000.0
Mahjong,NES,1983,10000.0,0.0,2130000.0,0.0
R.C. Pro-Am,NES,1988,1470000.0,380000.0,190000.0,100000.0
SimCity 2000,PC,1992,1200000.0,840000.0,0.0,100000.0
Demon Attack,2600,1981,1990000.0,120000.0,0.0,20000.0
Dance Dance Revolution Extreme,PS2,2004,1040000.0,810000.0,0.0,270000.0
Final Fantasy Tactics Advance,GBA,2003,820000.0,370000.0,890000.0,50000.0
Far Cry: Primal,PS4,2016,590000.0,1160000.0,60000.0,330000.0
Kirby's Epic Yarn,Wii,2010,1470000.0,90000.0,450000.0,110000.0
Project Gotham Racing,XB,2001,1370000.0,610000.0,50000.0,90000.0
Golf,GB,1989,830000.0,330000.0,920000.0,40000.0
NBA 2K12,PS3,2011,1610000.0,270000.0,50000.0,180000.0
Borderlands,PS3,2009,1200000.0,620000.0,0.0,290000.0
Tony Hawk's Pro Skater,N64,2000,1680000.0,400000.0,0.0,30000.0
PES 2009: Pro Evolution Soccer,PS3,2008,110000.0,1340000.0,400000.0,260000.0
Need for Speed: Hot Pursuit 2,PS2,2002,1680000.0,310000.0,20000.0,90000.0
Mario Sports Mix,Wii,2010,900000.0,450000.0,630000.0,130000.0
Dynasty Warriors 4,PS2,2003,630000.0,210000.0,1130000.0,130000.0
Mortal Kombat,X360,2011,1630000.0,330000.0,0.0,150000.0
Parasite Eve,PS,1998,940000.0,70000.0,1050000.0,40000.0
Scooby-Doo! Night of 100 Frights,PS2,2002,1170000.0,720000.0,0.0,220000.0
Project Gotham Racing (JP weekly sales),XB,2002,1540000.0,440000.0,40000.0,70000.0
Need for Speed: Most Wanted 5-1-0,PSP,2005,1770000.0,130000.0,20000.0,180000.0
Portal 2,X360,2011,1410000.0,510000.0,10000.0,170000.0
Devil May Cry 3: Dante's Awakening,PS2,2005,990000.0,630000.0,290000.0,190000.0
Derby Stallion,PS,1997,0.0,0.0,1960000.0,140000.0
Dead Rising,X360,2006,1160000.0,650000.0,80000.0,200000.0
Finding Nemo,PS2,2003,1260000.0,600000.0,50000.0,180000.0
NBA 2K11,X360,2010,1840000.0,120000.0,10000.0,130000.0
Wipeout: The Game,Wii,2009,1970000.0,0.0,0.0,120000.0
Battlefield: Hardline,PS4,2015,700000.0,930000.0,140000.0,320000.0
Metal Gear Solid: Peace Walker,PSP,2010,460000.0,420000.0,960000.0,250000.0
World of Warcraft: Cataclysm,PC,2010,1770000.0,320000.0,0.0,0.0
Tetris Worlds,PS2,2002,1110000.0,710000.0,0.0,270000.0
Need For Speed: Undercover,PS3,2008,630000.0,1020000.0,50000.0,390000.0
Dance Dance Revolution: Hottest Party,Wii,2007,1360000.0,520000.0,0.0,200000.0
Mario Party 5,GC,2003,970000.0,330000.0,730000.0,60000.0
Ghostbusters: The Video Game (DS Version),PS3,2010,590000.0,990000.0,130000.0,360000.0
Sim Theme Park,PC,1998,2040000.0,40000.0,0.0,0.0
Warcraft: Orcs & Humans,PC,1994,890000.0,1080000.0,0.0,110000.0
Skate 3,PS3,2010,790000.0,940000.0,0.0,350000.0
Spec Ops: Airborne Commando,PS,2002,1540000.0,460000.0,0.0,80000.0
Kingdom Hearts: Birth by Sleep,PSP,2010,630000.0,420000.0,750000.0,260000.0
UFC 2009 Undisputed,X360,2009,1480000.0,390000.0,0.0,190000.0
Dark Souls,PS3,2011,750000.0,540000.0,540000.0,230000.0
Yu-Gi-Oh! The Eternal Duelist Soul,GBA,2001,1640000.0,360000.0,0.0,70000.0
Need for Speed: ProStreet,X360,2007,1040000.0,800000.0,10000.0,220000.0
The Sims 3,PS3,2010,730000.0,970000.0,20000.0,340000.0
Tom Clancy's Splinter Cell: Conviction,X360,2010,1200000.0,630000.0,40000.0,190000.0
Pokemon Mystery Dungeon: Red/Blue Rescue Team,GBA,2005,710000.0,520000.0,740000.0,80000.0
The Incredibles,GBA,2004,1150000.0,770000.0,40000.0,100000.0
R4: Ridge Racer Type 4,PS,1998,680000.0,460000.0,790000.0,130000.0
SoulCalibur II,PS2,2003,1060000.0,620000.0,130000.0,250000.0
Mario & Luigi: Dream Team,3DS,2013,890000.0,570000.0,460000.0,130000.0
Need for Speed: ProStreet,PS3,2007,730000.0,920000.0,40000.0,370000.0
NBA 2K14,PS3,2013,1430000.0,330000.0,40000.0,250000.0
Sonic Mega Collection,GC,2002,1470000.0,480000.0,50000.0,60000.0
Diablo III,PS3,2013,710000.0,830000.0,150000.0,350000.0
PGR4 - Project Gotham Racing 4,X360,2007,480000.0,1290000.0,20000.0,250000.0
Dance Central 2,X360,2011,1450000.0,420000.0,10000.0,160000.0
Rayman Raving Rabbids: TV Party,Wii,2008,730000.0,1090000.0,0.0,230000.0
SOCOM: U.S. Navy SEALs: Combined Assault,PS2,2006,1740000.0,20000.0,0.0,280000.0
Peter Jackson's King Kong: The Official Game of the Movie,PS2,2005,710000.0,1020000.0,0.0,310000.0
Donkey Kong Country,GBA,2003,1200000.0,480000.0,290000.0,70000.0
Need for Speed: The Run,PS3,2011,580000.0,1060000.0,30000.0,370000.0
Madden NFL 15,PS4,2014,1530000.0,250000.0,0.0,250000.0
1080?: TenEighty Snowboarding,N64,1998,1250000.0,610000.0,130000.0,50000.0
Just Dance 3,X360,2011,1470000.0,400000.0,0.0,160000.0
NBA Live 2004,PS2,2003,1570000.0,180000.0,0.0,270000.0
Dead Space,PS3,2008,1050000.0,670000.0,0.0,300000.0
Call of Duty 2,X360,2005,1810000.0,50000.0,10000.0,150000.0
Madden NFL 15,X360,2014,1760000.0,90000.0,0.0,170000.0
Forza Horizon,X360,2012,820000.0,980000.0,40000.0,180000.0
Tom Clancy's The Division,XOne,2016,1200000.0,620000.0,0.0,180000.0
LEGO Marvel Super Heroes,PS3,2013,770000.0,850000.0,10000.0,370000.0
Fire Emblem: Awakening,3DS,2012,890000.0,450000.0,530000.0,130000.0
DriveClub,PS4,2014,350000.0,1310000.0,20000.0,330000.0
Super Street Fighter II,SNES,1993,520000.0,160000.0,1290000.0,30000.0
Mortal Kombat vs. DC Universe,PS3,2008,1480000.0,300000.0,0.0,220000.0
Tenchu: Stealth Assassins,PS,1997,950000.0,640000.0,270000.0,130000.0
Tennis,GB,1989,750000.0,300000.0,900000.0,40000.0
Harry Potter and the Chamber of Secrets,GBA,2002,1210000.0,640000.0,50000.0,90000.0
Harry Potter and the Chamber of Secrets,PS,2002,750000.0,1090000.0,20000.0,120000.0
SimCity,SNES,1991,930000.0,270000.0,750000.0,40000.0
Battlefield 4,XOne,2013,1250000.0,580000.0,0.0,160000.0
Resident Evil 6,X360,2012,1110000.0,630000.0,70000.0,160000.0
Dragon Age: Inquisition,PS4,2014,720000.0,860000.0,80000.0,320000.0
Spyro: Enter the Dragonfly,PS2,2002,740000.0,950000.0,0.0,280000.0
Call of Duty: World at War,Wii,2008,1200000.0,590000.0,0.0,190000.0
Devil May Cry 2,PS2,2003,710000.0,580000.0,510000.0,170000.0
Burnout Paradise,PS3,2008,1010000.0,640000.0,20000.0,300000.0
E.T.: The Extra Terrestrial,2600,1981,1840000.0,110000.0,0.0,20000.0
BioShock Infinite,X360,2013,1220000.0,570000.0,20000.0,150000.0
Hot Shots Golf: Open Tee,PSP,2004,500000.0,500000.0,630000.0,330000.0
Rad Racer,NES,1986,1130000.0,370000.0,410000.0,50000.0
Soccer,NES,1985,180000.0,230000.0,1530000.0,20000.0
Tom Clancy's Rainbow Six: Vegas,X360,2006,1090000.0,650000.0,20000.0,200000.0
Destiny,X360,2014,1300000.0,490000.0,0.0,160000.0
Crash Nitro Kart,PS2,2003,740000.0,1010000.0,0.0,200000.0
Grand Theft Auto: San Andreas,XB,2005,1260000.0,610000.0,0.0,90000.0
Star Wars: Dark Forces,PC,1994,1090000.0,770000.0,0.0,90000.0
NBA Street Vol. 2,PS2,2003,1690000.0,200000.0,0.0,60000.0
Def Jam Vendetta,PS2,2003,950000.0,740000.0,0.0,250000.0
FIFA Soccer 09,X360,2008,490000.0,1260000.0,10000.0,180000.0
Who wants to be a millionaire,PC,1999,1940000.0,0.0,0.0,0.0
Scooby Doo and the Cyber Chase,PS,2001,590000.0,1230000.0,0.0,130000.0
Alleyway,GB,1989,960000.0,380000.0,550000.0,50000.0
Dragon Ball Z: Budokai 3,PS2,2004,1090000.0,150000.0,650000.0,40000.0
Jet Moto 2,PS,1997,1410000.0,420000.0,30000.0,70000.0
Tom Clancy's Ghost Recon,PS2,2002,1420000.0,400000.0,0.0,120000.0
X-Men Legends,PS2,2004,1000000.0,720000.0,0.0,210000.0
Batman: Arkham Origins,X360,2013,1150000.0,610000.0,0.0,170000.0
Guitar Hero: World Tour,PS3,2008,1100000.0,560000.0,0.0,270000.0
Mortal Kombat II,SNES,1993,1480000.0,390000.0,0.0,60000.0
Virtua Fighter 2,SAT,1995,340000.0,260000.0,1300000.0,30000.0
Tetris DX,GB,1998,1060000.0,600000.0,200000.0,70000.0
Mortal Kombat vs. DC Universe,X360,2008,1530000.0,240000.0,0.0,160000.0
Watch Dogs,PS3,2014,560000.0,890000.0,100000.0,370000.0
Mario Super Sluggers,Wii,2008,1510000.0,0.0,290000.0,120000.0
Tomb Raider (2013),X360,2013,860000.0,870000.0,10000.0,170000.0
The Legend of Zelda: Oracle of Ages,GB,2001,920000.0,530000.0,410000.0,60000.0
Need for Speed: Shift,X360,2009,730000.0,970000.0,10000.0,220000.0
Monopoly,Wii,2008,870000.0,850000.0,0.0,200000.0
Red Faction,PS2,2001,760000.0,960000.0,0.0,200000.0
The Sims: Makin' Magic,PC,2003,1030000.0,800000.0,0.0,90000.0
MX Unleashed,PS2,2004,940000.0,730000.0,0.0,250000.0
PaRappa The Rapper,PS,1996,260000.0,160000.0,1460000.0,30000.0
Toy Story Mania!,Wii,2009,1060000.0,670000.0,0.0,180000.0
Mario Party 3,N64,2000,720000.0,160000.0,1010000.0,20000.0
Star Wars: The Force Unleashed,Wii,2008,1140000.0,570000.0,0.0,190000.0
Game Party 2,Wii,2008,1300000.0,440000.0,0.0,170000.0
Destiny: The Taken King,PS4,2015,770000.0,780000.0,40000.0,310000.0
LEGO Star Wars III: The Clone Wars,Wii,2011,1080000.0,660000.0,0.0,170000.0
Star Wars Rogue Leader: Rogue Squadron II,GC,2001,1030000.0,750000.0,30000.0,90000.0
Max Payne 3,PS3,2012,590000.0,920000.0,60000.0,320000.0
Need for Speed Rivals,PS4,2013,730000.0,910000.0,30000.0,220000.0
Madden NFL 09,PS3,2008,1560000.0,150000.0,0.0,180000.0
Yokai Watch,3DS,2013,210000.0,300000.0,1330000.0,40000.0
Ratchet & Clank Future: A Crack in Time,PS3,2009,1050000.0,540000.0,30000.0,260000.0
Yu-Gi-Oh! Forbidden Memories,PS,1999,1370000.0,440000.0,0.0,80000.0
Mortal Kombat: Deception,PS2,2004,920000.0,720000.0,0.0,240000.0
Hot Shots Golf 2,PS,1999,250000.0,120000.0,1480000.0,30000.0
Medal of Honor: European Assault (All Region sales),PS2,2005,890000.0,690000.0,90000.0,210000.0
WCW Nitro,PS,1998,1420000.0,360000.0,30000.0,70000.0
High School Musical: Sing It!,PS2,2007,470000.0,80000.0,0.0,1330000.0
Star Fox Adventures,GC,2002,960000.0,530000.0,300000.0,90000.0
FIFA 2000,PS,1998,220000.0,1470000.0,40000.0,140000.0
Dynasty Warriors 3,PS2,2001,530000.0,160000.0,1070000.0,100000.0
Donkey Kong Country Returns,3DS,2013,730000.0,620000.0,400000.0,120000.0
The Legend of Zelda: Oracle of Seasons,GB,2001,870000.0,520000.0,410000.0,60000.0
Madden NFL 06,XB,2005,1750000.0,30000.0,0.0,80000.0
Shrek 2,PS2,2004,1120000.0,690000.0,30000.0,20000.0
The Legend of Dragoon,PS,1999,940000.0,440000.0,390000.0,100000.0
Turok 2: Seeds of Evil,N64,1997,1370000.0,410000.0,40000.0,40000.0
SingStar,PS2,2004,0.0,1370000.0,0.0,490000.0
LittleBigPlanet 3,PS4,2014,640000.0,920000.0,10000.0,290000.0
NBA Live 2002,PS2,2001,910000.0,710000.0,0.0,240000.0
Chrono Cross,PS,1999,620000.0,420000.0,690000.0,120000.0
GoldenEye 007 (2010),Wii,2010,850000.0,710000.0,130000.0,160000.0
Mario Party: Island Tour,3DS,2013,610000.0,590000.0,550000.0,110000.0
Jak 3,PS2,2004,1330000.0,490000.0,0.0,30000.0
Rayman Raving Rabbids 2,Wii,2007,830000.0,820000.0,0.0,200000.0
Kingdom Hearts: Chain of Memories,GBA,2004,1260000.0,180000.0,350000.0,60000.0
Pinball,NES,1984,800000.0,190000.0,830000.0,30000.0
inFAMOUS 2,PS3,2011,1050000.0,490000.0,80000.0,230000.0
Gran Turismo Concept 2001 Tokyo,PS2,2001,0.0,1100000.0,420000.0,330000.0
Demon's Souls,PS3,2009,970000.0,340000.0,350000.0,180000.0
NCAA Football 06,PS2,2005,1530000.0,50000.0,0.0,250000.0
"Hey You, Pikachu!",N64,1998,830000.0,60000.0,930000.0,0.0
2 Games in 1: Sonic Advance & ChuChu Rocket!,GBA,2005,1310000.0,490000.0,0.0,30000.0
World of Warcraft: Mists of Pandaria,PC,2012,840000.0,760000.0,0.0,230000.0
Jet Moto,PS,1996,1330000.0,400000.0,30000.0,70000.0
Just Cause 3,PS4,2015,460000.0,1020000.0,70000.0,280000.0
Secret of Mana,SNES,1993,250000.0,70000.0,1490000.0,20000.0
The Orange Box,X360,2007,1090000.0,540000.0,20000.0,170000.0
Air Combat,PS,1995,920000.0,330000.0,520000.0,50000.0
Kirby: Triple Deluxe,3DS,2014,610000.0,340000.0,790000.0,90000.0
Namco Museum,PS2,2001,1730000.0,70000.0,0.0,20000.0
The Sims: Hot Date,PC,2001,1810000.0,0.0,0.0,0.0
Metroid Prime 3: Corruption,Wii,2007,910000.0,740000.0,70000.0,90000.0
The Evil Within,PS4,2014,550000.0,840000.0,110000.0,310000.0
DDRMAX2: Dance Dance Revolution,PS2,2003,1050000.0,590000.0,0.0,180000.0
Crazy Taxi,DC,2000,1100000.0,510000.0,120000.0,80000.0
Virtua Fighter 4,PS2,2002,780000.0,440000.0,560000.0,40000.0
Sly 2: Band of Thieves,PS2,2004,880000.0,690000.0,0.0,230000.0
Guitar Hero: World Tour,PS2,2008,1000000.0,30000.0,0.0,770000.0
Sonic Advance 2,GBA,2002,930000.0,590000.0,210000.0,70000.0
Madden NFL 07,X360,2006,1660000.0,0.0,10000.0,130000.0
NBA 2K11,PS3,2010,1410000.0,210000.0,30000.0,160000.0
NFL GameDay 2000,PS,1999,1000000.0,680000.0,0.0,120000.0
Call of Duty: Black Ops 3,PS3,2015,490000.0,960000.0,70000.0,270000.0
Disney's The Lion King,SNES,1994,1260000.0,390000.0,80000.0,60000.0
Beyond: Two Souls,PS3,2013,520000.0,0.0,60000.0,340000.0
Kinect Star Wars,X360,2012,1050000.0,570000.0,30000.0,140000.0
Midnight Club II,PS2,2003,1250000.0,290000.0,0.0,240000.0
SpongeBob SquarePants: SuperSponge,PS,2001,1120000.0,580000.0,0.0,80000.0
The Getaway: Black Monday,PS2,2004,390000.0,1010000.0,20000.0,360000.0
Professor Layton and the Mask of Miracle,3DS,2011,320000.0,0.0,360000.0,140000.0
Just Cause 2,PS3,2010,450000.0,940000.0,60000.0,330000.0
Dragon's Dogma,PS3,2012,410000.0,460000.0,720000.0,190000.0
The Legend of Zelda: The Wind Waker,WiiU,2013,930000.0,570000.0,140000.0,130000.0
50 Cent: Bulletproof,PS2,2005,850000.0,760000.0,0.0,160000.0
High School Musical: Sing It!,Wii,2007,1160000.0,450000.0,0.0,160000.0
Wii Party U,WiiU,2013,310000.0,540000.0,840000.0,80000.0
Madden NFL 25,PS3,2013,1590000.0,30000.0,0.0,150000.0
Final Fantasy II,SNES,1991,240000.0,90000.0,1330000.0,120000.0
Kirby 64: The Crystal Shards,N64,2000,630000.0,60000.0,1030000.0,40000.0
Dead or Alive 3,XB,2001,1190000.0,290000.0,240000.0,60000.0
UFC 2009 Undisputed,PS3,2009,1070000.0,450000.0,10000.0,240000.0
Metroid II: Return of Samus,GB,1991,850000.0,310000.0,560000.0,40000.0
WWF Attitude,PS,1998,1270000.0,420000.0,0.0,70000.0
The SpongeBob SquarePants Movie,PS2,2004,1060000.0,540000.0,0.0,160000.0
Golden Sun,GBA,2001,930000.0,380000.0,400000.0,60000.0
Kid Icarus,NES,1986,530000.0,120000.0,1090000.0,20000.0
Def Jam: Fight for NY,PS2,2004,860000.0,670000.0,0.0,220000.0
Tom Clancy's Ghost Recon,XB,2002,1230000.0,460000.0,0.0,70000.0
State of Emergency,PS2,2002,860000.0,670000.0,0.0,220000.0
BioShock Infinite,PS3,2013,720000.0,690000.0,40000.0,310000.0
Hitman: Absolution,X360,2012,680000.0,0.0,10000.0,170000.0
2 Games in 1 Double Pack: The Incredibles / Finding Nemo: The Continuing Adventures,GBA,2007,1260000.0,470000.0,0.0,30000.0
Call of Duty: Black Ops 3,X360,2015,1110000.0,480000.0,0.0,160000.0
The Urbz: Sims in the City,PS2,2004,520000.0,950000.0,0.0,290000.0
FIFA Soccer 08,PS3,2007,350000.0,1070000.0,20000.0,320000.0
Star Wars: Starfighter,PS2,2001,610000.0,870000.0,20000.0,260000.0
Madden NFL 2000,PS,1998,1680000.0,40000.0,0.0,40000.0
Kingdom Hearts,PS3,2013,900000.0,370000.0,250000.0,240000.0
Star Wars: Battlefront,XB,2004,1240000.0,450000.0,0.0,70000.0
Pro Evolution Soccer,PS2,2001,60000.0,900000.0,530000.0,270000.0
Crackdown,X360,2007,1000000.0,540000.0,30000.0,180000.0
Yoshi,NES,1991,700000.0,130000.0,910000.0,10000.0
Disney's Aladdin,SNES,1993,940000.0,340000.0,210000.0,270000.0
Kirby's Adventure,NES,1993,790000.0,140000.0,800000.0,20000.0
Dance Dance Revolution X,PS2,2008,850000.0,660000.0,10000.0,220000.0
2 Games in 1: Disney Princess & The Lion King,GBA,2004,1250000.0,460000.0,0.0,30000.0
Star Wars Episode I: The Phantom Menace,PS,1999,720000.0,890000.0,40000.0,100000.0
Xenosaga Episode I: Der Wille zur Macht,PS2,2002,630000.0,490000.0,450000.0,170000.0
Portal 2,PS3,2011,830000.0,630000.0,20000.0,250000.0
The Beatles: Rock Band,Wii,2009,1190000.0,400000.0,0.0,160000.0
Forza Motorsport 6,XOne,2015,690000.0,890000.0,30000.0,140000.0
Sonic Colors,Wii,2010,960000.0,0.0,10000.0,160000.0
Cruis'n USA,N64,1996,1690000.0,40000.0,0.0,10000.0
Madden NFL 99,PS,1998,1660000.0,40000.0,0.0,40000.0
Diablo III,PS4,2014,490000.0,880000.0,60000.0,300000.0
Uncharted: Golden Abyss,PSV,2011,590000.0,750000.0,130000.0,270000.0
Destiny,PS3,2014,670000.0,660000.0,120000.0,270000.0
SSX Tricky,PS2,2001,850000.0,660000.0,0.0,220000.0
Overwatch,PS4,2016,640000.0,680000.0,140000.0,260000.0
Twisted Metal III,PS,1998,1480000.0,200000.0,0.0,50000.0
Harry Potter and the Sorcerer's Stone,GB,2001,940000.0,620000.0,100000.0,70000.0
Disney Infinity,Wii,2013,1150000.0,440000.0,0.0,140000.0
Crash Bandicoot: The Huge Adventure,GBA,2002,950000.0,700000.0,0.0,80000.0
Dishonored,X360,2012,1060000.0,520000.0,10000.0,140000.0
Rockstar Games Double Pack: Grand Theft Auto III & Grand Theft Auto Vice City,PS2,2003,850000.0,660000.0,0.0,220000.0
The Order: 1886,PS4,2015,610000.0,780000.0,60000.0,270000.0
The Elder Scrolls Online,PS4,2015,660000.0,780000.0,0.0,280000.0
Call of Duty: World at War Final Fronts,PS2,2008,610000.0,0.0,0.0,940000.0
Call of Duty: Modern Warfare 3,PC,2011,410000.0,980000.0,0.0,330000.0
Madden NFL 2005,XB,2004,1610000.0,30000.0,0.0,80000.0
Star Ocean: Till The End of Time,PS2,2003,800000.0,210000.0,550000.0,150000.0
The Sims 3: Late Night Expansion Pack,PC,2010,590000.0,870000.0,0.0,250000.0
Game Party 3,Wii,2009,1430000.0,160000.0,0.0,120000.0
Toy Story 2: Buzz Lightyear to the Rescue!,PS,1998,990000.0,640000.0,0.0,80000.0
Ace Combat 5: The Unsung War,PS2,2004,880000.0,340000.0,320000.0,180000.0
Need for Speed Underground,XB,2003,1090000.0,550000.0,0.0,70000.0
Tetris Worlds,GBA,2001,1250000.0,390000.0,0.0,60000.0
Cabela's Big Game Hunter 2010,Wii,2009,1580000.0,0.0,0.0,120000.0
The Crew,PS4,2014,340000.0,1080000.0,30000.0,260000.0
FIFA Soccer 10,PS2,2009,230000.0,240000.0,0.0,1230000.0
We Ski,Wii,2008,990000.0,420000.0,140000.0,150000.0
Kirby's Return to Dreamland,Wii,2011,620000.0,210000.0,790000.0,80000.0
Super Puyo Puyo,SNES,1993,0.0,0.0,1690000.0,10000.0
NCAA Football 07,PS2,2006,1410000.0,50000.0,0.0,230000.0
SOCOM 3: U.S. Navy SEALs,PS2,2005,1220000.0,340000.0,40000.0,100000.0
NBA 2K15,XOne,2014,1360000.0,180000.0,0.0,150000.0
Saints Row 2,PS3,2008,880000.0,540000.0,20000.0,250000.0
Saints Row IV,X360,2013,1010000.0,530000.0,10000.0,140000.0
Jampack Winter '99,PS,1999,940000.0,640000.0,0.0,110000.0
Dragon Age: Origins,PS3,2009,960000.0,0.0,80000.0,220000.0
FIFA 16,X360,2015,550000.0,1010000.0,0.0,130000.0
WCW vs. nWo: World Tour,N64,1997,1370000.0,280000.0,30000.0,20000.0
WCW/NWO Thunder,PS,1998,1100000.0,480000.0,40000.0,70000.0
Harry Potter and the Sorcerer's Stone,GBA,2001,870000.0,660000.0,80000.0,80000.0
Need For Speed: Undercover,X360,2008,790000.0,710000.0,10000.0,180000.0
Dragon Ball Z: The Legacy of Goku,GBA,2002,1520000.0,120000.0,0.0,50000.0
Sid Meier's Civilization V,PC,2010,980000.0,520000.0,0.0,190000.0
Resident Evil 4,GC,2005,980000.0,420000.0,220000.0,60000.0
Call of Duty Black Ops: Declassified,PSV,2012,800000.0,520000.0,70000.0,300000.0
Star Wars Battlefront: Renegade Squadron,PSP,2007,900000.0,470000.0,0.0,320000.0
World Championship Poker: Featuring Howard Lederer - All In,PS2,2006,820000.0,640000.0,0.0,220000.0
NFL GameDay 98,PS,1997,1580000.0,60000.0,0.0,40000.0
LEGO Batman 2: DC Super Heroes,X360,2012,900000.0,640000.0,0.0,150000.0
Yoshi's Cookie,GB,1992,590000.0,240000.0,820000.0,30000.0
Time Crisis,PS,1997,380000.0,870000.0,330000.0,100000.0
The Sims: Superstar,PC,2003,1670000.0,0.0,0.0,0.0
Star Wars The Clone Wars: Lightsaber Duels,Wii,2008,1230000.0,300000.0,0.0,140000.0
MySims,Wii,2007,910000.0,550000.0,40000.0,170000.0
Metroid Fusion,GBA,2002,1180000.0,270000.0,170000.0,60000.0
Shaun White Snowboarding: Road Trip,Wii,2008,940000.0,570000.0,0.0,170000.0
SSX 3,PS2,2003,930000.0,520000.0,0.0,220000.0
Big Beach Sports,Wii,2008,450000.0,1020000.0,0.0,200000.0
Madden NFL 2001,PS,2000,1580000.0,50000.0,0.0,40000.0
Fight Night Round 3,PS3,2006,810000.0,590000.0,10000.0,260000.0
Knack,PS4,2013,430000.0,670000.0,420000.0,150000.0
Star Wars: Battlefront II,XB,2005,1220000.0,390000.0,0.0,60000.0
Disney's DuckTales,NES,1989,910000.0,300000.0,420000.0,40000.0
Tony Hawk's Pro Skater 3,PS,2001,1090000.0,490000.0,20000.0,70000.0
"Monsters, Inc.",GBA,2001,590000.0,950000.0,30000.0,100000.0
StarCraft II: Heart of the Swarm,PC,2013,820000.0,650000.0,0.0,190000.0
PGR: Project Gotham Racing 2,XB,2003,970000.0,590000.0,40000.0,70000.0
Spy Hunter,PS2,2001,1130000.0,320000.0,210000.0,220000.0
NCAA Football 2004,PS2,2003,1350000.0,90000.0,230000.0,230000.0
SpongeBob SquarePants: Battle for Bikini Bottom,PS2,2003,1080000.0,450000.0,0.0,140000.0
Dying Light,PS4,2015,630000.0,660000.0,110000.0,260000.0
Heavenly Sword,PS3,2007,570000.0,730000.0,60000.0,300000.0
SSX,PS2,2000,780000.0,610000.0,60000.0,200000.0
Max Payne 3,X360,2012,860000.0,640000.0,10000.0,140000.0
NBA Ballers,PS2,2004,810000.0,630000.0,0.0,210000.0
Need for Speed Carbon,X360,2006,760000.0,700000.0,20000.0,180000.0
NBA Live 2003,PS2,2002,1250000.0,150000.0,30000.0,220000.0
Dragon Ball Z: Budokai Tenkaichi,PS2,2005,960000.0,120000.0,540000.0,40000.0
Ms. Pac-Man,2600,1981,1540000.0,100000.0,0.0,20000.0
Mario Party 6,GC,2004,900000.0,110000.0,600000.0,50000.0
Super Scope 6,SNES,1991,1060000.0,380000.0,150000.0,50000.0
Go Vacation,Wii,2011,480000.0,680000.0,330000.0,160000.0
Dragon Quest V: Tenkuu no Hanayome,PS2,2004,0.0,0.0,1650000.0,0.0
Army of Two,X360,2008,1090000.0,380000.0,20000.0,160000.0
Kirby & the Amazing Mirror,GBA,2004,800000.0,50000.0,760000.0,30000.0
LEGO Pirates of the Caribbean: The Video Game,Wii,2011,760000.0,720000.0,0.0,160000.0
Dig Dug,2600,1982,1520000.0,100000.0,0.0,20000.0
Tom Clancy's Rainbow Six,PS,1999,930000.0,630000.0,0.0,80000.0
Ghosts 'n Goblins,NES,1986,740000.0,260000.0,610000.0,30000.0
Tiger Woods PGA Tour 2003,PS2,2002,800000.0,630000.0,0.0,210000.0
NBA Live 06 (All region sales),PS2,2005,1440000.0,150000.0,0.0,50000.0
Prince of Persia: Warrior Within,PS2,2004,540000.0,880000.0,0.0,220000.0
Kinectimals,X360,2010,1020000.0,480000.0,0.0,140000.0
Until Dawn,PS4,2015,440000.0,890000.0,50000.0,250000.0
ESPN NFL 2K5,XB,2004,1540000.0,20000.0,0.0,70000.0
Viva Pinata,X360,2006,450000.0,960000.0,20000.0,200000.0
Pikmin,GC,2001,780000.0,250000.0,560000.0,40000.0
Sonic Generations,PS3,2011,600000.0,730000.0,20000.0,280000.0
Tiger Woods PGA Tour 2004,PS2,2003,1180000.0,340000.0,0.0,100000.0
Ape Escape,PS,1999,710000.0,480000.0,320000.0,110000.0
NBA 2K15,X360,2014,1330000.0,140000.0,0.0,150000.0
NCAA Football 2005,PS2,2004,1320000.0,90000.0,0.0,220000.0
Just Cause 2,X360,2010,590000.0,850000.0,20000.0,170000.0
Tony Hawk's American Wasteland (Old all region sales),PS2,2005,800000.0,630000.0,10000.0,190000.0
Rage,X360,2011,820000.0,610000.0,30000.0,150000.0
Kirby Air Ride,GC,2003,1010000.0,110000.0,450000.0,40000.0
Sled Storm,PS,1998,900000.0,610000.0,0.0,110000.0
Pokemon Battle Revolution,Wii,2006,800000.0,380000.0,300000.0,130000.0
NFL Street 2,PS2,2004,790000.0,620000.0,0.0,210000.0
Gears of War: Judgment,X360,2013,920000.0,530000.0,30000.0,130000.0
Baseball,GB,1989,660000.0,270000.0,650000.0,30000.0
Yu-Gi-Oh! Duel Monsters,GB,1998,0.0,0.0,1610000.0,10000.0
Super Mario Strikers,GC,2005,980000.0,380000.0,200000.0,40000.0
Buzz! The Music Quiz,PS2,2005,0.0,1180000.0,0.0,430000.0
Far Cry 4,XOne,2014,790000.0,680000.0,10000.0,130000.0
Dance Dance Revolution: Hottest Party 2,Wii,2008,950000.0,480000.0,10000.0,150000.0
Dollar Dash,PS2,2005,1300000.0,230000.0,0.0,70000.0
Far Cry 2,X360,2008,710000.0,690000.0,20000.0,180000.0
F-1 World Grand Prix,N64,1998,460000.0,960000.0,90000.0,80000.0
River Raid,2600,1981,1490000.0,90000.0,0.0,20000.0
Silent Hill,PS,1999,710000.0,480000.0,300000.0,100000.0
No Man's Sky,PS4,2016,580000.0,740000.0,20000.0,260000.0
Sonic Heroes,GC,2003,1050000.0,440000.0,60000.0,40000.0
ESPN NBA 2K5,PS2,2004,1260000.0,120000.0,0.0,210000.0
Diablo,PC,1996,10000.0,1580000.0,0.0,0.0
The Legend of Zelda: Twilight Princess,GC,2006,1150000.0,0.0,40000.0,40000.0
Soul Edge,PS,1996,610000.0,410000.0,460000.0,100000.0
Devil May Cry 4,PS3,2008,580000.0,460000.0,340000.0,210000.0
Mario Bros.,2600,1982,1480000.0,90000.0,0.0,20000.0
Pro Evolution Soccer 2008,PS3,2007,40000.0,1100000.0,320000.0,130000.0
SoulCalibur IV,X360,2008,920000.0,440000.0,70000.0,150000.0
LEGO Harry Potter: Years 1-4,X360,2010,950000.0,500000.0,0.0,140000.0
NASCAR 2000,PS,1999,880000.0,600000.0,0.0,100000.0
Wolfenstein: The New Order,PS4,2014,470000.0,800000.0,30000.0,290000.0
Carnival Games: Mini Golf,Wii,2008,870000.0,560000.0,0.0,150000.0
Jampack Summer 2K,PS,2000,880000.0,600000.0,0.0,100000.0
Need for Speed: Most Wanted,X360,2012,620000.0,800000.0,10000.0,150000.0
Guitar Hero 5,Wii,2009,940000.0,490000.0,0.0,150000.0
Kingdom Hearts 3D: Dream Drop Distance,3DS,2012,880000.0,260000.0,340000.0,90000.0
Spyro 2: Season of Flame,GBA,2002,850000.0,0.0,0.0,80000.0
Pro Evolution Soccer 2010,PS2,2009,100000.0,180000.0,120000.0,1160000.0
NCAA Football 2002,PS2,2001,770000.0,600000.0,0.0,200000.0
Conflict: Desert Storm,PS2,2002,980000.0,530000.0,0.0,60000.0
Mario Party 7,GC,2005,950000.0,110000.0,460000.0,40000.0
Pro Evolution Soccer 2013,PS3,2012,180000.0,640000.0,490000.0,250000.0
Smuggler's Run,PS2,2000,770000.0,600000.0,0.0,200000.0
Fight Night Round 3,PS2,2006,1070000.0,400000.0,0.0,100000.0
Donkey Kong Classics,NES,1988,590000.0,140000.0,810000.0,20000.0
Twisted Metal,PS,1995,1320000.0,0.0,0.0,50000.0
Dark Souls III,PS4,2016,580000.0,440000.0,330000.0,210000.0
Final Fight,SNES,1990,670000.0,170000.0,690000.0,30000.0
Dragon Quest Monsters 2,GB,2001,0.0,0.0,1560000.0,0.0
Pokemon Pinball: Ruby & Sapphire,GBA,2003,680000.0,380000.0,440000.0,50000.0
LEGO Marvel Super Heroes,PS4,2013,590000.0,750000.0,10000.0,210000.0
Mafia II,X360,2010,840000.0,0.0,0.0,150000.0
Dishonored,PS3,2012,720000.0,540000.0,40000.0,250000.0
Stuntman,PS2,2002,760000.0,590000.0,0.0,200000.0
Tom Clancy's Rainbow Six 3,XB,2003,910000.0,0.0,0.0,70000.0
Active Life: Outdoor Challenge,Wii,2008,790000.0,0.0,190000.0,140000.0
BioShock 2,PS3,2010,850000.0,470000.0,20000.0,220000.0
007: The World is not Enough,N64,2000,1130000.0,380000.0,20000.0,30000.0
Spider-Man 2: Enter: Electro,PS,2001,570000.0,870000.0,20000.0,90000.0
Watch Dogs,XOne,2014,900000.0,0.0,0.0,130000.0
Star Wars: The Force Unleashed II,PS3,2010,800000.0,530000.0,0.0,220000.0
Ni no Kuni: Wrath of the White Witch,PS3,2011,600000.0,510000.0,210000.0,230000.0
Command & Conquer: Tiberian Sun,PC,1999,1550000.0,0.0,0.0,0.0
Mario Party 10,WiiU,2015,690000.0,0.0,240000.0,110000.0
Dead Rising 3,XOne,2013,1060000.0,0.0,10000.0,120000.0
Resident Evil: The Umbrella Chronicles,Wii,2007,680000.0,0.0,290000.0,140000.0
Fire Emblem Fates,3DS,2015,710000.0,220000.0,520000.0,100000.0
Dark Cloud,PS2,2000,830000.0,440000.0,80000.0,190000.0
Warcraft III: The Frozen Throne,PC,2003,580000.0,0.0,0.0,90000.0
Tom Clancy's Ghost Recon Advanced Warfighter,X360,2006,1400000.0,20000.0,20000.0,100000.0
MVP Baseball 2005,PS2,2005,1260000.0,70000.0,0.0,210000.0
Die Hard Trilogy,PS,1996,850000.0,580000.0,0.0,100000.0
Call of Duty: Black Ops II,PC,2012,630000.0,690000.0,0.0,210000.0
Fight Night Round 4,PS3,2009,920000.0,410000.0,0.0,210000.0
MySims Kingdom,Wii,2008,710000.0,650000.0,10000.0,170000.0
Mortal Kombat 3,SNES,1994,1190000.0,290000.0,0.0,50000.0
NFL GameDay 99,PS,1998,1440000.0,50000.0,0.0,40000.0
Call of Duty: Modern Warfare: Reflex Edition,Wii,2009,950000.0,430000.0,0.0,140000.0
FIFA 17,XOne,2016,170000.0,1260000.0,0.0,100000.0
Mario Golf: Toadstool Tour,GC,2003,1090000.0,150000.0,250000.0,40000.0
Tiger Woods 99 PGA Tour Golf,PS,1997,850000.0,580000.0,0.0,100000.0
Donkey Kong Country: Tropical Freeze,WiiU,2014,730000.0,520000.0,150000.0,120000.0
Dead Space 2,X360,2011,940000.0,450000.0,0.0,130000.0
Sonic Rivals 2,PSP,2007,440000.0,690000.0,0.0,390000.0
Knockout Kings,PS,1997,1070000.0,390000.0,0.0,60000.0
The Simpsons Skateboarding,PS2,2002,360000.0,900000.0,0.0,270000.0
NASCAR 98,PS,1996,1430000.0,50000.0,0.0,40000.0
F1 Race,NES,1984,0.0,0.0,1520000.0,0.0
Xevious,NES,1984,180000.0,60000.0,1270000.0,10000.0
NASCAR 99,PS,1998,1450000.0,40000.0,0.0,40000.0
NBA Live 2000,PS,1998,1430000.0,50000.0,0.0,30000.0
Mafia II,PS3,2010,500000.0,720000.0,40000.0,260000.0
Call of Duty 3,PS3,2006,600000.0,630000.0,30000.0,260000.0
Super Monkey Ball 2,GC,2002,1110000.0,310000.0,60000.0,40000.0
Pac-Man World 2,PS2,2002,1260000.0,50000.0,0.0,210000.0
Madden NFL 15,XOne,2014,1300000.0,90000.0,0.0,120000.0
Sonic & Sega All-Stars Racing,Wii,2010,650000.0,710000.0,0.0,150000.0
LEGO Star Wars III: The Clone Wars,X360,2011,840000.0,540000.0,0.0,130000.0
Football Manager 2012,PC,2011,20000.0,1160000.0,0.0,340000.0
Puzzle & Dragons,3DS,2013,0.0,0.0,1510000.0,0.0
Mega Man 2,NES,1988,930000.0,150000.0,420000.0,10000.0
Simpsons Wrestling,PS,2001,230000.0,1160000.0,0.0,110000.0
NBA Live 98,PS,1997,1410000.0,60000.0,0.0,40000.0
The Simpsons Game,PS2,2007,350000.0,30000.0,0.0,1130000.0
Monopoly,PS,1997,1180000.0,270000.0,0.0,50000.0
SoulCalibur II,GC,2003,990000.0,320000.0,110000.0,80000.0
Resistance 3,PS3,2011,640000.0,580000.0,50000.0,230000.0
Tokyo Xtreme Racer Zero,PS2,2000,660000.0,520000.0,150000.0,170000.0
Final Fantasy XIV: A Realm Reborn,PC,2010,860000.0,480000.0,0.0,170000.0
NFL Blitz,PS,1998,1410000.0,50000.0,0.0,40000.0
Red Faction II,PS2,2002,490000.0,780000.0,0.0,230000.0
Madden NFL 2001,PS2,2000,0.0,70000.0,50000.0,200000.0
WWF No Mercy,N64,2000,0.0,270000.0,20000.0,20000.0
Ice Climber,NES,1985,0.0,100000.0,920000.0,20000.0
Ninja Hattori Kun: Ninja wa Shuugyou Degogiru no Maki,NES,1986,0.0,0.0,1500000.0,0.0
Dead Rising 2,X360,2010,0.0,530000.0,90000.0,120000.0
Rock Band 2,PS3,2008,0.0,200000.0,0.0,160000.0
Pac-Man World,PS,1998,1210000.0,140000.0,100000.0,40000.0
Disney Sing It: Pop Hits,Wii,2009,1080000.0,280000.0,0.0,130000.0
Final Fantasy: Crystal Chronicles,GC,2003,720000.0,380000.0,360000.0,40000.0
Medal of Honor: Frontline,XB,2002,1000000.0,430000.0,0.0,60000.0
Madden NFL 09,PS2,2008,1220000.0,0.0,0.0,270000.0
Banjo-Tooie,N64,2000,820000.0,360000.0,250000.0,60000.0
Buzz! The BIG Quiz,PS2,2006,0.0,1100000.0,0.0,390000.0
007: Quantum of Solace,X360,2008,820000.0,520000.0,10000.0,140000.0
The Sims 3,Wii,2010,610000.0,730000.0,0.0,150000.0
New Play Control! Mario Power Tennis,Wii,2009,370000.0,690000.0,280000.0,140000.0
Dirge of Cerberus: Final Fantasy VII,PS2,2006,470000.0,370000.0,520000.0,120000.0
Nintendo World Cup,NES,1990,280000.0,500000.0,650000.0,50000.0
WWF WrestleMania 2000,N64,1999,1200000.0,250000.0,20000.0,20000.0
Wario Land II,GB,1997,700000.0,350000.0,390000.0,40000.0
Mass Effect 2,PS3,2011,780000.0,470000.0,30000.0,200000.0
Major League Baseball 2K5,PS2,2005,720000.0,560000.0,0.0,190000.0
Fight Night 2004,PS2,2004,1080000.0,200000.0,0.0,200000.0
Tom Clancy's Splinter Cell: Pandora Tomorrow,XB,2004,820000.0,590000.0,0.0,70000.0
Assassin's Creed III: Liberation,PSV,2012,580000.0,550000.0,60000.0,280000.0
SoulCalibur IV,PS3,2008,720000.0,410000.0,140000.0,200000.0
Mario Golf,N64,1999,620000.0,180000.0,650000.0,20000.0
Disney Princess,GBA,2003,1040000.0,370000.0,0.0,60000.0
Fight Night Round 3,X360,2006,1330000.0,30000.0,10000.0,100000.0
Metal Gear Rising: Revengeance,PS3,2013,450000.0,400000.0,440000.0,180000.0
Star Wars: The Force Unleashed II,X360,2010,950000.0,400000.0,0.0,120000.0
The House of the Dead 2 & 3 Return,Wii,2008,780000.0,500000.0,30000.0,150000.0
LittleBigPlanet PS Vita,PSV,2012,400000.0,720000.0,20000.0,330000.0
Xenogears,PS,1998,290000.0,190000.0,890000.0,100000.0
The SpongeBob SquarePants Movie,GBA,2004,1020000.0,380000.0,0.0,60000.0
Tom Clancy's Ghost Recon: Future Soldier,X360,2012,930000.0,0.0,20000.0,120000.0
Battlefield: Bad Company,X360,2008,810000.0,460000.0,40000.0,150000.0
Midway Arcade Treasures,PS2,2003,720000.0,560000.0,0.0,190000.0
Homefront,X360,2011,830000.0,480000.0,20000.0,120000.0
Super Monkey Ball,GC,2001,950000.0,370000.0,100000.0,40000.0
Donkey Kong,2600,1981,1360000.0,80000.0,0.0,20000.0
Mortal Kombat 4,PS,1998,810000.0,550000.0,0.0,100000.0
Mario Superstar Baseball,GC,2005,930000.0,240000.0,250000.0,40000.0
Mass Effect 3,PS3,2012,630000.0,590000.0,30000.0,210000.0
LEGO Batman 2: DC Super Heroes,Wii,2012,940000.0,400000.0,0.0,110000.0
Medal of Honor: Warfighter,PS3,2012,470000.0,650000.0,60000.0,280000.0
WCW vs the World,PS,1998,1170000.0,0.0,40000.0,50000.0
SNK vs. Capcom: The Match of the Millennium,PSP,2006,530000.0,580000.0,0.0,350000.0
LEGO City Undercover,3DS,2013,510000.0,750000.0,70000.0,120000.0
Onimusha 3: Demon Siege,PS2,2004,370000.0,470000.0,540000.0,70000.0
Diablo III,X360,2013,890000.0,440000.0,0.0,120000.0
Batman: Arkham Knight,XOne,2015,860000.0,460000.0,0.0,130000.0
BioShock,PS3,2008,750000.0,490000.0,10000.0,210000.0
Red Dead Revolver,PS2,2004,710000.0,550000.0,0.0,190000.0
Anno 2070,PC,2011,0.0,1130000.0,0.0,320000.0
Resident Evil: Outbreak,PS2,2003,540000.0,350000.0,460000.0,100000.0
Smarty Pants,Wii,2007,530000.0,760000.0,0.0,160000.0
Tamagotchi,GB,1996,0.0,0.0,1440000.0,10000.0
4 Nin uchi Mahjong,NES,1984,0.0,0.0,1450000.0,0.0
Dragon Ball Z,SNES,1993,0.0,0.0,1450000.0,0.0
Game de Hakken!! Tamagotchi 2,GB,1997,0.0,0.0,1440000.0,10000.0
Namco Museum 64,N64,1999,1240000.0,170000.0,30000.0,10000.0
Hasbro Family Game Night,Wii,2008,970000.0,340000.0,0.0,130000.0
Tony Hawk's American Wasteland (Weekly american sales),PS2,2005,1380000.0,50000.0,0.0,20000.0
SingStar Pop,PS2,2007,40000.0,1080000.0,0.0,320000.0
Sonic Rivals,PSP,2006,730000.0,0.0,0.0,280000.0
SimCity (2013),PC,2013,480000.0,0.0,0.0,190000.0
Kirby Super Star,SNES,1996,260000.0,70000.0,1090000.0,20000.0
Far Cry 4,PS3,2014,330000.0,790000.0,80000.0,230000.0
WWE SmackDown vs Raw 2008,X360,2007,920000.0,380000.0,0.0,130000.0
Kinect Joy Ride,X360,2010,920000.0,400000.0,0.0,120000.0
Rayman Raving Rabbids,Wii,2006,1230000.0,70000.0,20000.0,110000.0
Need for Speed Rivals,PS3,2013,330000.0,740000.0,50000.0,310000.0
Tiger Woods PGA Tour 2005,PS2,2004,1030000.0,320000.0,0.0,90000.0
Dead Space 2,PS3,2011,730000.0,500000.0,0.0,210000.0
NCAA Football 2003,PS2,2002,1160000.0,80000.0,0.0,190000.0
Frogger 2: Swampy's Revenge,PS,1999,800000.0,540000.0,0.0,90000.0
Disney Infinity,X360,2013,960000.0,370000.0,0.0,110000.0
LEGO Indiana Jones 2: The Adventure Continues,Wii,2009,910000.0,390000.0,0.0,130000.0
Sonic's Ultimate Genesis Collection,X360,2009,850000.0,460000.0,0.0,130000.0
Tiger Woods PGA Tour 09 All-Play,Wii,2008,810000.0,480000.0,0.0,140000.0
Disney's DuckTales,GB,1988,820000.0,230000.0,350000.0,30000.0
Classic NES Series: Super Mario Bros.,GBA,2004,0.0,0.0,1390000.0,30000.0
Triple Play 2000,PS,1999,790000.0,540000.0,0.0,90000.0
Dragon Quest VII: Warriors of Eden,3DS,2013,70000.0,40000.0,1300000.0,10000.0
Cabela's Big Game Hunter,PS2,2002,700000.0,540000.0,0.0,180000.0
UFC Undisputed 2010,PS3,2010,800000.0,410000.0,20000.0,190000.0
NBA Live 06 (Weekly american sales),PS2,2005,1350000.0,50000.0,0.0,20000.0
The Legend of Zelda: The Minish Cap,GBA,2004,890000.0,220000.0,220000.0,100000.0
NFL Street,PS2,2004,1150000.0,80000.0,0.0,190000.0
Sonic Generations,X360,2011,710000.0,570000.0,0.0,140000.0
Super Metroid,SNES,1994,570000.0,120000.0,710000.0,20000.0
Pro Yakyuu Family Stadium '87,NES,1987,120000.0,0.0,1300000.0,0.0
Dead Space,X360,2008,890000.0,400000.0,0.0,130000.0
Resident Evil (Remake),GC,2002,630000.0,380000.0,350000.0,50000.0
Tomb Raider (2013),PS4,2014,470000.0,640000.0,60000.0,250000.0
LEGO Star Wars II: The Original Trilogy,PSP,2006,580000.0,510000.0,0.0,320000.0
Toy Story 3: The Video Game,Wii,2010,640000.0,630000.0,0.0,140000.0
Fight Night Round 4,X360,2009,950000.0,340000.0,0.0,130000.0
LEGO Star Wars: The Video Game,GC,2005,1090000.0,280000.0,0.0,40000.0
Injustice: Gods Among Us,X360,2013,970000.0,340000.0,0.0,110000.0
Madden NFL 15,PS3,2014,1070000.0,150000.0,0.0,190000.0
Ridge Racer,PSP,2004,360000.0,450000.0,320000.0,280000.0
Metroid: Other M,Wii,2010,870000.0,310000.0,130000.0,100000.0
Knockout Kings 2000,PS,1999,1020000.0,340000.0,0.0,50000.0
Gran Turismo 4 Prologue,PS2,2003,0.0,470000.0,770000.0,170000.0
Twisted Metal: Black,PS2,2001,1190000.0,170000.0,0.0,50000.0
NASCAR 2005: Chase for the Cup,PS2,2004,690000.0,540000.0,0.0,180000.0
Call of Duty: Black Ops,Wii,2010,820000.0,470000.0,0.0,120000.0
Spider-Man: The Movie,XB,2002,1070000.0,280000.0,0.0,50000.0
Need For Speed: Undercover,PS2,2008,380000.0,80000.0,30000.0,930000.0
2Xtreme,PS,1996,1150000.0,200000.0,0.0,50000.0
Far Cry 2,PS3,2008,430000.0,700000.0,10000.0,270000.0
Sonic Advance 3,GBA,2004,740000.0,520000.0,80000.0,60000.0
Final Fantasy III,NES,1990,0.0,0.0,1390000.0,10000.0
Battlefield 4,PC,2013,380000.0,860000.0,0.0,160000.0
Colin McRae Rally 3,PS2,2002,30000.0,1050000.0,20000.0,300000.0
Madden NFL 2002,PS,2001,780000.0,530000.0,0.0,90000.0
Doom (2016),PS4,2016,490000.0,660000.0,20000.0,220000.0
Deus Ex: Human Revolution,PS3,2011,500000.0,600000.0,70000.0,230000.0
NBA Jam,SNES,1994,1190000.0,160000.0,0.0,30000.0
Teenage Mutant Ninja Turtles III: The Manhattan Project,NES,1991,1050000.0,170000.0,150000.0,20000.0
Dynasty Warriors 5,PS2,2005,240000.0,180000.0,910000.0,60000.0
Hannah Montana: Spotlight World Tour,Wii,2007,870000.0,380000.0,0.0,130000.0
WWE '13,PS3,2012,510000.0,620000.0,0.0,260000.0
Deus Ex: Human Revolution,X360,2011,760000.0,480000.0,20000.0,120000.0
True Crime: Streets of LA,XB,2003,960000.0,370000.0,0.0,50000.0
The Sims 2,PSP,2005,490000.0,560000.0,0.0,330000.0
Paper Mario,N64,2000,580000.0,180000.0,590000.0,20000.0
Bravely Default: Flying Fairy,3DS,2012,500000.0,320000.0,490000.0,70000.0
Titanfall,X360,2014,870000.0,380000.0,20000.0,110000.0
Duke Nukem: Time to Kill,PS,1998,770000.0,540000.0,0.0,70000.0
Persona 4: Golden,PSV,2012,460000.0,340000.0,380000.0,210000.0
Dead Rising 2,PS3,2010,430000.0,570000.0,150000.0,220000.0
Hasbro Family Game Night 2,Wii,2009,710000.0,530000.0,0.0,130000.0
Disney Princess: Enchanted Journey,Wii,2007,1240000.0,40000.0,0.0,90000.0
Dave Mirra Freestyle BMX 2,PS2,2001,670000.0,530000.0,0.0,180000.0
Need for Speed: The Run,X360,2011,630000.0,580000.0,0.0,150000.0
LEGO Indiana Jones: The Original Adventures,PS2,2008,600000.0,10000.0,0.0,760000.0
Assassin's Creed: Rogue,PS3,2014,460000.0,620000.0,60000.0,230000.0
Ridge Racer 7,PS3,2006,240000.0,700000.0,160000.0,260000.0
A Collection of Activision Classic Games for the Atari 2600,PS,1998,760000.0,520000.0,0.0,90000.0
Forza Horizon 2,XOne,2014,500000.0,780000.0,10000.0,90000.0
MotorStorm: Pacific Rift,PS3,2008,430000.0,670000.0,20000.0,260000.0
Star Wars Knights of the Old Republic II: The Sith Lords,XB,2004,990000.0,330000.0,0.0,50000.0
LEGO Harry Potter: Years 1-4,PS3,2010,550000.0,600000.0,0.0,220000.0
Pocket Monsters Stadium,N64,1998,0.0,0.0,1370000.0,0.0
NBA 2K15,PS3,2014,860000.0,270000.0,20000.0,220000.0
Tom Clancy's Ghost Recon 2,XB,2004,860000.0,450000.0,0.0,60000.0
Crash Bandicoot 2: N-Tranced,GBA,2003,630000.0,660000.0,0.0,70000.0
Burnout Paradise,X360,2008,630000.0,580000.0,10000.0,150000.0
SingStar Abba,PS2,2008,230000.0,40000.0,0.0,1090000.0
Gradius,NES,1986,270000.0,80000.0,1000000.0,10000.0
Dragon Quest III: Soshite Densetsu e...,SNES,1996,0.0,0.0,1360000.0,0.0
Centipede,2600,1981,1260000.0,80000.0,0.0,10000.0
Yoshi's New Island,3DS,2014,470000.0,510000.0,280000.0,90000.0
Ryse: Son of Rome,XOne,2013,820000.0,420000.0,0.0,110000.0
Dead to Rights,PS2,2002,670000.0,520000.0,0.0,170000.0
Marvel vs. Capcom 3: Fate of Two Worlds,PS3,2011,810000.0,290000.0,110000.0,140000.0
Dance Dance Revolution (Japan),PS,1999,0.0,0.0,1260000.0,90000.0
F1 2010,PS3,2010,250000.0,760000.0,80000.0,270000.0
Madden NFL 98,PS,1997,1290000.0,30000.0,0.0,30000.0
FIFA Soccer 09,PSP,2008,230000.0,730000.0,20000.0,370000.0
FIFA Soccer 08,PSP,2007,200000.0,760000.0,0.0,390000.0
Alan Wake,X360,2010,660000.0,510000.0,50000.0,130000.0
Battlefield: Bad Company,PS3,2008,760000.0,360000.0,50000.0,180000.0
Mortal Kombat X,XOne,2015,1000000.0,210000.0,0.0,130000.0
Samurai Warriors,PS2,2004,220000.0,50000.0,1060000.0,20000.0
The Simpsons: Hit & Run,XB,2003,700000.0,580000.0,0.0,70000.0
Devil May Cry 4,X360,2008,790000.0,340000.0,80000.0,130000.0
Tom Clancy's Rainbow Six: Vegas 2,PS3,2008,660000.0,450000.0,40000.0,210000.0
Monster Hunter Freedom,PSP,2005,240000.0,40000.0,1030000.0,40000.0
Crysis 2,X360,2011,700000.0,500000.0,20000.0,120000.0
SaGa Frontier,PS,1997,150000.0,40000.0,1070000.0,90000.0
SingStar Party,PS2,2004,0.0,1040000.0,0.0,310000.0
FIFA Soccer 08,X360,2007,310000.0,890000.0,10000.0,140000.0
The ICO & Shadow of the Colossus Collection,PS3,2011,670000.0,370000.0,130000.0,170000.0
Test Drive,PS2,2002,950000.0,210000.0,10000.0,180000.0
Lost Planet: Extreme Condition,X360,2006,1090000.0,40000.0,100000.0,110000.0
Doom 3,XB,2005,850000.0,430000.0,0.0,60000.0
Donkey Kong Jungle Beat,GC,2004,840000.0,220000.0,240000.0,40000.0
Need for Speed Carbon,PS2,2006,1220000.0,50000.0,50000.0,10000.0
Max Payne 2: The Fall of Max Payne,PS2,2003,650000.0,510000.0,0.0,170000.0
Command & Conquer: Red Alert 2,PC,2000,1320000.0,20000.0,0.0,0.0
MVP Baseball 2004,PS2,2004,1100000.0,60000.0,0.0,180000.0
WWE SmackDown vs Raw 2008,PS3,2007,620000.0,500000.0,10000.0,210000.0
Ratchet & Clank: Up Your Arsenal (Weekly american sales),PS2,2004,1270000.0,50000.0,0.0,20000.0
Your Shape: Fitness Evolved,X360,2010,790000.0,420000.0,0.0,110000.0
Rage,PS3,2011,470000.0,590000.0,60000.0,210000.0
Skylanders SWAP Force,X360,2013,860000.0,360000.0,0.0,110000.0
NBA 2K14,PS4,2013,890000.0,310000.0,10000.0,120000.0
Spider-Man: The Movie,GBA,2002,920000.0,350000.0,10000.0,50000.0
WWF War Zone,N64,1998,1080000.0,240000.0,0.0,20000.0
Tony Hawk's Pro Skater,GB,2000,900000.0,380000.0,10000.0,50000.0
The Sims: Bustin' Out,GBA,2003,930000.0,350000.0,0.0,60000.0
Triple Play 2001,PS,2000,740000.0,500000.0,0.0,90000.0
Metroid Prime 2: Echoes,GC,2004,870000.0,350000.0,70000.0,40000.0
UFC Undisputed 2010,X360,2010,900000.0,310000.0,0.0,110000.0
Final Fantasy X / X-2 HD Remaster,PS3,2013,430000.0,400000.0,320000.0,180000.0
Corvette,PS2,2004,650000.0,510000.0,0.0,170000.0
Middle-Earth: Shadow of Mordor,XOne,2014,720000.0,500000.0,10000.0,100000.0
Need for Speed Underground Rivals,PSP,2005,690000.0,380000.0,20000.0,240000.0
LEGO Batman: The Videogame,PS3,2008,720000.0,420000.0,0.0,190000.0
Dark Souls II,PS3,2014,400000.0,360000.0,400000.0,170000.0
World of Warcraft: Wrath of the Lich King,PC,2008,10000.0,130000.0,0.0,1180000.0
Kingdom Hearts II,PS3,2014,520000.0,430000.0,180000.0,190000.0
The LEGO Movie Videogame,X360,2014,690000.0,520000.0,0.0,110000.0
TOCA 2: Touring Cars,PS,1998,30000.0,1160000.0,20000.0,110000.0
Gyromite,NES,1985,730000.0,160000.0,400000.0,30000.0
NFL 2K3,PS2,2002,1060000.0,80000.0,0.0,180000.0
Fighting Force,PS,1997,730000.0,500000.0,0.0,90000.0
Mega Man Battle Network 4: Red Sun / Blue Moon,GBA,2003,310000.0,40000.0,960000.0,10000.0
MAG: Massive Action Game,PS3,2010,770000.0,300000.0,90000.0,160000.0
Madden NFL 97,PS,1996,730000.0,500000.0,0.0,90000.0
Skylanders Giants,X360,2012,750000.0,450000.0,0.0,110000.0
TNN Motor Sports Hardcore 4x4,PS,1996,730000.0,500000.0,0.0,90000.0
IHRA Drag Racing 2,PS2,2002,640000.0,500000.0,0.0,170000.0
The Beatles: Rock Band,X360,2009,970000.0,230000.0,0.0,110000.0
Tekken 6,X360,2009,710000.0,420000.0,50000.0,130000.0
[Prototype],X360,2009,840000.0,350000.0,0.0,120000.0
Deal or No Deal,Wii,2009,1220000.0,0.0,0.0,90000.0
Madagascar,PS2,2005,780000.0,450000.0,0.0,70000.0
Rugrats Studio Tour,PS,1999,570000.0,670000.0,0.0,70000.0
Pitfall II: Lost Caverns,2600,1983,1220000.0,70000.0,0.0,20000.0
Turok: Evolution,PS2,2002,640000.0,500000.0,0.0,170000.0
High School Musical 3: Senior Year DANCE!,Wii,2008,680000.0,490000.0,0.0,130000.0
Gold's Gym: Cardio Workout,Wii,2008,1110000.0,40000.0,60000.0,90000.0
Burnout 3: Takedown,XB,2004,840000.0,430000.0,0.0,40000.0
Yu-Gi-Oh! The Sacred Cards,GBA,2002,940000.0,350000.0,0.0,20000.0
Crysis 2,PS3,2011,450000.0,570000.0,60000.0,210000.0
NBA Live 07,PS2,2006,1070000.0,40000.0,20000.0,170000.0
Saints Row IV,PS3,2013,560000.0,440000.0,90000.0,210000.0
SingStar '80s,PS2,2005,270000.0,20000.0,0.0,1020000.0
EA Playground,Wii,2007,690000.0,480000.0,0.0,130000.0
Test Drive 5,PS,1997,1050000.0,200000.0,0.0,50000.0
Romancing SaGa 3,SNES,1995,0.0,0.0,1290000.0,10000.0
EA Sports Active 2,Wii,2010,780000.0,400000.0,0.0,110000.0
Digimon World,PS,1999,560000.0,380000.0,280000.0,80000.0
Rise of the Tomb Raider,XOne,2015,530000.0,640000.0,20000.0,100000.0
Need for Speed Carbon,Wii,2006,460000.0,660000.0,20000.0,150000.0
Yoshi's Woolly World,WiiU,2015,610000.0,470000.0,110000.0,100000.0
Mega Man Battle Network 3 Blue / White Version,GBA,2002,390000.0,20000.0,850000.0,30000.0
FIFA Street,PS3,2012,110000.0,920000.0,0.0,250000.0
Resident Evil Zero,GC,2002,540000.0,270000.0,450000.0,40000.0
Need for Speed: Most Wanted,X360,2005,1000000.0,170000.0,20000.0,100000.0
Tom Clancy's Rainbow Six: Siege,XOne,2015,730000.0,440000.0,0.0,120000.0
Pirates of the Caribbean: The Curse of the Black Pearl,GBA,2003,930000.0,340000.0,0.0,20000.0
Transformers,PS2,2004,630000.0,490000.0,0.0,160000.0
Guitar Hero: Aerosmith,Wii,2008,1040000.0,140000.0,0.0,100000.0
Valkyria Chronicles,PS3,2008,710000.0,200000.0,240000.0,130000.0
Midnight Club 3: DUB Edition (America weekly sales),PS2,2005,1220000.0,50000.0,0.0,10000.0
Champions of Norrath,PS2,2004,630000.0,490000.0,0.0,160000.0
Watch Dogs,X360,2014,720000.0,450000.0,10000.0,110000.0
Metal Gear Solid V: Ground Zeroes,PS4,2014,450000.0,460000.0,170000.0,200000.0
Yakuman,GB,1989,0.0,0.0,1280000.0,0.0
Assassin's Creed Syndicate,XOne,2015,610000.0,560000.0,0.0,110000.0
Army Men 3D,PS,1999,1100000.0,140000.0,0.0,40000.0
WWE '13,X360,2012,720000.0,450000.0,0.0,110000.0
Twisted Metal 4,PS,1999,1070000.0,160000.0,0.0,40000.0
Manhunt,PS2,2003,630000.0,490000.0,0.0,160000.0
Kid Icarus: Uprising,3DS,2012,480000.0,350000.0,360000.0,70000.0
Silent Hill 2,PS2,2001,620000.0,490000.0,0.0,160000.0
Tomb Raider: Underworld,PS3,2008,450000.0,560000.0,50000.0,220000.0
Castlevania: Symphony of the Night,PS,1997,580000.0,400000.0,210000.0,80000.0
The Sims 2: Nightlife,PC,2005,1220000.0,50000.0,0.0,0.0
LEGO Batman: The Videogame,PS2,2008,720000.0,30000.0,0.0,520000.0
Road Rash,PS,1995,710000.0,480000.0,0.0,80000.0
Pokemon Mystery Dungeon: Gates to Infinity,3DS,2012,440000.0,300000.0,470000.0,60000.0
Atlantis,2600,1981,1180000.0,80000.0,0.0,10000.0
NBA 2K9,X360,2008,1000000.0,160000.0,0.0,110000.0
WWE '12,X360,2011,740000.0,400000.0,0.0,120000.0
Tony Hawk's Underground,XB,2003,850000.0,370000.0,0.0,50000.0
Hogan's Alley,NES,1984,680000.0,160000.0,410000.0,20000.0
The Elder Scrolls Online,XOne,2015,770000.0,380000.0,0.0,120000.0
Jillian Michaels' Fitness Ultimatum 2009,Wii,2008,960000.0,200000.0,0.0,110000.0
.hack//Infection Part 1,PS2,2002,490000.0,380000.0,260000.0,130000.0
Rockstar Games presents Table Tennis,Wii,2007,390000.0,730000.0,0.0,150000.0
Sonic Adventure DX: Director's Cut,GC,2003,870000.0,300000.0,60000.0,30000.0
Jet Li: Rise to Honor,PS2,2004,620000.0,480000.0,0.0,160000.0
Battle Arena Toshinden,PS,1994,390000.0,260000.0,530000.0,80000.0
Yokai Watch 3,3DS,2016,0.0,0.0,1270000.0,0.0
Football Manager 2011,PC,2010,0.0,1010000.0,0.0,250000.0
Devil Dice,PS,1998,50000.0,30000.0,1100000.0,80000.0
Hyrule Warriors,WiiU,2014,610000.0,420000.0,130000.0,100000.0
Need for Speed Carbon,PS3,2006,490000.0,520000.0,30000.0,210000.0
Championship Manager 03/04,PC,2003,0.0,1150000.0,0.0,110000.0
Brian Lara Cricket,PS,1998,20000.0,1130000.0,10000.0,100000.0
Wheel of Fortune,PS,1998,990000.0,220000.0,0.0,40000.0
LEGO The Lord of the Rings,X360,2012,630000.0,510000.0,0.0,110000.0
Winter Sports: The Ultimate Challenge,Wii,2007,450000.0,680000.0,0.0,120000.0
SOCOM: U.S. Navy SEALs Confrontation,PS3,2008,940000.0,170000.0,20000.0,130000.0
NBA Live 2001,PS,2000,700000.0,470000.0,0.0,80000.0
Star Wars: The Force Unleashed,PS2,2008,490000.0,0.0,10000.0,750000.0
Tom Clancy's Rainbow Six: Vegas,PS3,2007,470000.0,530000.0,30000.0,220000.0
Dragon Ball: Daimaou Fukkatsu,NES,1988,0.0,0.0,1250000.0,0.0
Gegege no Kitarou 2: Youkai Gundan no Chousen,NES,1987,0.0,0.0,1250000.0,0.0
Reel Fishing,PS,1996,990000.0,130000.0,100000.0,40000.0
Injustice: Gods Among Us,PS3,2013,480000.0,530000.0,10000.0,230000.0
Pokemon XD: Gale of Darkness,GC,2005,710000.0,190000.0,310000.0,30000.0
Black,PS2,2006,1010000.0,40000.0,30000.0,160000.0
RollerCoaster Tycoon 2,PC,2002,1190000.0,50000.0,0.0,0.0
Lara Croft Tomb Raider: The Angel of Darkness,PS2,2003,610000.0,480000.0,0.0,160000.0
Tom Clancy's Splinter Cell: Pandora Tomorrow,PS2,2004,520000.0,560000.0,0.0,170000.0
Road Rash 3D,PS,1998,1050000.0,160000.0,0.0,40000.0
Ratchet: Deadlocked,PS2,2005,850000.0,30000.0,220000.0,140000.0
Baldur's Gate: Dark Alliance,PS2,2001,610000.0,480000.0,0.0,160000.0
Tales of Xillia,PS3,2011,290000.0,190000.0,670000.0,90000.0
[Prototype],PS3,2009,650000.0,410000.0,0.0,190000.0
Assassin's Creed: Bloodlines,PSP,2009,430000.0,480000.0,50000.0,280000.0
Oddworld: Abe's Oddysee,PS,1997,750000.0,440000.0,0.0,60000.0
The Witcher 3: Wild Hunt,XOne,2015,660000.0,470000.0,0.0,110000.0
Ridge Racer V,PS2,2000,240000.0,190000.0,750000.0,60000.0
WWE SmackDown vs. Raw 2009,PS2,2008,690000.0,0.0,0.0,550000.0
Tetris 2 (All region sales),GB,1992,560000.0,220000.0,430000.0,30000.0
Star Wars Episode III: Revenge of the Sith,XB,2005,820000.0,380000.0,0.0,40000.0
Ben 10: Protector of Earth,Wii,2007,550000.0,550000.0,0.0,130000.0
Frogger: The Great Quest,PS2,2001,600000.0,470000.0,0.0,160000.0
2010 FIFA World Cup South Africa,PS3,2010,300000.0,640000.0,70000.0,220000.0
Ninja Gaiden,XB,2004,920000.0,200000.0,70000.0,40000.0
Crash Bandicoot: The Wrath of Cortex,XB,2002,590000.0,570000.0,0.0,70000.0
Driv3r,PS2,2004,600000.0,470000.0,0.0,160000.0
Disney's Tarzan / Disney's Aladdin in Nasira's Revenge / Disney's The Emperor's New Groove Action Game,PS,2003,690000.0,470000.0,0.0,80000.0
Farming Simulator 2015,PC,2014,80000.0,1020000.0,0.0,130000.0
Guitar Hero: Aerosmith,X360,2008,1000000.0,140000.0,0.0,100000.0
Medal of Honor: Airborne,PS3,2007,250000.0,700000.0,30000.0,250000.0
Kirby Tilt 'n' Tumble,GB,2000,290000.0,170000.0,750000.0,20000.0
SpongeBob SquarePants: Battle for Bikini Bottom,GBA,2003,880000.0,330000.0,0.0,20000.0
Vigilante 8,PS,1998,680000.0,470000.0,0.0,80000.0
Castlevania,NES,1986,540000.0,60000.0,620000.0,10000.0
Donkey Kong Country 2,GBA,2004,790000.0,270000.0,120000.0,40000.0
Bayonetta,PS3,2009,440000.0,410000.0,210000.0,170000.0
"WarioWare, Inc.: Mega MicroGame$",GBA,2003,400000.0,110000.0,700000.0,20000.0
Star Wars: Battlefront II,PSP,2005,1050000.0,60000.0,10000.0,110000.0
Madden NFL 17,PS4,2016,920000.0,80000.0,0.0,230000.0
Boom Blox,Wii,2008,720000.0,380000.0,0.0,120000.0
Fallout 4,PC,2015,500000.0,630000.0,0.0,100000.0
The Sims 2: Castaway,Wii,2007,450000.0,640000.0,0.0,140000.0
LEGO Batman 2: DC Super Heroes,PS3,2012,500000.0,530000.0,0.0,200000.0
Naruto Shippuden: Ultimate Ninja Storm 2,PS3,2010,420000.0,470000.0,150000.0,180000.0
Mario Power Tennis,GC,2004,580000.0,160000.0,460000.0,30000.0
Intelligent Qube,PS,1997,130000.0,70000.0,1000000.0,20000.0
Game & Watch Gallery 2,GB,1997,760000.0,300000.0,120000.0,40000.0
Game & Watch Gallery 3,GB,1999,790000.0,310000.0,80000.0,40000.0
Pac-Man,NES,1984,270000.0,80000.0,850000.0,20000.0
Parfait: Chocolat Second Style,PS2,2006,590000.0,460000.0,10000.0,150000.0
F1 2011,PS3,2011,120000.0,750000.0,110000.0,250000.0
Cars,PSP,2006,720000.0,290000.0,0.0,210000.0
NBA Live 99,PS,1997,1130000.0,50000.0,0.0,30000.0
Chocobo no Fushigi Dungeon,PS,1997,0.0,0.0,1140000.0,80000.0
Golden Sun: The Lost Age,GBA,2002,610000.0,270000.0,270000.0,70000.0
SimCity 2000,PS,1996,680000.0,460000.0,0.0,80000.0
Max Payne,XB,2001,980000.0,190000.0,0.0,50000.0
WCW Mayhem,PS,1998,680000.0,460000.0,0.0,80000.0
NBA 2K2,PS2,2002,590000.0,460000.0,10000.0,150000.0
Super Street Fighter IV: 3D Edition,3DS,2011,550000.0,440000.0,140000.0,90000.0
Cars,PS2,2006,1010000.0,40000.0,0.0,160000.0
Fuzion Frenzy,XB,2001,930000.0,240000.0,0.0,40000.0
Call of Duty: Finest Hour,XB,2004,780000.0,400000.0,0.0,40000.0
FIFA Soccer 11,PSP,2010,130000.0,700000.0,10000.0,370000.0
Sly Cooper and the Thievius Raccoonus,PS2,2002,1030000.0,140000.0,0.0,40000.0
The Magical Quest starring Mickey Mouse,SNES,1992,660000.0,170000.0,350000.0,30000.0
Dragon Quest IV: Michibikareshi Monotachi,PS,2001,0.0,0.0,1200000.0,10000.0
Star Wars Episode 1: Jedi Power Battles,PS,1999,660000.0,480000.0,10000.0,60000.0
Dino Crisis 2,PS,2000,340000.0,490000.0,280000.0,100000.0
Need for Speed Underground,GC,2003,690000.0,480000.0,10000.0,30000.0
Shrek / Shrek 2 2-in-1 Gameboy Advance Video,GBA,2007,870000.0,320000.0,0.0,20000.0
Test Drive 4,PS,1997,670000.0,460000.0,0.0,80000.0
FIFA Soccer 07,PSP,2006,240000.0,650000.0,0.0,320000.0
World Soccer Winning Eleven 9 (JP & Others sales),PSP,2005,10000.0,880000.0,310000.0,0.0
The Lord of the Rings: The Fellowship of the Ring,PS2,2002,590000.0,460000.0,0.0,150000.0
LEGO Star Wars III: The Clone Wars,PS3,2011,520000.0,490000.0,0.0,200000.0
ATV Offroad Fury 3,PS2,2004,1000000.0,40000.0,0.0,160000.0
Pikmin 2,GC,2004,480000.0,130000.0,560000.0,30000.0
Just Dance 2016,Wii,2015,520000.0,590000.0,0.0,100000.0
Disney Sing It,Wii,2008,770000.0,310000.0,0.0,120000.0
Battlefield: Hardline,XOne,2015,720000.0,370000.0,10000.0,110000.0
WWE 2K16,PS4,2015,410000.0,600000.0,0.0,190000.0
Dragon Ball Z: La Legende Saien,SNES,1993,0.0,0.0,1200000.0,0.0
TwinBee,NES,1986,0.0,0.0,1200000.0,0.0
Ganbare Goemon! Karakuri Douchuu,NES,1986,0.0,0.0,1200000.0,0.0
NFL 2K,DC,1999,1120000.0,50000.0,0.0,20000.0
SolarStriker,GB,1989,400000.0,390000.0,360000.0,40000.0
Enter the Matrix,XB,2003,720000.0,430000.0,10000.0,40000.0
NHL 2002,PS2,2001,590000.0,460000.0,0.0,150000.0
Pok?Park Wii: Pikachu's Adventure,Wii,2009,550000.0,170000.0,420000.0,60000.0
One Piece: Pirate Warriors,PS3,2012,10000.0,240000.0,860000.0,90000.0
WWE 2K14,PS3,2013,490000.0,490000.0,0.0,210000.0
Metal Gear Solid: Portable Ops,PSP,2006,380000.0,350000.0,380000.0,90000.0
Nuclear Strike,PS,1997,660000.0,450000.0,0.0,80000.0
Captain Toad: Treasure Tracker,WiiU,2014,560000.0,360000.0,190000.0,90000.0
WWE SmackDown vs Raw 2008,PSP,2007,450000.0,470000.0,0.0,280000.0
The Simpsons: Road Rage,GBA,2003,860000.0,320000.0,0.0,20000.0
Pro Evolution Soccer 2008,Wii,2008,90000.0,840000.0,110000.0,150000.0
SpongeBob SquarePants: Revenge of the Flying Dutchman,GBA,2002,920000.0,230000.0,0.0,40000.0
Mario & Sonic at the London 2012 Olympic Games,3DS,2012,180000.0,640000.0,270000.0,100000.0
Scarface: The World is Yours,PS2,2006,990000.0,40000.0,0.0,160000.0
Kobe Bryant in NBA Courtside,N64,1998,1020000.0,130000.0,40000.0,10000.0
Disney's Chip 'n Dale: Rescue Rangers,NES,1990,680000.0,140000.0,350000.0,20000.0
The Dukes of Hazzard: Racing for Home,PS,1999,990000.0,160000.0,0.0,40000.0
FIFA 14,XOne,2013,410000.0,660000.0,0.0,120000.0
Spider-Man: The Movie,GC,2002,860000.0,270000.0,10000.0,40000.0
Final Fantasy I & II: Dawn of Souls,GBA,2004,640000.0,240000.0,290000.0,20000.0
NBA 2K17,PS4,2016,830000.0,140000.0,0.0,220000.0
Pokemon Super Mystery Dungeon,3DS,2015,460000.0,310000.0,330000.0,80000.0
Just Dance 4,X360,2012,900000.0,200000.0,0.0,80000.0
Metal Gear Solid VR Missions,PS,1999,660000.0,450000.0,0.0,80000.0
Pole Position,2600,1982,1100000.0,70000.0,0.0,10000.0
Resident Evil: Operation Raccoon City,PS3,2012,480000.0,250000.0,360000.0,100000.0
LEGO Indiana Jones: The Original Adventures,PSP,2008,400000.0,490000.0,0.0,290000.0
Pro Yakyuu Family Stadium '88,NES,1988,100000.0,0.0,1080000.0,0.0
Shenmue,DC,1999,520000.0,240000.0,380000.0,40000.0
Mario Tennis,GB,2000,500000.0,180000.0,440000.0,60000.0
Tony Hawk's Pro Skater 2,GBA,2001,850000.0,310000.0,0.0,20000.0
WWE '12,PS3,2011,530000.0,460000.0,20000.0,170000.0
WWE SmackDown vs. Raw 2010,PS3,2009,480000.0,490000.0,10000.0,200000.0
Sonic the Hedgehog,PS3,2006,410000.0,70000.0,40000.0,660000.0
Super Ghouls 'n Ghosts,SNES,1991,500000.0,140000.0,520000.0,20000.0
Spore,PC,2008,30000.0,1060000.0,0.0,90000.0
Soviet Strike,PS,1996,650000.0,440000.0,0.0,80000.0
Your Shape: Fitness Evolved 2012,X360,2011,700000.0,370000.0,0.0,100000.0
Army of Two,PS3,2008,740000.0,260000.0,20000.0,150000.0
Gun,PS2,2005,980000.0,40000.0,0.0,160000.0
Ty the Tasmanian Tiger,PS2,2002,570000.0,450000.0,0.0,150000.0
Wario Land: Shake It!,Wii,2008,600000.0,310000.0,150000.0,110000.0
Medal of Honor: Warfighter,X360,2012,580000.0,470000.0,10000.0,100000.0
Mega Man 3,NES,1990,680000.0,100000.0,390000.0,0.0
Ratchet & Clank (2016),PS4,2016,320000.0,640000.0,40000.0,180000.0
Mission: Impossible,N64,1997,740000.0,380000.0,20000.0,30000.0
Romancing SaGa 2,SNES,1993,0.0,0.0,1170000.0,0.0
Cabela's Dangerous Hunts,PS2,2003,570000.0,450000.0,0.0,150000.0
Cool Boarders 4,PS,1998,650000.0,440000.0,0.0,80000.0
Rage Racer,PS,1996,160000.0,110000.0,830000.0,80000.0
Medal of Honor: Rising Sun,XB,2003,760000.0,360000.0,0.0,50000.0
Football Manager 2013,PC,2012,0.0,950000.0,0.0,220000.0
Destruction Derby 2,PS,1996,650000.0,440000.0,0.0,80000.0
Mirror's Edge,X360,2008,510000.0,510000.0,10000.0,130000.0
Destiny: The Taken King,XOne,2015,820000.0,230000.0,0.0,110000.0
Mario vs. Donkey Kong,GBA,2004,680000.0,250000.0,210000.0,20000.0
007: Quantum of Solace,PS3,2008,430000.0,520000.0,20000.0,200000.0
EA Sports Active: More Workouts,Wii,2009,780000.0,280000.0,0.0,100000.0
Fallout: New Vegas,PC,2010,580000.0,450000.0,0.0,140000.0
Need for Speed: Most Wanted,PSV,2012,380000.0,520000.0,10000.0,250000.0
Final Fantasy Tactics: The War of the Lions,PSP,2007,450000.0,250000.0,300000.0,160000.0
Midnight Club 3: DUB Edition Remix,PS2,2006,970000.0,40000.0,0.0,160000.0
Tom Clancy's Ghost Recon: Jungle Storm,PS2,2004,570000.0,440000.0,0.0,150000.0
SingStar,PS3,2007,450000.0,580000.0,0.0,130000.0
Bushido Blade,PS,1997,390000.0,270000.0,430000.0,80000.0
NASCAR Thunder 2002,PS2,2001,570000.0,440000.0,0.0,150000.0
Jet Force Gemini,N64,1999,780000.0,280000.0,70000.0,20000.0
Mega Man X,SNES,1993,570000.0,80000.0,500000.0,10000.0
Yu-Gi-Oh! The Sacred Cards (American and Others sales),GBA,2002,840000.0,270000.0,0.0,50000.0
Sega Rally Championship,SAT,1995,210000.0,160000.0,770000.0,20000.0
Test Drive: Off Road,PS,1997,650000.0,440000.0,0.0,80000.0
Medal of Honor Heroes 2,PSP,2007,500000.0,390000.0,20000.0,250000.0
Sniper: Ghost Warrior,X360,2010,540000.0,510000.0,0.0,120000.0
Rocksmith,PS3,2011,520000.0,380000.0,90000.0,170000.0
LEGO Star Wars: The Video Game,XB,2005,830000.0,280000.0,0.0,50000.0
FIFA Soccer 10,PSP,2009,150000.0,680000.0,10000.0,320000.0
Plants vs. Zombies: Garden Warfare,X360,2014,510000.0,540000.0,0.0,100000.0
Worldwide Soccer Manager 2009,PC,2008,0.0,1140000.0,0.0,10000.0
Omerta: City of Gangsters,PS3,2011,520000.0,460000.0,0.0,170000.0
Gauntlet: Dark Legacy,PS2,2001,560000.0,440000.0,0.0,150000.0
Ninja Gaiden Sigma,PS3,2007,570000.0,330000.0,90000.0,160000.0
Bad Boys: Miami Takedown,PS2,2004,560000.0,440000.0,0.0,150000.0
Kaboom!,2600,1980,1070000.0,70000.0,0.0,10000.0
Red Dead Redemption: Undead Nightmare,PS3,2010,440000.0,460000.0,60000.0,180000.0
Sonic and the Black Knight,Wii,2009,690000.0,350000.0,10000.0,110000.0
Call of Duty 4: Modern Warfare,PC,2007,0.0,1120000.0,0.0,30000.0
Qix,GB,1990,510000.0,200000.0,410000.0,30000.0
Derby Stallion III,SNES,1995,0.0,0.0,1150000.0,0.0
Doraemon,NES,1986,0.0,0.0,1150000.0,0.0
Ratchet & Clank: All 4 One,PS3,2011,750000.0,220000.0,50000.0,120000.0
Donkey Konga,GC,2003,500000.0,160000.0,460000.0,30000.0
Fight Night Champion,PS3,2011,450000.0,510000.0,0.0,190000.0
Dragon Quest I & II,SNES,1993,0.0,0.0,1150000.0,0.0
Tak and the Power of Juju,PS2,2003,560000.0,440000.0,0.0,150000.0
Asteroids,PS,1998,640000.0,430000.0,0.0,70000.0
Puyo Puyo Sun Ketteiban,PS,1997,0.0,0.0,1070000.0,70000.0
Pokemon Rumble Blast,3DS,2011,470000.0,260000.0,350000.0,70000.0
Action Bass,PS,2000,640000.0,430000.0,0.0,70000.0
Tenchu: Wrath of Heaven,PS2,2003,440000.0,340000.0,250000.0,110000.0
Shadow of the Colossus,PS2,2005,780000.0,30000.0,200000.0,130000.0
Brave Fencer Musashi,PS,1998,250000.0,170000.0,650000.0,70000.0
Hot Shots Golf: Out of Bounds,PS3,2007,310000.0,30000.0,760000.0,40000.0
Dance Dance Revolution Extreme 2,PS2,2005,950000.0,40000.0,0.0,160000.0
Mirror's Edge,PS3,2008,310000.0,590000.0,20000.0,220000.0
Rabbids Go Home,Wii,2009,260000.0,750000.0,0.0,140000.0
South Park,N64,1998,900000.0,230000.0,0.0,20000.0
Commando,NES,1986,710000.0,160000.0,250000.0,30000.0
Pilotwings,SNES,1990,460000.0,170000.0,480000.0,20000.0
Resident Evil - Code: Veronica,DC,2000,410000.0,230000.0,470000.0,30000.0
Super R.C. Pro-Am,GB,1991,580000.0,370000.0,150000.0,40000.0
The Lord of the Rings: The Return of the King,XB,2003,710000.0,380000.0,0.0,50000.0
LEGO Star Wars: The Video Game,GBA,2005,820000.0,300000.0,0.0,20000.0
Royal Palace of White Sword and The City of Gentiles,PS2,2005,0.0,510000.0,0.0,620000.0
Guitar Hero 5,X360,2009,650000.0,370000.0,0.0,110000.0
Mobile Suit Gundam: Federation vs. Zeon,PS2,2001,120000.0,100000.0,880000.0,30000.0
Need for Speed Underground 2,GC,2004,700000.0,390000.0,10000.0,30000.0
MechAssault,XB,2002,1010000.0,100000.0,0.0,30000.0
ModNation Racers,PS3,2010,500000.0,410000.0,60000.0,160000.0
LEGO Star Wars III: The Clone Wars,3DS,2011,610000.0,430000.0,0.0,90000.0
Derby Stallion 99,PS,1999,0.0,0.0,1060000.0,70000.0
Cars,GBA,2006,810000.0,300000.0,0.0,20000.0
Fantasy Life,3DS,2012,330000.0,370000.0,370000.0,60000.0
Tom Clancy's Rainbow Six 3: Black Arrow,XB,2004,990000.0,120000.0,0.0,20000.0
WWE 2K15,PS4,2014,380000.0,560000.0,0.0,190000.0
Donkey Kong,NES,1983,230000.0,50000.0,840000.0,10000.0
Jampack Winter '98,PS,1998,630000.0,430000.0,0.0,70000.0
WWE 2K14,X360,2013,640000.0,390000.0,0.0,100000.0
Alien: Isolation,PS4,2014,340000.0,560000.0,40000.0,190000.0
Yakuza 3,PS3,2009,210000.0,210000.0,620000.0,80000.0
Pok?mon Mystery Dungeon: Red Rescue Team (US weekly sales),GBA,2005,810000.0,300000.0,0.0,20000.0
The Beatles: Rock Band,PS3,2009,670000.0,300000.0,0.0,150000.0
Dragon Age II,X360,2011,720000.0,300000.0,10000.0,90000.0
Moon Patrol,2600,1982,1050000.0,60000.0,0.0,10000.0
Supercar Street Challenge,PS2,2001,550000.0,430000.0,0.0,140000.0
Pilotwings 64,N64,1996,560000.0,240000.0,300000.0,20000.0
Crackdown 2,X360,2010,630000.0,370000.0,20000.0,100000.0
Final Fantasy XIV: A Realm Reborn,PS3,2013,360000.0,330000.0,280000.0,150000.0
Castlevania: Lords of Shadow,PS3,2010,500000.0,370000.0,100000.0,160000.0
Rocksmith,X360,2011,840000.0,200000.0,10000.0,80000.0
Disney Infinity 2.0: Marvel Super Heroes,X360,2014,620000.0,400000.0,0.0,100000.0
SOCOM: U.S. Navy SEALs Fireteam Bravo,PSP,2005,1030000.0,0.0,10000.0,80000.0
Call Of Duty 2: Big Red One,XB,2005,660000.0,400000.0,0.0,50000.0
Yoshi's Cookie,NES,1992,410000.0,60000.0,630000.0,20000.0
Guitar Hero 5,PS2,2009,280000.0,300000.0,0.0,540000.0
Worldwide Soccer Manager 2008,PC,2007,0.0,1120000.0,0.0,0.0
Spider-Man 2,XB,2004,820000.0,260000.0,0.0,40000.0
Counter-Strike,XB,2003,850000.0,230000.0,0.0,40000.0
Mad Max (2015),PS4,2015,320000.0,580000.0,40000.0,170000.0
"Transformers: The Game (XBox 360, PS2, PS3, Wii & PC Versions)",PS2,2007,630000.0,370000.0,0.0,110000.0
GRID,PS3,2008,310000.0,570000.0,30000.0,200000.0
Guitar Hero Encore: Rocks The 80s,PS2,2007,920000.0,40000.0,0.0,150000.0
Sunset Overdrive,XOne,2014,620000.0,400000.0,0.0,80000.0
Tom Clancy's Splinter Cell: Chaos Theory,XB,2005,680000.0,380000.0,0.0,50000.0
Donkey Kong Jr.,NES,1983,330000.0,70000.0,700000.0,10000.0
Arc the Lad,PS,1995,0.0,0.0,1100000.0,10000.0
Need for Speed: ProStreet,Wii,2007,540000.0,460000.0,0.0,120000.0
Pikmin 3,WiiU,2013,450000.0,310000.0,290000.0,60000.0
Legend of Mana,PS,1999,180000.0,130000.0,730000.0,70000.0
Lumines: Puzzle Fusion,PSP,2004,520000.0,350000.0,0.0,230000.0
Toy Story 3: The Video Game,PS3,2010,510000.0,420000.0,0.0,170000.0
Guitar Hero 5,PS3,2009,530000.0,400000.0,0.0,170000.0
Megamania,2600,1981,1030000.0,60000.0,0.0,10000.0
Medal of Honor: Airborne,X360,2007,450000.0,530000.0,10000.0,120000.0
The Legend of Zelda: Tri Force Heroes,3DS,2015,520000.0,330000.0,170000.0,80000.0
Jungle Hunt,2600,1982,1030000.0,60000.0,0.0,10000.0
Triple Play 98,PS,1997,610000.0,420000.0,0.0,70000.0
LEGO The Lord of the Rings,PS3,2012,360000.0,530000.0,0.0,210000.0
WWE SmackDown vs. Raw 2011,PS3,2010,440000.0,460000.0,10000.0,180000.0
Yu-Gi-Oh! Duel Monsters II: Dark Duel Stories,GB,1999,0.0,0.0,1100000.0,0.0
Lode Runner,NES,1984,0.0,0.0,1100000.0,0.0
The Final Fantasy Legend,GB,1989,0.0,0.0,1100000.0,0.0
Famicom Jump: Eiyuu Retsuden,NES,1989,0.0,0.0,1100000.0,0.0
F-Zero X,N64,1998,450000.0,330000.0,290000.0,30000.0
Popeye,NES,1983,510000.0,120000.0,450000.0,20000.0
NERF N-Strike,Wii,2008,920000.0,90000.0,0.0,90000.0
NBA Live 2001,PS2,2001,520000.0,400000.0,40000.0,130000.0
SingStar Legends,PS2,2006,120000.0,750000.0,0.0,230000.0
SingStar Rocks!,PS2,2006,0.0,840000.0,0.0,250000.0
Tales of Symphonia,GC,2003,540000.0,210000.0,310000.0,40000.0
Untold Legends: Brotherhood of the Blade,PSP,2005,540000.0,330000.0,10000.0,220000.0
Star Ocean: The Second Story,PS,1998,260000.0,100000.0,720000.0,20000.0
Lightning Returns: Final Fantasy XIII,PS3,2013,310000.0,220000.0,450000.0,120000.0
Star Wars: The Force Unleashed,PSP,2008,430000.0,410000.0,0.0,250000.0
The Simpsons Game,PSP,2007,240000.0,550000.0,0.0,310000.0
Yakuza 2,PS2,2006,50000.0,40000.0,840000.0,160000.0
Skate 2,X360,2009,820000.0,170000.0,10000.0,90000.0
Dragon Ball Z: The Legacy of Goku II,GBA,2003,780000.0,290000.0,0.0,20000.0
Virtua Fighter 5,PS3,2007,290000.0,520000.0,80000.0,200000.0
NFL 2K1,DC,2000,1020000.0,50000.0,0.0,20000.0
BeatMania,PS,1998,0.0,0.0,1070000.0,20000.0
Namco Museum Battle Collection,PSP,2005,750000.0,180000.0,0.0,160000.0
Madden NFL 2004,XB,2003,1020000.0,20000.0,0.0,50000.0
Empire: Total War,PC,2009,10000.0,970000.0,0.0,110000.0
The Godfather,PS2,2006,890000.0,30000.0,10000.0,150000.0
Tiger Woods PGA Tour 10,Wii,2009,610000.0,370000.0,0.0,110000.0
Star Wars: Bounty Hunter,PS2,2002,530000.0,420000.0,0.0,140000.0
Densha De Go!,PS,1997,0.0,0.0,1020000.0,70000.0
Dante's Inferno,PS3,2010,640000.0,280000.0,40000.0,130000.0
Skylanders Giants,PS3,2012,350000.0,520000.0,0.0,220000.0
Endless Ocean,Wii,2007,440000.0,470000.0,90000.0,90000.0
NFL Blitz 2000,PS,1998,600000.0,410000.0,0.0,70000.0
Sonic Free Riders,X360,2010,740000.0,260000.0,0.0,90000.0
NASCAR Thunder 2004,PS2,2003,530000.0,410000.0,0.0,140000.0
Prince of Persia,PS3,2008,470000.0,410000.0,30000.0,180000.0
SpongeBob SquarePants: Revenge of the Flying Dutchman,PS2,2002,530000.0,410000.0,0.0,140000.0
Grand Theft Auto V,PC,2015,360000.0,640000.0,0.0,80000.0
The Biggest Loser,Wii,2009,870000.0,120000.0,0.0,90000.0
Fisherman's Bass Club,PS2,2002,530000.0,410000.0,0.0,140000.0
Resident Evil: The Darkside Chronicles,Wii,2009,480000.0,320000.0,200000.0,90000.0
NCAA Football 13,X360,2012,1020000.0,0.0,0.0,60000.0
Grand Theft Auto: Chinatown Wars,PSP,2009,280000.0,500000.0,30000.0,280000.0
FIFA Soccer 11,Wii,2010,260000.0,690000.0,0.0,120000.0
The Orange Box,PS3,2007,280000.0,590000.0,0.0,220000.0
Joust,2600,1982,1010000.0,60000.0,0.0,10000.0
Tomb Raider: Underworld,X360,2008,530000.0,430000.0,10000.0,110000.0
Tom Clancy's Ghost Recon 2,PS2,2004,640000.0,340000.0,0.0,100000.0
DiRT 3,PS3,2011,270000.0,590000.0,10000.0,210000.0
LEGO City Undercover,WiiU,2013,470000.0,400000.0,130000.0,80000.0
Ready 2 Rumble Boxing,PS,1998,600000.0,410000.0,0.0,70000.0
Dragon Ball Z: Taiketsu,GBA,2003,770000.0,290000.0,0.0,20000.0
Disney's Lilo & Stitch,GBA,2002,770000.0,290000.0,0.0,20000.0
Star Fox: Assault,GC,2005,680000.0,180000.0,190000.0,30000.0
Naruto: Ultimate Ninja Storm,PS3,2008,490000.0,350000.0,90000.0,160000.0
Marvel vs. Capcom 3: Fate of Two Worlds,X360,2011,790000.0,180000.0,30000.0,70000.0
NCAA Football 14,X360,2013,1010000.0,0.0,0.0,60000.0
Doko Demo Issyo,PS,1999,0.0,0.0,1000000.0,70000.0
Call of Duty 3,PS2,2006,890000.0,30000.0,0.0,150000.0
Red Dead Redemption: Undead Nightmare,X360,2010,570000.0,390000.0,20000.0,90000.0
Bully: Scholarship Edition,X360,2008,530000.0,400000.0,30000.0,110000.0
Virtua Fighter,SAT,1994,170000.0,120000.0,770000.0,20000.0
Championship Manager 99/00,PC,1999,0.0,980000.0,0.0,90000.0
WWE SmackDown vs. Raw 2010,PS2,2009,530000.0,10000.0,0.0,540000.0
Pro Evolution Soccer 2008,X360,2007,80000.0,900000.0,40000.0,50000.0
NHL 99,PS,1997,590000.0,400000.0,0.0,70000.0
SoulCalibur III,PS2,2005,740000.0,150000.0,130000.0,50000.0
Skylanders SWAP Force,PS3,2013,430000.0,440000.0,0.0,200000.0
F1 2012,PS3,2012,120000.0,640000.0,50000.0,250000.0
World Tour Soccer,PSP,2005,100000.0,630000.0,0.0,340000.0
Disney Universe,Wii,2011,670000.0,300000.0,0.0,100000.0
Ridge Racer Revolution,PS,1995,170000.0,120000.0,710000.0,70000.0
LEGO Pirates of the Caribbean: The Video Game,X360,2011,540000.0,420000.0,0.0,100000.0
Hot Wheels Turbo Racing,PS,1999,590000.0,400000.0,0.0,70000.0
NCAA Football 99,PS,1998,590000.0,400000.0,0.0,70000.0
Mortal Kombat: Armageddon,PS2,2006,880000.0,40000.0,0.0,140000.0
Aliens vs Predator,X360,2010,550000.0,400000.0,0.0,110000.0
Freekstyle,PS2,2002,520000.0,410000.0,0.0,140000.0
Darksiders,X360,2010,670000.0,290000.0,10000.0,100000.0
DiRT,PS3,2007,160000.0,670000.0,0.0,230000.0
Simple 1500 Series Vol. 1: The Mahjong,PS,1998,0.0,0.0,990000.0,70000.0
Sega Superstars Tennis,Wii,2008,280000.0,650000.0,0.0,130000.0
NBA Street V3,PS2,2005,520000.0,410000.0,0.0,140000.0
Sleeping Dogs,PS3,2012,310000.0,500000.0,50000.0,190000.0
Mercenaries 2: World in Flames,X360,2008,650000.0,300000.0,10000.0,100000.0
Worms Armageddon,PS,1999,180000.0,810000.0,0.0,80000.0
Hulk,PS2,2003,520000.0,410000.0,0.0,140000.0
LEGO Indiana Jones: The Original Adventures,PS3,2008,440000.0,440000.0,0.0,180000.0
NFL Blitz,N64,1998,1020000.0,40000.0,0.0,10000.0
NFL Quarterback Club 98,N64,1997,1010000.0,50000.0,0.0,10000.0
DJ Hero,X360,2009,560000.0,400000.0,0.0,110000.0
Diablo II: Lord of Destruction,PC,2001,1030000.0,20000.0,0.0,0.0
Naruto Shippuden: Ultimate Ninja Storm 4,PS4,2016,390000.0,410000.0,100000.0,160000.0
Spider-Man 2,GBA,2004,760000.0,280000.0,0.0,20000.0
Virtua Tennis 3,PS3,2007,230000.0,590000.0,30000.0,220000.0
Seek and Destroy,PS2,2002,520000.0,400000.0,0.0,140000.0
Warhawk,PS3,2007,490000.0,390000.0,0.0,170000.0
Assassin's Creed: Rogue,X360,2014,580000.0,380000.0,0.0,90000.0
Cosmic Ark,2600,1981,990000.0,50000.0,0.0,10000.0
SOCOM: U.S. Navy SEALs Fireteam Bravo 2,PSP,2006,810000.0,110000.0,0.0,130000.0
Skylanders: Trap Team,Wii,2014,420000.0,540000.0,0.0,80000.0
Aliens vs Predator,PS3,2010,410000.0,470000.0,0.0,180000.0
Defender,2600,1980,990000.0,50000.0,0.0,10000.0
Dance on Broadway,Wii,2010,270000.0,660000.0,0.0,120000.0
Adventure Island,NES,1986,0.0,0.0,1050000.0,0.0
Arc the Lad II,PS,1996,0.0,0.0,920000.0,130000.0
Tag Team Match M.U.S.C.L.E.,NES,1985,0.0,0.0,1050000.0,0.0
Derby Stallion 96,SNES,1996,0.0,0.0,1040000.0,10000.0
UFC Undisputed 3,PS3,2012,550000.0,340000.0,30000.0,130000.0
NBA 2K3,PS2,2002,510000.0,400000.0,0.0,130000.0
Dragon Ball: XenoVerse,PS4,2015,300000.0,480000.0,120000.0,150000.0
The Simpsons: Road Rage,XB,2001,780000.0,260000.0,0.0,10000.0
Dave Mirra Freestyle BMX,PS,2000,910000.0,110000.0,0.0,30000.0
WWE SmackDown vs. Raw 2010,X360,2009,560000.0,380000.0,10000.0,110000.0
Forza Motorsport,XB,2005,520000.0,510000.0,0.0,20000.0
Sonic the Hedgehog,X360,2006,440000.0,490000.0,0.0,110000.0
MySims Agents,Wii,2009,620000.0,320000.0,0.0,100000.0
Monster Rancher 2,PS,1998,190000.0,130000.0,660000.0,70000.0
The Simpsons Game,X360,2007,540000.0,400000.0,0.0,110000.0
Guinness World Records: The Videogame,Wii,2008,460000.0,470000.0,0.0,110000.0
MVP Baseball 2003,PS2,2003,510000.0,400000.0,0.0,130000.0
Dragon Ball Z: Budokai Tenkaichi 3,Wii,2007,330000.0,370000.0,260000.0,90000.0
Tales of Destiny,PS,1997,90000.0,60000.0,830000.0,70000.0
ATV: Quad Power Racing,PS,2000,580000.0,390000.0,0.0,70000.0
Mega Man X4,PS,1996,450000.0,300000.0,220000.0,70000.0
Naruto: Clash of Ninja 2,GC,2003,440000.0,120000.0,450000.0,30000.0
Dance Dance Revolution SuperNOVA,PS2,2006,870000.0,30000.0,0.0,140000.0
Brink,X360,2011,590000.0,350000.0,10000.0,90000.0
F-Zero: Maximum Velocity,GBA,2001,390000.0,160000.0,370000.0,120000.0
Bomberman 64,N64,1997,500000.0,200000.0,310000.0,30000.0
Jeremy McGrath Supercross 98,PS,1998,910000.0,100000.0,0.0,30000.0
LEGO Indiana Jones 2: The Adventure Continues,X360,2009,620000.0,330000.0,0.0,90000.0
Project CARS,PS4,2015,170000.0,690000.0,20000.0,150000.0
Need for Speed: Most Wanted,XB,2005,530000.0,460000.0,0.0,50000.0
LEGO Marvel Super Heroes,XOne,2013,610000.0,340000.0,0.0,90000.0
Tom Clancy's Ghost Recon Advanced Warfighter 2,PS3,2007,340000.0,480000.0,20000.0,190000.0
MotorStorm: Arctic Edge,PSP,2009,160000.0,580000.0,0.0,300000.0
WipEout Pure,PSP,2005,470000.0,340000.0,0.0,220000.0
EA Sports UFC,PS4,2014,460000.0,400000.0,10000.0,170000.0
MX vs. ATV Unleashed,PS2,2005,860000.0,30000.0,0.0,140000.0
Sonic Unleashed,PS3,2008,560000.0,330000.0,10000.0,140000.0
Tiger Woods PGA Tour 08,Wii,2007,940000.0,20000.0,0.0,80000.0
Rayman Origins,PS3,2011,330000.0,510000.0,10000.0,180000.0
Epic Mickey 2: The Power of Two,Wii,2012,720000.0,230000.0,0.0,80000.0
NCAA March Madness 2004,PS2,2003,500000.0,390000.0,0.0,130000.0
Bomberman,NES,1985,180000.0,0.0,850000.0,0.0
The Simpsons Game,Wii,2007,450000.0,470000.0,0.0,110000.0
Tomb Raider,PC,1996,960000.0,70000.0,0.0,0.0
Rock Band 2,Wii,2008,940000.0,10000.0,0.0,80000.0
Street Fighter Alpha 3,PS,1998,380000.0,120000.0,510000.0,20000.0
Bulletstorm,X360,2011,610000.0,320000.0,10000.0,80000.0
FIFA Soccer 08,Wii,2007,320000.0,590000.0,10000.0,110000.0
Naruto: Clash of Ninja Revolution,Wii,2007,450000.0,460000.0,0.0,110000.0
Tom Clancy's Ghost Recon Advanced Warfighter 2,X360,2007,870000.0,50000.0,20000.0,80000.0
ZombiU,WiiU,2012,530000.0,360000.0,50000.0,80000.0
Shrek 2,GC,2004,730000.0,260000.0,10000.0,30000.0
Tales of Graces f,PS3,2010,280000.0,210000.0,450000.0,80000.0
Final Fight 2,SNES,1993,390000.0,120000.0,490000.0,20000.0
Wall-E,Wii,2008,510000.0,400000.0,0.0,110000.0
The Lost World: Jurassic Park,PS,1997,570000.0,390000.0,0.0,70000.0
Ace Combat 6: Fires of Liberation,X360,2007,690000.0,40000.0,220000.0,60000.0
Madden NFL 07,XB,2006,970000.0,30000.0,0.0,30000.0
Disney Infinity 2.0: Marvel Super Heroes,PS3,2014,440000.0,400000.0,0.0,170000.0
Harry Potter and the Prisoner of Azkaban,PS2,2004,500000.0,390000.0,0.0,130000.0
Pong: The Next Level,PS,1998,560000.0,380000.0,0.0,70000.0
Bayonetta 2,WiiU,2014,340000.0,280000.0,100000.0,300000.0
Prince of Persia,X360,2008,540000.0,350000.0,20000.0,100000.0
God of War: Ghost of Sparta,PSP,2010,410000.0,360000.0,30000.0,210000.0
Sonic Generations,3DS,2011,440000.0,460000.0,10000.0,90000.0
Ninja Gaiden II,X360,2008,650000.0,220000.0,50000.0,100000.0
NBA Jam Tournament Edition,SNES,1995,870000.0,120000.0,0.0,20000.0
Championship Manager 3,PC,2003,0.0,930000.0,0.0,80000.0
Guitar Hero: Warriors of Rock,Wii,2010,480000.0,440000.0,0.0,90000.0
Monster Rancher,PS,1997,120000.0,80000.0,740000.0,70000.0
The LEGO Movie Videogame,PS3,2014,330000.0,480000.0,20000.0,180000.0
DiRT 2,PS3,2009,270000.0,530000.0,0.0,200000.0
Rayman Legends,PS4,2014,210000.0,610000.0,0.0,180000.0
NERF N-Strike Elite,Wii,2009,930000.0,0.0,0.0,70000.0
Ford Racing 2,PS2,2003,490000.0,380000.0,0.0,130000.0
Breath of Fire III,PS,1997,290000.0,190000.0,460000.0,70000.0
PES 2009: Pro Evolution Soccer,X360,2008,130000.0,760000.0,30000.0,90000.0
Dead or Alive 2,PS2,2000,300000.0,240000.0,380000.0,80000.0
1942,NES,1985,650000.0,140000.0,210000.0,0.0
Excitebike 64,N64,2000,650000.0,150000.0,190000.0,10000.0
NES Open Tournament Golf,NES,1991,410000.0,100000.0,470000.0,20000.0
Game & Watch Gallery,GB,1997,630000.0,250000.0,90000.0,30000.0
Jissen Pachi-Slot Hisshouhou: Hokuto no Ken,PS2,2004,0.0,0.0,1000000.0,0.0
SoulCalibur II,XB,2003,780000.0,180000.0,30000.0,0.0
Haze,PS3,2008,490000.0,330000.0,20000.0,150000.0
UFC Undisputed 3,X360,2012,720000.0,210000.0,0.0,70000.0
Winning Eleven: Pro Evolution Soccer 2007 (All Region sales),X360,2006,80000.0,900000.0,20000.0,0.0
Road & Track Presents: The Need for Speed,PS,1995,560000.0,380000.0,0.0,70000.0
NFL GameDay 2001,PS,2000,560000.0,380000.0,0.0,70000.0
Killzone: Mercenary,PSV,2013,250000.0,490000.0,40000.0,220000.0
NBA Live 97,PS,1996,550000.0,380000.0,0.0,70000.0
Dynasty Warriors 3: Xtreme Legends,PS2,2002,130000.0,100000.0,740000.0,30000.0
Rocksmith 2014,PS3,2013,510000.0,270000.0,50000.0,150000.0
Dead Space 3,PS3,2013,440000.0,380000.0,0.0,170000.0
Wheel of Fortune,Wii,2010,890000.0,40000.0,0.0,60000.0
Disney Infinity,PS3,2013,480000.0,350000.0,0.0,160000.0
Dark Souls,X360,2011,640000.0,280000.0,0.0,80000.0
Jampack Winter 2000,PS,2000,550000.0,380000.0,0.0,70000.0
Dead Space 3,X360,2013,640000.0,280000.0,0.0,80000.0
NFL Fever 2002,XB,2000,740000.0,210000.0,0.0,40000.0
The Simpsons: Hit & Run,GC,2003,770000.0,200000.0,0.0,30000.0
Tom Clancy's Splinter Cell: Blacklist,X360,2013,570000.0,340000.0,10000.0,80000.0
Ace Combat X: Skies of Deception,PSP,2006,370000.0,310000.0,120000.0,190000.0
NCAA Football 12,X360,2011,940000.0,0.0,0.0,60000.0
LEGO Pirates of the Caribbean: The Video Game,PS3,2011,360000.0,460000.0,0.0,170000.0
Band Hero,Wii,2009,600000.0,300000.0,0.0,90000.0
Cars: Race-O-Rama,Wii,2009,610000.0,300000.0,0.0,90000.0
Oddworld: Abe's Exoddus,PS,1998,550000.0,380000.0,0.0,60000.0
EyePet,PS3,2009,350000.0,520000.0,40000.0,90000.0
Scooby-Doo! First Frights,Wii,2009,880000.0,50000.0,0.0,70000.0
Midnight Club: LA Remix,PSP,2008,520000.0,280000.0,0.0,190000.0
The Bouncer,PS2,2000,300000.0,230000.0,380000.0,80000.0
Guitar Hero: Aerosmith,PS3,2008,730000.0,150000.0,0.0,110000.0
WWE SmackDown vs Raw 2008,Wii,2007,380000.0,500000.0,0.0,110000.0
FIFA Soccer 10,Wii,2009,230000.0,650000.0,0.0,110000.0
Shadow The Hedgehog,GC,2005,760000.0,200000.0,0.0,30000.0
Farming Simulator 2013,PC,2012,0.0,800000.0,0.0,180000.0
Fallout 3,PC,2008,20000.0,880000.0,0.0,80000.0
Pro Evolution Soccer 2008,PSP,2008,20000.0,530000.0,190000.0,250000.0
Far Cry 3,PC,2012,210000.0,620000.0,0.0,140000.0
Xenoblade Chronicles,Wii,2010,490000.0,260000.0,160000.0,80000.0
Just Dance 2014,X360,2013,720000.0,190000.0,0.0,70000.0
Mario Party Advance,GBA,2005,500000.0,190000.0,280000.0,20000.0
Sonic & Sega All-Stars Racing,PS3,2010,360000.0,460000.0,0.0,170000.0
Tetris 2,NES,1993,620000.0,130000.0,210000.0,20000.0
NASCAR 99,N64,1998,940000.0,40000.0,0.0,10000.0
South Park: The Stick of Truth,PS3,2014,420000.0,380000.0,0.0,170000.0
Driver: San Francisco,PS3,2011,240000.0,540000.0,10000.0,180000.0
Sniper Elite V2,PS3,2012,380000.0,390000.0,60000.0,150000.0
Far Cry 4,X360,2014,450000.0,440000.0,0.0,80000.0
Grand Theft Auto: San Andreas,PC,2005,0.0,920000.0,0.0,50000.0
Tom Clancy's Splinter Cell: Blacklist,PS3,2013,340000.0,410000.0,60000.0,180000.0
Pro Evolution Soccer 2014,PS3,2013,30000.0,430000.0,510000.0,10000.0
Madden NFL 16,X360,2015,820000.0,50000.0,0.0,100000.0
Madden NFL 10,PS2,2009,880000.0,0.0,0.0,100000.0
Brutal Legend,X360,2009,620000.0,270000.0,0.0,90000.0
Final Fantasy Type-0,PS4,2015,370000.0,320000.0,150000.0,140000.0
Madden NFL 08,PS3,2007,890000.0,10000.0,0.0,80000.0
de Blob,Wii,2008,500000.0,370000.0,0.0,100000.0
NCAA Football 06,XB,2005,730000.0,210000.0,0.0,30000.0
Mass Effect 3,PC,2012,400000.0,440000.0,0.0,130000.0
NBA 2K10,X360,2009,880000.0,20000.0,0.0,80000.0
Fire Emblem,GBA,2003,490000.0,180000.0,290000.0,10000.0
Skylanders: Spyro's Adventure,X360,2011,530000.0,350000.0,0.0,100000.0
Club Penguin: Game Day!,Wii,2010,560000.0,330000.0,0.0,80000.0
NHL 2004,PS2,2003,470000.0,370000.0,0.0,120000.0
Grand Theft Auto: Vice City Stories,PS2,2007,780000.0,30000.0,30000.0,130000.0
NBA 2K16,X360,2015,770000.0,100000.0,0.0,100000.0
FIFA Soccer 2005,XB,2004,330000.0,600000.0,0.0,40000.0
LEGO The Lord of the Rings,Wii,2012,520000.0,370000.0,0.0,80000.0
Romancing SaGa,SNES,1992,0.0,0.0,970000.0,0.0
Donkey Kong Junior,2600,1981,900000.0,50000.0,0.0,10000.0
LEGO Star Wars II: The Original Trilogy,GC,2006,750000.0,190000.0,0.0,30000.0
Final Fantasy X / X-2 HD Remaster,PSV,2013,210000.0,310000.0,280000.0,160000.0
Medal of Honor: Underground,PS,2000,540000.0,370000.0,0.0,60000.0
Dark Cloud 2,PS2,2002,380000.0,250000.0,260000.0,70000.0
Jampack Summer '99,PS,1999,540000.0,360000.0,0.0,60000.0
PlayStation All-Stars Battle Royale,PS3,2012,500000.0,280000.0,40000.0,140000.0
Dance Dance Revolution 2nd ReMIX,PS,1999,0.0,0.0,900000.0,60000.0
Dragon Quest X,Wii,2012,0.0,0.0,960000.0,0.0
Gangs of London,PSP,2006,300000.0,440000.0,0.0,220000.0
Mortal Kombat Trilogy,N64,1996,720000.0,220000.0,0.0,20000.0
Star Soldier,NES,1986,320000.0,60000.0,570000.0,10000.0
Sonic Unleashed,X360,2008,540000.0,330000.0,0.0,90000.0
Lost Planet 2,PS3,2010,290000.0,340000.0,200000.0,130000.0
NHL 2001,PS2,2000,470000.0,370000.0,0.0,120000.0
Dragon Quest Monsters: Terry's Wonderland 3D,3DS,2012,0.0,0.0,960000.0,0.0
Tom Clancy's Ghost Recon: Future Soldier,PS3,2012,410000.0,330000.0,90000.0,120000.0
Shinobi,PS2,2002,360000.0,280000.0,220000.0,90000.0
Mortal Kombat: Deadly Alliance,XB,2002,770000.0,150000.0,0.0,40000.0
The Witcher 2: Assassins of Kings,PC,2011,250000.0,560000.0,0.0,150000.0
PilotWings Resort,3DS,2011,400000.0,360000.0,130000.0,70000.0
Naruto Shippuden: Ultimate Ninja Storm 3,PS3,2013,320000.0,330000.0,150000.0,150000.0
LEGO Jurassic World,X360,2015,470000.0,400000.0,0.0,80000.0
ESPN NBA 2K5,XB,2004,880000.0,40000.0,0.0,40000.0
World Championship Poker,PS2,2004,800000.0,30000.0,0.0,130000.0
Tom Clancy's Splinter Cell: Chaos Theory,PS2,2005,360000.0,450000.0,0.0,140000.0
SpongeBob SquarePants: Battle for Bikini Bottom,GC,2003,740000.0,190000.0,0.0,30000.0
South Park: The Stick of Truth,X360,2014,570000.0,300000.0,0.0,80000.0
SingStar Abba,PS3,2008,270000.0,510000.0,0.0,170000.0
Cars 2,Wii,2011,460000.0,390000.0,0.0,100000.0
Wild ARMs,PS,1996,260000.0,170000.0,460000.0,60000.0
Kessen,PS2,2000,270000.0,210000.0,410000.0,70000.0
Yu-Gi-Oh! Worldwide Edition: Stairway to the Destined Duel,GBA,2003,680000.0,250000.0,0.0,20000.0
NCAA Football 2000,PS,1999,530000.0,360000.0,0.0,60000.0
Brutal Legend,PS3,2009,540000.0,280000.0,0.0,130000.0
Skylanders: Spyro's Adventure,PS3,2011,390000.0,400000.0,0.0,160000.0
Guitar Hero: Metallica,Wii,2009,410000.0,430000.0,0.0,100000.0
Evolve,PS4,2015,350000.0,410000.0,50000.0,150000.0
WWE SmackDown vs. Raw 2009,PS3,2008,510000.0,310000.0,10000.0,130000.0
Army of Two: The 40th Day,X360,2010,620000.0,240000.0,0.0,80000.0
Tony Hawk: RIDE,Wii,2009,700000.0,170000.0,0.0,80000.0
Lego Batman 3: Beyond Gotham,X360,2014,480000.0,380000.0,0.0,80000.0
Wii Play: Motion,Wii,2011,240000.0,430000.0,180000.0,90000.0
Killzone,PS2,2004,790000.0,30000.0,0.0,130000.0
The Tomb Raider Trilogy,PS3,2011,270000.0,500000.0,0.0,170000.0
Colin McRae Rally 04,PS2,2003,10000.0,710000.0,10000.0,210000.0
Star Fox 64 3D,3DS,2011,480000.0,270000.0,130000.0,70000.0
The SpongeBob SquarePants Movie,GC,2004,730000.0,190000.0,0.0,30000.0
Rocksmith 2014,X360,2013,690000.0,170000.0,0.0,80000.0
Midway Presents Arcade's Greatest Hits: The Atari Collection 1,PS,1996,520000.0,360000.0,0.0,60000.0
Cars,Wii,2006,830000.0,40000.0,0.0,70000.0
Assassin's Creed III,PC,2012,280000.0,530000.0,0.0,130000.0
Castlevania: Lament of Innocence,PS2,2003,460000.0,360000.0,0.0,120000.0
Mario Tennis Open,3DS,2012,260000.0,290000.0,330000.0,50000.0
The Witcher 2: Assassins of Kings,X360,2012,480000.0,360000.0,20000.0,80000.0
Bayonetta,X360,2009,510000.0,260000.0,90000.0,80000.0
Destroy All Humans!,PS2,2005,780000.0,30000.0,0.0,130000.0
MVP Baseball 2005,XB,2005,700000.0,200000.0,0.0,30000.0
SaGa Frontier 2,PS,1999,100000.0,70000.0,710000.0,60000.0
NCAA Football 10,X360,2009,870000.0,0.0,0.0,70000.0
MLB 2000,PS,1999,520000.0,350000.0,0.0,60000.0
The Legend of Zelda: Twilight Princess HD,WiiU,2016,480000.0,300000.0,80000.0,80000.0
Bully,PS2,2006,750000.0,30000.0,40000.0,120000.0
Prince of Persia: The Sands of Time,XB,2003,570000.0,330000.0,0.0,40000.0
Phantasy Star Portable,PSP,2008,190000.0,60000.0,630000.0,50000.0
Hot Shots Golf Fore!,PS2,2003,460000.0,360000.0,0.0,120000.0
MLB 06: The Show,PS2,2006,780000.0,30000.0,0.0,130000.0
NHL 2003,PS2,2002,460000.0,360000.0,0.0,120000.0
Operation Flashpoint: Dragon Rising,X360,2009,360000.0,450000.0,20000.0,100000.0
Nickelodeon Fit,Wii,2010,780000.0,90000.0,0.0,60000.0
Buzz! Quiz World,PS3,2009,160000.0,580000.0,0.0,200000.0
Bentley's Hackpack,GBA,2005,670000.0,250000.0,0.0,20000.0
Tony Hawk's Pro Skater 4,XB,2002,590000.0,300000.0,0.0,40000.0
Borderlands 2,PC,2012,420000.0,410000.0,0.0,110000.0
EA Sports Grand Slam Tennis,Wii,2009,290000.0,520000.0,20000.0,110000.0
White Knight Chronicles: International Edition,PS3,2008,330000.0,160000.0,360000.0,80000.0
SSX,PS3,2012,350000.0,420000.0,20000.0,140000.0
Sonic Riders: Zero Gravity,Wii,2008,500000.0,320000.0,20000.0,100000.0
LEGO Jurassic World,PS3,2015,340000.0,440000.0,0.0,150000.0
Crash City Mayhem,GBA,2004,670000.0,250000.0,0.0,20000.0
Spider-Man,2600,1981,870000.0,50000.0,0.0,10000.0
Mega Man 4,NES,1991,510000.0,90000.0,320000.0,10000.0
Castlevania II: Simon's Quest,NES,1987,450000.0,60000.0,420000.0,0.0
Toy Story 2: Buzz Lightyear to the Rescue!,N64,1999,710000.0,200000.0,0.0,10000.0
Teenage Mutant Ninja Turtles,GBA,2003,670000.0,250000.0,0.0,20000.0
MLB 07: The Show,PS2,2007,770000.0,30000.0,0.0,130000.0
Skylanders: Trap Team,X360,2014,540000.0,310000.0,0.0,80000.0
Cars,GC,2006,720000.0,190000.0,0.0,30000.0
Brothers in Arms: Hell's Highway,PS3,2008,440000.0,340000.0,0.0,150000.0
Pokken Tournament,WiiU,2016,470000.0,220000.0,160000.0,70000.0
SnoCross Championship Racing,PS,1999,520000.0,350000.0,0.0,60000.0
Teenage Mutant Ninja Turtles,PS2,2003,450000.0,350000.0,0.0,120000.0
Top Gun: Combat Zones,PS2,2001,450000.0,350000.0,0.0,120000.0
Blue Dragon,X360,2006,300000.0,330000.0,210000.0,80000.0
007: The World is not Enough,PS,2000,510000.0,350000.0,0.0,60000.0
NCAA Football 11,X360,2010,860000.0,0.0,0.0,60000.0
NHL 98,PS,1997,510000.0,350000.0,0.0,60000.0
FIFA Street,X360,2012,170000.0,650000.0,0.0,100000.0
EA Sports Active 2,PS3,2010,520000.0,280000.0,0.0,120000.0
SpongeBob SquarePants: The Yellow Avenger,PSP,2006,550000.0,210000.0,0.0,160000.0
WWE SmackDown vs. Raw 2009,X360,2008,580000.0,260000.0,0.0,80000.0
Dante's Inferno,X360,2010,630000.0,200000.0,20000.0,70000.0
Wipeout: In The Zone,X360,2011,870000.0,0.0,0.0,50000.0
Space Jam,PS,1996,510000.0,350000.0,0.0,60000.0
Kung Fu Panda,Wii,2008,500000.0,320000.0,0.0,90000.0
Knockout Kings 2000,N64,1999,630000.0,270000.0,0.0,20000.0
Balloon Fight,NES,1985,390000.0,90000.0,430000.0,10000.0
Assassin's Creed,PC,2008,10000.0,830000.0,0.0,80000.0
Disney Magical World,3DS,2013,160000.0,200000.0,530000.0,30000.0
Crysis 3,X360,2013,510000.0,330000.0,10000.0,80000.0
Lego Batman 3: Beyond Gotham,PS4,2014,370000.0,390000.0,0.0,150000.0
Dynasty Warriors 7,PS3,2011,250000.0,140000.0,460000.0,60000.0
The Evil Within,PS3,2014,260000.0,390000.0,120000.0,140000.0
MLB 12: The Show,PS3,2012,860000.0,0.0,0.0,60000.0
Sonic Riders,GC,2006,710000.0,180000.0,0.0,30000.0
Starsky & Hutch,PS2,2003,450000.0,350000.0,0.0,120000.0
Tobal No.1,PS,1996,120000.0,80000.0,660000.0,60000.0
Lost Odyssey,X360,2007,450000.0,270000.0,110000.0,90000.0
MLB 15: The Show,PS4,2015,670000.0,80000.0,0.0,170000.0
Operation Flashpoint: Dragon Rising,PS3,2009,230000.0,460000.0,50000.0,170000.0
Homefront,PS3,2011,320000.0,400000.0,40000.0,150000.0
AMF Bowling Pinbusters!,Wii,2007,850000.0,0.0,0.0,70000.0
Street Hoops,PS2,2002,450000.0,350000.0,0.0,120000.0
Avatar: The Game,PS3,2009,320000.0,430000.0,0.0,160000.0
Harvest Moon 3D: A New Beginning,3DS,2012,410000.0,170000.0,290000.0,50000.0
Tom Clancy's EndWar,X360,2008,580000.0,240000.0,10000.0,90000.0
Knockout Kings 2002,PS2,2002,450000.0,350000.0,0.0,120000.0
Tokyo Xtreme Racer 3,PS2,2003,350000.0,270000.0,210000.0,90000.0
LEGO Indiana Jones 2: The Adventure Continues,PS3,2009,470000.0,300000.0,0.0,130000.0
Colin McRae Rally 2.0,PS,2000,20000.0,800000.0,20000.0,70000.0
Glover,N64,1998,720000.0,170000.0,0.0,10000.0
MX vs. ATV Reflex,PS3,2009,520000.0,260000.0,0.0,120000.0
Minecraft: Story Mode,X360,2015,460000.0,380000.0,0.0,80000.0
Marvel: Ultimate Alliance 2,X360,2009,680000.0,150000.0,0.0,80000.0
Super Momotarou Dentetsu III,SNES,1994,0.0,0.0,910000.0,0.0
Sonic Mega Collection Plus,XB,2004,610000.0,260000.0,0.0,40000.0
DJ Hero,PS3,2009,420000.0,340000.0,0.0,140000.0
Dragon Age: Inquisition,XOne,2014,550000.0,280000.0,0.0,70000.0
The Simpsons Game,PS3,2007,380000.0,370000.0,0.0,150000.0
Tiger Woods PGA Tour 2002,PS2,2002,440000.0,350000.0,0.0,120000.0
Mini-Yonku Shining Scorpion: Let's & Go!!,SNES,1996,0.0,0.0,900000.0,0.0
MLB 2005,PS2,2004,440000.0,350000.0,0.0,120000.0
SOCOM 4: U.S. Navy SEALs,PS3,2011,660000.0,120000.0,40000.0,80000.0
Burnout Revenge,PS2,2005,750000.0,30000.0,0.0,120000.0
Buzz! Quiz TV,PS3,2008,280000.0,480000.0,0.0,140000.0
We Ski & Snowboard,Wii,2008,380000.0,290000.0,150000.0,80000.0
Destruction Derby,PS,1995,500000.0,340000.0,0.0,60000.0
Crysis 3,PS3,2013,260000.0,430000.0,30000.0,180000.0
3Xtreme,PS,1999,500000.0,340000.0,0.0,60000.0
Hot Shots Tennis,PS2,2006,170000.0,130000.0,550000.0,50000.0
Sonic Heroes,XB,2003,410000.0,430000.0,10000.0,50000.0
Resistance: Retribution,PSP,2009,270000.0,360000.0,50000.0,220000.0
Tiger Woods PGA Tour 12: The Masters,PS3,2011,520000.0,260000.0,0.0,120000.0
Madden NFL 99,N64,1998,840000.0,50000.0,0.0,10000.0
Spider-Man 3,PS2,2007,740000.0,30000.0,10000.0,120000.0
James Bond 007: Agent Under Fire,XB,2002,650000.0,220000.0,0.0,30000.0
Samba De Amigo,Wii,2008,420000.0,370000.0,10000.0,100000.0
The Elder Scrolls Online,PC,2014,320000.0,480000.0,0.0,90000.0
Pure,PS3,2008,420000.0,330000.0,0.0,140000.0
FIFA Soccer 09 All-Play,Wii,2008,290000.0,520000.0,0.0,90000.0
LittleBigPlanet Karting,PS3,2012,420000.0,320000.0,10000.0,150000.0
X-Men Legends,XB,2004,620000.0,240000.0,0.0,40000.0
NBA Live 2005,XB,2004,810000.0,50000.0,0.0,40000.0
Harry Potter: Quidditch World Cup,PS2,2003,440000.0,340000.0,0.0,110000.0
The Biggest Loser: Ultimate Workout,X360,2010,730000.0,100000.0,0.0,60000.0
Madagascar,GBA,2005,620000.0,240000.0,0.0,30000.0
Call of Juarez: Bound in Blood,PS3,2009,350000.0,380000.0,10000.0,160000.0
Killzone: Liberation,PSP,2006,440000.0,280000.0,0.0,180000.0
Madden NFL 08,Wii,2007,820000.0,10000.0,0.0,70000.0
Blitz: The League,PS2,2005,740000.0,30000.0,0.0,120000.0
LEGO Jurassic World,PS4,2015,320000.0,420000.0,10000.0,140000.0
Castlevania: Circle of the Moon,GBA,2001,600000.0,220000.0,50000.0,20000.0
Tiger Woods PGA Tour 06,PS2,2005,740000.0,30000.0,0.0,120000.0
Classic NES Series: The Legend of Zelda,GBA,2004,460000.0,170000.0,240000.0,20000.0
The Jak and Daxter Collection,PS3,2012,600000.0,190000.0,0.0,100000.0
Fire Emblem: The Sacred Stones,GBA,2004,420000.0,160000.0,300000.0,20000.0
Pokemon Card GB2: Here Comes Team GR!,GB,2001,0.0,0.0,890000.0,0.0
Finding Nemo,GC,2003,690000.0,180000.0,0.0,20000.0
CSI: Hard Evidence,Wii,2008,360000.0,430000.0,0.0,100000.0
Ace Combat 2,PS,1997,160000.0,110000.0,560000.0,60000.0
F1 2009,Wii,2009,150000.0,630000.0,0.0,110000.0
NFL 2K2,PS2,2001,440000.0,340000.0,0.0,110000.0
EA Sports UFC 2,PS4,2016,280000.0,470000.0,0.0,140000.0
Dissidia 012: Duodecim Final Fantasy,PSP,2011,210000.0,130000.0,460000.0,80000.0
LEGO Marvel Super Heroes,3DS,2013,420000.0,360000.0,40000.0,70000.0
F1 2010,X360,2010,180000.0,590000.0,10000.0,100000.0
Monster 4X4: World Circuit,Wii,2006,810000.0,0.0,10000.0,70000.0
Call of Duty: Modern Warfare 2,PC,2009,10000.0,790000.0,0.0,90000.0
Wii Fit U,WiiU,2013,390000.0,240000.0,210000.0,60000.0
Kingdoms of Amalur: Reckoning,X360,2012,550000.0,250000.0,10000.0,70000.0
Call of Duty: Modern Warfare 3,Wii,2011,600000.0,210000.0,0.0,80000.0
MLB 2001,PS,2000,490000.0,340000.0,0.0,60000.0
SingStar Anthems,PS2,2006,0.0,680000.0,0.0,200000.0
Seiken Densetsu 3,SNES,1995,0.0,0.0,890000.0,0.0
Mega Man 8 Anniversary Collector's Edition,PS,1996,440000.0,300000.0,90000.0,60000.0
WWE SmackDown vs. Raw 2011,X360,2010,440000.0,360000.0,0.0,80000.0
Sleeping Dogs,X360,2012,380000.0,410000.0,10000.0,80000.0
Grand Theft Auto IV,PC,2008,10000.0,790000.0,0.0,80000.0
Michael Jackson: The Experience,X360,2011,620000.0,200000.0,0.0,70000.0
Ghostbusters: The Video Game,Wii,2009,600000.0,210000.0,0.0,80000.0
Rock Band 3,X360,2010,730000.0,100000.0,0.0,60000.0
Resident Evil: Revelations,3DS,2012,300000.0,220000.0,300000.0,50000.0
NBA 2K6,PS2,2005,430000.0,340000.0,0.0,110000.0
Buzz! The Mega Quiz,PS2,2007,320000.0,60000.0,0.0,500000.0
Endless Ocean: Blue World,Wii,2009,470000.0,220000.0,120000.0,70000.0
Star Wars: Rebel Assault II - The Hidden Empire,PS,1996,490000.0,330000.0,0.0,60000.0
Just Cause 3,XOne,2015,420000.0,380000.0,0.0,70000.0
Metal Gear Ac!d,PSP,2004,320000.0,260000.0,120000.0,170000.0
Cooking Mama: World Kitchen,Wii,2008,510000.0,280000.0,10000.0,80000.0
Tekken Tag Tournament 2,PS3,2012,280000.0,330000.0,130000.0,140000.0
ESPN NHL 2K5,PS2,2004,430000.0,330000.0,0.0,110000.0
GRID,X360,2008,330000.0,440000.0,10000.0,90000.0
Phantasy Star Portable 2,PSP,2009,80000.0,110000.0,620000.0,60000.0
Crimson Skies: High Road to Revenge,XB,2003,650000.0,190000.0,0.0,30000.0
Spec Ops: Ranger Elite,PS,2001,490000.0,330000.0,0.0,60000.0
Gex,PS,1995,490000.0,330000.0,0.0,60000.0
NBA 2K14,XOne,2013,700000.0,110000.0,0.0,60000.0
DiRT,X360,2007,380000.0,400000.0,0.0,90000.0
Derby Stallion II,SNES,1994,0.0,0.0,870000.0,0.0
Gold's Gym: Dance Workout,Wii,2010,710000.0,110000.0,0.0,60000.0
Red Faction: Guerrilla,X360,2009,480000.0,290000.0,10000.0,90000.0
Tom Clancy's Ghost Recon: Island Thunder,XB,2003,610000.0,240000.0,0.0,30000.0
Mercenaries 2: World in Flames,PS3,2008,290000.0,400000.0,20000.0,160000.0
Need for Speed: V-Rally,PS,1997,430000.0,290000.0,90000.0,60000.0
Kingdom Hearts Re: Chain of Memories,PS2,2008,730000.0,30000.0,0.0,120000.0
Pictionary,Wii,2010,610000.0,190000.0,0.0,70000.0
NCAA Football 13,PS3,2012,820000.0,0.0,0.0,60000.0
Kingdoms of Amalur: Reckoning,PS3,2012,370000.0,300000.0,90000.0,110000.0
NFL GameDay '97,PS,1996,480000.0,330000.0,0.0,60000.0
Beijing 2008,PS3,2008,140000.0,540000.0,10000.0,180000.0
The House of the Dead: Overkill,Wii,2009,460000.0,310000.0,20000.0,90000.0
Tony Hawk's Project 8,PS2,2006,720000.0,30000.0,0.0,120000.0
Injustice: Gods Among Us,PS4,2013,460000.0,290000.0,0.0,120000.0
NHL 2000,PS,1998,480000.0,330000.0,0.0,60000.0
Buzz! Master Quiz,PSP,2008,200000.0,440000.0,0.0,230000.0
Brothers in Arms: Hell's Highway,X360,2008,470000.0,310000.0,0.0,90000.0
Fight Night Round 2,PS2,2005,720000.0,30000.0,0.0,120000.0
Conflict: Desert Storm,XB,2002,480000.0,370000.0,0.0,20000.0
Triple Play 2002,PS2,2002,430000.0,330000.0,0.0,110000.0
Vagrant Story,PS,2000,300000.0,200000.0,300000.0,60000.0
Lemmings,PSP,2006,120000.0,520000.0,0.0,230000.0
Warriors Orochi,PS2,2007,110000.0,90000.0,640000.0,30000.0
Guitar Hero: Warriors of Rock,X360,2010,470000.0,320000.0,0.0,80000.0
Enduro,2600,1982,810000.0,50000.0,0.0,10000.0
Tales of Xillia 2,PS3,2012,200000.0,150000.0,450000.0,70000.0
SingStar '90s,PS2,2007,100000.0,590000.0,0.0,180000.0
Monster Strike 3DS,3DS,2015,0.0,0.0,860000.0,0.0
Tomb Raider: Anniversary,Wii,2007,120000.0,630000.0,0.0,110000.0
Winning Eleven: Pro Evolution Soccer 2007,PSP,2006,10000.0,720000.0,120000.0,10000.0
Darksiders II,PS3,2012,350000.0,370000.0,10000.0,140000.0
Ghostbusters: The Video Game,PS3,2009,340000.0,370000.0,0.0,150000.0
Rocky,PS2,2002,420000.0,330000.0,0.0,110000.0
Dragon Quest VIII: Journey of the Cursed King,3DS,2015,0.0,0.0,860000.0,0.0
Ford Racing,PS,2001,480000.0,330000.0,0.0,60000.0
Madden Football 64,N64,1997,810000.0,40000.0,0.0,10000.0
MLB 99,PS,1998,480000.0,320000.0,0.0,60000.0
Dragon Ball Z: Burst Limit,PS3,2008,220000.0,340000.0,180000.0,120000.0
2010 FIFA World Cup South Africa,X360,2010,320000.0,430000.0,20000.0,90000.0
Dynasty Warriors 4: Xtreme Legends,PS2,2003,170000.0,130000.0,510000.0,40000.0
Ninja Gaiden Sigma 2,PS3,2009,520000.0,160000.0,80000.0,100000.0
Forza Horizon 2,X360,2014,350000.0,430000.0,0.0,70000.0
Skate 2,PS3,2009,460000.0,260000.0,10000.0,120000.0
Army Men: Air Attack,PS,1999,470000.0,320000.0,0.0,60000.0
Need for Speed: Nitro,Wii,2009,460000.0,310000.0,0.0,80000.0
Madden NFL 09 All-Play,Wii,2008,780000.0,10000.0,0.0,70000.0
NBA 2K8,X360,2007,790000.0,0.0,0.0,70000.0
Far Cry: Primal,XOne,2016,460000.0,320000.0,0.0,70000.0
Street Fighter Alpha 2,PS,1996,140000.0,90000.0,570000.0,60000.0
Tiger Woods PGA Tour 2005,XB,2004,640000.0,180000.0,0.0,30000.0
Army of Two: The 40th Day,PS3,2010,440000.0,270000.0,10000.0,120000.0
Blazing Angels: Squadrons of WWII,Wii,2007,740000.0,40000.0,0.0,60000.0
Castlevania III: Dracula's Curse,NES,1989,400000.0,70000.0,370000.0,10000.0
Rampage World Tour,PS,1997,470000.0,320000.0,0.0,60000.0
Burnout Legends,PSP,2005,700000.0,60000.0,0.0,90000.0
WWE 2K15,PS3,2014,360000.0,350000.0,0.0,140000.0
Overwatch,XOne,2016,520000.0,250000.0,0.0,80000.0
Ratatouille,PS2,2007,310000.0,0.0,0.0,530000.0
NFL GameDay,PS,1995,470000.0,320000.0,0.0,60000.0
Burnout 2: Point of Impact,PS2,2002,420000.0,320000.0,0.0,110000.0
Kirby: Planet Robobot,3DS,2016,260000.0,100000.0,440000.0,40000.0
Street Fighter EX3,PS2,2000,320000.0,250000.0,200000.0,80000.0
Karaoke Revolution Glee,Wii,2010,520000.0,250000.0,0.0,70000.0
Sniper Elite V2,X360,2012,460000.0,290000.0,20000.0,70000.0
Thief (2014),PS4,2014,280000.0,370000.0,30000.0,160000.0
Spider-Man 2,GC,2004,650000.0,170000.0,0.0,20000.0
Tiger Woods PGA Tour 11,PS3,2010,370000.0,340000.0,0.0,130000.0
Devil May Cry HD Collection,PS3,2012,420000.0,210000.0,110000.0,100000.0
MLB 16: The Show,PS4,2016,680000.0,0.0,0.0,160000.0
NBA 2K10,PS3,2009,750000.0,10000.0,10000.0,70000.0
Xenoblade Chronicles X,WiiU,2015,360000.0,280000.0,140000.0,60000.0
The Incredibles,GC,2004,650000.0,170000.0,0.0,20000.0
NCAA Football 11,PS3,2010,790000.0,0.0,0.0,60000.0
Dragon Age II,PS3,2011,400000.0,270000.0,50000.0,120000.0
ATV Quad Power Racing 2,PS2,2003,410000.0,320000.0,0.0,110000.0
Harvest Moon: Tree of Tranquility,Wii,2007,690000.0,30000.0,60000.0,60000.0
Final Fantasy,NES,1987,320000.0,0.0,520000.0,0.0
Street Fighter X Tekken,PS3,2012,420000.0,220000.0,100000.0,100000.0
Rocket Power: Team Rocket Rescue,PS,2001,470000.0,320000.0,0.0,50000.0
Duke Nukem Forever,X360,2011,520000.0,250000.0,0.0,70000.0
Big Mutha Truckers,PS2,2002,410000.0,320000.0,0.0,110000.0
Borderlands: The Handsome Collection,PS4,2015,360000.0,320000.0,30000.0,140000.0
Rogue Galaxy,PS2,2005,240000.0,160000.0,390000.0,50000.0
ESPN College Hoops 2K5,PS2,2004,410000.0,320000.0,0.0,110000.0
Metroid: Zero Mission,GBA,2004,600000.0,220000.0,0.0,10000.0
FIFA 15,PSV,2014,130000.0,480000.0,40000.0,190000.0
Time Crisis 4,PS3,2007,320000.0,330000.0,50000.0,140000.0
Ben 10: Protector of Earth,PS2,2007,90000.0,0.0,0.0,740000.0
Need for Speed Rivals,X360,2013,370000.0,380000.0,10000.0,80000.0
Q*bert,PS,1999,460000.0,320000.0,0.0,50000.0
WWE SmackDown vs. Raw 2009,Wii,2008,440000.0,310000.0,0.0,80000.0
Ace Combat 3: Electrosphere,PS,1999,220000.0,150000.0,400000.0,50000.0
Dynasty Warriors 2,PS2,2000,240000.0,190000.0,340000.0,60000.0
Lizzie McGuire 2: Lizzie Diaries,GBA,2004,600000.0,220000.0,0.0,10000.0
Borderlands 2,PSV,2014,430000.0,210000.0,10000.0,190000.0
FIFA Soccer World Championship,PS2,2000,270000.0,210000.0,280000.0,70000.0
Brute Force,XB,2003,620000.0,180000.0,10000.0,30000.0
Dance Central 3,X360,2012,570000.0,200000.0,0.0,60000.0
Yu-Gi-Oh! Dark Duel Stories,GB,2000,0.0,0.0,830000.0,0.0
The Game of Life,PS,1998,460000.0,310000.0,0.0,50000.0
Mega Man Legends,PS,1997,390000.0,260000.0,120000.0,50000.0
NCAA Football 12,PS3,2011,780000.0,0.0,0.0,50000.0
Sly 3: Honor Among Thieves,PS2,2005,690000.0,30000.0,0.0,110000.0
The Price is Right,Wii,2008,770000.0,0.0,0.0,60000.0
Sid Meier's Civilization Revolution,X360,2008,580000.0,170000.0,0.0,70000.0
The Amazing Spider-Man (Console Version),PS3,2012,310000.0,370000.0,0.0,140000.0
Dragon Ball: Raging Blast 2,PS3,2010,420000.0,200000.0,110000.0,90000.0
MediEvil,PS,1998,460000.0,310000.0,0.0,50000.0
Casper,PS,1996,460000.0,310000.0,0.0,50000.0
Deca Sports 2,Wii,2009,330000.0,340000.0,90000.0,70000.0
James Bond 007: Nightfire,XB,2002,580000.0,220000.0,0.0,30000.0
Madden NFL 17,XOne,2016,720000.0,20000.0,0.0,90000.0
Tony Hawk's Underground 2 Remix,PSP,2005,460000.0,210000.0,0.0,150000.0
Tony Hawk's Pro Skater 3,GC,2001,640000.0,170000.0,0.0,20000.0
Marvel: Ultimate Alliance,PS2,2006,690000.0,30000.0,0.0,110000.0
Star Wars The Clone Wars: Republic Heroes,Wii,2009,440000.0,300000.0,0.0,80000.0
DJ Hero 2,X360,2010,640000.0,120000.0,0.0,60000.0
Street Fighter V,PS4,2016,350000.0,260000.0,80000.0,130000.0
Need for Speed: Hot Pursuit 2,XB,2002,680000.0,110000.0,0.0,30000.0
Clu Clu Land,NES,1984,420000.0,100000.0,280000.0,20000.0
Killer Instinct Gold,N64,1996,610000.0,190000.0,0.0,10000.0
Amped: Freestyle Snowboarding,XB,2001,690000.0,110000.0,0.0,20000.0
Custer's Revenge,2600,1981,760000.0,50000.0,0.0,10000.0
MediEvil: Resurrection,PSP,2005,190000.0,410000.0,0.0,220000.0
DmC: Devil May Cry,PS3,2013,240000.0,280000.0,190000.0,120000.0
Tales of the Abyss,3DS,2011,420000.0,190000.0,140000.0,60000.0
Rocket Power: Beach Bandits,PS2,2002,400000.0,310000.0,0.0,100000.0
Guitar Hero: Warriors of Rock,PS3,2010,330000.0,350000.0,0.0,140000.0
Hasbro Family Game Night 3,Wii,2010,470000.0,280000.0,0.0,70000.0
Madden NFL 16,PS3,2015,560000.0,110000.0,0.0,150000.0
Stranglehold,X360,2007,400000.0,330000.0,10000.0,90000.0
Shin Megami Tensei: Persona 4,PS2,2008,340000.0,40000.0,360000.0,80000.0
SingStar Vol. 2,PS3,2008,290000.0,400000.0,0.0,130000.0
Madden NFL 25,PS4,2013,620000.0,130000.0,0.0,70000.0
Twisted Metal (2012),PS3,2012,670000.0,70000.0,0.0,70000.0
Dragon Warrior III,GB,2000,0.0,0.0,810000.0,0.0
Ready 2 Rumble Boxing: Round 2,PS2,2000,400000.0,310000.0,0.0,100000.0
Kamaitachi no Yoru,SNES,1994,0.0,0.0,810000.0,0.0
Patapon,PSP,2007,330000.0,250000.0,70000.0,170000.0
Tales of Destiny II,PS,2000,60000.0,40000.0,660000.0,50000.0
Super Bomberman 2,SNES,1994,0.0,0.0,810000.0,0.0
NASCAR 2001,PS,2000,450000.0,310000.0,0.0,50000.0
EA Sports Active NFL Training Camp,Wii,2010,770000.0,0.0,0.0,50000.0
The Legend of Zelda: Four Swords Adventures,GC,2004,630000.0,160000.0,0.0,20000.0
Jikkyou Powerful Pro Yakyuu '99 Kaimakuban,PS,1999,0.0,0.0,760000.0,50000.0
Guitar Hero Live,PS4,2015,320000.0,350000.0,0.0,130000.0
Valkyrie Profile,PS,1999,70000.0,50000.0,630000.0,50000.0
Final Fantasy Type-0,PSP,2011,0.0,0.0,810000.0,0.0
Pro Evolution Soccer 2010,X360,2009,120000.0,580000.0,30000.0,80000.0
Army Men: Sarge's Heroes,N64,1999,680000.0,120000.0,0.0,10000.0
Mega Man,NES,1987,450000.0,80000.0,270000.0,10000.0
Tom Clancy's Rainbow Six 3,PS2,2004,400000.0,310000.0,0.0,100000.0
Lego Batman 3: Beyond Gotham,PS3,2014,330000.0,350000.0,0.0,130000.0
EarthBound,SNES,1994,0.0,0.0,810000.0,0.0
DiRT 2,X360,2009,320000.0,400000.0,0.0,90000.0
Professor Layton vs Phoenix Wright: Ace Attorney,3DS,2012,200000.0,260000.0,300000.0,40000.0
The Next Tetris,PS,1998,450000.0,310000.0,0.0,50000.0
Dying Light,XOne,2015,430000.0,300000.0,10000.0,70000.0
NCAA Football 10,PS3,2009,750000.0,0.0,0.0,60000.0
Ben 10: Alien Force,Wii,2008,520000.0,210000.0,0.0,70000.0
World Soccer Jikkyou Winning Eleven 3: World Cup France '98,PS,1998,0.0,0.0,750000.0,50000.0
Final Fantasy XI: Wings of the Goddess,PS2,2007,350000.0,270000.0,90000.0,90000.0
The Sims 2,PS2,2005,670000.0,30000.0,0.0,110000.0
Guitar Hero: Metallica,X360,2009,520000.0,210000.0,0.0,70000.0
NCAA Football 14,PS3,2013,750000.0,0.0,0.0,60000.0
MadWorld,Wii,2009,460000.0,250000.0,20000.0,70000.0
Fight Night Champion,X360,2011,400000.0,330000.0,0.0,70000.0
Who wants to be a millionaire,PS,2000,450000.0,300000.0,0.0,50000.0
Yakuza,PS2,2005,0.0,20000.0,740000.0,10000.0
Star Wars Rogue Squadron III: Rebel Strike,GC,2003,0.0,160000.0,0.0,20000.0
ABBA: You Can Dance,Wii,2011,0.0,500000.0,0.0,110000.0
Moto Racer,PS,1997,0.0,300000.0,0.0,50000.0
Hitman: Contracts,PS2,2004,0.0,310000.0,0.0,100000.0
The Sims 2: Pets,PSP,2006,0.0,390000.0,0.0,220000.0
Final Fantasy Anthology,PS,1999,0.0,300000.0,0.0,50000.0
Aliens: Colonial Marines,X360,2013,360000.0,370000.0,0.0,70000.0
Pro Evolution Soccer 2010,PSP,2009,0.0,330000.0,200000.0,180000.0
[Prototype 2],X360,2012,0.0,250000.0,0.0,70000.0
Sonic & SEGA All-Stars Racing with Banjo-Kazooie,X360,2010,370000.0,350000.0,0.0,70000.0
Goldeneye 007: Reloaded,PS3,2011,0.0,350000.0,0.0,130000.0
NBA 2K16,PS3,2015,0.0,190000.0,30000.0,130000.0
All Star Cheer Squad,Wii,2008,0.0,290000.0,0.0,80000.0
The Sims 2: Castaway,PSP,2007,80000.0,460000.0,0.0,250000.0
Prince of Persia: Warrior Within,XB,2004,480000.0,280000.0,0.0,40000.0
Dragon's Dogma,X360,2012,0.0,240000.0,70000.0,60000.0
Darksiders II,X360,2012,450000.0,280000.0,0.0,70000.0
Resident Evil: Revelations,PS3,2013,140000.0,320000.0,220000.0,120000.0
Super Robot Taisen ?,PS,2000,0.0,0.0,750000.0,50000.0
Need for Speed: Hot Pursuit 2,GC,2002,680000.0,90000.0,0.0,20000.0
Star Wars: The Force Unleashed II,Wii,2010,540000.0,190000.0,0.0,60000.0
Band Hero,X360,2009,510000.0,220000.0,0.0,70000.0
Mario & Sonic at the Sochi 2014 Olympic Winter Games,WiiU,2013,390000.0,220000.0,130000.0,60000.0
Tales of Destiny 2,PS2,2002,0.0,0.0,800000.0,0.0
Capcom's Soccer Shootout,SNES,1993,0.0,0.0,800000.0,0.0
Sniper: Ghost Warrior,PS3,2011,260000.0,360000.0,40000.0,140000.0
The Godfather II,X360,2009,470000.0,240000.0,10000.0,80000.0
pro evolution soccer 2011,PSP,2010,50000.0,300000.0,290000.0,160000.0
Alien,2600,1981,740000.0,40000.0,0.0,10000.0
Dragon Ball Z: Budokai Tenkaichi 2,PS2,2006,660000.0,20000.0,0.0,110000.0
The Walking Dead: Season One,PS3,2012,400000.0,250000.0,30000.0,110000.0
Rayman Origins,X360,2011,380000.0,340000.0,0.0,80000.0
Guitar Hero: Aerosmith,PS2,2008,610000.0,0.0,0.0,180000.0
Ridge Racer,PS,1994,0.0,0.0,740000.0,50000.0
Harvest Moon: A Wonderful Life,GC,2003,610000.0,160000.0,0.0,20000.0
Momotarou Dentetsu 7,PS,1997,0.0,0.0,740000.0,50000.0
Invizimals,PSP,2009,170000.0,510000.0,0.0,110000.0
Motocross Mania,PS,2001,440000.0,300000.0,0.0,50000.0
Tiger Woods PGA Tour 10,PS3,2009,420000.0,250000.0,0.0,120000.0
WCW Mayhem,N64,1999,630000.0,150000.0,0.0,10000.0
Mega Man 5,NES,1992,390000.0,70000.0,320000.0,10000.0
Star Ocean: The Last Hope,X360,2009,320000.0,200000.0,210000.0,60000.0
Dance Dance Revolution SuperNOVA 2,PS2,2007,640000.0,30000.0,20000.0,100000.0
Armored Core 2,PS2,2000,280000.0,220000.0,230000.0,70000.0
Dragon Quest Monsters 2,3DS,2014,0.0,0.0,790000.0,0.0
Ghost Squad,Wii,2007,420000.0,210000.0,80000.0,70000.0
Dead Island: Riptide,X360,2013,440000.0,270000.0,10000.0,70000.0
Major League Baseball Featuring Ken Griffey Jr,N64,1998,750000.0,30000.0,0.0,10000.0
FIFA 12,Wii,2011,160000.0,520000.0,0.0,110000.0
Too Human,X360,2008,380000.0,300000.0,30000.0,80000.0
Sid Meier's Civilization Revolution,PS3,2008,490000.0,190000.0,10000.0,100000.0
NCAA Football 08,PS2,2007,650000.0,30000.0,0.0,110000.0
FIFA Soccer 2004,XB,2003,240000.0,490000.0,0.0,50000.0
Naruto Shippuden: Ultimate Ninja Storm 2,X360,2010,430000.0,270000.0,10000.0,70000.0
PokePark 2: Wonders Beyond,Wii,2011,270000.0,200000.0,270000.0,50000.0
Professor Layton and the Azran Legacy,3DS,2013,0.0,480000.0,250000.0,60000.0
Tom Clancy's Splinter Cell: Double Agent,X360,2006,670000.0,50000.0,10000.0,60000.0
Yars' Revenge,2600,1982,730000.0,40000.0,0.0,10000.0
Lips,X360,2008,120000.0,560000.0,0.0,100000.0
Secret Agent Barbie: Royal Jewels Mission,GBA,2002,560000.0,210000.0,0.0,10000.0
The 7th Guest,PC,1992,10000.0,770000.0,0.0,0.0
Doom,PS,1994,430000.0,300000.0,0.0,50000.0
Buzz! The Hollywood Quiz,PS2,2007,170000.0,0.0,0.0,610000.0
We Sing,Wii,2009,0.0,690000.0,0.0,90000.0
Marvel vs. Capcom: Clash of Super Heroes,PS,1999,430000.0,300000.0,0.0,50000.0
God of War Saga,PS3,2012,720000.0,0.0,0.0,60000.0
Battle Stations,PS,1997,430000.0,290000.0,0.0,50000.0
Pro Evolution Soccer 2016,PS4,2015,130000.0,420000.0,130000.0,100000.0
Worms: Open Warfare,PSP,2006,110000.0,430000.0,0.0,240000.0
Star Wars Battlefront: Elite Squadron,PSP,2009,380000.0,240000.0,0.0,160000.0
UFC Personal Trainer: The Ultimate Fitness System,X360,2011,530000.0,190000.0,0.0,60000.0
Resident Evil: Operation Raccoon City,X360,2012,550000.0,150000.0,30000.0,60000.0
NBA 2K7,PS2,2006,650000.0,20000.0,0.0,110000.0
Need for Speed: ProStreet,PSP,2008,240000.0,330000.0,10000.0,200000.0
Toy Story 3: The Video Game,X360,2010,410000.0,290000.0,0.0,70000.0
Torneko no Daibouken: Fushigi no Dungeon,SNES,1993,0.0,0.0,780000.0,0.0
Jr. Pac-Man,2600,1983,720000.0,50000.0,0.0,10000.0
James Bond 007: Nightfire,GC,2002,600000.0,160000.0,0.0,20000.0
Banjo-Kazooie: Nuts & Bolts,X360,2008,320000.0,360000.0,0.0,90000.0
NBA ShootOut 98,PS,1998,430000.0,290000.0,0.0,50000.0
Avatar: The Game,X360,2009,340000.0,350000.0,0.0,80000.0
Harry Potter and the Half-Blood Prince,Wii,2009,280000.0,400000.0,0.0,90000.0
DJ Hero,Wii,2009,470000.0,230000.0,0.0,70000.0
Perfect Dark Zero,X360,2005,660000.0,20000.0,30000.0,60000.0
Galaxian,2600,1982,720000.0,50000.0,0.0,10000.0
Andretti Racing,PS,1996,430000.0,290000.0,0.0,50000.0
Caesars Palace 2000: Millennium Gold Edition,PS,2000,430000.0,290000.0,0.0,50000.0
Madden NFL 25,XOne,2013,670000.0,50000.0,0.0,50000.0
Air Raid,2600,1981,720000.0,40000.0,0.0,10000.0
Need For Speed: Undercover,PSP,2008,230000.0,320000.0,30000.0,190000.0
Duke Nukem Forever,PS3,2011,330000.0,310000.0,0.0,120000.0
Freedom Wars,PSV,2014,220000.0,140000.0,320000.0,100000.0
Marvel Nemesis: Rise of the Imperfects,PS2,2005,640000.0,20000.0,0.0,100000.0
Boxing,2600,1980,720000.0,40000.0,0.0,10000.0
Need for Speed: Porsche Unleashed,PS,1999,430000.0,290000.0,0.0,50000.0
Dragon Ball: Raging Blast,PS3,2009,370000.0,190000.0,110000.0,100000.0
Crystal Castles,2600,1983,720000.0,40000.0,0.0,10000.0
Conker's Bad Fur Day,N64,2001,530000.0,220000.0,0.0,20000.0
Dragon Warrior I&II,GB,1999,0.0,0.0,770000.0,0.0
Star Wars Episode II: Attack of the Clones,GBA,2002,550000.0,200000.0,0.0,10000.0
Twisted Metal: Head On,PSP,2005,710000.0,0.0,0.0,60000.0
Conflict: Desert Storm II - Back to Bagdhad,PS2,2003,380000.0,290000.0,0.0,100000.0
Maximo: Ghosts to Glory,PS2,2001,380000.0,290000.0,0.0,100000.0
Donkey Kong Country 3,GBA,2005,450000.0,170000.0,140000.0,10000.0
All-Star Baseball 2003,PS2,2002,380000.0,290000.0,0.0,100000.0
Unlimited Saga,PS2,2002,100000.0,80000.0,560000.0,30000.0
Cabela's Deer Hunt: 2004 Season,PS2,2003,370000.0,290000.0,0.0,100000.0
Sonic Unleashed,PS2,2008,370000.0,40000.0,0.0,360000.0
Formula 1,PS,1996,180000.0,120000.0,420000.0,50000.0
Plants vs. Zombies: Garden Warfare,PS3,2014,220000.0,400000.0,10000.0,140000.0
Raving Rabbids: Travel in Time,Wii,2010,220000.0,470000.0,0.0,80000.0
The Sims 3,3DS,2011,300000.0,370000.0,30000.0,70000.0
Driv3r,XB,2004,360000.0,380000.0,0.0,30000.0
Mercenaries: Playground of Destruction,PS2,2005,640000.0,20000.0,0.0,100000.0
MTV Celebrity Deathmatch,PS2,2003,370000.0,290000.0,0.0,100000.0
Street Fighter Alpha: Warriors' Dreams,PS,1995,170000.0,110000.0,430000.0,50000.0
Mortal Kombat,PSV,2012,470000.0,180000.0,0.0,120000.0
ISS Pro Evolution,PS,1998,0.0,0.0,710000.0,50000.0
Lost Planet 2,X360,2010,380000.0,240000.0,80000.0,60000.0
SoulCalibur V,PS3,2012,350000.0,240000.0,70000.0,100000.0
Portal 2,PC,2011,330000.0,320000.0,0.0,110000.0
Pro Evolution Soccer 2015,PS4,2014,90000.0,430000.0,110000.0,130000.0
Drawn to Life: The Next Chapter,Wii,2009,290000.0,390000.0,0.0,80000.0
The Lord of the Rings: Conquest,PS3,2009,380000.0,260000.0,0.0,120000.0
Final Fantasy II,NES,1988,0.0,0.0,760000.0,0.0
Tony Hawk's Pro Skater 2,N64,2001,590000.0,160000.0,0.0,10000.0
Taiko no Tatsujin: Tatakon de Dodon ga Don,PS2,2002,0.0,0.0,760000.0,0.0
Mega Man Battle Network 6: Cybeast Falzar / Gregar,GBA,2005,90000.0,30000.0,620000.0,20000.0
Syphon Filter: The Omega Strain,PS2,2004,370000.0,290000.0,0.0,100000.0
FIFA Soccer 11,PS2,2010,110000.0,290000.0,0.0,360000.0
Deer Drive,Wii,2009,670000.0,40000.0,0.0,50000.0
Kane & Lynch: Dead Men,X360,2007,360000.0,310000.0,10000.0,80000.0
Assassin's Creed: Revelations,PC,2011,140000.0,480000.0,0.0,140000.0
Mortal Kombat: Deception,XB,2004,610000.0,120000.0,0.0,30000.0
That's So Raven,GBA,2004,540000.0,200000.0,0.0,10000.0
FIFA 15,Wii,2014,240000.0,460000.0,0.0,60000.0
Marvel vs. Capcom 2: New Age of Heroes,PS2,2002,310000.0,240000.0,130000.0,80000.0
Need for Speed: Shift,PSP,2009,160000.0,380000.0,10000.0,210000.0
Kane & Lynch: Dead Men,PS3,2007,290000.0,320000.0,10000.0,130000.0
Dark Souls II,X360,2014,480000.0,200000.0,10000.0,60000.0
True Crime: New York City,PS2,2005,570000.0,20000.0,70000.0,90000.0
Legends of Wrestling,PS2,2001,370000.0,290000.0,0.0,100000.0
Rockstar Games presents Table Tennis,X360,2006,280000.0,390000.0,0.0,90000.0
Monopoly Streets,Wii,2010,240000.0,440000.0,0.0,80000.0
Genji: Days of the Blade,PS3,2006,180000.0,380000.0,60000.0,140000.0
Harvest Moon: Animal Parade,Wii,2008,600000.0,90000.0,20000.0,50000.0
Final Fantasy Legend III,GB,1991,0.0,0.0,760000.0,0.0
Total War: Rome II,PC,2013,120000.0,530000.0,0.0,110000.0
Rare Replay,XOne,2015,470000.0,210000.0,10000.0,70000.0
Wall-E,PS2,2008,210000.0,0.0,0.0,540000.0
WWE SmackDown vs. Raw 2009,PSP,2008,410000.0,210000.0,0.0,140000.0
Band Hero,PS3,2009,410000.0,240000.0,0.0,110000.0
Mega Man X5,PS,2000,300000.0,210000.0,200000.0,50000.0
Tearaway,PSV,2013,170000.0,390000.0,0.0,190000.0
DJ Hero 2,PS3,2010,470000.0,190000.0,0.0,90000.0
The Godfather II,PS3,2009,410000.0,220000.0,10000.0,110000.0
WWE SmackDown vs. Raw 2010,Wii,2009,510000.0,170000.0,0.0,70000.0
Turok,X360,2008,460000.0,210000.0,10000.0,70000.0
[Prototype 2],PS3,2012,360000.0,280000.0,0.0,110000.0
Shark Tale,PS2,2004,370000.0,290000.0,0.0,100000.0
San Francisco Rush: Extreme Racing,N64,1997,630000.0,110000.0,0.0,10000.0
The Amazing Spider-Man (Console Version),X360,2012,430000.0,260000.0,0.0,60000.0
Zone of the Enders,PS2,2001,300000.0,240000.0,130000.0,80000.0
Red Faction: Guerrilla,PS3,2009,330000.0,280000.0,20000.0,120000.0
Street Fighter EX Plus Alpha,PS,1997,280000.0,190000.0,230000.0,50000.0
Madden NFL 06,PSP,2005,690000.0,0.0,0.0,60000.0
Coded Arms,PSP,2005,280000.0,290000.0,0.0,180000.0
Tony Hawk's Underground 2,XB,2004,480000.0,240000.0,0.0,30000.0
Tales of Vesperia,X360,2008,320000.0,180000.0,190000.0,50000.0
X-Men Origins: Wolverine - Uncaged Edition,PS3,2009,310000.0,320000.0,0.0,130000.0
Split/Second,PS3,2010,310000.0,310000.0,10000.0,120000.0
Capcom vs. SNK 2: Mark of the Millennium 2001,PS2,2001,220000.0,170000.0,300000.0,60000.0
MVP 06 NCAA Baseball,PS2,2006,620000.0,20000.0,0.0,100000.0
Just Dance 2015,WiiU,2014,400000.0,280000.0,0.0,70000.0
Borderlands: The Pre-Sequel,X360,2014,460000.0,220000.0,10000.0,60000.0
LittleBigPlanet 3,PS3,2014,200000.0,430000.0,10000.0,110000.0
Marvel: Ultimate Alliance 2,PS3,2009,490000.0,160000.0,0.0,90000.0
The Walking Dead: Season One,X360,2012,550000.0,140000.0,0.0,50000.0
Ace Combat: Assault Horizon,PS3,2011,300000.0,160000.0,220000.0,70000.0
Jampack Summer 2001,PS2,2001,360000.0,280000.0,0.0,100000.0
Resonance of Fate,PS3,2010,200000.0,220000.0,240000.0,90000.0
Burnout,PS2,2001,360000.0,280000.0,0.0,100000.0
Tom Clancy's Rainbow Six: Vegas,PSP,2007,420000.0,190000.0,0.0,140000.0
Final Fantasy XIII-2,X360,2011,360000.0,300000.0,20000.0,60000.0
LEGO Batman 2: DC Super Heroes,3DS,2012,410000.0,270000.0,0.0,60000.0
Mortal Kombat: Unchained,PSP,2006,670000.0,10000.0,0.0,60000.0
Mario & Luigi: Paper Jam,3DS,2015,160000.0,300000.0,250000.0,40000.0
Yu-Gi-Oh! Dungeon Dice Monsters,GBA,2001,420000.0,160000.0,150000.0,10000.0
Brink,PS3,2011,290000.0,320000.0,10000.0,120000.0
LEGO Marvel Super Heroes,WiiU,2013,310000.0,350000.0,20000.0,60000.0
Blur,PS3,2010,220000.0,370000.0,20000.0,130000.0
Namco Museum Remix,Wii,2007,680000.0,0.0,0.0,50000.0
Midnight Club 3: DUB Edition,XB,2005,610000.0,100000.0,0.0,30000.0
Crysis 2,PC,2011,160000.0,450000.0,0.0,130000.0
The Lord of the Rings: The Two Towers,GBA,2002,530000.0,200000.0,0.0,10000.0
Tiger Woods PGA Tour 2001,PS2,2001,360000.0,280000.0,0.0,90000.0
Indiana Jones and the Staff of Kings,Wii,2009,360000.0,300000.0,0.0,80000.0
Jet Moto 3,PS,1999,410000.0,280000.0,0.0,50000.0
Naruto Shippuden: Ultimate Ninja Storm Generations,PS3,2012,270000.0,250000.0,140000.0,80000.0
Unreal Championship,XB,2002,590000.0,120000.0,0.0,30000.0
Pirates of the Caribbean: At World's End,PS3,2007,170000.0,410000.0,0.0,150000.0
Tiger Woods PGA Tour 08,PS3,2007,220000.0,380000.0,0.0,140000.0
Persona 4: Arena,PS3,2012,300000.0,120000.0,240000.0,70000.0
Sword of Mana,GBA,2003,310000.0,110000.0,300000.0,20000.0
Star Ocean: The Last Hope International,PS3,2010,280000.0,160000.0,220000.0,80000.0
FIFA: Road to World Cup 98,PS,1997,140000.0,90000.0,460000.0,50000.0
Dragon Ball Z: Ultime Menace,SNES,1993,0.0,0.0,730000.0,0.0
Classic NES Series: Donkey Kong,GBA,2004,400000.0,150000.0,170000.0,10000.0
Call of Duty: Ghosts,PC,2013,230000.0,410000.0,0.0,90000.0
Yoshi,GB,1991,0.0,0.0,730000.0,0.0
Mortal Kombat 4,N64,1998,550000.0,170000.0,0.0,10000.0
F1 2011,X360,2011,110000.0,510000.0,10000.0,90000.0
Madden NFL 10,Wii,2009,630000.0,40000.0,0.0,60000.0
Croc 2,PS,1999,410000.0,280000.0,0.0,50000.0
Oddworld: Munch's Oddysee,XB,2001,540000.0,160000.0,0.0,30000.0
Berzerk,2600,1981,680000.0,40000.0,0.0,10000.0
NHL 11,X360,2010,610000.0,70000.0,0.0,50000.0
Dragon Age: Inquisition,PC,2014,320000.0,340000.0,0.0,70000.0
DiRT 3,X360,2011,230000.0,410000.0,10000.0,80000.0
NCAA Football 07,X360,2006,670000.0,0.0,0.0,60000.0
Just Dance Wii,Wii,2011,0.0,0.0,730000.0,0.0
Full Spectrum Warrior,XB,2004,540000.0,160000.0,0.0,30000.0
Katamari Damacy,PS2,2004,470000.0,20000.0,170000.0,80000.0
Beyblade VForce: Ultimate Blader Jam,GBA,2003,520000.0,190000.0,0.0,10000.0
Ratchet & Clank Collection,PS3,2012,470000.0,140000.0,20000.0,90000.0
Avatar: The Game,Wii,2009,330000.0,320000.0,0.0,80000.0
Shaun Palmer's Pro Snowboarder,PS2,2001,360000.0,280000.0,0.0,90000.0
MX vs. ATV Reflex,X360,2009,520000.0,150000.0,0.0,60000.0
SSX,X360,2012,380000.0,280000.0,0.0,60000.0
Style Savvy: Trendsetters,3DS,2012,160000.0,20000.0,530000.0,10000.0
James Bond 007: Agent Under Fire,GC,2002,560000.0,150000.0,0.0,20000.0
XCOM: Enemy Unknown,PC,2012,260000.0,360000.0,0.0,100000.0
Star Wars Episode III: Revenge of the Sith,GBA,2005,520000.0,190000.0,0.0,10000.0
Ultimate Spider-Man,PS2,2005,600000.0,20000.0,0.0,100000.0
FIFA Soccer 13,Wii,2012,190000.0,460000.0,0.0,80000.0
God Eater,PSP,2010,0.0,0.0,720000.0,0.0
Final Fantasy XIV: A Realm Reborn,PS4,2014,320000.0,220000.0,80000.0,100000.0
SD Gundam G Generation,PS,1998,0.0,0.0,670000.0,50000.0
Area 51,PS,1996,400000.0,270000.0,0.0,50000.0
NBA Live 08,PS2,2007,590000.0,20000.0,10000.0,100000.0
Dead to Rights,XB,2002,530000.0,170000.0,0.0,30000.0
Tiger Woods PGA Tour 07,PS2,2006,600000.0,20000.0,0.0,100000.0
Test Drive 6,PS,1999,400000.0,270000.0,0.0,50000.0
Kouchuu Ouja Mushi King,GBA,2005,0.0,0.0,700000.0,20000.0
Major League Baseball 2K7,X360,2007,670000.0,0.0,0.0,50000.0
X-Men: Mutant Academy 2,PS,2001,400000.0,270000.0,0.0,50000.0
Terraria,X360,2013,350000.0,310000.0,0.0,60000.0
Jampack Winter 2001,PS2,2001,350000.0,280000.0,0.0,90000.0
Kangaroo,2600,1982,670000.0,40000.0,0.0,10000.0
James Bond 007: Blood Stone,PS3,2010,180000.0,380000.0,20000.0,130000.0
Ben 10: Protector of Earth,PSP,2007,230000.0,310000.0,0.0,180000.0
Skate,X360,2007,620000.0,40000.0,0.0,60000.0
Super Monkey Ball Jr.,GBA,2002,510000.0,190000.0,0.0,10000.0
Driver: San Francisco,X360,2011,250000.0,390000.0,0.0,80000.0
MLB 09: The Show,PS3,2009,660000.0,0.0,0.0,50000.0
Monster Hunter Tri,WiiU,2012,260000.0,190000.0,220000.0,40000.0
Mobile Suit Gundam: Encounters in Space,PS2,2003,50000.0,40000.0,610000.0,10000.0
Catherine,PS3,2011,300000.0,150000.0,200000.0,70000.0
Fear Effect,PS,1998,400000.0,270000.0,0.0,50000.0
Crysis,PC,2007,0.0,690000.0,0.0,30000.0
Battlefield: Bad Company 2,PC,2010,190000.0,530000.0,0.0,0.0
The Lord of the Rings: The Two Towers,XB,2002,450000.0,240000.0,0.0,30000.0
Madden NFL 2003,XB,2002,670000.0,20000.0,0.0,30000.0
Dragon Quest Swords: The Masked Queen and the Tower of Mirrors,Wii,2007,180000.0,10000.0,500000.0,20000.0
MLB 13: The Show,PS3,2013,660000.0,0.0,0.0,50000.0
Omerta: City of Gangsters,X360,2011,420000.0,230000.0,0.0,60000.0
Dragon Quest Heroes: The World's Tree Woe and the Blight Below,PS4,2015,160000.0,130000.0,370000.0,60000.0
Virtua Fighter 4: Evolution,PS2,2003,350000.0,270000.0,0.0,90000.0
Top Spin 4,PS3,2011,170000.0,400000.0,0.0,140000.0
Resident Evil: Survivor,PS,2000,230000.0,150000.0,290000.0,50000.0
Dynasty Warriors 6,PS3,2007,180000.0,80000.0,410000.0,40000.0
Super Trucks Racing,PS2,2002,350000.0,270000.0,0.0,90000.0
Persona Q: Shadow of the Labyrinth,3DS,2014,330000.0,70000.0,270000.0,40000.0
Madden NFL 08,PSP,2007,600000.0,40000.0,0.0,70000.0
Godzilla: Destroy All Monsters Melee,GC,2002,550000.0,140000.0,0.0,20000.0
Jeremy McGrath Supercross 2000,PS,2000,400000.0,270000.0,0.0,50000.0
Conker: Live And Reloaded,XB,2005,490000.0,200000.0,0.0,20000.0
Silent Hill 3,PS2,2003,350000.0,270000.0,0.0,90000.0
Madden NFL 09,PSP,2008,650000.0,0.0,0.0,60000.0
Final Fantasy X/X-2 HD Remaster,PS4,2015,290000.0,250000.0,60000.0,110000.0
Yu-Gi-Oh! The Falsebound Kingdom,GC,2002,490000.0,130000.0,70000.0,20000.0
LEGO Rock Band,Wii,2009,420000.0,220000.0,0.0,70000.0
MLB 10: The Show,PS3,2010,660000.0,0.0,0.0,50000.0
Spyro: Enter the Dragonfly,GC,2002,550000.0,140000.0,0.0,20000.0
Scooby-Doo 2: Monsters Unleashed,GBA,2004,510000.0,190000.0,0.0,10000.0
Power Rangers: Dino Thunder,PS2,2004,350000.0,270000.0,0.0,90000.0
Rhythm Heaven: The Best+,3DS,2015,0.0,0.0,710000.0,0.0
LEGO Racers,N64,1999,510000.0,180000.0,0.0,10000.0
WWF Attitude,N64,1999,570000.0,130000.0,0.0,10000.0
Blast Corps,N64,1997,390000.0,90000.0,170000.0,60000.0
LEGO Harry Potter: Years 1-4,PSP,2010,140000.0,370000.0,0.0,190000.0
Tactics Ogre: Let Us Cling Together,SNES,1995,0.0,0.0,710000.0,0.0
"WarioWare, Inc.: Mega Party Game$",GC,2003,200000.0,50000.0,440000.0,20000.0
Football Manager 2014,PC,2013,0.0,600000.0,0.0,100000.0
Battle Arena Toshinden 2,PS,1995,150000.0,100000.0,410000.0,50000.0
WWE SmackDown vs. Raw 2011,PSP,2010,220000.0,310000.0,0.0,170000.0
Jeopardy!,PS,1997,390000.0,270000.0,0.0,50000.0
South Park,PS,1998,390000.0,270000.0,0.0,50000.0
Metal Gear Solid V: The Phantom Pain,XOne,2015,370000.0,260000.0,10000.0,60000.0
Two Worlds,X360,2007,410000.0,230000.0,0.0,70000.0
Doom 3: Resurrection of Evil,XB,2005,530000.0,150000.0,0.0,30000.0
NCAA Football 09,X360,2008,650000.0,0.0,0.0,50000.0
NBA Live 09,X360,2008,500000.0,140000.0,0.0,70000.0
Ratchet & Clank: Into the Nexus,PS3,2013,300000.0,290000.0,0.0,110000.0
Spider-Man 2,PSP,2005,350000.0,210000.0,0.0,140000.0
2014 FIFA World Cup Brazil,PS3,2014,150000.0,390000.0,10000.0,160000.0
London 2012: The Official Video Game of the Olympic Games,PS3,2012,60000.0,500000.0,0.0,150000.0
NHL 12,X360,2011,550000.0,100000.0,0.0,50000.0
Tony Hawk's Underground,GC,2003,540000.0,140000.0,0.0,20000.0
Infinite Undiscovery,X360,2008,340000.0,180000.0,120000.0,60000.0
Super Bomberman 3,SNES,1994,0.0,0.0,700000.0,0.0
Command & Conquer: Red Alert Retaliation,PS,1998,390000.0,270000.0,0.0,50000.0
Star Wars: Obi-Wan,XB,2001,520000.0,160000.0,0.0,20000.0
NCAA Football 08,X360,2007,650000.0,0.0,0.0,50000.0
Kill.Switch,PS2,2003,340000.0,270000.0,0.0,90000.0
Madden NFL 2005,GC,2004,540000.0,140000.0,0.0,20000.0
F-14 Tomcat,GBA,2001,500000.0,190000.0,0.0,10000.0
SplashDown,PS2,2001,340000.0,270000.0,0.0,90000.0
NCAA Football 98,PS,1997,390000.0,270000.0,0.0,50000.0
Jade Empire,XB,2005,480000.0,190000.0,0.0,30000.0
"Transformers: Revenge of the Fallen (XBox 360, PS3, & PC Versions)",PS3,2009,280000.0,300000.0,0.0,120000.0
Skylanders: Trap Team,WiiU,2014,390000.0,250000.0,0.0,60000.0
Prince of Persia: The Forgotten Sands,PS3,2010,190000.0,360000.0,10000.0,130000.0
Chocobo's Dungeon 2,PS,1998,40000.0,30000.0,580000.0,50000.0
Advance Wars,GBA,2001,500000.0,190000.0,0.0,10000.0
Ape Escape: On the Loose,PSP,2005,520000.0,10000.0,120000.0,50000.0
NASCAR 2001,PS2,2000,340000.0,270000.0,0.0,90000.0
IL-2 Sturmovik: Birds of Prey,PS3,2009,340000.0,260000.0,0.0,100000.0
Book of Spells,PS3,2012,130000.0,400000.0,0.0,160000.0
NCAA Football 2001,PS,2000,390000.0,260000.0,0.0,50000.0
Mafia,PS2,2004,340000.0,270000.0,0.0,90000.0
Mobile Suit Gundam: Journey to Jaburo,PS2,2000,160000.0,130000.0,360000.0,40000.0
Metal Gear Solid V: The Phantom Pain,PS3,2015,210000.0,180000.0,220000.0,80000.0
TimeSplitters 2,PS2,2002,340000.0,270000.0,0.0,90000.0
MotionSports,X360,2010,380000.0,260000.0,0.0,60000.0
MLB 08: The Show,PS3,2008,640000.0,0.0,0.0,50000.0
Classic NES Series: Zelda II: The Adventure of Link,GBA,2004,370000.0,140000.0,170000.0,10000.0
Fire Emblem: Monsh? no Nazo,SNES,1994,0.0,0.0,700000.0,0.0
Disney's Chicken Little,GBA,2005,500000.0,180000.0,0.0,10000.0
King Kong,2600,1981,650000.0,40000.0,0.0,10000.0
WWE 2K15,X360,2014,380000.0,260000.0,0.0,60000.0
The LEGO Movie Videogame,3DS,2014,280000.0,310000.0,50000.0,50000.0
X-Men Origins: Wolverine - Uncaged Edition,X360,2009,420000.0,210000.0,0.0,60000.0
Metal Gear Solid: Portable Ops Plus,PSP,2007,260000.0,10000.0,260000.0,170000.0
Disney Tangled,Wii,2010,470000.0,170000.0,0.0,50000.0
Shrek the Third,X360,2007,540000.0,100000.0,0.0,60000.0
Moto Racer 2,PS,1997,390000.0,260000.0,0.0,50000.0
Halo 2 Multiplayer Map Pack,XB,2005,540000.0,130000.0,0.0,20000.0
Minecraft: Story Mode,PS3,2015,250000.0,330000.0,0.0,110000.0
Mortal Kombat: Shaolin Monks,PS2,2005,580000.0,20000.0,0.0,90000.0
MX vs. ATV Unleashed: On the Edge,PSP,2006,640000.0,0.0,0.0,50000.0
Skylanders: Trap Team,PS3,2014,240000.0,330000.0,0.0,120000.0
Mario Pinball Land,GBA,2004,500000.0,180000.0,0.0,10000.0
Mappy,NES,1984,0.0,0.0,690000.0,0.0
J-League Soccer: Prime Goal,SNES,1993,0.0,0.0,690000.0,0.0
Dragon Ball Z: Budokai,GC,2003,530000.0,140000.0,0.0,20000.0
NFL Xtreme,PS,1998,380000.0,260000.0,0.0,50000.0
The Sly Collection,PS3,2010,520000.0,90000.0,10000.0,70000.0
One Piece: Pirate Warriors 2,PS3,2013,0.0,200000.0,420000.0,70000.0
Assassin's Creed IV: Black Flag,PC,2013,220000.0,380000.0,0.0,100000.0
Harry Potter and the Chamber of Secrets,GC,2002,530000.0,140000.0,0.0,20000.0
Need for Speed: Shift 2 Unleashed,PS3,2011,200000.0,360000.0,0.0,130000.0
The Lord of the Rings: The Return of the King,GC,2003,530000.0,140000.0,0.0,20000.0
Nintendo Presents: New Style Boutique 2 - Fashion Forward,3DS,2015,10000.0,610000.0,20000.0,40000.0
MX vs. ATV Untamed,X360,2007,550000.0,80000.0,0.0,60000.0
The Last Remnant,X360,2008,250000.0,200000.0,180000.0,60000.0
The Sims: Medieval,PC,2011,270000.0,320000.0,0.0,100000.0
Baldur's Gate: Dark Alliance II,PS2,2004,340000.0,260000.0,0.0,90000.0
Shark Tale,GBA,2004,490000.0,180000.0,0.0,10000.0
Plants vs. Zombies: Garden Warfare,XOne,2014,390000.0,230000.0,0.0,60000.0
Kirby's Dream Collection: Special Edition,Wii,2012,340000.0,0.0,330000.0,20000.0
Bakugan: Battle Brawlers,Wii,2009,600000.0,30000.0,0.0,50000.0
Star Wars: Masters of Teras Kasi,PS,1997,380000.0,260000.0,0.0,40000.0
The Last Story,Wii,2011,320000.0,130000.0,180000.0,40000.0
NBA Street Vol. 2,XB,2003,620000.0,40000.0,0.0,20000.0
Iron Man,PS3,2008,320000.0,250000.0,0.0,110000.0
Disney Infinity 3.0,PS4,2015,210000.0,360000.0,0.0,110000.0
Spider-Man 3,PS3,2007,260000.0,290000.0,20000.0,120000.0
NCAA Football 2005,XB,2004,630000.0,20000.0,0.0,30000.0
Mortal Kombat Mythologies: Sub-Zero,PS,1997,380000.0,260000.0,0.0,40000.0
Rayman Legends,WiiU,2013,260000.0,330000.0,30000.0,60000.0
Naruto: Clash of Ninja,GC,2003,530000.0,140000.0,0.0,20000.0
Prince of Persia: The Two Thrones,PS2,2005,570000.0,20000.0,0.0,90000.0
Hot Shots Golf: Open Tee 2,PSP,2007,210000.0,110000.0,280000.0,80000.0
Metro: Last Light,PS4,2014,220000.0,300000.0,40000.0,120000.0
Mercenaries: Playground of Destruction,XB,2005,540000.0,110000.0,0.0,30000.0
Sniper Elite 3,PS4,2014,220000.0,330000.0,0.0,130000.0
Doom (2016),XOne,2016,390000.0,230000.0,0.0,60000.0
Bushido Blade 2,PS,1998,250000.0,170000.0,220000.0,40000.0
Suikoden II,PS,1998,150000.0,100000.0,380000.0,40000.0
Need for Speed (2015),XOne,2015,300000.0,330000.0,0.0,60000.0
FIFA Soccer 06,XB,2005,290000.0,380000.0,0.0,10000.0
Red Steel,Wii,2006,550000.0,40000.0,40000.0,50000.0
Fight Night 2004,XB,2004,510000.0,150000.0,0.0,20000.0
Tourist Trophy: The Real Riding Simulator,PS2,2006,280000.0,220000.0,110000.0,70000.0
Mass Effect,PC,2008,0.0,590000.0,0.0,90000.0
.hack//Mutation Part 2,PS2,2002,230000.0,180000.0,200000.0,60000.0
Country Dance,Wii,2011,590000.0,40000.0,0.0,40000.0
Turok,PS3,2008,350000.0,220000.0,10000.0,100000.0
Midway Arcade Treasures 2,PS2,2004,330000.0,260000.0,0.0,90000.0
Unreal Tournament III,PS3,2007,330000.0,240000.0,0.0,110000.0
Return to Castle Wolfenstein: Tides of War,XB,2003,490000.0,160000.0,0.0,20000.0
Need for Speed Rivals,XOne,2013,450000.0,170000.0,0.0,50000.0
Lollipop Chainsaw,PS3,2012,260000.0,210000.0,110000.0,90000.0
The Darkness,PS3,2007,200000.0,340000.0,0.0,130000.0
Street Sk8er,PS,1998,370000.0,250000.0,0.0,40000.0
Contra: Legacy of War,PS,1996,370000.0,250000.0,0.0,40000.0
Blazing Angels: Squadrons of WWII,PS3,2006,350000.0,220000.0,0.0,100000.0
Fight Night Round 2004,XB,2004,460000.0,180000.0,0.0,30000.0
Wolfenstein: The New Order,XOne,2014,330000.0,280000.0,0.0,60000.0
The Biggest Loser: Challenge,Wii,2010,490000.0,130000.0,0.0,50000.0
Spice World,PS,1998,370000.0,250000.0,0.0,40000.0
Star Wars: Republic Commando,XB,2005,480000.0,170000.0,0.0,20000.0
Armored Core 3,PS2,2002,220000.0,170000.0,230000.0,60000.0
Need For Speed: Undercover,Wii,2008,270000.0,320000.0,0.0,70000.0
Taiko no Tatsujin Wii,Wii,2008,0.0,0.0,670000.0,0.0
The Witcher 3: Wild Hunt,PC,2015,200000.0,420000.0,0.0,50000.0
Virtua Tennis: World Tour (US & Others sales),PSP,2005,160000.0,360000.0,0.0,140000.0
The LEGO Movie Videogame,PS4,2014,240000.0,310000.0,10000.0,110000.0
Ratatouille,PSP,2007,220000.0,280000.0,0.0,160000.0
RIFT,PC,2011,440000.0,160000.0,0.0,70000.0
Wild ARMs 2,PS,1999,190000.0,130000.0,310000.0,40000.0
Summer Sports: Paradise Island (Others sales),Wii,2008,0.0,660000.0,0.0,10000.0
Castlevania: Lords of Shadow,X360,2010,420000.0,180000.0,10000.0,50000.0
BioShock Infinite,PC,2013,280000.0,300000.0,0.0,80000.0
Minecraft: Story Mode,PS4,2015,230000.0,330000.0,0.0,110000.0
TV Show King Party,Wii,2008,180000.0,410000.0,0.0,80000.0
007: Quantum of Solace,Wii,2008,300000.0,290000.0,10000.0,70000.0
Rock Band 3,Wii,2010,560000.0,60000.0,0.0,50000.0
Command & Conquer: Red Alert 3,PC,2008,10000.0,640000.0,0.0,20000.0
The Fairly Odd Parents: Breakin Da Rules,PS2,2003,330000.0,250000.0,0.0,90000.0
WWE SmackDown vs. RAW 2007,PSP,2006,330000.0,200000.0,0.0,140000.0
Adventures of Tron,2600,1981,630000.0,30000.0,0.0,10000.0
NHL 13,X360,2012,510000.0,110000.0,0.0,50000.0
Borderlands: The Pre-Sequel,PS3,2014,250000.0,260000.0,50000.0,110000.0
The Sims 3: High-End Loft Stuff,PC,2010,10000.0,530000.0,0.0,120000.0
Pro Pinball: Big Race USA,PS,1999,370000.0,250000.0,0.0,40000.0
NFL Street,XB,2004,490000.0,150000.0,0.0,20000.0
Shaun White Snowboarding,PS3,2008,310000.0,240000.0,10000.0,100000.0
The LEGO Movie Videogame,WiiU,2014,350000.0,230000.0,30000.0,60000.0
Tony Hawk's Proving Ground,PS2,2007,550000.0,20000.0,0.0,90000.0
MLB 2004,PS2,2003,320000.0,250000.0,0.0,80000.0
Naruto Shippuden: Ultimate Ninja 4,PS2,2007,260000.0,10000.0,130000.0,260000.0
Tiger Woods PGA Tour 2000,PS,1998,370000.0,250000.0,0.0,40000.0
Darkstone,PS,2001,370000.0,250000.0,0.0,40000.0
NCAA March Madness 2003,PS2,2002,320000.0,250000.0,0.0,80000.0
Finding Nemo,XB,2003,480000.0,160000.0,0.0,20000.0
Thrillville,PS2,2006,550000.0,20000.0,0.0,90000.0
NHL 10,X360,2009,510000.0,100000.0,0.0,60000.0
Jikkyou World Soccer 2000 Final Edition,PS2,2000,0.0,0.0,660000.0,0.0
Madagascar,GC,2005,520000.0,130000.0,0.0,20000.0
Puzzler Brain Games,Wii,2012,0.0,0.0,660000.0,0.0
Dragon Quest Monsters: Caravan Heart,GBA,2003,0.0,0.0,640000.0,20000.0
Strawberry Shortcake: Summertime Adventure,GBA,2004,470000.0,180000.0,0.0,10000.0
Rayman Legends,PS3,2013,140000.0,380000.0,0.0,140000.0
Rocksmith 2014,PC,2013,350000.0,240000.0,0.0,70000.0
Street Fighter Anniversary Collection,PS2,2004,320000.0,250000.0,0.0,80000.0
Legend of Legaia,PS,1998,370000.0,250000.0,0.0,40000.0
Napoleon: Total War,PC,2010,20000.0,520000.0,0.0,120000.0
Fist of the North Star: Ken's Rage,PS3,2010,60000.0,30000.0,550000.0,20000.0
Toy Story 3: The Video Game,PSP,2010,270000.0,250000.0,0.0,140000.0
The Sims: Bustin' Out,GC,2003,430000.0,200000.0,0.0,30000.0
Tiger Woods PGA Tour 09,PS3,2008,340000.0,220000.0,0.0,100000.0
Keystone Kapers,2600,1982,620000.0,40000.0,0.0,10000.0
LEGO Marvel Super Heroes,PSV,2013,150000.0,350000.0,0.0,160000.0
New Play Control! Pikmin,Wii,2008,290000.0,140000.0,190000.0,40000.0
Shrek: Hassle at the Castle,GBA,2002,470000.0,170000.0,0.0,10000.0
Suikoden IV,PS2,2004,170000.0,130000.0,300000.0,50000.0
Gods Eater Burst,PSP,2010,30000.0,0.0,620000.0,0.0
Disney's Kim Possible 2: Drakken's Demise,GBA,2004,470000.0,170000.0,0.0,10000.0
Um Jammer Lammy,PS,1998,120000.0,80000.0,410000.0,40000.0
Brothers In Arms: Road to Hill 30,XB,2005,490000.0,140000.0,0.0,20000.0
Madden NFL 10,PSP,2009,500000.0,80000.0,0.0,80000.0
"Transformers: The Game (XBox 360, PS2, PS3, Wii & PC Versions)",PSP,2007,230000.0,270000.0,0.0,160000.0
F1 2015,PS4,2015,90000.0,440000.0,30000.0,90000.0
Scene It? Box Office Smash,X360,2008,330000.0,250000.0,0.0,70000.0
Animaniacs Ten Pin Alley,PS,1998,360000.0,250000.0,0.0,40000.0
Disney Infinity 2.0: Marvel Super Heroes,WiiU,2014,380000.0,220000.0,0.0,60000.0
NHL 13,PS3,2012,330000.0,220000.0,0.0,100000.0
Kung Fu Panda,PS2,2008,240000.0,0.0,0.0,410000.0
Tom Clancy's EndWar,PS3,2008,320000.0,220000.0,10000.0,100000.0
The Evil Within,XOne,2014,350000.0,250000.0,0.0,50000.0
Tiger Woods PGA Tour 09,X360,2008,350000.0,230000.0,0.0,70000.0
Radiata Stories,PS2,2005,180000.0,140000.0,290000.0,50000.0
F-Zero GX,GC,2003,410000.0,110000.0,120000.0,20000.0
Disney's Chicken Little,PS2,2005,320000.0,250000.0,0.0,80000.0
Wall-E,PSP,2008,290000.0,220000.0,0.0,140000.0
Yoshi Topsy-Turvy,GBA,2004,250000.0,90000.0,300000.0,10000.0
Monster Jam: Maximum Destruction,PS2,2002,320000.0,250000.0,0.0,80000.0
Real Heroes: Firefighter,Wii,2009,560000.0,40000.0,0.0,50000.0
Cartoon Network Block Party / Cartoon Network Speedway Double Pack,GBA,2005,470000.0,170000.0,0.0,10000.0
World of Dragon Warrior - Torneko: The Last Hope,PS,1999,20000.0,10000.0,580000.0,40000.0
MLB 14: The Show,PS4,2014,580000.0,0.0,0.0,70000.0
Tiger Woods PGA Tour 10,X360,2009,390000.0,200000.0,0.0,60000.0
Advance Wars 2: Black Hole Rising,GBA,2003,470000.0,170000.0,0.0,10000.0
Centipede,PS,1998,360000.0,250000.0,0.0,40000.0
Drakengard,PS2,2003,190000.0,150000.0,260000.0,50000.0
SingStar Pop Hits,PS2,2007,0.0,500000.0,0.0,150000.0
Kung-Fu Master,2600,1987,600000.0,40000.0,0.0,10000.0
Champions: Return to Arms,PS2,2005,320000.0,250000.0,0.0,80000.0
Harry Potter and the Goblet of Fire,PS2,2005,540000.0,20000.0,0.0,90000.0
SingStar R&B,PS2,2007,0.0,50000.0,0.0,600000.0
Mary-Kate and Ashley: Magical Mystery Mall,PS,2000,360000.0,240000.0,0.0,40000.0
MX vs. ATV Untamed,PSP,2007,350000.0,180000.0,0.0,120000.0
Disney Sing It: Party Hits,Wii,2010,500000.0,110000.0,0.0,50000.0
Dead or Alive 5,PS3,2012,230000.0,150000.0,200000.0,70000.0
Star Ocean: First Departure,PSP,2007,200000.0,140000.0,220000.0,90000.0
Super Robot Taisen Impact,PS2,2002,0.0,0.0,650000.0,0.0
Dragon Age: Inquisition,PS3,2014,260000.0,230000.0,50000.0,100000.0
The Black Eyed Peas Experience,Wii,2011,390000.0,200000.0,0.0,60000.0
Sengoku Basara: Samurai Heroes,PS3,2010,170000.0,40000.0,400000.0,30000.0
Crysis 3,PC,2013,170000.0,390000.0,0.0,90000.0
Harry Potter and the Half-Blood Prince,PS2,2009,130000.0,70000.0,0.0,440000.0
Crash Bandicoot Purple: Ripto's Rampage,GBA,2004,460000.0,170000.0,0.0,10000.0
Diablo III,XOne,2014,350000.0,240000.0,0.0,50000.0
Spyro: A Hero's Tail,PS2,2004,320000.0,250000.0,0.0,80000.0
Crash of the Titans,PSP,2007,250000.0,250000.0,0.0,150000.0
Aliens: Colonial Marines,PS3,2013,200000.0,310000.0,0.0,130000.0
Crash: Twinsanity,PS2,2004,320000.0,250000.0,0.0,80000.0
Max Payne 2: The Fall of Max Payne,XB,2003,470000.0,150000.0,0.0,20000.0
Dragon Ball: Raging Blast 2,X360,2010,490000.0,90000.0,10000.0,50000.0
GoldenEye: Rogue Agent,PS2,2004,540000.0,20000.0,0.0,90000.0
NBA 2K17,XOne,2016,540000.0,40000.0,0.0,70000.0
Lost Planet: Extreme Condition,PS3,2008,310000.0,170000.0,70000.0,90000.0
XCOM: Enemy Unknown,X360,2012,360000.0,230000.0,0.0,50000.0
Rayman 3D,3DS,2011,230000.0,350000.0,0.0,60000.0
LEGO Marvel's Avengers,PS4,2016,250000.0,290000.0,0.0,100000.0
James Bond 007: Everything or Nothing,XB,2004,430000.0,190000.0,0.0,20000.0
X2: Wolverine's Revenge,PS2,2003,310000.0,240000.0,0.0,80000.0
Stuntman: Ignition,X360,2007,250000.0,320000.0,0.0,70000.0
NBA Live 06,XB,2005,570000.0,40000.0,0.0,30000.0
Dragon Age II,PC,2011,230000.0,330000.0,0.0,90000.0
LEGO Star Wars II: The Original Trilogy,X360,2006,550000.0,40000.0,0.0,50000.0
Tom Clancy's Rainbow Six,N64,1999,480000.0,150000.0,0.0,10000.0
Castlevania,N64,1999,440000.0,100000.0,40000.0,50000.0
Rayman 2: The Great Escape,N64,1999,400000.0,220000.0,0.0,20000.0
Nicktoons Collection: Game Boy Advance Video Volume 1,GBA,2004,460000.0,170000.0,0.0,10000.0
The Lord of the Rings: Conquest,X360,2009,370000.0,210000.0,0.0,60000.0
TimeSplitters 2,XB,2002,290000.0,330000.0,0.0,10000.0
Onimusha: Dawn of Dreams,PS2,2006,150000.0,120000.0,340000.0,40000.0
NieR,PS3,2010,170000.0,200000.0,200000.0,70000.0
Sega Rally Revo,PS3,2007,70000.0,430000.0,0.0,140000.0
SpongeBob SquarePants: Game Boy Advance Video Volume 1,GBA,2004,460000.0,170000.0,0.0,10000.0
Gravity Rush,PSV,2012,260000.0,200000.0,90000.0,100000.0
Konami Collector's Series: Arcade Advanced,GBA,2002,460000.0,170000.0,0.0,10000.0
White Knight Chronicles II,PS3,2010,230000.0,90000.0,270000.0,50000.0
Wolfenstein,PS3,2009,250000.0,280000.0,0.0,110000.0
Jampack Volume 13 (RP-T),PS2,2005,310000.0,240000.0,0.0,80000.0
LEGO Dimensions,PS4,2015,220000.0,320000.0,0.0,100000.0
Start the Party!,PS3,2010,70000.0,420000.0,0.0,140000.0
Cruis'n World,N64,1998,590000.0,40000.0,0.0,10000.0
Madden NFL 2001,N64,2000,600000.0,30000.0,0.0,10000.0
NBA Live 08,PS3,2007,560000.0,20000.0,10000.0,50000.0
The Walking Dead: Survival Instinct,X360,2013,460000.0,120000.0,0.0,50000.0
Donkey Kong Barrel Blast,Wii,2007,200000.0,260000.0,110000.0,60000.0
Okami,Wii,2008,450000.0,100000.0,40000.0,50000.0
Lemony Snicket's A Series of Unfortunate Events,PS2,2004,310000.0,240000.0,0.0,80000.0
Middle-Earth: Shadow of Mordor,PS3,2014,200000.0,330000.0,10000.0,100000.0
Family Feud: 2010 Edition,Wii,2009,590000.0,0.0,0.0,40000.0
Red Steel 2,Wii,2010,360000.0,210000.0,10000.0,60000.0
X-Men Legends II: Rise of Apocalypse,PS2,2005,530000.0,20000.0,0.0,90000.0
Nightmare Creatures,PS,1997,350000.0,240000.0,0.0,40000.0
SingStar Queen,PS2,2009,80000.0,120000.0,0.0,440000.0
Just Dance 2015,X360,2014,410000.0,160000.0,0.0,60000.0
F1 2013,PS3,2013,10000.0,450000.0,30000.0,150000.0
Juiced 2: Hot Import Nights,X360,2007,220000.0,340000.0,0.0,70000.0
Tony Hawk's Pro Skater 2x,XB,2001,410000.0,190000.0,0.0,30000.0
Sim Theme Park,PS,1999,350000.0,240000.0,0.0,40000.0
FIFA Soccer 2003,XB,2002,200000.0,400000.0,0.0,40000.0
Ghostbusters: The Video Game,X360,2009,430000.0,140000.0,0.0,60000.0
NASCAR 06: Total Team Control,PS2,2005,530000.0,20000.0,0.0,90000.0
Tony Hawk's Project 8,PS3,2006,300000.0,230000.0,10000.0,100000.0
Dogz,GBA,2004,450000.0,170000.0,0.0,10000.0
Disney Universe,PS3,2011,300000.0,230000.0,0.0,90000.0
Guitar Hero: Metallica,PS3,2009,280000.0,240000.0,0.0,100000.0
Iron Man,PSP,2008,460000.0,90000.0,0.0,90000.0
Taiko no Tatsujin: Chibi Dragon to Fushigi na Orb,3DS,2012,0.0,0.0,630000.0,0.0
A Bug's Life,N64,1998,490000.0,130000.0,0.0,10000.0
Super Castlevania IV,SNES,1991,320000.0,50000.0,250000.0,10000.0
DJ Hero 2,Wii,2010,490000.0,90000.0,0.0,40000.0
Angry Birds Trilogy,3DS,2012,380000.0,200000.0,0.0,50000.0
Condemned 2: Bloodshot,X360,2008,380000.0,190000.0,0.0,60000.0
Cabela's Big Game Hunter (2008),Wii,2007,580000.0,0.0,0.0,50000.0
Mobile Suit Z Gundam: AEUG vs. Titans,PS2,2003,0.0,0.0,630000.0,0.0
Just Dance 3,PS3,2011,330000.0,210000.0,0.0,90000.0
God of War III,PS4,2015,230000.0,290000.0,10000.0,100000.0
Ape Escape 2,PS2,2002,120000.0,90000.0,380000.0,30000.0
Metroid Prime: Trilogy,Wii,2009,430000.0,50000.0,0.0,140000.0
X-Man,2600,1982,580000.0,40000.0,0.0,10000.0
"Transformers: Revenge of the Fallen (XBox 360, PS3, & PC Versions)",X360,2009,340000.0,230000.0,0.0,60000.0
The Sims 3: Generations,PC,2011,400000.0,230000.0,0.0,0.0
The Crew,XOne,2014,240000.0,340000.0,0.0,50000.0
Dragon Quest Monsters Joker 3,3DS,2016,0.0,0.0,630000.0,0.0
Sonic & All-Stars Racing Transformed,X360,2012,200000.0,370000.0,0.0,60000.0
Shin Megami Tensei: Persona 3 FES,PS2,2007,220000.0,200000.0,160000.0,50000.0
FIFA Soccer 2002,PS2,2001,310000.0,240000.0,0.0,80000.0
Shin Megami Tensei: Persona 3 Portable,PSP,2009,180000.0,60000.0,340000.0,40000.0
Final Fantasy VII International,PS,1997,0.0,0.0,590000.0,40000.0
Tiger Woods PGA Tour 12: The Masters,X360,2011,400000.0,170000.0,0.0,50000.0
Okami,PS2,2006,110000.0,30000.0,150000.0,340000.0
NHL 2001,PS,2000,350000.0,240000.0,0.0,40000.0
World of Zoo,Wii,2009,410000.0,160000.0,0.0,50000.0
LEGO Jurassic World,XOne,2015,350000.0,220000.0,0.0,60000.0
Wet,PS3,2009,220000.0,270000.0,10000.0,110000.0
Buzz Lightyear of Star Command,PS,2000,350000.0,240000.0,0.0,40000.0
Namco Museum,GC,2002,480000.0,130000.0,0.0,20000.0
Nobunaga no Yabou: Haouden,SNES,1993,300000.0,0.0,320000.0,0.0
Virtua Cop,SAT,1995,0.0,0.0,620000.0,0.0
Tony Hawk's American Wasteland,XB,2005,400000.0,200000.0,0.0,30000.0
WWF in Your House,PS,1996,350000.0,240000.0,0.0,40000.0
Prince of Persia: The Forgotten Sands,X360,2010,300000.0,260000.0,0.0,60000.0
Vanquish,PS3,2010,210000.0,220000.0,110000.0,90000.0
Wild ARMs 3,PS2,2002,160000.0,130000.0,290000.0,40000.0
NBA ShootOut '97,PS,1997,350000.0,240000.0,0.0,40000.0
Sacred 2: Fallen Angel,PS3,2009,220000.0,230000.0,80000.0,90000.0
Madden NFL 07,GC,2006,480000.0,130000.0,0.0,20000.0
Far Cry 4,PC,2014,150000.0,420000.0,0.0,50000.0
Battlezone,2600,1982,580000.0,30000.0,0.0,10000.0
Tiger Woods PGA Tour 2004,XB,2003,470000.0,130000.0,0.0,20000.0
LEGO Pirates of the Caribbean: The Video Game,3DS,2011,290000.0,280000.0,0.0,60000.0
Pro Evolution Soccer 2015,PS3,2014,100000.0,230000.0,220000.0,80000.0
Evolve,XOne,2015,360000.0,200000.0,0.0,60000.0
Tak 2: The Staff of Dreams,PS2,2004,300000.0,240000.0,0.0,80000.0
Dead Island: Riptide,PS3,2013,260000.0,200000.0,70000.0,90000.0
Warriors Orochi 3,PS3,2011,0.0,40000.0,570000.0,10000.0
Viewtiful Joe,GC,2003,380000.0,100000.0,120000.0,20000.0
The Urbz: Sims in the City,GBA,2004,370000.0,220000.0,0.0,30000.0
Beetle Adventure Racing!,N64,1999,400000.0,200000.0,0.0,20000.0
FIFA Soccer,PSV,2012,170000.0,340000.0,20000.0,90000.0
Disney's 102 Dalmatians: Puppies to the Rescue,PS,2000,340000.0,230000.0,0.0,40000.0
Strike Force Bowling,PS2,2004,300000.0,240000.0,0.0,80000.0
SpongeBob's Atlantis SquarePantis,Wii,2007,570000.0,10000.0,0.0,40000.0
Metal Gear Solid V: Ground Zeroes,PS3,2014,140000.0,140000.0,270000.0,60000.0
Halloween,2600,1982,580000.0,30000.0,0.0,10000.0
Dragon Ball Z: Ultimate Tenkaichi,PS3,2011,270000.0,180000.0,90000.0,80000.0
WWE SmackDown vs. Raw 2010,PSP,2009,250000.0,230000.0,0.0,140000.0
Bass Landing,PS,1999,210000.0,140000.0,230000.0,40000.0
XGRA: Extreme G-Racing Association,PS2,2004,300000.0,240000.0,0.0,80000.0
Mario's Picross,GB,1995,0.0,0.0,620000.0,0.0
Pac-Man Player's Choice Bundle,GC,2003,480000.0,120000.0,0.0,20000.0
Rocksmith 2014,PS4,2014,340000.0,170000.0,0.0,110000.0
Fighters MEGAMiX,SAT,1996,0.0,0.0,620000.0,0.0
Bahamut Lagoon,SNES,1996,0.0,0.0,620000.0,0.0
Wall-E,X360,2008,290000.0,260000.0,0.0,70000.0
Tomb Raider III: Adventures of Lara Croft,PC,1998,590000.0,30000.0,0.0,0.0
Toshochu: Run for Money,3DS,2012,0.0,0.0,620000.0,0.0
NFL Quarterback Club 99,N64,1998,590000.0,20000.0,0.0,0.0
Super Robot Taisen ? Gaiden,PS,2001,0.0,0.0,580000.0,40000.0
Formula 1: Championship Edition,PS3,2006,0.0,570000.0,40000.0,0.0
Muramasa: The Demon Blade,Wii,2009,330000.0,130000.0,110000.0,40000.0
NBA 2K9,PS3,2008,560000.0,0.0,0.0,50000.0
SingStar Singalong With Disney,PS2,2008,0.0,40000.0,0.0,570000.0
NHL 16,PS4,2015,350000.0,150000.0,0.0,110000.0
Plants vs. Zombies: Garden Warfare,PS4,2014,210000.0,290000.0,10000.0,110000.0
NFL Fever 2003,XB,2002,460000.0,130000.0,0.0,20000.0
Samurai Warriors 2,PS2,2006,20000.0,20000.0,570000.0,10000.0
Dynasty Warriors 8,PS3,2013,120000.0,110000.0,340000.0,50000.0
Disney Sing It: Family Hits,Wii,2010,390000.0,180000.0,0.0,50000.0
2 Games in 1: Sonic Battle & ChuChu Rocket!,GBA,2005,440000.0,160000.0,0.0,10000.0
Robotech: Battlecry,PS2,2002,300000.0,230000.0,0.0,80000.0
Dora the Explorer: Super Spies,GBA,2004,440000.0,160000.0,0.0,10000.0
New Carnival Games,Wii,2010,350000.0,210000.0,0.0,50000.0
Tony Hawk: RIDE,X360,2009,460000.0,100000.0,0.0,50000.0
Just Dance 2014,WiiU,2013,330000.0,230000.0,0.0,50000.0
Cooking Mama 4: Kitchen Magic!,3DS,2011,500000.0,70000.0,0.0,40000.0
Texas Hold 'Em Poker,GBA,2004,440000.0,160000.0,0.0,10000.0
Time Crisis 3,PS2,2003,300000.0,230000.0,0.0,80000.0
Cabela's Monster Buck Hunter,Wii,2010,580000.0,0.0,0.0,30000.0
pro evolution soccer 2011,X360,2010,90000.0,440000.0,0.0,70000.0
New Play Control! Donkey Kong Jungle Beat,Wii,2008,240000.0,170000.0,140000.0,50000.0
Small Soldiers,PS,1998,340000.0,230000.0,0.0,40000.0
Yakuza: Dead Souls,PS3,2011,90000.0,70000.0,420000.0,30000.0
Half-Life 2,XB,2005,370000.0,210000.0,0.0,30000.0
Duke Nukem: Total Meltdown,PS,1997,340000.0,230000.0,0.0,40000.0
Pac-Man Party,Wii,2010,470000.0,90000.0,10000.0,40000.0
Jak and Daxter: The Lost Frontier,PSP,2009,180000.0,270000.0,0.0,150000.0
Major League Baseball 2K8,X360,2008,560000.0,0.0,0.0,50000.0
Major League Baseball 2K9,X360,2009,560000.0,0.0,0.0,50000.0
Split/Second,X360,2010,320000.0,230000.0,0.0,60000.0
Final Fantasy IV Advance,GBA,2005,270000.0,100000.0,220000.0,10000.0
Madden NFL 2003,GBA,2002,440000.0,160000.0,0.0,10000.0
Tomb Raider Chronicles,PS,1999,340000.0,230000.0,0.0,40000.0
Harry Potter and the Goblet of Fire,GBA,2005,440000.0,160000.0,0.0,10000.0
Dragon Ball Z: Buu's Fury,GBA,2004,440000.0,160000.0,0.0,10000.0
Madden NFL 2002,GC,2001,470000.0,120000.0,0.0,20000.0
Guitar Hero: Smash Hits,Wii,2009,330000.0,210000.0,0.0,60000.0
Disney TH!NK Fast: The Ultimate Trivia Showdown,Wii,2008,370000.0,160000.0,10000.0,60000.0
Spider-Man: Mysterio's Menace,GBA,2001,430000.0,160000.0,0.0,10000.0
Madden NFL 2000,N64,1999,580000.0,20000.0,0.0,0.0
"Transformers: The Game (XBox 360, PS2, PS3, Wii & PC Versions)",X360,2007,510000.0,50000.0,0.0,50000.0
Game & Watch Gallery 4,GBA,2002,430000.0,160000.0,0.0,10000.0
Naruto: Ultimate Ninja,PS2,2003,500000.0,20000.0,0.0,80000.0
Fighters Uncaged,X360,2010,310000.0,240000.0,0.0,60000.0
Call of Juarez: Bound in Blood,X360,2009,300000.0,240000.0,0.0,60000.0
New Play Control! Pikmin 2,Wii,2009,110000.0,140000.0,330000.0,20000.0
Tony Hawk's Underground,GBA,2003,430000.0,160000.0,0.0,10000.0
Hot Shots Golf: World Invitational,PSV,2011,190000.0,110000.0,250000.0,60000.0
Monster Trucks,GBA,2004,430000.0,160000.0,0.0,10000.0
Shadow The Hedgehog,PS2,2005,500000.0,20000.0,0.0,80000.0
Wave Race: Blue Storm,GC,2001,400000.0,100000.0,90000.0,20000.0
Backyard Wrestling: Don't Try This at Home,PS2,2003,300000.0,230000.0,0.0,80000.0
Fight Night Round 2,XB,2005,420000.0,160000.0,0.0,20000.0
MonHun Nikki: Poka Poka Ailu Mura,PSP,2010,0.0,0.0,600000.0,0.0
NBA 2K8,PS2,2007,500000.0,20000.0,0.0,80000.0
Phineas and Ferb: Across the 2nd Dimension,Wii,2011,360000.0,190000.0,0.0,50000.0
Disney Infinity,WiiU,2013,330000.0,220000.0,0.0,50000.0
Tony Hawk: RIDE,PS3,2009,380000.0,150000.0,0.0,80000.0
LEGO Jurassic World,3DS,2015,310000.0,220000.0,30000.0,50000.0
Alice: Madness Returns,PS3,2011,220000.0,250000.0,40000.0,90000.0
LEGO The Hobbit,PS4,2014,120000.0,370000.0,0.0,100000.0
Suikoden,PS,1995,210000.0,140000.0,210000.0,40000.0
Secret Agent Clank,PS2,2009,130000.0,180000.0,0.0,290000.0
Rayman Arena,PS2,2001,290000.0,230000.0,0.0,80000.0
Avatar: The Game,PSP,2009,220000.0,240000.0,0.0,140000.0
Jaws Unleashed,PS2,2006,500000.0,20000.0,0.0,80000.0
Puyo Puyo Sun,SAT,1997,0.0,0.0,600000.0,0.0
Half-Life,PS2,2001,290000.0,230000.0,0.0,80000.0
Tomb Raider (2013),XOne,2014,340000.0,210000.0,0.0,50000.0
Mickey's Speedway USA,N64,2000,370000.0,80000.0,140000.0,10000.0
International Superstar Soccer 64,N64,1997,90000.0,260000.0,230000.0,20000.0
Skylanders SWAP Force,WiiU,2013,400000.0,150000.0,0.0,60000.0
NASCAR Heat 2002,PS2,2001,290000.0,230000.0,0.0,80000.0
Disney Sing It! High School Musical 3: Senior Year,Wii,2008,320000.0,230000.0,0.0,40000.0
From TV Animation One Piece: Grand Battle 2,PS,2002,0.0,0.0,560000.0,40000.0
BeatMania Append 3rdMix,PS,1998,0.0,0.0,560000.0,40000.0
PGR3 - Project Gotham Racing 3,X360,2005,490000.0,30000.0,30000.0,50000.0
XCOM: Enemy Unknown,PS3,2012,240000.0,250000.0,0.0,110000.0
Blur,X360,2010,250000.0,280000.0,0.0,60000.0
Xena: Warrior Princess,PS,1998,330000.0,230000.0,0.0,40000.0
Scribblenauts: Unlimited,3DS,2012,550000.0,10000.0,0.0,40000.0
Front Mission,SNES,1995,0.0,0.0,600000.0,0.0
NHL 11,PS3,2010,400000.0,130000.0,0.0,70000.0
Kinect Rush: A Disney Pixar Adventure,X360,2012,380000.0,160000.0,0.0,50000.0
Monopoly,X360,2008,340000.0,200000.0,0.0,60000.0
Disney Infinity 2.0: Marvel Super Heroes,PS4,2014,260000.0,240000.0,0.0,100000.0
Major League Baseball 2K7,PS2,2007,290000.0,230000.0,0.0,80000.0
The Fight: Lights Out,PS3,2010,290000.0,220000.0,0.0,90000.0
Dai-2-Ji Super Robot Taisen ?,PS2,2003,0.0,0.0,600000.0,0.0
Dead Space,PC,2008,0.0,530000.0,0.0,60000.0
Hot Wheels: Stunt Track Challenge,PS2,2004,290000.0,230000.0,0.0,80000.0
Rayman Origins,PSV,2012,130000.0,350000.0,0.0,110000.0
London 2012: The Official Video Game of the Olympic Games,X360,2012,70000.0,460000.0,0.0,70000.0
Beijing 2008,X360,2008,150000.0,380000.0,0.0,70000.0
Dai-3-Ji Super Robot Taisen ?: Shuuen no Ginga e,PS2,2005,0.0,0.0,590000.0,0.0
Jeopardy!,Wii,2010,560000.0,0.0,0.0,30000.0
Jikkyou Powerful Pro Yakyuu '97 Kaimakuban,PS,1997,0.0,0.0,560000.0,40000.0
Assassin's Creed: Brotherhood,PC,2011,150000.0,340000.0,0.0,100000.0
CyberTiger,PS,1998,330000.0,220000.0,0.0,40000.0
Jampack Fall 2001,PS,2001,330000.0,220000.0,0.0,40000.0
Medal of Honor: Frontline,GC,2002,460000.0,120000.0,0.0,20000.0
Iron Man,Wii,2008,310000.0,220000.0,0.0,60000.0
Kane & Lynch 2: Dog Days,PS3,2010,170000.0,280000.0,50000.0,100000.0
NFL Blitz 2001,PS,2000,330000.0,220000.0,0.0,40000.0
Total War: Shogun 2,PC,2011,190000.0,310000.0,0.0,90000.0
Jikkyou Powerful Pro Yakyuu '98 Kaimakuban,PS,1998,0.0,0.0,550000.0,40000.0
Rock Band 2,PS2,2008,290000.0,230000.0,0.0,80000.0
Yakuza 5,PS3,2012,0.0,0.0,590000.0,0.0
LEGO Indiana Jones 2: The Adventure Continues,PSP,2009,210000.0,240000.0,0.0,140000.0
BurgerTime,2600,1981,550000.0,30000.0,0.0,10000.0
Naruto: The Broken Bond,X360,2008,240000.0,280000.0,0.0,70000.0
2002 FIFA World Cup,PS2,2002,210000.0,170000.0,160000.0,60000.0
MVP Baseball 2004,XB,2004,440000.0,130000.0,0.0,20000.0
Crash Bandicoot: The Wrath of Cortex,GC,2002,460000.0,120000.0,0.0,20000.0
Smurf: Rescue In Gargamel's Castle,2600,1981,550000.0,30000.0,0.0,10000.0
Go Diego Go! Great Dinosaur Rescue,Wii,2008,530000.0,20000.0,0.0,40000.0
"Transformers: The Game (XBox 360, PS2, PS3, Wii & PC Versions)",Wii,2007,520000.0,30000.0,0.0,40000.0
Extreme-G,N64,1997,470000.0,110000.0,0.0,10000.0
Ready 2 Rumble Boxing,N64,1999,470000.0,110000.0,0.0,10000.0
Payday 2,X360,2013,330000.0,210000.0,0.0,50000.0
Dead or Alive Xtreme Beach Volleyball,XB,2003,360000.0,80000.0,140000.0,20000.0
Tales of Rebirth,PS2,2004,0.0,0.0,590000.0,0.0
SoulCalibur V,X360,2012,390000.0,140000.0,20000.0,40000.0
NHL 12,PS3,2011,360000.0,160000.0,0.0,70000.0
Tales of Zestiria,PS3,2015,50000.0,90000.0,420000.0,30000.0
Silent Hill: Shattered Memories,PS2,2010,130000.0,220000.0,10000.0,230000.0
Skate it,Wii,2008,510000.0,40000.0,0.0,50000.0
Game Party in Motion,X360,2010,360000.0,180000.0,0.0,50000.0
Barbie: Race & Ride,PS,1999,330000.0,220000.0,0.0,40000.0
Lost: Via Domus,X360,2008,180000.0,340000.0,0.0,70000.0
Mega Man Anniversary Collection,PS2,2004,290000.0,220000.0,0.0,80000.0
Final Fantasy Anniversary Edition,PSP,2007,390000.0,20000.0,130000.0,40000.0
Dark Souls II,PS4,2015,200000.0,220000.0,80000.0,80000.0
Ben 10: Alien Force,PSP,2008,350000.0,140000.0,0.0,100000.0
Deus Ex: Human Revolution,PC,2011,250000.0,250000.0,0.0,90000.0
Zumba Fitness,PS3,2010,280000.0,210000.0,0.0,90000.0
Harvest Moon: Friends of Mineral Town,GBA,2003,340000.0,130000.0,110000.0,10000.0
Backyard NBA Basketball,PS2,2003,290000.0,220000.0,0.0,70000.0
Kirby's Dream Course,SNES,1994,0.0,0.0,590000.0,0.0
Doom 3 BFG Edition,PS3,2012,260000.0,220000.0,0.0,100000.0
Mega Man X7,PS2,2003,220000.0,170000.0,140000.0,60000.0
Top Spin 3,Wii,2008,150000.0,370000.0,0.0,70000.0
Petz Dogz 2,Wii,2007,530000.0,10000.0,0.0,40000.0
SpongeBob SquarePants featuring Nicktoons: Globs of Doom,PS2,2008,290000.0,220000.0,0.0,70000.0
The Conduit,Wii,2009,290000.0,230000.0,0.0,60000.0
Just Dance 2016,WiiU,2015,280000.0,250000.0,0.0,50000.0
Tokimeki Memorial: Forever with You,PS,1995,0.0,0.0,550000.0,40000.0
Diablo,PS,1997,290000.0,190000.0,70000.0,40000.0
Cabela's Dangerous Hunts 2011,Wii,2010,530000.0,20000.0,0.0,40000.0
NHL 15,PS4,2014,300000.0,180000.0,0.0,100000.0
Q*bert,2600,1982,550000.0,30000.0,0.0,10000.0
Romancing SaGa,PS2,2005,60000.0,40000.0,470000.0,10000.0
The Lord of the Rings: The Third Age,PS2,2004,490000.0,20000.0,0.0,80000.0
Trivial Pursuit,Wii,2009,210000.0,310000.0,0.0,70000.0
The Legend of Spyro: Dawn of the Dragon,Wii,2008,350000.0,180000.0,0.0,50000.0
The Sims 3: World Adventures,PC,2009,20000.0,180000.0,0.0,390000.0
Kinect Sports Rivals,XOne,2014,300000.0,220000.0,20000.0,40000.0
Rayman Origins,Wii,2011,230000.0,290000.0,0.0,70000.0
WWE 2K16,XOne,2015,310000.0,220000.0,0.0,50000.0
Titanfall,PC,2014,210000.0,300000.0,0.0,70000.0
NCAA Football 09,PS3,2008,540000.0,0.0,0.0,40000.0
Tom Clancy's HAWX,X360,2009,310000.0,190000.0,20000.0,60000.0
Sammy Sosa High Heat Baseball 2001,PS,2000,320000.0,220000.0,0.0,40000.0
Frozen: Olaf's Quest,3DS,2013,270000.0,260000.0,0.0,50000.0
Terminator 3: Rise of the Machines,PS2,2003,280000.0,220000.0,0.0,70000.0
"Transformers: War for Cybertron (XBox 360, PS3, & PC Versions)",X360,2010,370000.0,150000.0,0.0,50000.0
FIFA: Road to  World Cup 98,N64,1997,150000.0,390000.0,0.0,30000.0
World Cup 98,N64,1998,140000.0,400000.0,0.0,40000.0
International Superstar Soccer '98,N64,1998,60000.0,300000.0,190000.0,30000.0
Unreal Tournament,PS2,2000,280000.0,220000.0,0.0,70000.0
Digimon World 2,PS,2000,230000.0,160000.0,160000.0,40000.0
Tales of Phantasia,PS,1998,0.0,0.0,540000.0,40000.0
Prince of Persia: The Two Thrones,XB,2005,330000.0,220000.0,0.0,30000.0
Xenosaga Episode II: Jenseits von Gut und B?se,PS2,2004,280000.0,220000.0,0.0,70000.0
Gex: Enter the Gecko,PS,1998,320000.0,220000.0,0.0,40000.0
Shrek 2: Beg for Mercy,GBA,2004,420000.0,150000.0,0.0,10000.0
JoJo's Bizarre Adventure: All Star Battle,PS3,2013,50000.0,20000.0,500000.0,10000.0
Contra: Shattered Soldier,PS2,2002,280000.0,220000.0,0.0,70000.0
Championship Motocross featuring Ricky Carmichael,PS,1998,320000.0,220000.0,0.0,40000.0
Dragon Ball Z: Chou Saiya Densetsu,SNES,1992,0.0,0.0,580000.0,0.0
NBA 2K7,X360,2006,530000.0,0.0,0.0,40000.0
WWE 2K16,PS3,2015,210000.0,270000.0,0.0,90000.0
Fire Emblem: Seisen no Keifu,SNES,1996,0.0,0.0,580000.0,0.0
Rock Band 3,PS3,2010,430000.0,90000.0,0.0,60000.0
Disgaea 4: A Promise Unforgotten,PS3,2011,270000.0,110000.0,140000.0,60000.0
BlazBlue: Calamity Trigger,PS3,2009,360000.0,100000.0,60000.0,60000.0
Tenchu 2: Birth of the Stealth Assassins,PS,2000,320000.0,220000.0,0.0,40000.0
Tony Hawk's Pro Skater 4,GC,2002,450000.0,120000.0,0.0,20000.0
MLB 11: The Show,PS3,2011,540000.0,0.0,0.0,40000.0
Naruto: Uzumaki Chronicles 2,PS2,2006,280000.0,220000.0,0.0,70000.0
NHL 06,PS2,2005,480000.0,20000.0,0.0,80000.0
NHL 10,PS3,2009,380000.0,120000.0,0.0,70000.0
Rapala: We Fish,Wii,2009,520000.0,20000.0,0.0,40000.0
Parasite Eve II,PS,1999,320000.0,220000.0,0.0,40000.0
Tetris Party Deluxe,Wii,2010,340000.0,170000.0,20000.0,50000.0
NFL Blitz 2000,N64,1999,550000.0,20000.0,0.0,0.0
Ratchet & Clank: Quest for Booty,PS3,2008,0.0,530000.0,0.0,40000.0
NCAA Football 10,PS2,2009,280000.0,220000.0,0.0,70000.0
Top Spin 3,PS3,2008,80000.0,370000.0,0.0,120000.0
Shin Megami Tensei IV,3DS,2013,280000.0,0.0,270000.0,20000.0
Theme Park,PS,1994,240000.0,160000.0,130000.0,40000.0
Blacksite: Area 51,X360,2007,290000.0,230000.0,0.0,60000.0
Spider-Man 3,X360,2007,490000.0,40000.0,0.0,40000.0
ATV Offroad Fury: Blazin' Trails,PSP,2005,530000.0,0.0,0.0,40000.0
Far Cry Instincts,XB,2005,320000.0,240000.0,0.0,20000.0
Hasbro Family Game Night,PS2,2008,280000.0,220000.0,0.0,70000.0
Tony Hawk's Pro Skater 4,GBA,2002,410000.0,150000.0,0.0,10000.0
Up,Wii,2009,230000.0,280000.0,0.0,60000.0
Tales of the Abyss,PS2,2005,0.0,0.0,570000.0,0.0
Disney Universe,X360,2011,370000.0,150000.0,0.0,50000.0
Iron Man,X360,2008,270000.0,240000.0,0.0,60000.0
Mobile Suit Gundam: Giren no Yabou- Zeon no Keifu,PS,2000,0.0,0.0,540000.0,40000.0
Spyro Orange: The Cortex Conspiracy,GBA,2004,410000.0,150000.0,0.0,10000.0
Enslaved: Odyssey to the West,PS3,2010,240000.0,240000.0,10000.0,90000.0
Beyond The Beyond,PS,1995,110000.0,80000.0,350000.0,40000.0
Ben 10: Alien Force,PS2,2008,220000.0,20000.0,0.0,330000.0
Tomb Raider: Anniversary,PSP,2007,210000.0,230000.0,0.0,130000.0
"Warhammer 40,000: Space Marine",X360,2011,250000.0,270000.0,0.0,60000.0
Madden NFL 06,GC,2005,440000.0,110000.0,0.0,20000.0
No More Heroes,Wii,2007,300000.0,170000.0,40000.0,50000.0
Assassin's Creed II,PC,2010,10000.0,450000.0,0.0,110000.0
Naruto: Ultimate Ninja 2,PS2,2004,470000.0,20000.0,0.0,80000.0
Defiance,X360,2013,380000.0,150000.0,0.0,40000.0
3D Dot Game Heroes,PS3,2009,360000.0,120000.0,30000.0,70000.0
The Mysterious Murasame Castle,NES,1986,0.0,0.0,570000.0,0.0
NBA Hangtime,N64,1997,480000.0,80000.0,0.0,0.0
Jillian Michaels Fitness Ultimatum 2010,Wii,2009,520000.0,10000.0,0.0,40000.0
Pro Evolution Soccer 2012,PSP,2011,100000.0,120000.0,290000.0,70000.0
Grease,Wii,2010,270000.0,250000.0,0.0,50000.0
Blood Wake,XB,2001,430000.0,120000.0,0.0,20000.0
Dynasty Warriors 5: Xtreme Legends,PS2,2005,110000.0,80000.0,350000.0,30000.0
Skylanders: Spyro's Adventure,3DS,2011,320000.0,200000.0,0.0,50000.0
Dora The Explorer: Dora Saves the Snow Princess,Wii,2008,500000.0,30000.0,0.0,40000.0
Jampack Summer 2002,PS2,2002,280000.0,220000.0,0.0,70000.0
FIFA World Cup Germany 2006,PS2,2006,470000.0,20000.0,0.0,80000.0
Wreckless: ThE YaKuza MisSiOns,XB,2002,420000.0,110000.0,20000.0,20000.0
Super Bomberman,SNES,1992,0.0,0.0,570000.0,0.0
SpongeBob SquarePants: Battle for Bikini Bottom,XB,2003,450000.0,100000.0,0.0,20000.0
Spec Ops: The Line,PS3,2012,190000.0,250000.0,40000.0,90000.0
SD Gundam G Generation Neo,PS2,2002,0.0,0.0,570000.0,0.0
RalliSport Challenge,XB,2002,390000.0,160000.0,0.0,20000.0
Resident Evil Outbreak File #2,PS2,2004,190000.0,150000.0,170000.0,50000.0
Bob the Builder: Can We Fix It?,PS,2000,310000.0,210000.0,0.0,40000.0
XIII,PS2,2003,280000.0,220000.0,0.0,70000.0
NHL 14,PS3,2013,280000.0,190000.0,0.0,90000.0
LEGO Rock Band,X360,2009,400000.0,120000.0,0.0,50000.0
Bolt,Wii,2008,190000.0,310000.0,0.0,60000.0
Top Spin 3,X360,2008,90000.0,400000.0,0.0,70000.0
Tom Clancy's HAWX,PS3,2009,210000.0,220000.0,50000.0,90000.0
LEGO Dimensions,X360,2015,240000.0,280000.0,0.0,50000.0
Breath of Fire IV,PS,2000,110000.0,80000.0,340000.0,40000.0
True Crime: Streets of LA,GC,2003,440000.0,110000.0,0.0,20000.0
Odin Sphere,PS2,2007,230000.0,180000.0,90000.0,60000.0
The Incredible Hulk,GBA,2003,400000.0,150000.0,0.0,10000.0
Ms. Pac-Man Maze Madness,GBA,2004,400000.0,150000.0,0.0,10000.0
Arena Football,PS2,2006,280000.0,220000.0,0.0,70000.0
The Lord of the Rings: The Return of the King,GBA,2003,400000.0,150000.0,0.0,10000.0
NHL Hitz 20-02,PS2,2001,280000.0,220000.0,0.0,70000.0
Classic NES Series: Dr. Mario,GBA,2004,310000.0,110000.0,130000.0,10000.0
The Sims: Bustin' Out,XB,2003,400000.0,140000.0,0.0,20000.0
NCAA March Madness 07,PS2,2007,280000.0,220000.0,0.0,70000.0
"Monsters, Inc. Scream Team",PS,2001,310000.0,210000.0,0.0,40000.0
Harry Potter Collection,PS2,2006,280000.0,210000.0,0.0,70000.0
Tony Hawk's Project 8,PSP,2006,410000.0,80000.0,0.0,70000.0
Yu-Gi-Oh! World Championship Tournament 2004,GBA,2004,400000.0,150000.0,0.0,10000.0
Cabela's Big Game Hunter 2005 Adventures,PS2,2004,280000.0,210000.0,0.0,70000.0
Knockout Kings 2001,PS2,2001,280000.0,210000.0,0.0,70000.0
Army Men: Sarge's Heroes,PS,1999,310000.0,210000.0,0.0,40000.0
Petz Dogz 2,PS2,2007,280000.0,210000.0,0.0,70000.0
Battlefield 2: Modern Combat,XB,2005,390000.0,150000.0,0.0,20000.0
Wolfenstein,X360,2009,280000.0,220000.0,0.0,60000.0
All-Star Baseball 2002,PS2,2001,270000.0,210000.0,0.0,70000.0
Backyard NFL Football,GBA,2002,400000.0,150000.0,0.0,10000.0
Need for Speed: Most Wanted,GC,2005,430000.0,110000.0,0.0,20000.0
NASCAR Rumble,PS,2000,310000.0,210000.0,0.0,40000.0
Tony Hawk: Shred,Wii,2010,410000.0,110000.0,0.0,40000.0
Tony Hawk's Proving Ground,X360,2007,490000.0,20000.0,0.0,40000.0
WWE Raw 2,XB,2003,430000.0,110000.0,0.0,20000.0
Resident Evil 2,N64,1999,390000.0,90000.0,70000.0,10000.0
Mega Man X2,SNES,1993,90000.0,20000.0,450000.0,0.0
Manhunt 2,PS2,2007,270000.0,210000.0,0.0,70000.0
Xenoblade Chronicles,3DS,2015,260000.0,140000.0,120000.0,40000.0
Fullmetal Alchemist and the Broken Angel,PS2,2003,150000.0,120000.0,260000.0,40000.0
Monster High: Ghoul Spirit,Wii,2011,440000.0,80000.0,0.0,40000.0
Final Fantasy IV: The Complete Collection,PSP,2011,130000.0,90000.0,270000.0,60000.0
Frontlines: Fuel of War,X360,2008,340000.0,150000.0,10000.0,50000.0
Lips: Number One Hits,X360,2009,150000.0,350000.0,0.0,70000.0
Hamtaro: Ham-Hams Unite!,GB,2001,0.0,0.0,560000.0,0.0
Batman Begins,PS2,2005,270000.0,210000.0,0.0,70000.0
Dr. Seuss' The Cat in the Hat,PS2,2003,270000.0,210000.0,0.0,70000.0
Barbie Groovy Games,GBA,2002,400000.0,150000.0,0.0,10000.0
Yu-Gi-Oh! Reshef of Destruction,GBA,2003,400000.0,150000.0,0.0,10000.0
Blinx: The Time Sweeper,XB,2002,390000.0,150000.0,0.0,20000.0
Madagascar: Escape 2 Africa,Wii,2008,320000.0,180000.0,0.0,50000.0
Archer Maclean's Mercury,PSP,2005,170000.0,240000.0,0.0,140000.0
ESPN NFL Football,PS2,2003,270000.0,210000.0,0.0,70000.0
Fatal Fury Special,SNES,1994,0.0,0.0,560000.0,0.0
Major League Baseball 2K5,XB,2005,520000.0,20000.0,0.0,20000.0
WWE 2K15,XOne,2014,280000.0,230000.0,0.0,40000.0
Soul Sacrifice,PSV,2013,180000.0,90000.0,220000.0,60000.0
Tiger Woods PGA Tour 11,Wii,2010,240000.0,260000.0,0.0,60000.0
Soldier of Fortune: Gold Edition,PS2,2001,270000.0,210000.0,0.0,70000.0
Monster Jam: Path of Destruction,Wii,2010,500000.0,20000.0,0.0,30000.0
Rapala Tournament Fishing!,Wii,2006,510000.0,0.0,0.0,40000.0
MX 2002 Featuring Ricky Carmichael,PS2,2001,270000.0,210000.0,0.0,70000.0
NCAA Football 07,XB,2006,420000.0,120000.0,0.0,10000.0
God of War: Origins Collection,PS3,2011,390000.0,80000.0,20000.0,60000.0
MX vs. ATV: Alive,X360,2011,370000.0,140000.0,0.0,50000.0
Lunar: Silver Star Story Complete,PS,1998,270000.0,180000.0,60000.0,40000.0
Dragon Ball: XenoVerse,PS3,2015,150000.0,200000.0,140000.0,70000.0
NBA Showtime: NBA on NBC,PS,1999,310000.0,210000.0,0.0,40000.0
Dragon Age: Inquisition,X360,2014,350000.0,160000.0,0.0,50000.0
Soul Reaver 2,PS2,2001,270000.0,210000.0,0.0,70000.0
Metal Gear Solid 3: Subsistence,PS2,2005,340000.0,10000.0,150000.0,60000.0
Sly Cooper: Thieves in Time,PS3,2013,350000.0,130000.0,0.0,80000.0
The Godfather (old US sales),XB,2006,420000.0,110000.0,0.0,20000.0
Daytona USA,SAT,1994,0.0,0.0,550000.0,0.0
Harry Potter and the Deathly Hallows - Part 1,Wii,2010,220000.0,280000.0,0.0,50000.0
Tiger Woods PGA Tour 13,PS3,2012,240000.0,220000.0,0.0,90000.0
WWF Raw,XB,2002,400000.0,130000.0,0.0,20000.0
Shin Super Robot Taisen,PS,1996,0.0,0.0,520000.0,40000.0
Legends of WrestleMania,PS3,2009,300000.0,170000.0,0.0,70000.0
The Activision Decathlon,2600,1982,520000.0,30000.0,0.0,10000.0
Simple 1500 Series Vol. 73: The Invaders ~Space Invaders 1500~,PS,2001,310000.0,210000.0,0.0,40000.0
Fighting Force 2,PS,1999,310000.0,210000.0,0.0,40000.0
Sakura Wars,SAT,1996,0.0,0.0,550000.0,0.0
Yokai Sangokushi,3DS,2016,0.0,0.0,550000.0,0.0
Extermination,PS2,2001,210000.0,160000.0,120000.0,50000.0
Batman: Vengeance,PS2,2001,270000.0,210000.0,0.0,70000.0
Unit 13,PSV,2012,290000.0,150000.0,40000.0,70000.0
Tatsunoko vs. Capcom: Ultimate All-Stars,Wii,2010,320000.0,160000.0,30000.0,50000.0
TMNT,X360,2007,470000.0,40000.0,0.0,40000.0
F.E.A.R.,PS3,2007,180000.0,270000.0,0.0,100000.0
Secret Agent Clank(US sales),PSP,2008,330000.0,220000.0,0.0,0.0
Assassin's Creed: Unity,PC,2014,170000.0,330000.0,0.0,50000.0
Derby Stallion 04,PS2,2004,0.0,0.0,550000.0,0.0
NBA 2K8,PS3,2007,500000.0,10000.0,0.0,50000.0
Tony Hawk's Pro Skater 3,XB,2002,340000.0,180000.0,0.0,20000.0
Mega Man Zero,GBA,2002,220000.0,80000.0,240000.0,10000.0
Contender 2,PS,2000,310000.0,210000.0,0.0,40000.0
The Amazing Spider-Man 2 (2014),PS4,2014,200000.0,250000.0,20000.0,90000.0
Star Wars: Dark Forces,PS,1996,310000.0,210000.0,0.0,40000.0
SD Gundam G Generation Zero,PS,1999,0.0,0.0,510000.0,40000.0
Super Robot Taisen F,SAT,1997,0.0,0.0,550000.0,0.0
Shrek 2,XB,2004,400000.0,130000.0,0.0,20000.0
Soccer Tsuku 2002: J-League Pro Soccer Club o Tsukurou!,PS2,2002,0.0,0.0,550000.0,0.0
Time Crisis: Razing Storm,PS3,2010,180000.0,210000.0,70000.0,80000.0
SpongeBob SquarePants: SuperSponge,GBA,2001,390000.0,150000.0,0.0,10000.0
Super Robot Taisen F Kanketsuhen,SAT,1998,0.0,0.0,550000.0,0.0
Enslaved: Odyssey to the West,X360,2010,300000.0,190000.0,0.0,50000.0
Rune Factory 4,3DS,2012,310000.0,0.0,210000.0,30000.0
Summer Sports: Paradise Island,Wii,2008,490000.0,20000.0,0.0,40000.0
Tak and the Power of Juju,GBA,2003,390000.0,150000.0,0.0,10000.0
Dynasty Warriors: Gundam 3,PS3,2010,110000.0,50000.0,360000.0,20000.0
Mortal Kombat 3,PS,1995,290000.0,200000.0,20000.0,40000.0
Turok: Evolution,XB,2002,390000.0,140000.0,0.0,20000.0
Jak X: Combat Racing,PS2,2005,450000.0,20000.0,0.0,70000.0
Metro 2033,X360,2010,220000.0,240000.0,30000.0,50000.0
Are You Smarter than a 5th Grader? Make the Grade,Wii,2008,510000.0,0.0,0.0,40000.0
American Idol,PS2,2003,270000.0,210000.0,0.0,70000.0
Top Gun: Fire at Will!,PS,1996,300000.0,210000.0,0.0,40000.0
Red Dead Revolver,XB,2004,400000.0,120000.0,0.0,20000.0
Dragon Ball Z: Shin Budokai,PSP,2006,260000.0,80000.0,130000.0,70000.0
LEGO The Hobbit,PS3,2014,120000.0,320000.0,0.0,100000.0
Iron Man,PS2,2008,360000.0,0.0,0.0,190000.0
SingStar Summer Party,PS2,2008,0.0,60000.0,0.0,480000.0
Tiger Woods PGA Tour 08,X360,2007,490000.0,20000.0,0.0,40000.0
NBA Live 10,PS3,2009,460000.0,30000.0,10000.0,50000.0
The SpongeBob SquarePants Movie,XB,2004,400000.0,120000.0,0.0,20000.0
FIFA Soccer 07,XB,2006,160000.0,350000.0,0.0,40000.0
Gekikuukan Pro Yakyuu: At the End of the Century 1999,PS2,2000,0.0,0.0,540000.0,0.0
Medarot 2: Kabuto / Kuwagata Version,GB,1999,0.0,0.0,540000.0,0.0
Excite Truck,Wii,2006,400000.0,30000.0,80000.0,40000.0
Sacred 2: Fallen Angel,X360,2009,290000.0,170000.0,40000.0,50000.0
System 3 presents Ferrari Challenge Trofeo Pirelli,Wii,2008,70000.0,400000.0,0.0,70000.0
Dance Dance Revolution Ultramix,XB,2003,420000.0,110000.0,0.0,20000.0
ModNation Racers,PSP,2010,110000.0,270000.0,20000.0,140000.0
Crash Tag Team Racing,PS2,2005,270000.0,210000.0,0.0,70000.0
Two Worlds II,X360,2011,400000.0,80000.0,30000.0,40000.0
Sonic & All-Stars Racing Transformed,PS3,2012,80000.0,330000.0,10000.0,110000.0
Michael Jackson: The Experience,PS3,2011,250000.0,200000.0,0.0,80000.0
Front Mission 4,PS2,2003,140000.0,110000.0,250000.0,40000.0
The Fairly Odd Parents: Breakin' Da Rules,GBA,2003,390000.0,140000.0,0.0,10000.0
LEGO Dimensions,PS3,2015,150000.0,300000.0,0.0,90000.0
Minecraft: Story Mode,XOne,2015,290000.0,210000.0,0.0,50000.0
Resident Evil: Revelations 2,PS4,2015,130000.0,240000.0,100000.0,70000.0
Manhunt 2,Wii,2007,250000.0,230000.0,0.0,60000.0
SRS: Street Racing Syndicate,PS2,2004,260000.0,210000.0,0.0,70000.0
Action Force,2600,1982,500000.0,30000.0,0.0,10000.0
Gauntlet Legends,N64,1999,430000.0,100000.0,0.0,10000.0
FIFA 99,N64,1998,110000.0,390000.0,0.0,30000.0
Kidou Senshi Gundam: Extreme VS,PS3,2011,0.0,0.0,540000.0,0.0
Dragon Ball Z: Ultimate Tenkaichi,X360,2011,390000.0,100000.0,10000.0,40000.0
Tales of Symphonia,PS3,2013,210000.0,130000.0,130000.0,60000.0
Bust A Groove,PS,1998,90000.0,60000.0,350000.0,40000.0
Fire Emblem: Path of Radiance,GC,2005,290000.0,80000.0,160000.0,10000.0
Dragon Quest Characters: Torneko no Daibouken 3: Fushigi no Dungeon,PS2,2002,0.0,0.0,540000.0,0.0
Pachi-Slot Aruze Oukoku 2,PS,1999,0.0,0.0,500000.0,40000.0
NHL 14,X360,2013,400000.0,100000.0,0.0,40000.0
Valkyria Chronicles II,PSP,2010,120000.0,160000.0,180000.0,90000.0
Middle-Earth: Shadow of Mordor,X360,2014,280000.0,210000.0,0.0,50000.0
Madden NFL 13,Wii,2012,510000.0,0.0,0.0,30000.0
Terminator Salvation,PS3,2009,130000.0,290000.0,10000.0,110000.0
Cars 2,PS3,2011,220000.0,230000.0,0.0,90000.0
Bratz: Rock Angelz,GBA,2004,390000.0,140000.0,0.0,10000.0
SSX Tricky,GC,2001,420000.0,110000.0,0.0,10000.0
Greg Hastings' Tournament Paintball,XB,2004,460000.0,60000.0,0.0,20000.0
World Soccer Winning Eleven 7 International (JP version),PS2,2004,0.0,0.0,540000.0,0.0
ESPN NBA Basketball,PS2,2003,260000.0,210000.0,0.0,70000.0
Inazuma Eleven GO,3DS,2011,0.0,50000.0,480000.0,0.0
Over the Hedge,PS2,2006,450000.0,20000.0,0.0,70000.0
Mat Hoffman's Pro BMX,PS,2001,300000.0,200000.0,0.0,40000.0
Lego Star Wars: The Force Awakens,PS4,2016,140000.0,320000.0,0.0,80000.0
Epic Mickey 2: The Power of Two,X360,2012,320000.0,170000.0,0.0,40000.0
Popeye,2600,1982,500000.0,30000.0,0.0,10000.0
The Hobbit,PS2,2003,260000.0,200000.0,0.0,70000.0
War of the Monsters,PS2,2003,260000.0,200000.0,0.0,70000.0
Tales of Symphonia: Dawn of the New World,Wii,2008,220000.0,50000.0,240000.0,30000.0
The Incredible Hulk: Ultimate Destruction,PS2,2005,260000.0,200000.0,0.0,70000.0
Star Wars Battlefront (2015),PC,2015,130000.0,370000.0,0.0,40000.0
"Sakura Taisen 2 - Kimi, Shinitamou Koto Nakare",SAT,1998,0.0,0.0,530000.0,0.0
Time Crisis II,PS2,2001,260000.0,200000.0,0.0,70000.0
Clock Tower,PS,1996,70000.0,50000.0,380000.0,30000.0
NCAA March Madness 06,PS2,2005,450000.0,20000.0,0.0,70000.0
SpongeBob SquarePants featuring Nicktoons: Globs of Doom,Wii,2008,490000.0,0.0,0.0,40000.0
Jampack Volume 11,PS2,2004,260000.0,200000.0,0.0,70000.0
Dragon's Crown,PS3,2013,250000.0,70000.0,170000.0,50000.0
Tactics Ogre: Let Us Cling Together,PSP,2010,150000.0,70000.0,270000.0,50000.0
Legacy of Kain: Defiance,PS2,2003,260000.0,200000.0,0.0,70000.0
SpongeBob SquarePants: Game Boy Advance Video Volume 2,GBA,2004,380000.0,140000.0,0.0,10000.0
NCAA March Madness 2005,PS2,2004,440000.0,20000.0,0.0,70000.0
007 Racing,PS,2000,300000.0,200000.0,0.0,30000.0
Conflict: Vietnam,PS2,2004,260000.0,200000.0,0.0,70000.0
2 in 1 Combo Pack: Sonic Heroes / Super Monkey Ball Deluxe,XB,2004,400000.0,110000.0,0.0,20000.0
MLB SlugFest 20-04,PS2,2003,260000.0,200000.0,0.0,70000.0
Gex 3: Deep Cover Gecko,PS,1999,300000.0,200000.0,0.0,30000.0
NASCAR 09,PS2,2008,260000.0,200000.0,0.0,70000.0
Blitz: The League,XB,2004,400000.0,110000.0,0.0,20000.0
Jampack Vol. 2,PS,1996,300000.0,200000.0,0.0,30000.0
LEGO Jurassic World,WiiU,2015,280000.0,190000.0,20000.0,40000.0
Sesame Street: Once Upon A Monster,X360,2011,390000.0,100000.0,0.0,40000.0
Virtual Soccer,SNES,1993,0.0,0.0,530000.0,0.0
Romance of the Three Kingdoms IV: Wall of Fire,SNES,1994,0.0,0.0,530000.0,0.0
Winning Post,SNES,1993,0.0,0.0,530000.0,0.0
Peter Jackson's King Kong: The Official Game of the Movie,XB,2005,340000.0,170000.0,0.0,20000.0
SingStar Dance,PS3,2010,90000.0,320000.0,0.0,120000.0
Kirby and the Rainbow Curse,WiiU,2015,230000.0,140000.0,120000.0,40000.0
Burnout Revenge,XB,2005,320000.0,190000.0,0.0,10000.0
FIFA 12,PSP,2011,120000.0,260000.0,20000.0,140000.0
Medal of Honor: European Assault,XB,2005,320000.0,190000.0,0.0,20000.0
Batman: Arkham City,PC,2011,160000.0,280000.0,0.0,90000.0
Ty the Tasmanian Tiger 2: Bush Rescue,PS2,2004,260000.0,200000.0,0.0,70000.0
The Lord of the Rings: The Fellowship of the Ring,XB,2002,310000.0,190000.0,0.0,30000.0
NBA 06,PS2,2005,260000.0,200000.0,0.0,70000.0
Sonic & All-Stars Racing Transformed,WiiU,2012,200000.0,270000.0,20000.0,50000.0
Spider-Man,N64,2000,430000.0,90000.0,0.0,10000.0
We Cheer,Wii,2008,0.0,0.0,0.0,40000.0
Tom Clancy's Ghost Recon Advanced Warfighter 2,PSP,2007,350000.0,100000.0,0.0,80000.0
X-Men Legends,GC,2004,410000.0,110000.0,0.0,10000.0
Alice in Wonderland,Wii,2010,0.0,210000.0,0.0,50000.0
Front Mission 2,PS,1997,0.0,0.0,490000.0,30000.0
Bulletstorm,PS3,2011,0.0,200000.0,10000.0,80000.0
F.E.A.R. 2: Project Origin,X360,2009,320000.0,150000.0,0.0,50000.0
Tiger Woods PGA Tour 11,X360,2010,0.0,200000.0,0.0,50000.0
Stuntman: Ignition,PS3,2007,0.0,260000.0,0.0,100000.0
F1 2009,PSP,2009,0.0,290000.0,0.0,160000.0
Oni,PS2,2001,0.0,200000.0,0.0,70000.0
The Lord of the Rings: The Two Towers,GC,2002,0.0,110000.0,0.0,10000.0
Juiced,PS2,2005,260000.0,200000.0,0.0,70000.0
The Warriors,PS2,2005,440000.0,20000.0,0.0,70000.0
Batman: Arkham Origins Blackgate,PSV,2013,200000.0,200000.0,0.0,130000.0
J-League Soccer: Prime Goal 2,SNES,1994,0.0,0.0,530000.0,0.0
Go Diego Go! Safari Rescue,Wii,2008,480000.0,10000.0,0.0,40000.0
The Walking Dead: Survival Instinct,PS3,2013,280000.0,170000.0,0.0,80000.0
Just Dance 2015,XOne,2014,350000.0,130000.0,0.0,50000.0
Silent Hill: Origins,PSP,2007,220000.0,160000.0,40000.0,100000.0
NASCAR 2000,N64,1999,490000.0,30000.0,0.0,0.0
Wayne Gretzky's 3D Hockey,N64,1996,490000.0,30000.0,0.0,0.0
Pachi-Slot Aruze Oukoku 4,PS,2000,0.0,0.0,490000.0,30000.0
Return to Castle Wolfenstein: Operation Resurrection,PS2,2003,260000.0,200000.0,0.0,70000.0
Mario Tennis: Power Tour,GBA,2005,240000.0,90000.0,190000.0,10000.0
Seaman,DC,1999,0.0,0.0,520000.0,0.0
The Grinch,PS,1999,290000.0,200000.0,0.0,30000.0
GT Pro Series,Wii,2006,460000.0,10000.0,20000.0,40000.0
Tales of Destiny,PS2,2006,0.0,0.0,520000.0,0.0
Naruto Shippuden: Clash of Ninja Revolution 3,Wii,2009,450000.0,40000.0,0.0,40000.0
Fight Night Round 3,PSP,2006,460000.0,20000.0,0.0,50000.0
The Golden Compass,PS2,2007,130000.0,0.0,0.0,390000.0
Final Fantasy Chronicles,PS,2001,290000.0,200000.0,0.0,30000.0
NBA Live 08,X360,2007,470000.0,0.0,0.0,40000.0
Syphon Filter 3,PS,2001,290000.0,200000.0,0.0,30000.0
Metal Gear Solid 2: Substance,PS2,2002,180000.0,140000.0,160000.0,50000.0
We Love Katamari,PS2,2005,260000.0,200000.0,0.0,70000.0
NCAA Football 2003,XB,2002,390000.0,110000.0,0.0,20000.0
Way of the Samurai 3,PS3,2008,180000.0,80000.0,220000.0,40000.0
NBA Live 09,PS3,2008,460000.0,0.0,20000.0,40000.0
DC Universe Online,PS3,2011,350000.0,120000.0,0.0,60000.0
Ready 2 Rumble Boxing: Round 2,PS,2000,290000.0,200000.0,0.0,30000.0
Mega Man 6,NES,1993,280000.0,70000.0,160000.0,10000.0
Mission: Impossible,PS,1999,290000.0,200000.0,0.0,30000.0
Final Fantasy Explorers,3DS,2014,150000.0,70000.0,280000.0,20000.0
Rival Schools: United By Fate,PS,1998,120000.0,80000.0,280000.0,30000.0
Bully: Scholarship Edition,Wii,2008,170000.0,290000.0,0.0,60000.0
IL-2 Sturmovik: Birds of Prey,X360,2009,230000.0,240000.0,0.0,50000.0
PlayStation All-Stars Battle Royale,PSV,2012,260000.0,150000.0,10000.0,100000.0
Ratatouille,PS3,2007,90000.0,320000.0,0.0,110000.0
Cars Toon: Mater's Tall Tales,Wii,2010,460000.0,20000.0,0.0,30000.0
Kung Fu Panda,PS3,2008,210000.0,210000.0,0.0,90000.0
Swing Away Golf,PS2,2000,170000.0,130000.0,180000.0,40000.0
J-League Pro Soccer Club o Tsukurou! 3,PS2,2003,0.0,0.0,520000.0,0.0
Tomb Raider: Legend,PS2,2006,250000.0,190000.0,20000.0,60000.0
Ratatouille,Wii,2007,440000.0,40000.0,0.0,40000.0
Freedom Fighters,PS2,2003,250000.0,200000.0,0.0,70000.0
Gun,XB,2005,380000.0,120000.0,0.0,20000.0
That's So Raven 2: Supernatural Style,GBA,2005,370000.0,140000.0,0.0,10000.0
Lair,PS3,2007,360000.0,40000.0,80000.0,40000.0
Madden NFL 07,PS3,2006,470000.0,0.0,10000.0,40000.0
The Punisher,PS2,2005,250000.0,200000.0,0.0,70000.0
Front Mission 3,PS,1999,100000.0,70000.0,310000.0,30000.0
SSX On Tour,PS2,2005,250000.0,200000.0,0.0,70000.0
Tony Hawk's Pro Skater 3,GBA,2002,370000.0,140000.0,0.0,10000.0
Harry Potter and the Prisoner of Azkaban,GBA,2004,370000.0,140000.0,0.0,10000.0
Omega Boost,PS,1999,170000.0,110000.0,200000.0,30000.0
The Sims 2: Open for Business,PC,2006,460000.0,50000.0,0.0,0.0
NFL 2K3,XB,2002,380000.0,110000.0,0.0,20000.0
NBA Live 2002,PS,2001,290000.0,190000.0,0.0,30000.0
Jampack Winter 2002,PS2,2002,250000.0,200000.0,0.0,70000.0
My Word Coach,Wii,2007,460000.0,20000.0,0.0,40000.0
Way of the Samurai,PS2,2002,130000.0,100000.0,250000.0,30000.0
Dragon Age: Origins,PC,2009,0.0,460000.0,0.0,60000.0
Naruto Shippuden: Ultimate Ninja Storm 3,X360,2013,290000.0,170000.0,10000.0,40000.0
Pac-Man Fever,PS2,2001,250000.0,200000.0,0.0,70000.0
The LEGO Movie Videogame,XOne,2014,340000.0,130000.0,0.0,40000.0
The 3rd Birthday,PSP,2010,130000.0,70000.0,270000.0,50000.0
Prince of Persia Trilogy,PS3,2010,170000.0,250000.0,0.0,90000.0
International Track & Field,PS,1996,80000.0,50000.0,350000.0,30000.0
HSX HyperSonic.Xtreme,PS2,2002,250000.0,200000.0,0.0,70000.0
StarCraft II: Legacy of the Void,PC,2015,180000.0,290000.0,0.0,40000.0
Tiger Woods PGA Tour 13,X360,2012,290000.0,180000.0,0.0,40000.0
SoulCalibur: Broken Destiny,PSP,2009,120000.0,200000.0,70000.0,120000.0
The Saboteur,X360,2009,260000.0,210000.0,0.0,50000.0
Lords of the Fallen,PS4,2014,170000.0,230000.0,20000.0,90000.0
Pro Evolution Soccer 2010,Wii,2009,120000.0,270000.0,60000.0,50000.0
Goldeneye 007: Reloaded,X360,2011,250000.0,210000.0,0.0,50000.0
Madden NFL 2004,GC,2003,400000.0,100000.0,0.0,10000.0
Jikkyou Powerful Pro Yakyuu 10,PS2,2003,0.0,0.0,510000.0,0.0
Summoner,PS2,2000,250000.0,200000.0,0.0,70000.0
Virtual Pool,PS,1997,280000.0,190000.0,0.0,30000.0
NBA Live 07,PSP,2006,470000.0,0.0,0.0,40000.0
Sega Bass Fishing,Wii,2008,460000.0,10000.0,0.0,40000.0
Fire Emblem: Radiant Dawn,Wii,2007,280000.0,30000.0,170000.0,30000.0
Dynasty Warriors,PSP,2004,180000.0,10000.0,300000.0,20000.0
"SpongeBob SquarePants: Lights, Camera, Pants!",GBA,2005,370000.0,140000.0,0.0,10000.0
Dragon Ball: Raging Blast,X360,2009,360000.0,90000.0,20000.0,40000.0
Rugrats: Scavenger Hunt,N64,1999,410000.0,90000.0,0.0,10000.0
Wrecking Crew,NES,1985,0.0,0.0,510000.0,0.0
International Superstar Soccer 2000 (All region sales),N64,1999,10000.0,260000.0,220000.0,20000.0
Major League Baseball 2K10,X360,2010,470000.0,0.0,0.0,40000.0
"Transformers: War for Cybertron (XBox 360, PS3, & PC Versions)",PS3,2010,240000.0,190000.0,0.0,80000.0
SpongeBob SquarePants: Creature from the Krusty Krab,Wii,2006,450000.0,20000.0,0.0,40000.0
Lost: Via Domus,PS3,2008,190000.0,230000.0,0.0,90000.0
NBA Live 2004,XB,2003,440000.0,40000.0,0.0,20000.0
Dai-4-Ji Super Robot Taisen S,PS,1996,0.0,0.0,480000.0,30000.0
Disney's Kim Possible: Revenge of Monkey Fist,GBA,2002,370000.0,140000.0,0.0,10000.0
WWE SmackDown vs. RAW 2007,X360,2006,440000.0,30000.0,0.0,40000.0
Ace Combat Zero: The Belkan War,PS2,2006,150000.0,120000.0,200000.0,40000.0
R.U.S.E.,PS3,2010,180000.0,220000.0,20000.0,90000.0
Disgaea 3: Absence of Justice,PS3,2008,320000.0,40000.0,110000.0,40000.0
Test Drive Unlimited,PSP,2007,80000.0,280000.0,0.0,150000.0
LEGO Dimensions,WiiU,2015,300000.0,160000.0,0.0,50000.0
Final Fantasy II Anniversary Edition,PSP,2007,360000.0,30000.0,70000.0,40000.0
NHL 07,PS2,2006,420000.0,20000.0,0.0,70000.0
Harry Potter and the Half-Blood Prince,PSP,2009,180000.0,210000.0,0.0,120000.0
Quantum Break,XOne,2016,270000.0,190000.0,10000.0,40000.0
NBA 2K11,Wii,2010,470000.0,10000.0,0.0,30000.0
World Championship Poker,XB,2004,370000.0,110000.0,0.0,20000.0
The BIGS,PS2,2007,250000.0,190000.0,0.0,60000.0
Burnout Revenge,X360,2006,420000.0,50000.0,0.0,40000.0
Rory McIlroy PGA Tour,PS4,2015,180000.0,240000.0,0.0,80000.0
Euro Truck Simulator,PC,2008,0.0,420000.0,0.0,90000.0
Dragon Ball Z: Supersonic Warriors,GBA,2004,360000.0,130000.0,0.0,10000.0
Dishonored,PC,2012,260000.0,190000.0,0.0,60000.0
NBA Ballers,XB,2004,370000.0,110000.0,0.0,20000.0
Silent Hill 4: The Room,PS2,2004,250000.0,190000.0,0.0,60000.0
River Raid II,2600,1988,470000.0,30000.0,0.0,10000.0
Capcom Classics Collection,PS2,2005,220000.0,170000.0,50000.0,60000.0
Guitar Hero Live,XOne,2015,290000.0,170000.0,0.0,50000.0
Wolfenstein: The New Order,PS3,2014,140000.0,250000.0,20000.0,90000.0
Monopoly Party,PS2,2002,250000.0,190000.0,0.0,60000.0
NHL FaceOff 98,PS,1997,280000.0,190000.0,0.0,30000.0
The Adventures of Jimmy Neutron Boy Genius: Attack of the Twonkies,GBA,2004,360000.0,130000.0,0.0,10000.0
F1 2012,X360,2012,100000.0,350000.0,0.0,60000.0
NHL 09,X360,2008,450000.0,10000.0,0.0,40000.0
Sonic Riders,PS2,2006,420000.0,20000.0,0.0,70000.0
Looney Tunes: Back in Action,PS2,2003,250000.0,190000.0,0.0,60000.0
Midnight Magic,2600,1983,470000.0,30000.0,0.0,10000.0
Alice: Madness Returns,X360,2011,270000.0,150000.0,40000.0,40000.0
Pro Evolution Soccer 2012,X360,2011,100000.0,340000.0,0.0,70000.0
Tiger Woods PGA Tour 07,PS3,2006,310000.0,120000.0,0.0,70000.0
Midnight Club II,XB,2003,420000.0,60000.0,0.0,20000.0
Atelier Rorona: Alchemist of Arland,PS3,2009,220000.0,120000.0,110000.0,50000.0
Monster Hunter Freedom 2,PS3,2011,0.0,0.0,500000.0,0.0
Avatar: The Last Airbender,GC,2006,390000.0,100000.0,0.0,10000.0
Blue's Clues: Blue's Big Musical,PS,2001,280000.0,190000.0,0.0,30000.0
The Mummy Returns,PS2,2001,250000.0,190000.0,0.0,60000.0
Hitman: Blood Money,PS2,2006,250000.0,190000.0,0.0,60000.0
Disney Sing It,PS2,2008,250000.0,190000.0,0.0,60000.0
Chopper Command,2600,1982,470000.0,30000.0,0.0,10000.0
Activision Anthology,PS2,2002,250000.0,190000.0,0.0,60000.0
Crash: Mind Over Mutant,PS2,2008,250000.0,190000.0,0.0,60000.0
WWE 2K16,X360,2015,270000.0,190000.0,0.0,40000.0
LEGO The Hobbit,X360,2014,200000.0,260000.0,0.0,40000.0
Babysitting Mama,Wii,2010,340000.0,120000.0,0.0,40000.0
Boogie,Wii,2007,430000.0,30000.0,0.0,40000.0
Theatrhythm: Final Fantasy,3DS,2012,220000.0,70000.0,180000.0,20000.0
Bleach: Soul Resurreccion,PS3,2011,270000.0,110000.0,70000.0,50000.0
Madden NFL 07,Wii,2006,460000.0,0.0,0.0,40000.0
Rugrats in Paris: The Movie,N64,2000,400000.0,90000.0,0.0,10000.0
Dance Dance Revolution Universe 2,X360,2007,460000.0,10000.0,0.0,40000.0
Star Wars: Jedi Starfighter,PS2,2002,240000.0,190000.0,0.0,60000.0
Tactics Ogre: The Knight of Lodis,GBA,2001,130000.0,50000.0,310000.0,10000.0
Fortune Street,Wii,2011,270000.0,40000.0,170000.0,20000.0
Super Robot Taisen MX,PS2,2004,0.0,0.0,500000.0,0.0
NBA Street Homecourt,X360,2007,450000.0,10000.0,0.0,40000.0
Bases Loaded '96: Double Header,PS,1995,280000.0,190000.0,0.0,30000.0
Dead or Alive Ultimate,XB,2004,300000.0,100000.0,80000.0,20000.0
RPG Maker,PS,1997,110000.0,70000.0,290000.0,30000.0
FIFA 14,PSV,2013,110000.0,250000.0,10000.0,130000.0
Star Wars: Clone Wars,PS2,2002,240000.0,190000.0,0.0,60000.0
The Saboteur,PS3,2009,200000.0,220000.0,0.0,80000.0
The Adventures of Jimmy Neutron Boy Genius: Attack of the Twonkies,PS2,2004,240000.0,190000.0,0.0,60000.0
Metal Gear Rising: Revengeance,X360,2013,290000.0,160000.0,0.0,40000.0
Madden NFL 11,PS2,2010,410000.0,20000.0,0.0,70000.0
Major League Baseball 2K12,X360,2012,470000.0,0.0,0.0,30000.0
Alien: Isolation,XOne,2014,220000.0,240000.0,0.0,40000.0
Monster Hunter,PS2,2004,110000.0,80000.0,280000.0,30000.0
Cars 2,X360,2011,280000.0,170000.0,0.0,50000.0
Dreamworks Madagascar Kartz,Wii,2009,290000.0,160000.0,0.0,50000.0
Tony Hawk's Underground 2,GC,2004,380000.0,100000.0,0.0,10000.0
SplashDown: Rides Gone Wild,PS2,2003,240000.0,190000.0,0.0,60000.0
Super Famista 5,SNES,1996,0.0,0.0,500000.0,0.0
Dynasty Warriors: Gundam 2,PS3,2008,90000.0,70000.0,320000.0,30000.0
Shrek SuperSlam,PS2,2005,240000.0,190000.0,0.0,60000.0
Rayman Advance,GBA,2001,360000.0,130000.0,0.0,10000.0
Super Robot Taisen Z,PS2,2008,0.0,0.0,500000.0,0.0
PoPoLoCrois Monogatari,PS,1996,0.0,0.0,460000.0,30000.0
Tomb Raider: Anniversary,PS2,2007,410000.0,20000.0,0.0,70000.0
Fantastic 4,PS2,2005,410000.0,10000.0,0.0,70000.0
Epic Mickey 2: The Power of Two,PS3,2012,210000.0,200000.0,0.0,80000.0
Men in Black II: Alien Escape,PS2,2002,240000.0,190000.0,0.0,60000.0
The Evil Within,X360,2014,250000.0,200000.0,10000.0,40000.0
RealSports Tennis,2600,1982,460000.0,30000.0,0.0,10000.0
Nicktoons: Attack of the Toybots,PS2,2007,240000.0,190000.0,0.0,60000.0
Raiders of the Lost Ark,2600,1981,460000.0,30000.0,0.0,10000.0
Gauntlet,2600,1982,460000.0,30000.0,0.0,10000.0
Ridge Racer 3D,3DS,2011,190000.0,150000.0,120000.0,30000.0
Cars Mater-National Championship,Wii,2007,460000.0,0.0,0.0,40000.0
Ace Combat: Assault Horizon,X360,2011,300000.0,120000.0,30000.0,40000.0
Resident Evil: The Mercenaries 3D,3DS,2011,160000.0,170000.0,130000.0,30000.0
Super Monkey Ball 3D,3DS,2011,260000.0,150000.0,50000.0,40000.0
Tony Hawk's Project 8,X360,2006,440000.0,20000.0,0.0,40000.0
Tony Hawk's Underground 2,GBA,2004,350000.0,130000.0,0.0,10000.0
MotorStorm: Apocalypse,PS3,2011,210000.0,200000.0,0.0,80000.0
Ice Hockey,2600,1980,460000.0,30000.0,0.0,10000.0
Dragon Quest Heroes: The World's Tree Woe and the Blight Below,PS3,2015,0.0,0.0,490000.0,0.0
Lego Batman 3: Beyond Gotham,PSV,2014,90000.0,290000.0,0.0,110000.0
The Matrix: Path of Neo,PS2,2005,410000.0,10000.0,0.0,70000.0
Kane & Lynch 2: Dog Days,X360,2010,200000.0,230000.0,10000.0,50000.0
Lollipop Chainsaw,X360,2012,310000.0,130000.0,20000.0,40000.0
WWE Wrestlemania X8,GC,2002,380000.0,100000.0,0.0,10000.0
Sonic Lost World,3DS,2013,240000.0,150000.0,70000.0,30000.0
Power Rangers: Dino Thunder,GBA,2003,350000.0,130000.0,0.0,10000.0
GoldenEye: Rogue Agent,XB,2004,340000.0,130000.0,0.0,20000.0
Ultimate I Spy,Wii,2008,450000.0,0.0,0.0,30000.0
The Sims,GC,2003,350000.0,130000.0,0.0,10000.0
Grandia III,PS2,2005,120000.0,100000.0,240000.0,30000.0
Mobile Suit Gundam Seed Destiny: Rengou vs. Z.A.F.T. II Plus,PS2,2006,0.0,0.0,490000.0,0.0
Mario & Wario,SNES,1993,0.0,0.0,490000.0,0.0
Scarface: The World is Yours,XB,2006,370000.0,110000.0,0.0,20000.0
"Transformers: Revenge of the Fallen (XBox 360, PS3, & PC Versions)",Wii,2009,240000.0,200000.0,0.0,50000.0
Pokemon Art Academy,3DS,2014,180000.0,120000.0,160000.0,30000.0
FIFA Soccer 64,N64,1997,160000.0,300000.0,0.0,30000.0
Dragon Ball Z: Burst Limit,X360,2008,240000.0,180000.0,30000.0,50000.0
Medal of Honor,PC,2010,200000.0,230000.0,0.0,70000.0
Doom 3 BFG Edition,X360,2012,280000.0,170000.0,0.0,40000.0
J-League Pro Soccer Club wo Tsukurou! 2,SAT,1997,0.0,0.0,490000.0,0.0
Terraria,PS3,2013,70000.0,260000.0,90000.0,70000.0
Backyard Baseball,PS2,2004,240000.0,190000.0,0.0,60000.0
WipEout Pulse,PS2,2009,0.0,150000.0,0.0,330000.0
Barbie Horse Adventures: Wild Horse Rescue,PS2,2003,240000.0,190000.0,0.0,60000.0
Epic Mickey: Power of Illusion,3DS,2012,360000.0,40000.0,40000.0,40000.0
Taiko no Tatsujin: Appare Sandaime,PS2,2003,0.0,0.0,490000.0,0.0
Alone in the Dark,X360,2008,140000.0,300000.0,0.0,50000.0
One Piece: Grand Battle!,PS,2001,0.0,0.0,460000.0,30000.0
"Transformers: Revenge of the Fallen (XBox 360, PS3, & PC Versions)",PS2,2009,250000.0,10000.0,0.0,220000.0
Football Manager Handheld 2009,PSP,2008,0.0,470000.0,0.0,20000.0
Sniper: Art of Victory,PC,2008,0.0,450000.0,0.0,30000.0
Crazy Taxi,GC,2001,360000.0,90000.0,20000.0,10000.0
Spy Hunter 2,PS2,2003,240000.0,190000.0,0.0,60000.0
F1 2014,PS3,2014,70000.0,310000.0,20000.0,80000.0
Pac-Man World 2,XB,2002,360000.0,110000.0,0.0,20000.0
Bass Pro Shops: The Strike,Wii,2009,450000.0,0.0,0.0,30000.0
Die Hard Trilogy 2: Viva Las Vegas,PS,1999,270000.0,180000.0,0.0,30000.0
Asphalt 3D,3DS,2011,270000.0,160000.0,20000.0,40000.0
Momotarou Dentetsu X: Kyuushuu-hen mo Arubai,PS2,2001,0.0,0.0,490000.0,0.0
Steel Diver,3DS,2011,310000.0,100000.0,50000.0,30000.0
Tales of Legendia,PS2,2005,70000.0,50000.0,350000.0,20000.0
SimCity 2000,SNES,1995,0.0,0.0,490000.0,0.0
Far Cry 2,PC,2008,10000.0,450000.0,0.0,30000.0
Battlefield: Hardline,PS3,2015,120000.0,230000.0,70000.0,70000.0
Harry Potter and the Order of the Phoenix,Wii,2007,380000.0,60000.0,0.0,40000.0
F.E.A.R. 2: Project Origin,PS3,2009,190000.0,210000.0,10000.0,80000.0
Sonic & All-Stars Racing Transformed,PSV,2012,120000.0,250000.0,0.0,110000.0
Scene It? Lights Camera Action,X360,2007,430000.0,20000.0,0.0,40000.0
Dead Space Extraction,Wii,2009,330000.0,110000.0,10000.0,40000.0
Shrek the Third,PS2,2007,400000.0,20000.0,0.0,70000.0
Metal Gear Solid HD Edition,PSV,2012,160000.0,180000.0,50000.0,90000.0
Madagascar: Operation Penguin,GBA,2005,350000.0,130000.0,0.0,10000.0
Active Life: Extreme Challenge,Wii,2009,150000.0,270000.0,0.0,60000.0
The Sims 2: Pets,Wii,2007,420000.0,30000.0,0.0,40000.0
Mario Golf: World Tour,3DS,2014,150000.0,140000.0,170000.0,30000.0
Need for Speed: Porsche Unleashed,GBA,2004,350000.0,130000.0,0.0,10000.0
Yu-Gi-Oh! Forbidden Memories (JP sales),PS,1999,0.0,0.0,450000.0,30000.0
NFL Street 2,XB,2004,360000.0,110000.0,0.0,20000.0
Silent Hill: Shattered Memories,Wii,2009,230000.0,190000.0,10000.0,50000.0
Millipede,2600,1983,450000.0,30000.0,0.0,10000.0
The Legend of the Mystical Ninja,SNES,1991,0.0,0.0,480000.0,0.0
You're in the Movies,X360,2008,270000.0,170000.0,0.0,50000.0
Dark Sector,X360,2008,220000.0,200000.0,10000.0,50000.0
James Bond 007: Blood Stone,X360,2010,200000.0,240000.0,0.0,50000.0
Jeopardy!,PS2,2003,240000.0,180000.0,0.0,60000.0
Destroy All Humans! 2,PS2,2006,400000.0,20000.0,0.0,70000.0
ECW Hardcore Revolution,PS,1999,270000.0,180000.0,0.0,30000.0
Pinball Hall of Fame: The Williams Collection,Wii,2008,420000.0,30000.0,0.0,40000.0
Tiger Woods PGA Tour 07,X360,2006,440000.0,0.0,0.0,40000.0
Wu-Tang: Shaolin Style,PS,1998,270000.0,180000.0,0.0,30000.0
World of Warcraft: Warlords of Draenor,PC,2014,80000.0,360000.0,0.0,40000.0
Rock Band Unplugged,PSP,2009,240000.0,150000.0,0.0,100000.0
Crash: Mind Over Mutant,X360,2008,220000.0,210000.0,0.0,50000.0
2010 FIFA World Cup South Africa,PSP,2010,90000.0,240000.0,30000.0,120000.0
Secret Weapons Over Normandy,PS2,2003,240000.0,180000.0,0.0,60000.0
All-Star Baseball 99,N64,1998,440000.0,40000.0,0.0,0.0
Harvest Moon 64,N64,1999,250000.0,60000.0,110000.0,60000.0
NCAA Football 09,PS2,2008,400000.0,20000.0,0.0,70000.0
Bratz: The Movie,PS2,2007,240000.0,180000.0,0.0,60000.0
FIFA Soccer 13,WiiU,2012,180000.0,260000.0,0.0,40000.0
Vigilante 8: 2nd Offense,PS,1999,270000.0,180000.0,0.0,30000.0
Two Worlds II,PS3,2011,260000.0,110000.0,60000.0,50000.0
Football Manager 2015,PC,2014,0.0,430000.0,0.0,50000.0
Theme Park Roller Coaster,PS2,2000,230000.0,180000.0,0.0,60000.0
Need for Speed: Hot Pursuit,Wii,2010,180000.0,240000.0,0.0,50000.0
Skylanders: SuperChargers,WiiU,2015,250000.0,180000.0,0.0,40000.0
Viva Pinata: Trouble in Paradise,X360,2008,160000.0,250000.0,10000.0,50000.0
FlingSmash,Wii,2010,380000.0,10000.0,70000.0,20000.0
NFL Xtreme 2,PS,1999,270000.0,180000.0,0.0,30000.0
Spider-Man 3,Wii,2007,420000.0,20000.0,0.0,40000.0
Midnight Club: Street Racing,GBA,2001,340000.0,130000.0,0.0,10000.0
Dynasty Warriors Gundam,PS3,2007,140000.0,10000.0,310000.0,20000.0
Tomb Raider: Underworld,Wii,2008,140000.0,280000.0,0.0,60000.0
Fable,X360,2014,250000.0,190000.0,10000.0,40000.0
Tiger Woods PGA Tour 06,XB,2005,350000.0,110000.0,0.0,20000.0
FIFA World Cup Germany 2006,X360,2006,190000.0,270000.0,10000.0,0.0
Up,PS2,2009,190000.0,50000.0,0.0,240000.0
Grand Prix,2600,1981,450000.0,30000.0,0.0,0.0
Ford Racing Off Road,Wii,2008,60000.0,400000.0,0.0,10000.0
SimCity Creator,Wii,2008,370000.0,30000.0,40000.0,40000.0
World of Outlaws: Sprint Cars 2002,PS2,2002,230000.0,180000.0,0.0,60000.0
Emergency Heroes,Wii,2008,150000.0,270000.0,0.0,60000.0
Fantavision,PS2,2000,140000.0,110000.0,190000.0,40000.0
Double Dragon,2600,1989,450000.0,20000.0,0.0,10000.0
Alien Trilogy,PS,1996,240000.0,160000.0,40000.0,30000.0
NBA Live 99,N64,1998,450000.0,20000.0,0.0,0.0
Bravely Second: End Layer,3DS,2015,160000.0,110000.0,180000.0,30000.0
Dark Sector,PS3,2008,230000.0,160000.0,10000.0,70000.0
Unreal Tournament III,X360,2008,250000.0,170000.0,10000.0,50000.0
X-Men: Next Dimension,PS2,2002,230000.0,180000.0,0.0,60000.0
Street Fighter X Tekken,X360,2012,310000.0,100000.0,30000.0,30000.0
The Godfather (JP sales),PS2,2006,390000.0,20000.0,0.0,60000.0
MySims Racing,Wii,2009,190000.0,230000.0,0.0,50000.0
Dragon Age Origins: Awakening,X360,2010,330000.0,100000.0,0.0,40000.0
Super Puyo Puyo 2,SNES,1995,0.0,0.0,470000.0,0.0
Gauntlet Legends,PS,2000,260000.0,180000.0,0.0,30000.0
Naruto Shippuden: Ultimate Ninja Storm Revolution,PS3,2014,150000.0,160000.0,90000.0,80000.0
Deadpool,PS3,2013,230000.0,170000.0,0.0,80000.0
WipEout,PS,1995,260000.0,180000.0,0.0,30000.0
ICO,PS2,2001,230000.0,180000.0,0.0,60000.0
Silent Hill: Downpour,PS3,2012,210000.0,160000.0,40000.0,60000.0
2014 FIFA World Cup Brazil,X360,2014,140000.0,280000.0,0.0,40000.0
WWE SmackDown vs. Raw 2011,Wii,2010,300000.0,130000.0,0.0,40000.0
Dragon Quest 25 Shuunen Kinin: Famicom & Super Famicom Dragon Quest I-II-III,Wii,2011,0.0,0.0,470000.0,0.0
Victorious Boxers: Ippo's Road to Glory,PS2,2000,50000.0,40000.0,380000.0,10000.0
Petz Sports,Wii,2008,420000.0,10000.0,0.0,40000.0
Lego Batman 3: Beyond Gotham,WiiU,2014,230000.0,210000.0,0.0,40000.0
Densetsu no Stafi,GBA,2002,0.0,0.0,460000.0,10000.0
Valkyrie Profile 2: Silmeria,PS2,2006,40000.0,30000.0,390000.0,10000.0
Hot Wheels Velocity X,PS2,2002,230000.0,180000.0,0.0,60000.0
Shadowrun,X360,2007,410000.0,20000.0,0.0,40000.0
FIFA Soccer 13,PSV,2012,0.0,300000.0,50000.0,120000.0
Virtua Tennis 4: World Tour,PSV,2011,50000.0,300000.0,10000.0,120000.0
"Warhammer 40,000: Dawn of War II",PC,2009,0.0,450000.0,0.0,20000.0
Crazy Taxi: Fare Wars,PSP,2007,100000.0,220000.0,20000.0,120000.0
Disney Infinity 3.0,PS3,2015,140000.0,250000.0,0.0,80000.0
L.A. Rush,PS2,2005,230000.0,180000.0,0.0,60000.0
Bomberman Hero,N64,1998,270000.0,60000.0,80000.0,50000.0
Automobili Lamborghini,N64,1997,280000.0,170000.0,0.0,10000.0
Quest 64,N64,1998,380000.0,80000.0,0.0,10000.0
Momotarou Dentetsu V,PS,1999,0.0,0.0,440000.0,30000.0
Doom 64,N64,1997,380000.0,80000.0,0.0,10000.0
Boom Blox Bash Party,Wii,2009,340000.0,90000.0,0.0,40000.0
The Sims 3: Ambitions,PC,2010,0.0,290000.0,0.0,180000.0
Dead or Alive 4,X360,2005,300000.0,30000.0,100000.0,30000.0
Commando,2600,1987,440000.0,20000.0,0.0,0.0
Rise of Nightmares,X360,2011,280000.0,130000.0,10000.0,40000.0
The Princess and the Frog,Wii,2009,290000.0,130000.0,0.0,40000.0
NBA Ballers: Phenom,PS2,2006,230000.0,180000.0,0.0,60000.0
Need for Speed Carbon,XB,2006,350000.0,100000.0,0.0,20000.0
NHL 16,XOne,2015,370000.0,50000.0,0.0,50000.0
FIFA 12,PC,2011,40000.0,330000.0,0.0,100000.0
MTV Music Generator,PS,1999,260000.0,180000.0,0.0,30000.0
Major League Baseball 2K13,X360,2013,440000.0,0.0,0.0,30000.0
Super Momotarou Dentetsu DX,SNES,1995,0.0,0.0,470000.0,0.0
World Soccer Winning Eleven 8: Liveware Evolution,PS2,2005,0.0,0.0,470000.0,0.0
The Sims 3: Outdoor Living Stuff,PC,2011,0.0,380000.0,0.0,90000.0
Cars: Race-O-Rama,PS2,2009,270000.0,30000.0,0.0,170000.0
Downhill Domination,PS2,2003,230000.0,180000.0,0.0,60000.0
NHL 15,X360,2014,350000.0,70000.0,0.0,40000.0
Pirates of the Caribbean: Dead Man's Chest,GBA,2006,330000.0,120000.0,0.0,10000.0
World Series of Poker,PS2,2005,390000.0,10000.0,0.0,60000.0
Inazuma Eleven Go 2: Chrono Stone,3DS,2012,0.0,10000.0,460000.0,0.0
NHL 97,PS,1996,260000.0,180000.0,0.0,30000.0
We Sing Encore,Wii,2010,0.0,410000.0,0.0,60000.0
Kong: The 8th Wonder of the World,GBA,2005,330000.0,120000.0,0.0,10000.0
MX vs. ATV: Alive,PS3,2011,240000.0,150000.0,0.0,70000.0
Godzilla: Save the Earth,PS2,2004,230000.0,180000.0,0.0,60000.0
Dance Dance Revolution: Mario Mix,GC,2005,360000.0,90000.0,0.0,10000.0
Metal Gear Solid: The Twin Snakes,GC,2004,300000.0,80000.0,70000.0,10000.0
Mat Hoffman's Pro BMX 2,PS2,2002,230000.0,180000.0,0.0,60000.0
Metal Gear Solid: The Essential Collection,PS2,2007,230000.0,180000.0,0.0,60000.0
Iridion 3D,GBA,2001,330000.0,120000.0,0.0,10000.0
MX vs. ATV Untamed,PS3,2007,350000.0,60000.0,0.0,50000.0
Classic NES Series: Pac-Man,GBA,2004,250000.0,90000.0,120000.0,10000.0
Destroy All Humans!,XB,2005,340000.0,110000.0,0.0,20000.0
Dragon Ball Z: Collectible Card Game,GBA,2002,330000.0,120000.0,0.0,10000.0
Country Dance 2,Wii,2011,440000.0,0.0,0.0,30000.0
Razor Freestyle Scooter,PS,1999,260000.0,170000.0,0.0,30000.0
Crash of the Titans,Wii,2007,400000.0,30000.0,0.0,40000.0
F.E.A.R. 3,PS3,2011,210000.0,170000.0,10000.0,70000.0
Disney's Kim Possible 3: Team Possible,GBA,2005,330000.0,120000.0,0.0,10000.0
Rygar: The Legendary Adventure,PS2,2002,200000.0,150000.0,60000.0,50000.0
Syphon Filter: Logan's Shadow,PSP,2007,250000.0,120000.0,0.0,90000.0
Super Batter Up,SNES,1992,0.0,0.0,460000.0,0.0
Kessen II,PS2,2001,130000.0,100000.0,200000.0,30000.0
Crayon Shin-Chan: Arashi o Yobu Enji,SNES,1993,0.0,0.0,460000.0,0.0
Stuart Little 2,GBA,2002,330000.0,120000.0,0.0,10000.0
Wolfenstein: The New Order,PC,2014,120000.0,290000.0,0.0,50000.0
"Warhammer 40,000: Space Marine",PS3,2011,130000.0,250000.0,0.0,90000.0
Tak 2: The Staff of Dreams,GBA,2004,330000.0,120000.0,0.0,10000.0
Art Academy: Lessons for Everyone,3DS,2012,200000.0,30000.0,210000.0,20000.0
ATV Offroad Fury Pro,PSP,2006,370000.0,40000.0,0.0,50000.0
SingStar Amped,PS2,2007,230000.0,180000.0,0.0,60000.0
Brothers In Arms: Earned in Blood,PS2,2005,380000.0,10000.0,0.0,60000.0
Walk it Out!,Wii,2010,360000.0,60000.0,0.0,40000.0
Dragon Ball Z: Sagas,PS2,2005,380000.0,10000.0,0.0,60000.0
Scooby-Doo,GBA,2001,330000.0,120000.0,0.0,10000.0
The Legend of Spyro: Dawn of the Dragon,PS3,2008,190000.0,190000.0,0.0,80000.0
Hydro Thunder,PS,1999,260000.0,170000.0,0.0,30000.0
Brothers In Arms: D-Day,PSP,2006,230000.0,140000.0,0.0,90000.0
Mario & Sonic at the Rio 2016 Olympic Games,3DS,2016,40000.0,160000.0,240000.0,10000.0
NHL FaceOff '97,PS,1996,260000.0,170000.0,0.0,30000.0
Deadpool,X360,2013,260000.0,160000.0,0.0,40000.0
Brothers In Arms: Road to Hill 30,PS2,2005,380000.0,10000.0,0.0,60000.0
Virtua Tennis 4,PS3,2011,90000.0,250000.0,30000.0,90000.0
EA Sports UFC,XOne,2014,300000.0,120000.0,0.0,40000.0
Gremlins,2600,1983,430000.0,30000.0,0.0,0.0
The Mark of Kri,PS2,2002,220000.0,180000.0,0.0,60000.0
Jampack Winter 2003 (RP-M),PS2,2003,220000.0,180000.0,0.0,60000.0
Rugrats: Castle Capers,GBA,2001,330000.0,120000.0,0.0,10000.0
Crash Nitro Kart,GBA,2003,330000.0,120000.0,0.0,10000.0
Star Wars The Clone Wars: Republic Heroes,PS3,2009,190000.0,190000.0,0.0,70000.0
Farming Simulator 2015,PS3,2015,110000.0,280000.0,0.0,70000.0
Madden NFL 12,Wii,2011,430000.0,0.0,0.0,30000.0
Mad Max (2015),XOne,2015,260000.0,160000.0,0.0,40000.0
Jak and Daxter: The Lost Frontier,PS2,2009,220000.0,170000.0,0.0,60000.0
Momotarou Dentetsu 11,PS2,2002,0.0,0.0,460000.0,0.0
Command & Conquer: Red Alert 3,X360,2008,180000.0,230000.0,0.0,50000.0
Tomb Raider: Legend,PSP,2006,90000.0,240000.0,0.0,120000.0
Skylanders: SuperChargers,X360,2015,240000.0,180000.0,0.0,40000.0
The Golden Compass,X360,2007,300000.0,120000.0,0.0,40000.0
Star Wars: Demolition,PS,2000,250000.0,170000.0,0.0,30000.0
Scooby-Doo! and the Spooky Swamp,Wii,2010,290000.0,130000.0,0.0,40000.0
Sword Art Online: Lost Song,PSV,2015,80000.0,100000.0,230000.0,50000.0
Bloody Roar II,PS,1999,250000.0,170000.0,0.0,30000.0
Delta Force: Black Hawk Down,PS2,2005,220000.0,170000.0,0.0,60000.0
Burnout Dominator,PSP,2007,20000.0,380000.0,10000.0,60000.0
NBA Live 07,X360,2006,420000.0,0.0,0.0,40000.0
Vin Diesel: Wheelman,X360,2009,240000.0,170000.0,0.0,50000.0
Space Invaders,SNES,1994,0.0,0.0,460000.0,0.0
.hack//Outbreak Part 3,PS2,2002,140000.0,110000.0,170000.0,40000.0
Rayman Legends,X360,2013,190000.0,230000.0,0.0,40000.0
Mother 1+2,GBA,2003,0.0,0.0,450000.0,10000.0
Hyperdimension Neptunia,PS3,2010,220000.0,110000.0,70000.0,50000.0
iCarly,Wii,2009,420000.0,0.0,0.0,30000.0
Puzzle & Dragons Z + Super Mario Bros. Edition,3DS,2015,50000.0,50000.0,340000.0,10000.0
Harry Potter and the Deathly Hallows - Part 1,X360,2010,210000.0,200000.0,0.0,40000.0
Top Spin,XB,2003,360000.0,80000.0,0.0,20000.0
Disney Guilty Party,Wii,2010,430000.0,0.0,0.0,30000.0
Warhawk,PS,1995,250000.0,170000.0,0.0,30000.0
Pirates of the Caribbean: At World's End,Wii,2007,390000.0,20000.0,10000.0,40000.0
Red Faction: Armageddon,PS3,2011,200000.0,160000.0,30000.0,70000.0
DanceStar Party,PS3,2011,0.0,350000.0,0.0,100000.0
Persona 4: Dancing All Night,PSV,2015,130000.0,100000.0,150000.0,70000.0
Tales of Vesperia,PS3,2009,0.0,0.0,450000.0,0.0
Thief (2014),XOne,2014,260000.0,150000.0,0.0,40000.0
Dynasty Warriors: Strikeforce,PSP,2009,30000.0,30000.0,380000.0,20000.0
2 Games in 1: SpongeBob SquarePants: SuperSponge & Rugrats Go Wild,GBA,2005,330000.0,120000.0,0.0,10000.0
Tales of Hearts,PSV,2013,150000.0,130000.0,90000.0,80000.0
Missile Command,PS,1999,250000.0,170000.0,0.0,30000.0
Lego Batman 3: Beyond Gotham,3DS,2014,210000.0,210000.0,0.0,40000.0
Barbie as The Island Princess,Wii,2007,420000.0,0.0,0.0,30000.0
Jikkyou Powerful Pro Yakyuu 3,SNES,1996,0.0,0.0,450000.0,0.0
The Walking Dead: Season One,PS4,2014,120000.0,250000.0,10000.0,80000.0
Jikkyou Powerful Pro Yakyuu 12,PS2,2005,0.0,0.0,450000.0,0.0
Enter the Matrix,GC,2003,340000.0,90000.0,20000.0,10000.0
Crash: Mind Over Mutant,Wii,2008,360000.0,60000.0,0.0,30000.0
NASCAR 2005: Chase for the Cup,XB,2004,340000.0,100000.0,0.0,20000.0
J-League Excite Stage '95,SNES,1995,0.0,0.0,450000.0,0.0
Phantasy Star Online Episode I & II,GC,2002,230000.0,60000.0,160000.0,10000.0
The Powerpuff Girls: Relish Rampage,PS2,2002,220000.0,170000.0,0.0,60000.0
Resistance: Burning Skies,PSV,2012,210000.0,160000.0,20000.0,70000.0
NBA 2K13,Wii,2012,390000.0,30000.0,0.0,30000.0
Dead or Alive: Dimensions,3DS,2011,130000.0,210000.0,70000.0,30000.0
NFL Head Coach,PS2,2006,380000.0,10000.0,0.0,60000.0
Watch Dogs,PC,2014,140000.0,260000.0,0.0,50000.0
Karaoke Revolution Presents American Idol Encore,Wii,2008,420000.0,0.0,0.0,30000.0
Major League Baseball 2K11,X360,2011,400000.0,30000.0,0.0,30000.0
Enemy Territory: Quake Wars,X360,2008,300000.0,110000.0,0.0,40000.0
Ghostbusters,2600,1985,420000.0,30000.0,0.0,0.0
NCAA Gamebreaker 99,PS,1998,250000.0,170000.0,0.0,30000.0
Area 51,PS2,2005,220000.0,170000.0,0.0,60000.0
World Stadium 2,PS,1998,0.0,0.0,420000.0,30000.0
Sega Rally Revo,X360,2007,120000.0,280000.0,0.0,50000.0
NHL 2005,PS2,2004,220000.0,170000.0,0.0,60000.0
TNA iMPACT!,X360,2008,260000.0,150000.0,0.0,40000.0
Star Wars Jedi Knight: Jedi Academy,XB,2003,340000.0,100000.0,0.0,20000.0
Thrillville: Off the Rails,Wii,2007,390000.0,20000.0,0.0,30000.0
Phoenix,2600,1981,420000.0,20000.0,0.0,0.0
Spider-Man: Shattered Dimensions,PS3,2010,260000.0,130000.0,0.0,60000.0
F.E.A.R. 3,X360,2011,300000.0,110000.0,10000.0,40000.0
Plants vs. Zombies: Garden Warfare 2,PS4,2016,170000.0,210000.0,0.0,70000.0
Rock Band Country Track Pack,Wii,2009,420000.0,0.0,0.0,30000.0
Pro Evolution Soccer 2016,PS3,2015,80000.0,180000.0,150000.0,50000.0
Apocalypse,PS,1998,250000.0,170000.0,0.0,30000.0
PES 2009: Pro Evolution Soccer,Wii,2009,90000.0,260000.0,50000.0,50000.0
Yu-Gi-Oh! Destiny Board Traveler,GBA,2004,320000.0,120000.0,0.0,10000.0
SingStar Queen,PS3,2009,110000.0,260000.0,0.0,80000.0
God Eater 2,PSV,2013,0.0,0.0,450000.0,0.0
Samurai Warriors 3,Wii,2009,100000.0,20000.0,320000.0,10000.0
World Soccer Winning Eleven 5 Final Evolution,PS2,2001,0.0,0.0,450000.0,0.0
One Piece: Pirate Warriors 3,PS4,2015,80000.0,220000.0,100000.0,50000.0
Sphinx and the Cursed Mummy,PS2,2003,220000.0,170000.0,0.0,60000.0
Fatal Fury 2,SNES,1993,0.0,0.0,450000.0,0.0
Rampage World Tour,N64,1998,360000.0,80000.0,0.0,10000.0
Pokemon Puzzle League,N64,2000,360000.0,80000.0,0.0,10000.0
Eternal Sonata,PS3,2008,190000.0,130000.0,70000.0,60000.0
Dance Dance Revolution: Hottest Party 3,Wii,2009,260000.0,140000.0,0.0,40000.0
FIFA 15,3DS,2014,90000.0,330000.0,0.0,30000.0
Petz: Catz 2,Wii,2007,410000.0,10000.0,0.0,30000.0
Tekken Advance,GBA,2001,320000.0,120000.0,0.0,10000.0
Shin Megami Tensei: Persona 3,PS2,2006,220000.0,30000.0,0.0,200000.0
Persona,PS,1995,0.0,0.0,420000.0,30000.0
Naruto Shippuden: Ultimate Ninja Storm Generations,X360,2012,260000.0,140000.0,10000.0,40000.0
Hot Wheels: Stunt Track Challenge,GBA,2004,320000.0,120000.0,0.0,10000.0
Viking: Battle for Asgard,X360,2008,160000.0,240000.0,0.0,50000.0
Mobile Suit Gundam,PS,1995,0.0,0.0,420000.0,30000.0
SingStar Take That,PS2,2009,0.0,60000.0,0.0,390000.0
SOCOM: U.S. Navy SEALs Fireteam Bravo 3,PSP,2010,170000.0,130000.0,60000.0,80000.0
Final Fantasy Collection,PS,1999,0.0,0.0,420000.0,30000.0
Disney Sing It! High School Musical 3: Senior Year,PS2,2008,90000.0,20000.0,0.0,340000.0
NBA Live 10,X360,2009,400000.0,20000.0,0.0,30000.0
Samurai Warriors: Xtreme Legends,PS2,2004,40000.0,30000.0,360000.0,10000.0
Tony Hawk's Proving Ground,PS3,2007,360000.0,50000.0,0.0,50000.0
NHL FaceOff,PS,1994,250000.0,170000.0,0.0,30000.0
WWE WrestleMania 21,XB,2005,340000.0,100000.0,0.0,20000.0
Brunswick Pro Bowling,X360,2010,380000.0,40000.0,0.0,30000.0
Worms: Open Warfare 2,PSP,2007,40000.0,260000.0,0.0,140000.0
NBA Live 2005,GC,2004,350000.0,90000.0,0.0,10000.0
Defender II,2600,1987,420000.0,20000.0,0.0,0.0
WWE Day of Reckoning,GC,2004,350000.0,90000.0,0.0,10000.0
ATV Quad Power Racing 2,XB,2003,360000.0,70000.0,0.0,10000.0
Walt Disney World Quest: Magical Racing Tour,PS,2000,250000.0,170000.0,0.0,30000.0
Sled Storm,PS2,2002,220000.0,170000.0,0.0,60000.0
Vandal Hearts,PS,1996,140000.0,90000.0,190000.0,30000.0
Mario Tennis Ultra Smash,WiiU,2015,130000.0,160000.0,130000.0,30000.0
Celebrity Sports Showdown,Wii,2008,180000.0,220000.0,0.0,50000.0
Jawbreaker,2600,1981,420000.0,30000.0,0.0,0.0
Scooby-Doo! Mystery Mayhem,PS2,2004,220000.0,170000.0,0.0,60000.0
Mario Golf: Advance Tour,GBA,2004,320000.0,120000.0,0.0,10000.0
Crash: Mind Over Mutant,PSP,2008,110000.0,220000.0,0.0,120000.0
Karaoke Revolution,Wii,2009,240000.0,160000.0,0.0,40000.0
Just Dance 2014,XOne,2013,300000.0,110000.0,0.0,40000.0
Yu-Gi-Oh! Capsule Monster Coliseum,PS2,2004,220000.0,170000.0,0.0,60000.0
Payday 2,PS3,2013,210000.0,150000.0,0.0,80000.0
Major League Baseball 2K6,PS2,2006,370000.0,10000.0,0.0,60000.0
Jampack Volume 13 (RP-M),PS2,2005,370000.0,10000.0,0.0,60000.0
World Soccer Winning Eleven 9,XB,2005,60000.0,330000.0,20000.0,30000.0
NBA Live 2000,N64,1999,420000.0,20000.0,0.0,0.0
Teenage Mutant Ninja Turtles 2: Battle Nexus,PS2,2004,220000.0,170000.0,0.0,60000.0
"SpongeBob SquarePants: Lights, Camera, Pants!",PS2,2005,370000.0,10000.0,0.0,60000.0
Disney Infinity 3.0,X360,2015,190000.0,210000.0,0.0,40000.0
The Thing,PS2,2002,220000.0,170000.0,0.0,60000.0
Disney Infinity 3.0,WiiU,2015,200000.0,210000.0,0.0,40000.0
Van Helsing,PS2,2004,220000.0,170000.0,0.0,60000.0
X-Men Legends II: Rise of Apocalypse,XB,2005,300000.0,120000.0,0.0,20000.0
Food Network: Cook or Be Cooked,Wii,2009,410000.0,0.0,0.0,30000.0
Transformers: Fall of Cybertron,X360,2012,280000.0,130000.0,0.0,40000.0
Metro: Last Light,PS3,2013,140000.0,200000.0,30000.0,80000.0
Spawn: Armageddon,PS2,2003,220000.0,170000.0,0.0,60000.0
The Godfather (US sales),XB,2006,330000.0,100000.0,0.0,20000.0
DmC: Devil May Cry,X360,2013,260000.0,130000.0,10000.0,40000.0
Plants vs. Zombies: Garden Warfare 2,XOne,2016,260000.0,150000.0,0.0,40000.0
World Stadium EX,PS,1996,0.0,0.0,410000.0,30000.0
Tiger Woods PGA Tour 2003,XB,2002,350000.0,80000.0,0.0,10000.0
Battlefield 2: Modern Combat,PS2,2005,370000.0,10000.0,0.0,60000.0
G-Force,Wii,2009,190000.0,200000.0,0.0,50000.0
Ben 10 Alien Force: Vilgax Attacks,Wii,2009,250000.0,150000.0,0.0,40000.0
50 Cent: Bulletproof,XB,2005,330000.0,100000.0,0.0,20000.0
Densetsu no Stafi 2,GBA,2003,0.0,0.0,430000.0,10000.0
Independence Day,PS,1997,250000.0,170000.0,0.0,30000.0
Need for Speed: Shift 2 Unleashed,X360,2011,180000.0,220000.0,0.0,40000.0
Chocobo Racing,PS,1999,70000.0,50000.0,300000.0,30000.0
Ninja Gaiden 3,PS3,2012,190000.0,100000.0,110000.0,50000.0
Child of Eden,X360,2011,280000.0,120000.0,0.0,40000.0
LEGO Star Wars II: The Original Trilogy,XB,2006,330000.0,100000.0,0.0,20000.0
Family Fest Presents Circus Games,Wii,2008,100000.0,290000.0,0.0,50000.0
The Darkness,X360,2007,360000.0,40000.0,10000.0,40000.0
Gundam SEED: Federation vs. Z.A.F.T.,PS2,2005,0.0,0.0,440000.0,0.0
Ms. Pac-Man Maze Madness,PS,2000,250000.0,170000.0,0.0,30000.0
Blood Omen: Legacy of Kain,PS,1996,250000.0,170000.0,0.0,30000.0
Super Bomberman 4,SNES,1996,0.0,0.0,440000.0,0.0
Bomberman II,NES,1991,160000.0,30000.0,150000.0,100000.0
Duke Nukem 64,N64,1997,350000.0,80000.0,0.0,10000.0
Sin and Punishment: Star Successor,Wii,2009,200000.0,140000.0,60000.0,40000.0
Jump Start Pet Rescue,Wii,2009,410000.0,0.0,0.0,30000.0
Naughty Bear,PS3,2010,180000.0,180000.0,0.0,70000.0
"SpongeBob SquarePants: Lights, Camera, Pants!",GC,2005,340000.0,90000.0,0.0,10000.0
Super Robot Taisen OG: Original Generations,PS2,2007,0.0,0.0,440000.0,0.0
Army Men World War: Final Front,PS,2001,240000.0,170000.0,0.0,30000.0
Yu-Gi-Oh! 5D's Tag Force 4,PSP,2009,190000.0,70000.0,120000.0,60000.0
MX Unleashed,XB,2004,340000.0,80000.0,0.0,20000.0
Jikkyou Powerful Pro Yakyuu 9,PS2,2002,0.0,0.0,440000.0,0.0
Grind Session,PS,2000,240000.0,170000.0,0.0,30000.0
Naruto: Gekito Ninja Taisen! 3,GC,2004,0.0,0.0,430000.0,10000.0
Wario World,GC,2003,340000.0,90000.0,0.0,10000.0
Scooby-Doo! Mystery Mayhem,GBA,2003,310000.0,120000.0,0.0,10000.0
Taiko no Tatsujin: Doki! Shinkyoku Darake no Haru Matsuri,PS2,2003,0.0,0.0,440000.0,0.0
Just Dance 4,PS3,2012,260000.0,120000.0,0.0,60000.0
TimeSplitters 2,GC,2002,340000.0,90000.0,0.0,10000.0
Battlebots: Design & Destroy,GBA,2003,310000.0,120000.0,0.0,10000.0
Devil May Cry HD Collection,X360,2012,280000.0,110000.0,10000.0,30000.0
Eternal Darkness: Sanity's Requiem,GC,2002,340000.0,90000.0,0.0,10000.0
Power Rangers: S.P.D.,GBA,2004,310000.0,120000.0,0.0,10000.0
Naruto: Ultimate Ninja 3,PS2,2005,360000.0,10000.0,0.0,60000.0
SingStar Motown,PS2,2009,0.0,60000.0,0.0,380000.0
Neon Genesis Evangelion,SAT,1996,0.0,0.0,440000.0,0.0
Nicktoons: Attack of the Toybots,Wii,2007,400000.0,0.0,0.0,30000.0
Mobile Suit Gundam: One Year War,PS2,2005,0.0,0.0,440000.0,0.0
NFL Blitz 20-03,PS2,2002,210000.0,170000.0,0.0,60000.0
Just Dance: Summer Party,Wii,2011,410000.0,0.0,0.0,30000.0
SpongeBob's Atlantis SquarePantis,PS2,2007,360000.0,10000.0,0.0,60000.0
Dragon Ball Z: Shin Budokai - Another Road,PSP,2007,190000.0,90000.0,80000.0,70000.0
Star Wars: Jedi Starfighter,XB,2002,350000.0,70000.0,0.0,20000.0
Remington Great American Bird Hunt,Wii,2009,410000.0,0.0,0.0,30000.0
Classic NES Series: Metroid,GBA,2004,260000.0,100000.0,70000.0,10000.0
Alpha Protocol,PS3,2010,190000.0,180000.0,0.0,70000.0
Tetris Axis,3DS,2011,200000.0,130000.0,60000.0,30000.0
Primal,PS2,2003,210000.0,170000.0,0.0,60000.0
Madden NFL 2002,N64,2001,410000.0,20000.0,0.0,0.0
Need for Speed Underground 2,GBA,2004,310000.0,120000.0,0.0,10000.0
007: Quantum of Solace,PS2,2008,170000.0,0.0,0.0,260000.0
Spec Ops: Covert Assault,PS,2001,240000.0,160000.0,0.0,30000.0
SSX Tricky,XB,2001,320000.0,90000.0,0.0,20000.0
Flight Control Rocket,GBA,2005,310000.0,120000.0,0.0,10000.0
FIFA 14,PC,2013,10000.0,360000.0,0.0,60000.0
"The Chronicles of Narnia: The Lion, The Witch and The Wardrobe",PS2,2005,360000.0,10000.0,0.0,60000.0
Trials Fusion,PS4,2014,130000.0,210000.0,10000.0,80000.0
NiGHTS into dreams...,SAT,1996,0.0,0.0,430000.0,0.0
NCAA Football 2004,XB,2003,400000.0,20000.0,0.0,20000.0
Overwatch,PC,2016,220000.0,180000.0,0.0,40000.0
Rock Band 4,XOne,2015,350000.0,40000.0,0.0,40000.0
NBA Jam,Wii,2010,380000.0,30000.0,0.0,30000.0
Bionicle,PS2,2003,210000.0,170000.0,0.0,60000.0
Minecraft,WiiU,2016,180000.0,90000.0,140000.0,30000.0
MLB 2002,PS,2001,240000.0,160000.0,0.0,30000.0
Sleeping Dogs,PS4,2014,160000.0,200000.0,0.0,70000.0
TimeSplitters,PS2,2000,210000.0,170000.0,0.0,60000.0
Barnstorming,2600,1981,400000.0,20000.0,0.0,0.0
InuYasha: The Secret of the Cursed Mask,PS2,2004,210000.0,170000.0,0.0,60000.0
The Powerpuff Girls: Him and Seek,GBA,2002,310000.0,110000.0,0.0,10000.0
Mega Man Zero 2,GBA,2003,180000.0,70000.0,170000.0,10000.0
Wonder Project J: Kikai no Shonen Pino,SNES,1994,0.0,0.0,430000.0,0.0
2010 FIFA World Cup South Africa,Wii,2010,230000.0,150000.0,10000.0,40000.0
Atelier Totori: The Adventurer of Arland,PS3,2010,120000.0,70000.0,210000.0,30000.0
Spec Ops: The Line,X360,2012,210000.0,190000.0,0.0,40000.0
The Fairly Odd Parents: Game Boy Advance Video Volume 1,GBA,2004,310000.0,110000.0,0.0,10000.0
Ghostbusters: The Video Game,PS2,2009,150000.0,40000.0,0.0,240000.0
Hunter: The Reckoning  Wayward,PS2,2003,210000.0,160000.0,0.0,60000.0
How to Train Your Dragon,Wii,2010,240000.0,150000.0,0.0,40000.0
Command & Conquer 3: Tiberium Wars,X360,2007,350000.0,50000.0,0.0,30000.0
WipEout 64,N64,1998,280000.0,140000.0,0.0,10000.0
Mischief Makers,N64,1997,250000.0,60000.0,70000.0,60000.0
Max Payne 3,PC,2012,150000.0,220000.0,0.0,60000.0
EyeToy: AntiGrav,PS2,2004,360000.0,10000.0,0.0,60000.0
FIFA 14,Wii,2013,0.0,380000.0,0.0,50000.0
EverQuest Online Adventures,PS2,2003,210000.0,160000.0,0.0,50000.0
Cool Boarders,PS,1996,100000.0,70000.0,240000.0,30000.0
Mobile Suit Gundam: Zeonic Front,PS2,2001,90000.0,70000.0,250000.0,20000.0
Zone of the Enders HD Collection,PS3,2012,210000.0,80000.0,90000.0,50000.0
Def Jam Icon,PS3,2007,160000.0,190000.0,0.0,80000.0
Tales of the World: Radiant Mythology,PSP,2006,170000.0,10000.0,230000.0,20000.0
Monopoly,PS2,2008,210000.0,160000.0,0.0,50000.0
Dawn of Mana,PS2,2006,70000.0,50000.0,290000.0,20000.0
Microsoft Flight Simulator X,PC,2006,20000.0,340000.0,0.0,70000.0
Lego Batman 3: Beyond Gotham,XOne,2014,230000.0,170000.0,0.0,40000.0
Madden NFL 2003,GC,2002,330000.0,90000.0,0.0,10000.0
NASCAR Kart Racing,Wii,2009,390000.0,0.0,0.0,30000.0
Disney Sing It,X360,2008,390000.0,10000.0,0.0,30000.0
Backyard Baseball,GBA,2002,310000.0,110000.0,0.0,10000.0
Call of Duty: Black Ops II,WiiU,2012,210000.0,180000.0,0.0,30000.0
TRON: Evolution,PS3,2010,270000.0,100000.0,0.0,50000.0
Midway Arcade Treasures,XB,2003,330000.0,80000.0,0.0,10000.0
Petz: Horsez 2,Wii,2007,390000.0,0.0,0.0,30000.0
Bakugan: Battle Brawlers,PS2,2009,210000.0,160000.0,0.0,50000.0
NHL FaceOff 99,PS,1997,240000.0,160000.0,0.0,30000.0
Skylanders: Trap Team,PS4,2014,180000.0,170000.0,0.0,70000.0
SEGA Classics Collection,PS2,2005,210000.0,160000.0,0.0,50000.0
Pirates of the Caribbean: At World's End,PSP,2007,150000.0,170000.0,0.0,100000.0
Juiced: Eliminator,PSP,2006,110000.0,200000.0,0.0,120000.0
Neon Genesis Evangelion 2nd Impression,SAT,1997,0.0,0.0,420000.0,0.0
Dai-2-Ji Super Robot Taisen Z: Hakai-hen,PSP,2011,0.0,0.0,420000.0,0.0
NBA Street,GC,2002,330000.0,90000.0,0.0,10000.0
Ben 10 Alien Force: Vilgax Attacks,PSP,2009,130000.0,190000.0,0.0,110000.0
The Legend of Spyro: The Eternal Night,PS2,2007,210000.0,160000.0,0.0,50000.0
Mega Man Battle Network,GBA,2001,140000.0,50000.0,220000.0,10000.0
LEGO Rock Band,PS3,2009,240000.0,130000.0,0.0,60000.0
25 to Life,PS2,2006,350000.0,10000.0,0.0,60000.0
NHL 2K6,PS2,2005,210000.0,160000.0,0.0,50000.0
Medal of Honor: Rising Sun,GC,2003,330000.0,90000.0,0.0,10000.0
The Sims,XB,2003,310000.0,100000.0,0.0,10000.0
Guitar Hero: Smash Hits,X360,2009,230000.0,150000.0,0.0,40000.0
Dog's Life,PS2,2003,210000.0,160000.0,0.0,50000.0
The X Files,PS,1999,240000.0,160000.0,0.0,30000.0
Super Wagyan Land,SNES,1991,0.0,0.0,420000.0,0.0
Rascal,PS,1998,240000.0,160000.0,0.0,30000.0
Hometown Story,3DS,2013,220000.0,130000.0,40000.0,40000.0
Tony Hawk's American Wasteland,GC,2005,330000.0,80000.0,0.0,10000.0
Top Spin 4,X360,2011,150000.0,230000.0,0.0,40000.0
Famicom Mini: Super Mario Bros. 2,GBA,2004,0.0,0.0,410000.0,10000.0
Medal of Honor Heroes 2,Wii,2007,340000.0,40000.0,10000.0,40000.0
Yu-Gi-Oh! GX: Tag Force 2,PSP,2007,30000.0,200000.0,100000.0,110000.0
Colony Wars,PS,1997,240000.0,160000.0,0.0,30000.0
All-Star Baseball 2004,PS2,2003,210000.0,160000.0,0.0,50000.0
Big Strike Bowling,PS,2003,230000.0,160000.0,0.0,30000.0
Ragnarok Odyssey,PSV,2012,220000.0,10000.0,160000.0,30000.0
NASCAR Thunder 2002,PS,2001,230000.0,160000.0,0.0,30000.0
Grandia,SAT,1997,0.0,0.0,420000.0,0.0
ESPN NHL 2K5,XB,2004,320000.0,90000.0,0.0,20000.0
Yu-Gi-Oh! 7 Trials to Glory: World Championship Tournament 2005,GBA,2005,300000.0,110000.0,0.0,10000.0
Hot Wheels World Race,PS2,2003,210000.0,160000.0,0.0,50000.0
Avatar: The Last Airbender - The Burning Earth,PS2,2007,210000.0,160000.0,0.0,50000.0
Superman: Shadow of Apokolips,PS2,2002,210000.0,160000.0,0.0,50000.0
NiGHTS: Journey of Dreams,Wii,2007,330000.0,30000.0,40000.0,30000.0
American Chopper,PS2,2004,350000.0,10000.0,0.0,60000.0
Vanquish,X360,2010,190000.0,170000.0,30000.0,40000.0
Star Wars Trilogy: Apprentice of the Force,GBA,2004,300000.0,110000.0,0.0,10000.0
Lemony Snicket's A Series of Unfortunate Events,GBA,2004,300000.0,110000.0,0.0,10000.0
JGTC: All-Japan Grand Touring Car Championship,PS,1998,230000.0,160000.0,0.0,30000.0
NBA Live 06,PSP,2005,390000.0,0.0,0.0,30000.0
Arc the Lad III,PS,1999,0.0,0.0,390000.0,30000.0
Mobile Suit Gundam: Gundam vs. Gundam,PSP,2008,0.0,0.0,420000.0,0.0
Test Drive,XB,2002,350000.0,50000.0,0.0,20000.0
Jikkyou Powerful Pro Yakyuu 11,PS2,2004,0.0,0.0,420000.0,0.0
The Adventures of Jimmy Neutron Boy Genius: Jet Fusion,PS2,2003,210000.0,160000.0,0.0,50000.0
Rush 2: Extreme Racing USA,N64,1998,350000.0,60000.0,0.0,0.0
NFL Blitz 2001,N64,2000,340000.0,70000.0,0.0,0.0
Dr. Mario 64,N64,2001,340000.0,70000.0,0.0,0.0
Jikkyou Powerful Pro Yakyuu 6,N64,1999,0.0,0.0,390000.0,30000.0
Army Men: Sarge's Heroes 2,N64,2000,340000.0,70000.0,0.0,0.0
James Bond 007: Everything or Nothing,GC,2004,320000.0,80000.0,0.0,10000.0
Green Day: Rock Band,PS3,2010,190000.0,160000.0,0.0,70000.0
Wolfenstein: The Old Blood,PS4,2015,90000.0,250000.0,20000.0,60000.0
MLB 08: The Show,PS2,2008,350000.0,10000.0,0.0,60000.0
Disney Infinity 2.0: Marvel Super Heroes,XOne,2014,240000.0,150000.0,0.0,30000.0
Dance Dance Revolution Ultramix 2,XB,2004,320000.0,90000.0,0.0,20000.0
Mega Man Anniversary Collection,GC,2004,320000.0,80000.0,0.0,10000.0
Blazing Angels: Squadrons of WWII,X360,2006,360000.0,30000.0,0.0,30000.0
Super Famista 4,SNES,1995,0.0,0.0,420000.0,0.0
The Fairly Odd Parents: Game Boy Advance Video Volume 2,GBA,2004,300000.0,110000.0,0.0,10000.0
Cabela's Legendary Adventures,PS2,2008,210000.0,160000.0,0.0,50000.0
Harry Potter and the Goblet of Fire,GC,2005,320000.0,80000.0,0.0,10000.0
JumpStart: Escape from Adventure Island,Wii,2009,390000.0,0.0,0.0,30000.0
Thrillville: Off the Rails,PS2,2007,200000.0,160000.0,0.0,50000.0
Condemned: Criminal Origins,X360,2005,360000.0,30000.0,0.0,30000.0
Mega Man X6,PS,2001,140000.0,100000.0,160000.0,30000.0
Monster Jam: Urban Assault,Wii,2008,390000.0,0.0,0.0,30000.0
BloodRayne,PS2,2002,200000.0,160000.0,0.0,50000.0
Kumamon Bomber: Puzzle de Kumamon Taisou,GC,2005,320000.0,80000.0,0.0,10000.0
Castlevania: Curse of Darkness,PS2,2005,180000.0,140000.0,50000.0,50000.0
Tom Clancy's HAWX 2,PS3,2010,210000.0,120000.0,30000.0,50000.0
International Superstar Soccer Pro '98,PS,1998,20000.0,20000.0,350000.0,30000.0
Jimmy Neutron: Boy Genius,GBA,2001,300000.0,110000.0,0.0,10000.0
Black,XB,2006,310000.0,90000.0,0.0,10000.0
Zack & Wiki: Quest for Barbaros' Treasure,Wii,2007,180000.0,170000.0,30000.0,40000.0
Double Pack: Finding Nemo / The Incredibles,XB,2006,310000.0,90000.0,0.0,10000.0
Star Wars The Clone Wars: Republic Heroes,PSP,2009,210000.0,130000.0,0.0,80000.0
NBA 2K11,PSP,2010,390000.0,0.0,0.0,30000.0
Animal Crossing: Amiibo Festival,WiiU,2015,190000.0,110000.0,90000.0,30000.0
Hyrule Warriors,3DS,2016,160000.0,120000.0,110000.0,30000.0
Harry Potter and the Deathly Hallows - Part 1,PS3,2010,130000.0,210000.0,0.0,80000.0
Fishing Resort,Wii,2011,160000.0,0.0,250000.0,10000.0
WWE All Stars,PS3,2011,160000.0,180000.0,0.0,70000.0
Lord of the Rings: The Third Age,XB,2004,310000.0,90000.0,0.0,10000.0
Football Manager Handheld 2011,PSP,2010,0.0,280000.0,0.0,140000.0
Pirates of the Caribbean: At World's End,PS2,2007,200000.0,160000.0,0.0,50000.0
Mega Man Legends 2,PS,2000,170000.0,120000.0,100000.0,30000.0
X-Men vs. Street Fighter,PS,1997,160000.0,110000.0,120000.0,30000.0
High Rollers Casino,PS2,2004,200000.0,160000.0,0.0,50000.0
Castlevania: The Dracula X Chronicles,PSP,2007,220000.0,90000.0,40000.0,70000.0
The Suffering,PS2,2004,200000.0,160000.0,0.0,50000.0
Cyber Troopers Virtual-On,SAT,1995,0.0,0.0,420000.0,0.0
Katamari Forever,PS3,2009,260000.0,50000.0,60000.0,40000.0
Star Wars Starfighter: Special Edition,XB,2001,300000.0,100000.0,0.0,20000.0
TimeShift,X360,2007,360000.0,20000.0,0.0,30000.0
NBA Jam,PS2,2003,200000.0,160000.0,0.0,50000.0
Zone of the Enders: The 2nd Runner,PS2,2003,150000.0,120000.0,110000.0,40000.0
Attack on Titan: Humanity in Chains,3DS,2013,0.0,0.0,410000.0,0.0
Jampack Spring 2004 (RP-T),PS2,2003,200000.0,160000.0,0.0,50000.0
Dexter's Laboratory Deesaster Strikes,GBA,2001,300000.0,110000.0,0.0,10000.0
NFL GameDay 2004,PS2,2003,200000.0,160000.0,0.0,50000.0
Scooby-Doo and the Cyber Chase,GBA,2001,300000.0,110000.0,0.0,10000.0
Danganronpa: Trigger Happy Havoc,PSV,2013,140000.0,70000.0,150000.0,60000.0
Tomb Raider: The Last Revelation,PC,1998,410000.0,0.0,0.0,0.0
pro evolution soccer 2011,PS2,2010,40000.0,210000.0,50000.0,110000.0
Sega Rally Championship 2,DC,1999,0.0,0.0,410000.0,0.0
Quake II,PS,1998,230000.0,160000.0,0.0,30000.0
Crash of the Titans,PS2,2007,340000.0,10000.0,0.0,60000.0
BioShock,PC,2007,10000.0,390000.0,0.0,20000.0
Cars: Mater-National Championship,PS3,2007,370000.0,10000.0,0.0,30000.0
MLB 10: The Show,PS2,2010,200000.0,160000.0,0.0,50000.0
Wheel of Fortune: 2nd Edition,PS,2000,230000.0,160000.0,0.0,30000.0
Tom Clancy's Rainbow Six: Lockdown,XB,2005,260000.0,130000.0,0.0,20000.0
Mobile Suit Gundam: Gundam vs. Gundam NEXT PLUS,PSP,2009,0.0,0.0,410000.0,0.0
Cool Boarders 2001,PS,2000,230000.0,160000.0,0.0,30000.0
Grudge Warriors,PS,1999,230000.0,160000.0,0.0,30000.0
World Soccer Jikkyou Winning Eleven 2000: U-23 Medal heno Chousen,PS,2000,0.0,0.0,390000.0,30000.0
Destiny: The Taken King,PS3,2015,160000.0,170000.0,20000.0,60000.0
Mobile Suit Gundam,SAT,1995,0.0,0.0,410000.0,0.0
Mass Effect Trilogy,X360,2012,280000.0,100000.0,0.0,30000.0
"Transformers: Revenge of the Fallen (XBox 360, PS3, & PC Versions)",PSP,2009,170000.0,150000.0,0.0,90000.0
Wolfenstein: The New Order,X360,2014,180000.0,190000.0,0.0,40000.0
Farming Simulator 2015,X360,2015,210000.0,160000.0,0.0,40000.0
Jimmy Neutron: Boy Genius,PS2,2002,200000.0,160000.0,0.0,50000.0
BlazBlue: Continuum Shift,PS3,2010,210000.0,80000.0,90000.0,40000.0
X-Men: The Official Game,PS2,2006,200000.0,160000.0,0.0,50000.0
300: March to Glory,PSP,2007,270000.0,80000.0,0.0,60000.0
E0: Enemy Zero,SAT,1996,0.0,0.0,410000.0,0.0
Nicktoons: Unite!,PS2,2005,340000.0,10000.0,0.0,60000.0
Six Flags Fun Park,Wii,2009,280000.0,100000.0,0.0,40000.0
Spore Hero,Wii,2009,360000.0,30000.0,0.0,30000.0
Mass Effect Trilogy,PS3,2012,370000.0,0.0,0.0,40000.0
NASCAR Racing,PS,1996,230000.0,160000.0,0.0,30000.0
LEGO Jurassic World,PSV,2015,90000.0,230000.0,0.0,90000.0
Monotaro Dentetsu 2010: Sengoku Ishin no Hero Daishuugou! no Maki,Wii,2009,0.0,0.0,410000.0,0.0
Up,PSP,2009,240000.0,100000.0,0.0,70000.0
Spider-Man: Web of Shadows,X360,2008,360000.0,20000.0,0.0,30000.0
Boku no Natsuyasumi 2: Umi no Bouken Hen,PS2,2002,0.0,0.0,410000.0,0.0
SpongeBob SquigglePants,Wii,2011,360000.0,30000.0,0.0,30000.0
Cars: Race-O-Rama,PSP,2009,290000.0,70000.0,0.0,60000.0
Fantastic Pets,X360,2011,300000.0,80000.0,0.0,30000.0
Command & Conquer: Red Alert,PS,1997,230000.0,160000.0,0.0,30000.0
Dig Dug,NES,1985,0.0,0.0,410000.0,0.0
Ogre Battle 64: Person of Lordly Caliber,N64,1999,100000.0,20000.0,250000.0,40000.0
Superman: The New Superman Adventures,N64,1999,330000.0,70000.0,0.0,0.0
UEFA Euro 2008 Austria-Switzerland,PS3,2008,80000.0,270000.0,0.0,60000.0
The Terminator: Dawn of Fate,PS2,2002,200000.0,160000.0,0.0,50000.0
The LEGO Movie Videogame,PSV,2014,50000.0,260000.0,0.0,90000.0
Rogue Galaxy: Director's Cut,PS2,2007,200000.0,160000.0,0.0,50000.0
Armored Core,PS,1997,130000.0,90000.0,160000.0,30000.0
Monster Trucks Mayhem,Wii,2009,390000.0,0.0,0.0,20000.0
Winter Sports 2: The Next Challenge,Wii,2008,180000.0,190000.0,0.0,40000.0
Green Day: Rock Band,X360,2010,240000.0,130000.0,0.0,40000.0
Densha De Go! 2,PS,1999,0.0,0.0,380000.0,30000.0
Transformers: Fall of Cybertron,PS3,2012,190000.0,150000.0,0.0,70000.0
Call of Duty: Advanced Warfare,PC,2014,140000.0,230000.0,0.0,40000.0
Disney Princess: Enchanting Storybooks,Wii,2011,260000.0,110000.0,0.0,40000.0
Monopoly Streets,PS3,2010,160000.0,180000.0,0.0,70000.0
Band Hero,PS2,2009,150000.0,60000.0,0.0,200000.0
The Wonderful 101,WiiU,2013,200000.0,100000.0,80000.0,30000.0
No More Heroes 2: Desperate Struggle,Wii,2010,210000.0,120000.0,40000.0,30000.0
Battlefield 2: Modern Combat,X360,2006,350000.0,20000.0,10000.0,30000.0
Armored Core 2: Another Age,PS2,2001,110000.0,80000.0,190000.0,30000.0
Buzz! Junior: Jungle Party,PS2,2006,200000.0,160000.0,0.0,50000.0
Mortal Kombat: Deadly Alliance,GC,2002,310000.0,80000.0,0.0,10000.0
Marvel: Ultimate Alliance,Wii,2006,370000.0,10000.0,0.0,30000.0
NBA 2K11,PS2,2010,340000.0,10000.0,0.0,60000.0
AKB1/48: Idol to Koishitara...,PSP,2010,0.0,0.0,410000.0,0.0
Pro Pinball,PS,1996,230000.0,150000.0,0.0,30000.0
'98 Koshien,PS,1998,150000.0,100000.0,120000.0,30000.0
NBA 2K9,PS2,2008,340000.0,10000.0,0.0,60000.0
Yu-Gi-Oh! The Eternal Duelist Soul (JP sales),GBA,2001,0.0,0.0,400000.0,10000.0
Speed Racer: The Videogame,Wii,2008,360000.0,20000.0,0.0,30000.0
Naughty Bear,X360,2010,210000.0,160000.0,0.0,40000.0
Littlest Pet Shop,Wii,2008,340000.0,40000.0,0.0,30000.0
TNA iMPACT!,PS3,2008,220000.0,120000.0,0.0,60000.0
Just Dance Kids 2,X360,2011,290000.0,90000.0,0.0,30000.0
Duke Nukem Forever,PC,2011,180000.0,170000.0,0.0,60000.0
Hatsune Miku: Project Diva 2nd,PSP,2010,0.0,0.0,410000.0,0.0
Marvel: Ultimate Alliance 2,PS2,2009,230000.0,20000.0,0.0,160000.0
Mario no Super Picross,SNES,1995,0.0,0.0,410000.0,0.0
"Ed, Edd n Eddy: The Mis-Edventures",PS2,2005,340000.0,10000.0,0.0,60000.0
Jikkyou Powerful Pro Yakuu '94,SNES,1994,0.0,0.0,410000.0,0.0
Disney's Tarzan Untamed,PS2,2001,200000.0,160000.0,0.0,50000.0
Borderlands: The Handsome Collection,XOne,2015,240000.0,130000.0,0.0,40000.0
The Gunstringer,X360,2011,260000.0,110000.0,0.0,40000.0
Knockout Kings 2001,PS,2000,230000.0,150000.0,0.0,30000.0
From Russia With Love,PS2,2005,340000.0,10000.0,0.0,60000.0
FIFA Soccer 13,PC,2012,20000.0,310000.0,0.0,70000.0
Asura's Wrath,PS3,2012,180000.0,120000.0,60000.0,50000.0
Minority Report: Everybody Runs,PS2,2002,200000.0,150000.0,0.0,50000.0
Disney's Hercules / Disney's The Jungle Book: Groove Party / A Bug's Life,PS,2003,230000.0,150000.0,0.0,30000.0
NFL GameDay 2002,PS,2001,230000.0,150000.0,0.0,30000.0
Pengo,2600,1983,380000.0,20000.0,0.0,0.0
Disney Sing It! High School Musical 3: Senior Year,PS3,2008,80000.0,260000.0,0.0,70000.0
Story of Seasons,3DS,2014,0.0,130000.0,260000.0,10000.0
Beowulf: The Game,X360,2007,360000.0,10000.0,0.0,30000.0
Mouse Trap,2600,1981,380000.0,20000.0,0.0,0.0
Super Monkey Ball: Step & Roll,Wii,2010,170000.0,200000.0,0.0,40000.0
Hatsune Miku: Project Diva F 2nd,PSV,2014,130000.0,60000.0,160000.0,60000.0
Overlord,X360,2007,340000.0,30000.0,10000.0,30000.0
Tak and the Power of Juju,GC,2003,310000.0,80000.0,0.0,10000.0
"Transformers: The Game (XBox 360, PS2, PS3, Wii & PC Versions)",PS3,2007,320000.0,40000.0,10000.0,40000.0
Sega Superstars Tennis,PS3,2008,130000.0,200000.0,0.0,80000.0
Dragon Quest X,WiiU,2013,0.0,0.0,400000.0,0.0
Wall-E,PS3,2008,120000.0,210000.0,0.0,80000.0
Medarot: Kabuto / Kuwagata Version,GB,1997,0.0,0.0,400000.0,0.0
NBA 2K10,PS2,2009,330000.0,10000.0,0.0,50000.0
Defender,PS2,2002,200000.0,150000.0,0.0,50000.0
WipeOut 3 The Game,Wii,2012,380000.0,0.0,0.0,30000.0
Taiko no Tatsujin Wii: Dodon to 2 Yome!,Wii,2009,0.0,0.0,400000.0,0.0
Thief (2014),PS3,2014,100000.0,200000.0,20000.0,80000.0
Congo Bongo,2600,1982,370000.0,20000.0,0.0,0.0
Gauntlet: Seven Sorrows,PS2,2005,200000.0,150000.0,0.0,50000.0
Harry Potter: Quidditch World Cup,GC,2003,310000.0,80000.0,0.0,10000.0
Warriors Orochi 2 (JP sales),PS2,2008,0.0,0.0,400000.0,0.0
WWE SmackDown! vs. RAW 2006,PSP,2005,360000.0,10000.0,0.0,30000.0
The Chronicles of Narnia: Prince Caspian,PS2,2008,200000.0,150000.0,0.0,50000.0
The Incredibles: Rise of the Underminer,GBA,2005,290000.0,110000.0,0.0,10000.0
Pet in TV,PS,1997,0.0,0.0,380000.0,30000.0
Battalion Wars,GC,2005,250000.0,70000.0,70000.0,10000.0
NBA ShootOut 2000,PS,1999,220000.0,150000.0,0.0,30000.0
Power Rangers: Dino Thunder,GC,2004,310000.0,80000.0,0.0,10000.0
Rocksmith 2014,XOne,2014,290000.0,80000.0,0.0,40000.0
Samurai Shodown,SNES,1994,0.0,0.0,400000.0,0.0
NHL 15,XOne,2014,310000.0,60000.0,0.0,30000.0
TMNT,Wii,2007,340000.0,30000.0,0.0,30000.0
Final Fantasy Crystal Chronicles: The Crystal Bearers,Wii,2009,220000.0,80000.0,80000.0,30000.0
Cabela's Big Game Hunter 2010,PS3,2009,370000.0,0.0,0.0,30000.0
EA Sports UFC 2,XOne,2016,230000.0,140000.0,0.0,40000.0
Fighting Vipers,SAT,1995,0.0,0.0,400000.0,0.0
NCAA GameBreaker 2000,PS,1999,220000.0,150000.0,0.0,30000.0
Iron Man 2,PS3,2010,140000.0,190000.0,0.0,70000.0
The Legend of Spyro: Dawn of the Dragon,PS2,2008,120000.0,10000.0,0.0,270000.0
AKB1/48: Idol to Guam de Koishitara...,PSP,2011,0.0,0.0,400000.0,0.0
RR64: Ridge Racer 64,N64,1999,320000.0,70000.0,0.0,0.0
Top Gear Rally,N64,1997,320000.0,70000.0,0.0,0.0
NFL Quarterback Club 2000,N64,1999,370000.0,30000.0,0.0,0.0
Mortal Kombat Mythologies: Sub-Zero,N64,1997,320000.0,70000.0,0.0,0.0
18 Wheeler: American Pro Trucker,PS2,2001,200000.0,150000.0,0.0,50000.0
Atari Anthology,PS2,2004,330000.0,10000.0,0.0,50000.0
Bugs Bunny: Lost in Time,PS,1999,220000.0,150000.0,0.0,30000.0
NBA Jam,X360,2010,270000.0,100000.0,0.0,30000.0
Hot Wheels: Beat That!,PS2,2007,200000.0,150000.0,0.0,50000.0
MLB 2006,PS2,2005,330000.0,10000.0,0.0,50000.0
Star Wars The Clone Wars: Republic Heroes,X360,2009,180000.0,170000.0,0.0,40000.0
Brunswick Pro Bowling,PS2,2007,200000.0,150000.0,0.0,50000.0
Mafia II,PC,2010,170000.0,170000.0,0.0,60000.0
Rocket Power: Dream Scheme,GBA,2001,290000.0,110000.0,0.0,10000.0
SpongeBob's Truth or Square (US sales),Wii,2009,380000.0,10000.0,0.0,0.0
MX vs. ATV Unleashed,XB,2005,320000.0,70000.0,0.0,10000.0
Rampage: Total Destruction,GC,2006,310000.0,80000.0,0.0,10000.0
The Urbz: Sims in the City,GC,2004,240000.0,140000.0,0.0,20000.0
Road Rash: Jailbreak,PS,1999,220000.0,150000.0,0.0,30000.0
Mother 3,GBA,2006,0.0,0.0,390000.0,10000.0
Nicktoons: Freeze Frame Frenzy,GBA,2004,290000.0,110000.0,0.0,10000.0
Rapala Pro Bass Fishing 2010,X360,2010,320000.0,50000.0,0.0,30000.0
Legends of WrestleMania,X360,2009,200000.0,160000.0,0.0,40000.0
Wii Sports Club,WiiU,2014,190000.0,140000.0,40000.0,30000.0
Tomb Raider: Anniversary,X360,2007,120000.0,230000.0,0.0,50000.0
You Don't Know Jack,PS,1999,220000.0,150000.0,0.0,30000.0
Mystery Dungeon: Shiren the Wanderer,SNES,1995,0.0,0.0,400000.0,0.0
Sonic Lost World,WiiU,2013,240000.0,120000.0,10000.0,30000.0
Condemned 2: Bloodshot,PS3,2008,170000.0,160000.0,0.0,70000.0
Star Wars: Clone Wars,GC,2002,310000.0,80000.0,0.0,10000.0
NBA Live 2002,XB,2001,350000.0,30000.0,0.0,20000.0
Boku no Natsuyasumi,PS,2000,0.0,0.0,370000.0,30000.0
Armored Core V,PS3,2012,90000.0,40000.0,240000.0,20000.0
I-Ninja,PS2,2003,190000.0,150000.0,0.0,50000.0
Command & Conquer,PS,1996,220000.0,150000.0,0.0,30000.0
NBA Jam,PS3,2010,220000.0,120000.0,0.0,60000.0
Mass Effect 2,PC,2010,10000.0,320000.0,0.0,70000.0
SD Gundam G Generation Seed,PS2,2004,0.0,0.0,400000.0,0.0
Call of Duty: Finest Hour,GC,2004,310000.0,80000.0,0.0,10000.0
Rise of the Tomb Raider,X360,2015,170000.0,190000.0,0.0,30000.0
Hitman: Blood Money,X360,2006,290000.0,60000.0,10000.0,30000.0
Tales of Phantasia,SNES,1995,0.0,0.0,400000.0,0.0
Alpha Protocol,X360,2010,230000.0,130000.0,0.0,40000.0
Suzuki TT Superbikes,PS2,2005,330000.0,10000.0,0.0,50000.0
Rumble Roses,PS2,2004,190000.0,150000.0,0.0,50000.0
Just Dance 2014,PS3,2013,170000.0,150000.0,0.0,70000.0
Fantastic Four: Rise of the Silver Surfer,PS2,2007,190000.0,150000.0,0.0,50000.0
Ultimate Spider-Man,XB,2005,260000.0,110000.0,0.0,20000.0
GRID 2,PS3,2013,70000.0,230000.0,10000.0,90000.0
LEGO The Lord of the Rings,3DS,2012,190000.0,170000.0,0.0,30000.0
Juiced 2: Hot Import Nights,PS2,2007,190000.0,150000.0,10000.0,50000.0
Skylanders: SuperChargers,PS3,2015,150000.0,180000.0,0.0,60000.0
NHL 99,N64,1998,380000.0,10000.0,0.0,0.0
NBA 2K10,Wii,2009,360000.0,0.0,0.0,30000.0
Dungeon Siege III,PS3,2011,170000.0,140000.0,30000.0,60000.0
Viking: Battle for Asgard,PS3,2008,140000.0,180000.0,0.0,70000.0
Brunswick Pro Bowling,Wii,2007,360000.0,10000.0,0.0,30000.0
Danball Senki,PSP,2011,0.0,0.0,390000.0,0.0
NASCAR Heat,PS,2000,220000.0,150000.0,0.0,30000.0
Bloody Roar,PS,1997,220000.0,150000.0,0.0,30000.0
Bump 'n' Jump,2600,1982,370000.0,20000.0,0.0,0.0
Mobile Suit Gundam: Lost War Chronicles,PS2,2002,0.0,0.0,390000.0,0.0
Disney's Brother Bear,GBA,2003,280000.0,100000.0,0.0,10000.0
Naruto: Clash of Ninja Revolution 2,Wii,2008,340000.0,20000.0,0.0,30000.0
NBA Live 09,PS2,2008,320000.0,10000.0,10000.0,50000.0
LEGO Star Wars III: The Clone Wars,PSP,2011,140000.0,170000.0,0.0,90000.0
The House of The Dead III,XB,2002,290000.0,80000.0,0.0,10000.0
Rune Factory: Frontier,Wii,2008,180000.0,140000.0,40000.0,40000.0
Fire Emblem: Fuuin no Tsurugi,GBA,2002,0.0,0.0,390000.0,0.0
SpongeBob's Truth or Square (US sales),PSP,2009,390000.0,0.0,0.0,0.0
FIFA 12,3DS,2011,80000.0,260000.0,0.0,50000.0
The Darkness II,X360,2012,240000.0,120000.0,0.0,30000.0
NBA Live 09,PSP,2008,230000.0,70000.0,30000.0,60000.0
Laser Blast,2600,1981,370000.0,20000.0,0.0,0.0
LocoRoco,PSP,2006,140000.0,50000.0,160000.0,40000.0
Thrasher Presents: Skate and Destroy,PS,1998,220000.0,150000.0,0.0,30000.0
Donkey Konga 2,GC,2004,300000.0,80000.0,0.0,10000.0
Just Dance 2014,PS4,2013,180000.0,160000.0,0.0,50000.0
Metal Gear Solid: The Legacy Collection,PS3,2013,310000.0,10000.0,30000.0,50000.0
Tear Ring Saga Yutona Eiyuu Senki,PS,2001,0.0,0.0,370000.0,30000.0
Project X Zone,3DS,2012,180000.0,40000.0,150000.0,20000.0
Red Faction: Armageddon,X360,2011,180000.0,170000.0,10000.0,40000.0
Wipeout 2048,PSV,2012,140000.0,190000.0,0.0,60000.0
Mystery Case Files: The Malgrave Incident,Wii,2011,190000.0,170000.0,0.0,30000.0
EA Sports Active 2,X360,2010,180000.0,170000.0,0.0,40000.0
Combat of Giants: Dinosaurs 3D,3DS,2011,250000.0,60000.0,50000.0,30000.0
Taiko no Tatsujin Wii: Ketteiban,Wii,2011,0.0,0.0,390000.0,0.0
Age of Empires III,PC,2005,0.0,320000.0,0.0,70000.0
SSX 3,XB,2003,290000.0,80000.0,0.0,10000.0
MLB 15: The Show,PS3,2015,300000.0,10000.0,0.0,70000.0
Madden NFL 2005,GBA,2004,280000.0,100000.0,0.0,10000.0
All-Star Baseball 2000,N64,1999,360000.0,30000.0,0.0,0.0
Custom Robo V2,N64,2000,0.0,0.0,340000.0,50000.0
Extreme-G: XG2,N64,1998,310000.0,70000.0,0.0,0.0
BattleTanx: Global Assault,N64,1999,310000.0,70000.0,0.0,0.0
Chibi-Robo! Plug into Adventure!,GC,2005,230000.0,60000.0,90000.0,10000.0
Dawn of Discovery,PC,2009,0.0,320000.0,0.0,70000.0
Jampack Winter 2003 (RP-T),PS2,2003,190000.0,150000.0,0.0,50000.0
Dancing with the Stars: We Dance!,Wii,2008,360000.0,0.0,0.0,30000.0
Kengo: Master of Bushido,PS2,2000,160000.0,130000.0,60000.0,40000.0
Blood Omen 2,PS2,2002,190000.0,150000.0,0.0,50000.0
Sesame Street: Elmo's A-to-Zoo Adventure,Wii,2010,370000.0,0.0,0.0,20000.0
Skylanders Giants,WiiU,2012,230000.0,120000.0,0.0,40000.0
Just Dance 4,WiiU,2012,220000.0,140000.0,0.0,30000.0
Super Fire ProWrestling,SNES,1991,0.0,0.0,390000.0,0.0
Cabela's Dangerous Hunts 2,PS2,2005,190000.0,150000.0,0.0,50000.0
Marvel: Ultimate Alliance,PS3,2006,330000.0,20000.0,0.0,40000.0
MotoGP 08,PS3,2008,70000.0,240000.0,0.0,80000.0
Imagine: Party Babyz,Wii,2008,340000.0,20000.0,0.0,30000.0
Chessmaster,PS2,2003,190000.0,150000.0,0.0,50000.0
Tiger Woods PGA Tour 14,PS3,2013,160000.0,150000.0,0.0,70000.0
Fatal Fury,SNES,1992,0.0,0.0,390000.0,0.0
Farming Simulator 2013,X360,2013,220000.0,130000.0,0.0,30000.0
From TV Animation One Piece: Yume no Lufy Kaizokudan Tanjou!,GB,2001,0.0,0.0,390000.0,0.0
The Dog Island,Wii,2007,350000.0,10000.0,0.0,30000.0
Madden NFL Football,3DS,2011,360000.0,10000.0,0.0,30000.0
The Sims 2,GBA,2005,280000.0,100000.0,0.0,10000.0
Ice Age 2: The Meltdown,PS2,2006,190000.0,150000.0,0.0,50000.0
MLB 14: The Show,PS3,2014,350000.0,0.0,0.0,40000.0
Super Famista 3,SNES,1994,0.0,0.0,390000.0,0.0
Auto Modellista,PS2,2002,190000.0,150000.0,0.0,50000.0
Tom Clancy's Ghost Recon 2: Summit Strike,XB,2005,290000.0,80000.0,0.0,10000.0
Hooked! Again: Real Motion Fishing,Wii,2009,360000.0,0.0,0.0,30000.0
Tiger Woods PGA Tour 08,PS2,2007,190000.0,150000.0,0.0,50000.0
Karaoke Revolution Presents American Idol Encore,PS2,2008,190000.0,150000.0,0.0,50000.0
Airlock,2600,1981,360000.0,20000.0,0.0,0.0
Tokimeki Memorial 2,PS,1999,0.0,0.0,360000.0,30000.0
Samurai Warriors Chronicles,3DS,2011,120000.0,50000.0,200000.0,10000.0
Tomb Raider: Legend,X360,2006,270000.0,80000.0,10000.0,30000.0
Dance Party: Pop Hits,Wii,2009,0.0,360000.0,0.0,20000.0
Harry Potter: Quidditch World Cup,GBA,2003,280000.0,100000.0,0.0,10000.0
Saints Row IV,PS4,2015,130000.0,170000.0,30000.0,60000.0
Evil Dead: Fistfull of Boomstick,PS2,2003,190000.0,150000.0,0.0,50000.0
One Piece: Unlimited World Red,3DS,2013,50000.0,40000.0,280000.0,10000.0
Triple Play 97,PS,1996,210000.0,150000.0,0.0,30000.0
Virtua Tennis 2009,PS3,2009,90000.0,230000.0,0.0,70000.0
Super Soccer,SNES,1991,0.0,0.0,380000.0,0.0
Shin Megami Tensei: Nocturne,PS2,2003,70000.0,50000.0,250000.0,20000.0
Wario Land II (GBC),GB,1998,0.0,0.0,380000.0,0.0
San Francisco Rush: Extreme Racing,PS,1997,210000.0,150000.0,0.0,30000.0
Dragon's Crown,PSV,2013,160000.0,50000.0,120000.0,50000.0
Bakusou Dekotora Densetsu: Otoko Ippiki Yume Kaidoi,PS,1998,0.0,0.0,360000.0,30000.0
ESPN College Hoops 2K5,XB,2004,290000.0,80000.0,0.0,10000.0
Looney Tunes: Acme Arsenal,PS2,2007,190000.0,150000.0,0.0,50000.0
Cabela's Dangerous Hunts 2009,Wii,2008,360000.0,0.0,0.0,30000.0
Fragile Dreams: Farewell Ruins of the Moon,Wii,2009,170000.0,120000.0,60000.0,30000.0
SD Gundam G Generation Spirits,PS2,2007,0.0,0.0,380000.0,0.0
Batman: Arkham City,WiiU,2012,170000.0,180000.0,0.0,30000.0
Disney Sing It,PS3,2008,270000.0,70000.0,0.0,40000.0
Peppa Pig: The Game,Wii,2009,0.0,350000.0,0.0,30000.0
God Eater 2: Rage Burst,PSV,2015,0.0,10000.0,370000.0,0.0
Get Fit with Mel B,PS3,2010,150000.0,170000.0,0.0,70000.0
The Cat in the Hat,GBA,2005,270000.0,100000.0,0.0,10000.0
Naruto Shippuden: Ultimate Ninja Heroes 3,PSP,2009,130000.0,40000.0,190000.0,30000.0
NFL GameDay 2002,PS2,2001,190000.0,150000.0,0.0,50000.0
Turok: Evolution,GC,2002,300000.0,80000.0,0.0,10000.0
Destiny: The Taken King,X360,2015,220000.0,120000.0,0.0,30000.0
Mobile Suit Gundam: Giren no Yabou Zeon Dokuritsu Sensouden,PS2,2002,0.0,0.0,380000.0,0.0
Ice Age,GBA,2002,270000.0,100000.0,0.0,10000.0
Sega Superstars Tennis,PS2,2008,100000.0,0.0,0.0,280000.0
Headhunter,PS2,2002,190000.0,150000.0,0.0,50000.0
Skate,PS3,2007,290000.0,50000.0,0.0,40000.0
Shin Megami Tensei: Devil Summoner,SAT,1995,0.0,0.0,380000.0,0.0
Raving Rabbids: Travel in Time 3D,3DS,2011,110000.0,230000.0,0.0,40000.0
NCAA Football 08,PS3,2007,350000.0,0.0,0.0,30000.0
Marvel Nemesis: Rise of the Imperfects,GC,2005,300000.0,80000.0,0.0,10000.0
NHL 15,PS3,2014,210000.0,110000.0,0.0,60000.0
ESPN Extreme Games,PS,1994,110000.0,80000.0,170000.0,30000.0
Forza Horizon 3,XOne,2016,150000.0,200000.0,0.0,30000.0
Overlord: Dark Legend,Wii,2009,120000.0,220000.0,0.0,40000.0
Ninja: Shadow of Darkness,PS,1998,210000.0,140000.0,0.0,20000.0
SD Gundam G Generation-F,PS,2000,0.0,0.0,360000.0,20000.0
Bratz: Rock Angelz,PS2,2005,190000.0,150000.0,0.0,50000.0
FlatOut,PS2,2004,190000.0,150000.0,0.0,50000.0
Phoenix Wright: Ace Attorney - Dual Destinies,3DS,2013,0.0,0.0,380000.0,0.0
SSX 3,GC,2003,290000.0,80000.0,0.0,10000.0
NCAA Football 11,PS2,2010,190000.0,150000.0,0.0,50000.0
Tales of Zestiria,PS4,2015,160000.0,150000.0,20000.0,60000.0
Lilo & Stitch 2: H?msterviel Havoc,GBA,2004,270000.0,100000.0,0.0,10000.0
Metal Gear Solid: Snake Eater 3D,3DS,2012,150000.0,110000.0,100000.0,20000.0
Risk: Global Domination,PS2,2003,190000.0,150000.0,0.0,50000.0
NBA 2K7,PS3,2006,300000.0,40000.0,0.0,40000.0
Mobile Suit Gundam version 2.0,PS,1996,0.0,0.0,360000.0,20000.0
Grandia Xtreme,PS2,2002,70000.0,50000.0,250000.0,20000.0
Silent Scope,PS2,2000,190000.0,150000.0,0.0,50000.0
Final Fantasy Adventure,GB,1991,0.0,0.0,380000.0,0.0
Virtua Tennis 2009,Wii,2009,130000.0,210000.0,0.0,40000.0
Dora The Explorer: Dora Saves the Snow Princess,PS2,2008,190000.0,150000.0,0.0,50000.0
The Incredible Hulk,PS2,2008,320000.0,10000.0,0.0,50000.0
Mercenaries 2: World in Flames,PS2,2008,210000.0,0.0,0.0,170000.0
Cabela's Big Game Hunter 2012,Wii,2011,340000.0,20000.0,0.0,20000.0
EA Sports MMA,PS3,2010,160000.0,150000.0,10000.0,60000.0
Iron Man 2,PSP,2010,180000.0,120000.0,0.0,70000.0
DiRT 2,Wii,2009,110000.0,230000.0,0.0,40000.0
Tokimeki Memorial: Forever with You,SAT,1996,0.0,0.0,380000.0,0.0
MediEvil II,PS,1999,210000.0,140000.0,0.0,20000.0
Hunter: The Reckoning,XB,2002,280000.0,80000.0,0.0,10000.0
MX vs. ATV Untamed,PS2,2007,320000.0,10000.0,0.0,50000.0
Rogue Trip: Vacation 2012,PS,1998,210000.0,140000.0,0.0,20000.0
Dai-4-Ji Super Robot Taisen,SNES,1995,0.0,0.0,380000.0,0.0
Tiger Woods PGA Tour 08,PSP,2007,140000.0,150000.0,0.0,90000.0
Pokemon Channel,GC,2003,240000.0,60000.0,70000.0,10000.0
Taiko no Tatsujin Portable DX,PSP,2011,0.0,0.0,380000.0,0.0
Etrian Odyssey IV: Legends of the Titans,3DS,2012,120000.0,50000.0,200000.0,10000.0
Moto Racer World Tour,PS,2000,210000.0,140000.0,0.0,20000.0
NCAA Final Four 2000,PS,1999,210000.0,140000.0,0.0,20000.0
Scribblenauts: Unlimited,WiiU,2012,260000.0,90000.0,0.0,30000.0
FIFA 17,PS3,2016,20000.0,290000.0,10000.0,50000.0
Saints Row: The Third,PC,2011,160000.0,160000.0,0.0,60000.0
Just Dance 2015,PS4,2014,190000.0,130000.0,0.0,60000.0
Madagascar: Escape 2 Africa,PS2,2008,120000.0,0.0,0.0,260000.0
ZhuZhu Pets: Featuring The Wild Bunch,Wii,2010,320000.0,30000.0,0.0,30000.0
Green Day: Rock Band,Wii,2010,220000.0,120000.0,0.0,30000.0
Gravitar,2600,1982,350000.0,20000.0,0.0,0.0
Toukiden: The Age of Demons,PSV,2013,50000.0,50000.0,250000.0,30000.0
EyeToy Play 2,PS2,2004,180000.0,140000.0,0.0,50000.0
Dance Dance Revolution Ultramix 3,XB,2005,280000.0,80000.0,0.0,10000.0
Mobile Suit Gundam: Extreme VS Full Boost,PS3,2014,0.0,0.0,380000.0,0.0
WWE SmackDown vs. Raw 2011,PS2,2010,240000.0,70000.0,0.0,70000.0
Need for Speed: Hot Pursuit,PC,2010,120000.0,200000.0,0.0,60000.0
Pro Evolution Soccer 2011 3D,3DS,2011,110000.0,130000.0,110000.0,20000.0
Shin Megami Tensei: Devil Survivor Overclocked,3DS,2011,280000.0,10000.0,60000.0,20000.0
Marvel Super Hero Squad,Wii,2009,310000.0,30000.0,0.0,30000.0
The House of the Dead: Overkill - Extended Cut,PS3,2011,150000.0,170000.0,0.0,60000.0
Harry Potter and the Prisoner of Azkaban,GC,2004,290000.0,80000.0,0.0,10000.0
Quake 4,X360,2005,320000.0,30000.0,0.0,30000.0
Solaris,2600,1986,350000.0,20000.0,0.0,0.0
Super Dragon Ball Z,PS2,2006,90000.0,70000.0,190000.0,20000.0
ESPN: Sports Connection,WiiU,2012,210000.0,120000.0,0.0,40000.0
Alien: Isolation,PS3,2014,120000.0,190000.0,0.0,70000.0
SAW,PS3,2009,130000.0,170000.0,0.0,70000.0
Tobal 2,PS,1997,0.0,0.0,350000.0,20000.0
Trivial Pursuit,X360,2009,120000.0,210000.0,0.0,40000.0
Tiger Woods PGA Tour 09,PS2,2008,160000.0,0.0,0.0,210000.0
Ultimate Spider-Man,GC,2005,290000.0,70000.0,0.0,10000.0
Life is Strange,PS4,2016,140000.0,150000.0,30000.0,60000.0
Kingdom Under Fire: Circle of Doom,X360,2007,180000.0,120000.0,40000.0,40000.0
NBA Inside Drive 2002,XB,2002,280000.0,80000.0,0.0,10000.0
The BIGS,Wii,2007,340000.0,0.0,0.0,30000.0
Major League Baseball 2K6,X360,2006,340000.0,0.0,0.0,30000.0
Kileak: The DNA Imperative,PS,1994,80000.0,60000.0,210000.0,20000.0
Petz: Catz 2,PS2,2006,180000.0,140000.0,0.0,50000.0
Mini Ninjas,Wii,2009,170000.0,170000.0,0.0,40000.0
Tom Clancy's The Division,PC,2016,200000.0,140000.0,0.0,30000.0
Phantasy Star Portable 2: Infinity,PSP,2011,0.0,0.0,370000.0,0.0
LEGO Dimensions,XOne,2015,210000.0,130000.0,0.0,30000.0
"Monsters, Inc. Scream Arena",GC,2002,290000.0,70000.0,0.0,10000.0
Reel Fishing III,PS2,2003,180000.0,140000.0,0.0,50000.0
Cabela's Deer Hunt 2005 Season,PS2,2004,180000.0,140000.0,0.0,50000.0
Prince of Persia: The Forgotten Sands,PSP,2010,90000.0,180000.0,10000.0,100000.0
Rampage: Total Destruction,PS2,2006,180000.0,140000.0,0.0,50000.0
High Heat Major League Baseball 2003,PS2,2002,180000.0,140000.0,0.0,50000.0
Madden NFL 11,PSP,2010,350000.0,0.0,0.0,30000.0
Super Formation Soccer 94,SNES,1994,0.0,0.0,370000.0,0.0
Panzer Dragoon,SAT,1995,0.0,0.0,370000.0,0.0
Tiger Woods PGA Tour 12: The Masters,Wii,2011,210000.0,130000.0,0.0,30000.0
Rage,PC,2011,140000.0,180000.0,0.0,60000.0
Spider-Man: Friend or Foe,PS2,2007,310000.0,10000.0,0.0,50000.0
Yarudora Series Vol.1: Double Cast,PS,1998,0.0,0.0,350000.0,20000.0
Dungeon Siege III,X360,2011,210000.0,120000.0,10000.0,30000.0
Juiced 2: Hot Import Nights,PSP,2007,60000.0,200000.0,0.0,110000.0
Rec Room Games,Wii,2009,350000.0,0.0,0.0,20000.0
Fushigi no Dungeon: Furai no Shiren 2 - Oni Shuurai! Shiren Shiro!,N64,2000,0.0,0.0,320000.0,50000.0
Turok: Rage Wars,N64,1999,300000.0,60000.0,0.0,0.0
Scooby-Doo! Classic Creep Capers,N64,2000,300000.0,60000.0,0.0,0.0
Dragonfire,2600,1981,0.0,20000.0,0.0,0.0
Custom Robo,GC,2004,290000.0,70000.0,0.0,10000.0
FIFA Soccer 13,PSP,2012,50000.0,190000.0,20000.0,100000.0
Command & Conquer: Red Alert 3 Ultimate Edition,PS3,2009,140000.0,170000.0,0.0,60000.0
Harry Potter and the Order of the Phoenix,PSP,2007,0.0,170000.0,0.0,100000.0
Medieval II: Total War Gold Edition,PC,2008,0.0,330000.0,0.0,30000.0
Pac-Man World 2,GC,2002,280000.0,70000.0,0.0,10000.0
Barbie Horse Adventures: Blue Ribbon Race,GBA,2003,260000.0,100000.0,0.0,10000.0
Bionic Commando,PS3,2009,120000.0,170000.0,10000.0,70000.0
Wanted: Weapons of Fate,X360,2009,170000.0,150000.0,0.0,40000.0
Slime MoriMori Dragon Quest: Shougeki No Shippo Dan,GBA,2003,0.0,0.0,360000.0,10000.0
Dishonored,PS4,2015,110000.0,180000.0,20000.0,60000.0
Marvel: Ultimate Alliance,PSP,2006,330000.0,0.0,0.0,30000.0
NFL Street 2 Unleashed,PSP,2005,340000.0,0.0,0.0,30000.0
Super Robot Taisen EX,SNES,1994,0.0,0.0,370000.0,0.0
FIFA Street 2,PS2,2006,170000.0,130000.0,20000.0,40000.0
Bottom of the 9th,N64,1999,370000.0,0.0,0.0,0.0
Theatrhythm Final Fantasy: Curtain Call,3DS,2014,130000.0,80000.0,150000.0,20000.0
Shin Megami Tensei II,SNES,1994,0.0,0.0,370000.0,0.0
Xenosaga Episode III: Also sprach Zarathustra,PS2,2006,90000.0,70000.0,180000.0,20000.0
Build-A-Bear Workshop: A Friend Fur All Seasons,Wii,2008,340000.0,0.0,0.0,30000.0
Sid Meier's Civilization: Beyond Earth,PC,2014,110000.0,220000.0,0.0,30000.0
Need for Speed: The Run,PC,2011,90000.0,210000.0,0.0,70000.0
Virtua Fighter 3tb,DC,1998,0.0,0.0,370000.0,0.0
Transformers: Dark of the Moon,PS3,2011,110000.0,190000.0,0.0,70000.0
Mini-Yonku GB: Let's & Go!!,GB,1997,0.0,0.0,370000.0,0.0
Skylanders SWAP Force,PS4,2013,200000.0,120000.0,0.0,50000.0
LEGO Batman 2: DC Super Heroes,PSV,2012,170000.0,130000.0,0.0,60000.0
Rock Band 4,PS4,2015,250000.0,50000.0,0.0,70000.0
Left 4 Dead 2,PC,2009,0.0,320000.0,0.0,40000.0
The Sims 2: Castaway,PS2,2007,300000.0,10000.0,0.0,50000.0
NCAA Football 07,PSP,2006,340000.0,0.0,0.0,30000.0
The Chronicles of Narnia: Prince Caspian,Wii,2008,310000.0,20000.0,0.0,30000.0
GoldenEye: Rogue Agent,GC,2004,280000.0,70000.0,0.0,10000.0
Zero4 Champ RR,SNES,1994,0.0,0.0,360000.0,0.0
Dragon Ball Z: Infinite World,PS2,2008,80000.0,60000.0,210000.0,20000.0
Nonomura Byoin no Hitobito,SAT,1996,0.0,0.0,360000.0,0.0
Tom Clancy's HAWX 2,X360,2010,240000.0,90000.0,10000.0,30000.0
ESPN X Games Skateboarding,PS2,2001,180000.0,140000.0,0.0,50000.0
Resident Evil Zero,PS4,2016,90000.0,170000.0,50000.0,50000.0
Super Fire ProWrestling Special,SNES,1994,0.0,0.0,360000.0,0.0
Yuu Yuu Hakusho,SNES,1993,0.0,0.0,360000.0,0.0
Kamaitachi no Yoru 2,PS2,2002,0.0,0.0,360000.0,0.0
High Heat Major League Baseball 2004,PS2,2003,180000.0,140000.0,0.0,50000.0
Robots,PS2,2005,180000.0,140000.0,0.0,50000.0
NARC,PS2,2005,180000.0,140000.0,0.0,50000.0
Valkyrie Profile: Lenneth,PSP,2006,170000.0,10000.0,160000.0,20000.0
Tiger Woods PGA Tour 09,PSP,2008,70000.0,190000.0,0.0,100000.0
Metro: Last Light,X360,2013,170000.0,160000.0,0.0,30000.0
Tiger Woods PGA Tour 14,X360,2013,210000.0,130000.0,0.0,30000.0
LocoRoco 2,PSP,2008,210000.0,90000.0,10000.0,50000.0
Monster Rancher 3,PS2,2001,110000.0,90000.0,140000.0,30000.0
The Incredibles: Rise of the Underminer,PS2,2005,180000.0,140000.0,0.0,50000.0
Spider-Man: Shattered Dimensions,X360,2010,240000.0,90000.0,0.0,30000.0
BlazBlue: Calamity Trigger,X360,2009,210000.0,80000.0,40000.0,30000.0
MechWarrior 2: 31st Century Combat,PS,1997,200000.0,140000.0,0.0,20000.0
Earth Defense Force 2025,PS3,2013,40000.0,30000.0,270000.0,20000.0
Hamtaro: Ham-Ham Heartbreak,GBA,2002,260000.0,100000.0,0.0,10000.0
Okage: Shadow King,PS2,2001,140000.0,110000.0,80000.0,40000.0
Press Your Luck 2010 Edition,Wii,2009,330000.0,0.0,0.0,30000.0
Mobile Suit Z-Gundam,PS,1997,0.0,0.0,340000.0,20000.0
NHL 2K10,Wii,2009,330000.0,10000.0,0.0,30000.0
Assassin's Creed III,WiiU,2012,190000.0,130000.0,0.0,30000.0
Kirby's Dream Land 3,SNES,1997,0.0,0.0,360000.0,0.0
Big Bass World Championship,PS,1997,200000.0,140000.0,0.0,20000.0
NFL GameDay 2001,PS2,2000,180000.0,140000.0,0.0,50000.0
NBA 2K6,XB,2005,270000.0,80000.0,0.0,10000.0
Jurassic Park,NES,1993,250000.0,100000.0,0.0,10000.0
Mystical Ninja starring Goemon,N64,1997,70000.0,20000.0,230000.0,40000.0
Tetrisphere,N64,1997,290000.0,60000.0,0.0,0.0
Saban's Power Rangers: Lightspeed Rescue,N64,2000,290000.0,60000.0,0.0,0.0
Senran Kagura Shinovi Versus: Sh?jo-tachi no Sh?mei,PSV,2013,130000.0,20000.0,160000.0,50000.0
North American Hunting Extravaganza,Wii,2008,330000.0,0.0,0.0,30000.0
World's Scariest Police Chases,PS,2001,200000.0,140000.0,0.0,20000.0
Guitar Hero: Smash Hits,PS3,2009,200000.0,110000.0,0.0,50000.0
Shaun Palmer's Pro Snowboarder,GBA,2001,260000.0,100000.0,0.0,10000.0
AMF Bowling World Lanes,Wii,2008,330000.0,0.0,0.0,30000.0
MechAssault 2: Lone Wolf,XB,2004,270000.0,80000.0,0.0,10000.0
Middle-Earth: Shadow of Mordor,PC,2014,120000.0,200000.0,0.0,40000.0
Hamster Club 3,GBA,2002,0.0,0.0,350000.0,10000.0
Breath of Fire II,SNES,1994,0.0,0.0,360000.0,0.0
Call of Duty: Ghosts,WiiU,2013,230000.0,90000.0,10000.0,30000.0
LEGO Racers,PS,1999,200000.0,140000.0,0.0,20000.0
NBA 2K12,Wii,2011,300000.0,30000.0,0.0,20000.0
Teenage Mutant Ninja Turtles: Smash-Up,Wii,2009,330000.0,0.0,0.0,30000.0
Kinectimals: Now with Bears!,X360,2011,270000.0,60000.0,0.0,30000.0
ESPN NFL Football,XB,2003,270000.0,80000.0,0.0,10000.0
Naruto: Ultimate Ninja 3 (JP sales),PS2,2005,0.0,0.0,360000.0,0.0
Just Dance 2016,X360,2015,230000.0,100000.0,0.0,30000.0
Rapala Pro Fishing,PS2,2004,180000.0,140000.0,0.0,50000.0
J-League Pro Soccer Club o Tsukurou '04,PS2,2004,0.0,0.0,360000.0,0.0
Dark Void,PS3,2010,180000.0,120000.0,0.0,60000.0
James Bond 007: Legends,PS3,2012,110000.0,170000.0,0.0,70000.0
Dai-2-Ji Super Robot Taisen Z Saisei-hen,PSP,2012,0.0,0.0,360000.0,0.0
WWE '12,Wii,2011,240000.0,90000.0,0.0,30000.0
Disney's The Haunted Mansion,PS2,2003,180000.0,140000.0,0.0,50000.0
Arc the Lad: Twilight of the Spirits,PS2,2003,180000.0,140000.0,0.0,50000.0
Dance Dance Revolution 3rdMix,PS,2000,0.0,0.0,330000.0,20000.0
Ryu Ga Gotoku Kenzan!,PS3,2008,0.0,0.0,360000.0,0.0
U-Sing,Wii,2009,0.0,320000.0,0.0,30000.0
Super Robot Taisen A,GBA,2001,0.0,0.0,350000.0,10000.0
Chicken Shoot,Wii,2007,330000.0,10000.0,0.0,20000.0
Company of Heroes 2,PC,2013,60000.0,250000.0,0.0,50000.0
Defiance,PS3,2013,190000.0,110000.0,0.0,50000.0
We Sing Deutsche Hits,Wii,2011,0.0,310000.0,0.0,50000.0
Boxer's Road,PS,1995,0.0,0.0,330000.0,20000.0
Frogs And Flies,2600,1981,330000.0,20000.0,0.0,0.0
DanceDanceRevolution,Wii,2010,290000.0,40000.0,0.0,20000.0
Harry Potter and the Chamber of Secrets,XB,2002,270000.0,80000.0,0.0,10000.0
EA Sports MMA,X360,2010,230000.0,100000.0,0.0,30000.0
Toriko: Gourmet Survival!,PSP,2011,0.0,0.0,360000.0,0.0
South Park Rally,PS,1998,200000.0,130000.0,0.0,20000.0
Ganbare Goemon 3: Shishi Jyuurokubei no Karakuri Manji Katame,SNES,1994,0.0,0.0,360000.0,0.0
Monopoly,PS3,2008,250000.0,60000.0,0.0,40000.0
Arctic Thunder,PS2,2001,170000.0,140000.0,0.0,50000.0
G-Force,PSP,2009,240000.0,70000.0,0.0,50000.0
NHL 2K10,PS2,2009,170000.0,140000.0,0.0,50000.0
Football Manager Handheld 2010,PSP,2009,0.0,260000.0,0.0,90000.0
J-League Pro Soccer Club o Tsukurou!,DC,1999,0.0,0.0,360000.0,0.0
Formula 1 Championship Edition,PS,1997,60000.0,40000.0,230000.0,20000.0
Shrek,XB,2001,250000.0,100000.0,0.0,10000.0
SOCOM: Tactical Strike,PSP,2007,320000.0,10000.0,0.0,30000.0
Blasto,PS,1998,200000.0,130000.0,0.0,20000.0
Trauma Center: Second Opinion,Wii,2006,280000.0,20000.0,30000.0,30000.0
Backyard Baseball 2006,GBA,2005,250000.0,90000.0,0.0,10000.0
Dark Souls III,XOne,2016,230000.0,90000.0,0.0,30000.0
Cabela's Outdoor Adventures (2006),PS2,2005,170000.0,140000.0,0.0,50000.0
Nicktoons: Unite!,GC,2005,270000.0,70000.0,0.0,10000.0
Suikoden V,PS2,2006,80000.0,60000.0,190000.0,20000.0
Picross 2,GB,1996,0.0,0.0,350000.0,0.0
Remember Me,PS3,2013,100000.0,180000.0,0.0,70000.0
Battalion Wars 2,Wii,2007,220000.0,30000.0,80000.0,20000.0
Outlaw Golf 2,PS2,2004,170000.0,140000.0,0.0,50000.0
SpongeBob's Boating Bash,Wii,2010,250000.0,70000.0,0.0,30000.0
Sentouchu: Densetsu no Shinobi to Survival Battle!,3DS,2013,0.0,0.0,350000.0,0.0
Vancouver 2010 - The Official Video Game of the Olympic Winter Games,PS3,2010,90000.0,200000.0,0.0,70000.0
Momotarou Dentetsu 12,PS2,2003,0.0,0.0,350000.0,0.0
Mini Ninjas,PS3,2009,140000.0,160000.0,0.0,60000.0
Tekken Tag Tournament 2,X360,2012,190000.0,120000.0,10000.0,30000.0
Batman: Rise of Sin Tzu,PS2,2003,170000.0,130000.0,0.0,50000.0
Disney's Tarzan: Return to the Jungle,GBA,2002,250000.0,90000.0,0.0,10000.0
Cabela's Dangerous Hunts,XB,2003,260000.0,80000.0,0.0,10000.0
Terminator Salvation,X360,2009,130000.0,180000.0,0.0,40000.0
Jikkyou Powerful Pro Yakyuu 13,PS2,2006,0.0,0.0,350000.0,0.0
Fossil Fighters: Frontier,3DS,2014,80000.0,40000.0,230000.0,10000.0
Star Fox: Zero,WiiU,2016,160000.0,100000.0,70000.0,30000.0
Mega Man X3,SNES,1995,40000.0,10000.0,300000.0,0.0
Stunt Race FX,SNES,1993,0.0,0.0,350000.0,0.0
Bloody Roar 3,PS2,2001,150000.0,110000.0,50000.0,40000.0
WWE Crush Hour,PS2,2003,170000.0,130000.0,0.0,40000.0
Persona 2: Eternal Punishment,PS,2000,30000.0,20000.0,280000.0,20000.0
Star Wars: Flight of the Falcon,GBA,2003,250000.0,90000.0,0.0,10000.0
Pac-Man All-Stars,PS3,2011,200000.0,80000.0,40000.0,40000.0
Def Jam Rapstar,Wii,2010,310000.0,20000.0,0.0,20000.0
Hannah Montana: The Movie,Wii,2009,130000.0,180000.0,0.0,40000.0
Angry Birds Star Wars,Wii,2013,210000.0,100000.0,0.0,30000.0
Jikkyou Powerful Pro Yakyuu 2000,N64,2000,0.0,0.0,290000.0,60000.0
Sniper: Ghost Warrior 2,PS3,2013,50000.0,190000.0,30000.0,70000.0
Racquet Sports,PS3,2010,110000.0,170000.0,0.0,60000.0
Harry Potter and the Deathly Hallows - Part 2,Wii,2011,180000.0,140000.0,0.0,30000.0
Supreme Commander 2,X360,2010,230000.0,100000.0,0.0,30000.0
Resident Evil: Dead Aim,PS2,2003,170000.0,130000.0,0.0,40000.0
Need for Speed Carbon,GC,2006,270000.0,70000.0,0.0,10000.0
The Adventures of Jimmy Neutron Boy Genius: Jet Fusion,GBA,2003,250000.0,90000.0,0.0,10000.0
The Fairly Odd Parents: Shadow Showdown,PS2,2004,170000.0,130000.0,0.0,40000.0
Saban's Power Rangers: Lightspeed Rescue,PS,2000,190000.0,130000.0,0.0,20000.0
Xbox Music Mixer,XB,2003,260000.0,80000.0,0.0,10000.0
WWE All Stars,X360,2011,180000.0,140000.0,0.0,30000.0
The Shoot,PS3,2010,130000.0,160000.0,10000.0,60000.0
College Hoops 2K8,PS2,2007,170000.0,130000.0,0.0,40000.0
Guitar Hero: Metallica,PS2,2009,170000.0,130000.0,0.0,40000.0
Guilty Gear X2,PS2,2002,90000.0,70000.0,160000.0,20000.0
MotoGP 08,X360,2008,110000.0,200000.0,0.0,40000.0
Yu-Gi-Oh! 5D's Tag Force 5,PSP,2010,130000.0,50000.0,140000.0,30000.0
Enemy Territory: Quake Wars,PS3,2008,230000.0,70000.0,0.0,40000.0
Tom Clancy's Rainbow Six: Lockdown,PS2,2005,170000.0,130000.0,0.0,40000.0
From TV Animation One Piece: Tobidase Kaizokudan!,PS,2001,0.0,0.0,320000.0,20000.0
The Tale of Despereaux,PS2,2008,170000.0,130000.0,0.0,40000.0
Aggressive Inline,PS2,2002,170000.0,130000.0,0.0,40000.0
Karaoke Revolution,PS2,2003,170000.0,130000.0,0.0,40000.0
NFL Street,GC,2004,270000.0,70000.0,0.0,10000.0
Metal Arms: Glitch in the System,PS2,2003,170000.0,130000.0,0.0,40000.0
Farming Simulator 2015,PS4,2015,100000.0,200000.0,0.0,50000.0
Jikkyou Powerful Pro Yakyuu 7,PS2,2000,0.0,0.0,350000.0,0.0
Rally Cross 2,PS,1998,190000.0,130000.0,0.0,20000.0
EverGrace,PS2,2000,100000.0,80000.0,150000.0,30000.0
Def Jam Icon,X360,2007,300000.0,10000.0,0.0,30000.0
Lunar 2: Eternal Blue Complete,PS,1999,190000.0,130000.0,0.0,20000.0
Street Fighter Alpha: Warriors' Dreams,SAT,1996,0.0,0.0,350000.0,0.0
Rugrats: Royal Ransom,PS2,2002,170000.0,130000.0,0.0,40000.0
MLB 06: The Show,PSP,2006,320000.0,0.0,0.0,30000.0
F1 Race Stars,PS3,2012,60000.0,210000.0,0.0,80000.0
Over the Hedge,GC,2006,270000.0,70000.0,0.0,10000.0
Naruto Shippuden: Ultimate Ninja Impact,PSP,2011,90000.0,70000.0,150000.0,40000.0
Just Dance 2016,PS4,2015,160000.0,130000.0,0.0,60000.0
Charlie and the Chocolate Factory,PS2,2005,170000.0,130000.0,0.0,40000.0
UEFA Euro 2008 Austria-Switzerland,X360,2008,80000.0,230000.0,0.0,30000.0
Kurushi Final: Mental Blocks,PS,1998,0.0,0.0,320000.0,20000.0
Risk / Battleship / Clue,GBA,2005,250000.0,90000.0,0.0,10000.0
SD Gundam G Generation World,PSP,2011,0.0,0.0,340000.0,0.0
LEGO Pirates of the Caribbean: The Video Game,PSP,2011,110000.0,150000.0,0.0,80000.0
The Wild Thornberrys Movie,GBA,2002,250000.0,90000.0,0.0,10000.0
High School Musical 3: Senior Year DANCE!,PS2,2008,170000.0,130000.0,0.0,40000.0
Dynasty Warriors 5 Empires,PS2,2006,110000.0,90000.0,120000.0,30000.0
SoulCalibur,DC,1999,0.0,0.0,340000.0,0.0
WipEout 3,PS,1999,190000.0,130000.0,0.0,20000.0
Conan,PS3,2007,130000.0,150000.0,0.0,60000.0
Classic NES Series: Ice Climber,GBA,2004,100000.0,40000.0,200000.0,10000.0
Skylanders: Trap Team,XOne,2014,250000.0,70000.0,0.0,30000.0
F.E.A.R.,X360,2006,280000.0,30000.0,0.0,30000.0
Tenchu Z,X360,2006,270000.0,20000.0,20000.0,30000.0
Freeway,2600,1980,320000.0,20000.0,0.0,0.0
Driver 2 Advance,GBA,2002,250000.0,90000.0,0.0,10000.0
Monster Rancher 4,PS2,2003,80000.0,60000.0,190000.0,20000.0
Chicken Riot,Wii,2010,150000.0,160000.0,0.0,30000.0
Tim Burton's The Nightmare Before Christmas: Oogie's Revenge,PS2,2004,170000.0,130000.0,0.0,40000.0
Iron Storm,SAT,1995,0.0,0.0,340000.0,0.0
Harry Potter and the Deathly Hallows - Part 2,X360,2011,190000.0,120000.0,0.0,30000.0
MotorStorm: Arctic Edge,PS2,2009,70000.0,30000.0,0.0,250000.0
The Fairly Odd Parents: Shadow Showdown,GBA,2004,250000.0,90000.0,0.0,10000.0
Marvel Super Heroes,PS,1997,190000.0,130000.0,0.0,20000.0
Super Bust-A-Move,PS2,2000,170000.0,130000.0,0.0,40000.0
Hitman: Contracts,XB,2004,260000.0,70000.0,0.0,10000.0
Thunderstrike: Operation Phoenix,PS2,2001,170000.0,130000.0,0.0,40000.0
Alien's Return,2600,1982,320000.0,20000.0,0.0,0.0
Frostbite,2600,1983,320000.0,20000.0,0.0,0.0
LEGO Marvel's Avengers,X360,2016,170000.0,150000.0,0.0,30000.0
Kameo: Elements of Power,X360,2005,280000.0,30000.0,0.0,30000.0
Power Rangers Samurai,Wii,2011,290000.0,30000.0,0.0,20000.0
WWE Day of Reckoning 2,GC,2005,260000.0,70000.0,0.0,10000.0
Dynasty Warriors 6 Empires,PS3,2009,140000.0,30000.0,150000.0,20000.0
The Urbz: Sims in the City,XB,2004,220000.0,110000.0,0.0,10000.0
Fantastic Voyage,2600,1981,320000.0,20000.0,0.0,0.0
The Adventures of Tintin: The Game,Wii,2011,130000.0,170000.0,0.0,40000.0
Bee Movie Game,Wii,2007,310000.0,10000.0,0.0,30000.0
Silent Hill HD Collection,PS3,2012,150000.0,110000.0,30000.0,50000.0
Night Warriors: Darkstalkers' Revenge,SAT,1995,0.0,0.0,340000.0,0.0
Off Road Challenge,N64,1998,270000.0,60000.0,0.0,0.0
Bank Heist,2600,1982,320000.0,20000.0,0.0,0.0
Harry Potter and the Half-Blood Prince,PS3,2009,150000.0,130000.0,0.0,60000.0
Tom Clancy's Ghost Recon: Shadow Wars,3DS,2011,220000.0,90000.0,0.0,30000.0
Backstreet Billiards,PS,1998,190000.0,130000.0,0.0,20000.0
MX vs. ATV Untamed,Wii,2008,290000.0,30000.0,0.0,30000.0
Carnival,2600,1981,320000.0,20000.0,0.0,0.0
Football Manager Handheld 2008,PSP,2007,0.0,340000.0,0.0,0.0
Leisure Suit Larry: Magna Cum Laude,PS2,2004,170000.0,130000.0,0.0,40000.0
Harry Potter and the Deathly Hallows - Part 2,PS3,2011,140000.0,150000.0,0.0,50000.0
MVP 06 NCAA Baseball,XB,2006,250000.0,70000.0,0.0,10000.0
Point Blank,PS,1997,50000.0,30000.0,230000.0,20000.0
Rayman Legends,XOne,2014,130000.0,180000.0,0.0,30000.0
Star Ocean: Second Evolution,PSP,2008,140000.0,20000.0,160000.0,20000.0
Tiny Tank,PS,1998,190000.0,130000.0,0.0,20000.0
Jonah Lomu Rugby Challenge,X360,2011,90000.0,210000.0,0.0,40000.0
Spy Hunter,XB,2002,250000.0,70000.0,0.0,10000.0
Angry Birds Star Wars,3DS,2013,150000.0,150000.0,0.0,30000.0
NHL 09,PS3,2008,290000.0,20000.0,0.0,30000.0
Zoo Tycoon (2013),XOne,2013,180000.0,130000.0,0.0,30000.0
Herbie: Fully Loaded,GBA,2005,240000.0,90000.0,0.0,10000.0
The Sims 3: Town Life Stuff,PC,2011,110000.0,170000.0,0.0,50000.0
Teenage Mutant Ninja Turtles,GC,2003,260000.0,70000.0,0.0,10000.0
Disney Sing It: Pop Hits,PS2,2009,100000.0,20000.0,0.0,220000.0
Buzz! The Ultimate Music Quiz,PS3,2010,0.0,250000.0,0.0,80000.0
Persona 5,PS4,2016,0.0,0.0,340000.0,0.0
The Eye of Judgment,PS3,2007,280000.0,0.0,20000.0,30000.0
Pirates of the Caribbean: At World's End,X360,2007,290000.0,20000.0,0.0,30000.0
Modnation Racers: Road Trip,PSV,2012,170000.0,120000.0,0.0,50000.0
Dynasty Warriors: Gundam 2,PS2,2008,40000.0,30000.0,250000.0,10000.0
Fade to Black,PS,1996,190000.0,130000.0,0.0,20000.0
MXRider,PS2,2001,160000.0,130000.0,0.0,40000.0
Battlefield: Hardline,X360,2015,170000.0,140000.0,0.0,30000.0
Delta Force: Black Hawk Down,XB,2005,250000.0,70000.0,0.0,10000.0
World Championship Poker 2: Featuring Howard Lederer,PS2,2005,160000.0,130000.0,0.0,40000.0
Sengoku Musou 3 Z,PS3,2011,0.0,0.0,330000.0,0.0
Operation Flashpoint: Red River,PS3,2011,60000.0,150000.0,70000.0,50000.0
Ninja Blade,X360,2009,140000.0,140000.0,20000.0,30000.0
Tom Clancy's Ghost Recon Advanced Warfighter,XB,2006,210000.0,110000.0,0.0,10000.0
Fracture,X360,2008,150000.0,140000.0,0.0,40000.0
Tokyo Highway Battle,PS,1996,60000.0,40000.0,210000.0,20000.0
Pandora's Tower,Wii,2011,130000.0,100000.0,80000.0,30000.0
Binary Domain,PS3,2012,90000.0,80000.0,140000.0,30000.0
The King of Fighters XIII,X360,2011,230000.0,70000.0,10000.0,30000.0
Beyond Good & Evil,PS2,2003,160000.0,130000.0,0.0,40000.0
Banjo-Kazooie: Grunty's Revenge,GBA,2003,240000.0,90000.0,0.0,10000.0
Bomberman World,PS,1998,60000.0,40000.0,220000.0,20000.0
The X-Factor,Wii,2010,0.0,290000.0,0.0,40000.0
Street Fighter Alpha 3 MAX,PSP,2006,270000.0,10000.0,20000.0,30000.0
Untold Legends: The Warriors Code,PSP,2006,140000.0,120000.0,0.0,80000.0
Virtua Tennis 2009,X360,2009,120000.0,180000.0,0.0,30000.0
Deathtrap Dungeon,PS,1998,190000.0,130000.0,0.0,20000.0
Tales of the World: Radiant Mythology 2,PSP,2009,0.0,0.0,330000.0,0.0
Wipeout 2,Wii,2011,310000.0,0.0,0.0,20000.0
Iron Man 2,Wii,2010,150000.0,150000.0,0.0,30000.0
Ape Escape Academy,PSP,2004,130000.0,150000.0,0.0,50000.0
The Darkness II,PS3,2012,140000.0,140000.0,0.0,50000.0
SingStar Take That,PS3,2009,0.0,300000.0,0.0,30000.0
Marvel: Ultimate Alliance 2,Wii,2009,260000.0,50000.0,0.0,30000.0
Ultimate Marvel vs. Capcom 3,PSV,2011,200000.0,90000.0,0.0,50000.0
WWE Wrestlemania XIX,GC,2003,260000.0,70000.0,0.0,10000.0
The Sims 2,GC,2005,260000.0,70000.0,0.0,10000.0
Hulk,XB,2003,250000.0,70000.0,0.0,10000.0
Naruto: Rise of a Ninja,X360,2007,290000.0,20000.0,0.0,30000.0
Chicken Blaster,Wii,2009,310000.0,0.0,0.0,20000.0
Family Party: 90 Great Games Party Pack,Wii,2010,310000.0,0.0,0.0,20000.0
Klonoa 2: Lunatea's Veil,PS2,2001,120000.0,100000.0,80000.0,30000.0
Deus Ex: Invisible War,XB,2003,250000.0,70000.0,0.0,10000.0
Resonance of Fate,X360,2010,120000.0,130000.0,60000.0,30000.0
Hell's Kitchen: The Game,Wii,2008,300000.0,0.0,0.0,30000.0
Disney's Treasure Planet,PS2,2002,160000.0,130000.0,0.0,40000.0
NASCAR Thunder 2002,XB,2001,250000.0,70000.0,0.0,10000.0
Jeanne d'Arc,PSP,2006,210000.0,0.0,100000.0,20000.0
NCAA Basketball 10,PS3,2009,310000.0,0.0,0.0,30000.0
BeatMania Append GottaMix,PS,1999,0.0,0.0,310000.0,20000.0
Dead or Alive 5,PS4,2015,90000.0,130000.0,80000.0,40000.0
Tak 2: The Staff of Dreams,GC,2004,260000.0,70000.0,0.0,10000.0
Rugby World Cup 2011,PS3,2011,0.0,250000.0,0.0,80000.0
Medal of Honor: Warfighter,PC,2012,140000.0,150000.0,0.0,40000.0
Kelly Slater's Pro Surfer,PS2,2002,160000.0,130000.0,0.0,40000.0
Shrek SuperSlam,GBA,2005,240000.0,90000.0,0.0,10000.0
Sonic Boom: Rise of Lyric,WiiU,2014,210000.0,90000.0,0.0,30000.0
Legends of Wrestling II,PS2,2002,160000.0,130000.0,0.0,40000.0
World Stadium 3,PS,1999,0.0,0.0,310000.0,20000.0
Little Deviants,PSV,2011,150000.0,130000.0,0.0,50000.0
Silent Hill: Downpour,X360,2012,220000.0,80000.0,0.0,30000.0
Extra Bases,GB,1990,0.0,0.0,330000.0,0.0
Super Power League 2,SNES,1994,0.0,0.0,330000.0,0.0
Night at the Museum: Battle of the Smithsonian,Wii,2009,170000.0,130000.0,0.0,30000.0
Capcom Classics Collection Reloaded,PSP,2006,260000.0,0.0,30000.0,30000.0
MLB 09: The Show,PS2,2009,160000.0,130000.0,0.0,40000.0
Deus Ex: Mankind Divided,PS4,2016,100000.0,180000.0,0.0,50000.0
Cool Boarders 2001,PS2,2001,160000.0,130000.0,0.0,40000.0
Classic NES Series: Castlevania,GBA,2004,170000.0,60000.0,90000.0,10000.0
Dragon Ball Z: Battle of Z,PS3,2014,100000.0,110000.0,60000.0,50000.0
Scooby-Doo! First Frights,PS2,2009,140000.0,30000.0,0.0,160000.0
Fight Night Round 3,XB,2006,260000.0,60000.0,0.0,10000.0
GT Advance Championship Racing,GBA,2001,240000.0,90000.0,0.0,10000.0
Way of the Samurai 2,PS2,2003,50000.0,40000.0,230000.0,10000.0
FIFA Street 3,PS3,2008,80000.0,180000.0,0.0,60000.0
BattleTanx,N64,1998,260000.0,60000.0,0.0,0.0
Hatsune Miku: Project Diva Extend,PSP,2011,0.0,0.0,330000.0,0.0
Battlestations: Pacific,X360,2009,170000.0,120000.0,10000.0,30000.0
Pitfall 3D: Beyond the Jungle,PS,1998,180000.0,120000.0,0.0,20000.0
Disgaea 2: Cursed Memories,PS2,2006,90000.0,70000.0,150000.0,20000.0
Cabela's Dangerous Hunts 2011,PS3,2010,260000.0,40000.0,0.0,30000.0
DECA Sports Freedom,X360,2010,270000.0,40000.0,0.0,20000.0
Clock Tower 3,PS2,2002,100000.0,80000.0,120000.0,30000.0
Battle Dodge Ball,SNES,1991,0.0,0.0,330000.0,0.0
Phineas and Ferb: Across the 2nd Dimension,PS3,2011,150000.0,120000.0,0.0,50000.0
Call Of Duty 2: Big Red One,GC,2005,250000.0,70000.0,0.0,10000.0
Elebits,Wii,2006,220000.0,10000.0,80000.0,20000.0
"Warhammer 40,000: Squad Command",PSP,2007,110000.0,140000.0,0.0,80000.0
F1 2013,X360,2013,10000.0,280000.0,0.0,30000.0
Disgaea: Hour of Darkness,PS2,2003,160000.0,130000.0,0.0,40000.0
NeoGeo Battle Coliseum,PS2,2005,160000.0,130000.0,0.0,40000.0
SSX Blur,Wii,2007,290000.0,10000.0,0.0,30000.0
DiRT 2,PSP,2009,90000.0,160000.0,0.0,90000.0
Vin Diesel: Wheelman,PS3,2009,120000.0,150000.0,0.0,60000.0
SpongeBob SquarePants: Creature from the Krusty Krab,GC,2006,250000.0,70000.0,0.0,10000.0
MLB 08: The Show,PSP,2008,300000.0,0.0,0.0,20000.0
The Black Eyed Peas Experience,X360,2011,200000.0,100000.0,0.0,30000.0
Parodius,PS,1994,0.0,0.0,310000.0,20000.0
Spy Kids 3-D: Game Over,GBA,2003,240000.0,90000.0,0.0,10000.0
Sakura Wars 3: Paris wa Moeteiru ka,DC,2001,0.0,0.0,330000.0,0.0
NCAA GameBreaker 2001,PS,2000,180000.0,120000.0,0.0,20000.0
Power Rangers: Ninja Storm,GBA,2003,240000.0,90000.0,0.0,10000.0
Angry Birds Star Wars,PS3,2013,100000.0,170000.0,0.0,60000.0
Naruto: Gekito Ninja Taisen! 4,GC,2005,0.0,0.0,320000.0,10000.0
Kidou Senshi Gundam F91: Formula Senki 0122,SNES,1991,0.0,0.0,330000.0,0.0
Despicable Me: The Game,Wii,2010,190000.0,120000.0,0.0,30000.0
Golden Axe: Beast Rider,X360,2008,190000.0,110000.0,0.0,30000.0
MVP Baseball 2005,GC,2005,250000.0,70000.0,0.0,10000.0
"Carnival Games: Monkey See, Monkey Do!",X360,2011,140000.0,160000.0,0.0,30000.0
Eternal Sonata,X360,2007,190000.0,40000.0,80000.0,20000.0
DX Game of Life 2,PS,1997,0.0,0.0,310000.0,20000.0
NBA Live 96,PS,1996,160000.0,110000.0,40000.0,20000.0
Clash of the Titans,PS3,2010,90000.0,160000.0,10000.0,60000.0
Folklore,PS3,2007,200000.0,50000.0,50000.0,30000.0
Dragon Ball Z: Extreme Butoden,3DS,2015,120000.0,30000.0,160000.0,20000.0
Samurai Warriors 2: Xtreme Legends (JP sales),PS2,2007,0.0,0.0,330000.0,0.0
Sniper Elite 3,XOne,2014,190000.0,110000.0,0.0,30000.0
Teen Titans,GC,2006,250000.0,70000.0,0.0,10000.0
Dead Rising 2: Off the Record,PS3,2011,110000.0,80000.0,100000.0,30000.0
Frogger II: Threeedeep!,2600,1983,310000.0,20000.0,0.0,0.0
LEGO The Lord of the Rings,PSV,2012,100000.0,150000.0,0.0,70000.0
NBA Live 06,GC,2005,250000.0,70000.0,0.0,10000.0
Karaoke Revolution Presents American Idol Encore 2,Wii,2008,300000.0,0.0,0.0,20000.0
Fireball,2600,1981,300000.0,20000.0,0.0,0.0
Batman: Arkham Origins,WiiU,2013,200000.0,90000.0,0.0,30000.0
Dr. Mario / Puzzle League,GBA,2005,120000.0,40000.0,160000.0,10000.0
Bleach: Shattered Blade,Wii,2006,220000.0,10000.0,80000.0,20000.0
Shin Nippon Pro Wrestling: Toukon Retsuden,PS,1995,0.0,0.0,300000.0,20000.0
Major League Baseball 2K6,XB,2006,240000.0,70000.0,0.0,10000.0
Pinball Hall of Fame: The Gottlieb Collection,PS2,2004,160000.0,120000.0,0.0,40000.0
God of War Collection,PSV,2014,140000.0,100000.0,10000.0,70000.0
Dead Space 2,PC,2011,130000.0,150000.0,0.0,50000.0
Def Jam Rapstar,PS3,2010,250000.0,50000.0,0.0,30000.0
Overlord II,X360,2009,150000.0,140000.0,0.0,30000.0
NBA 2K10,PSP,2009,300000.0,0.0,0.0,30000.0
J Stars Victory Vs.,PS3,2014,40000.0,60000.0,200000.0,20000.0
The Witcher: Enhanced Edition,PC,2008,320000.0,10000.0,0.0,0.0
Teenage Mutant Ninja Turtles 2: Battle Nexus,GBA,2004,230000.0,90000.0,0.0,10000.0
Nicktoons: Movin',PS2,2004,160000.0,120000.0,0.0,40000.0
One Piece: Romance Dawn - Bouken no Yoake,PSP,2012,0.0,0.0,320000.0,0.0
Batman: Arkham Origins,PC,2013,130000.0,160000.0,0.0,40000.0
SWAT: Global Strike Team,PS2,2003,160000.0,120000.0,0.0,40000.0
Championship Bass,PS,1999,180000.0,120000.0,0.0,20000.0
Resident Evil: Revelations 2,PS3,2015,60000.0,80000.0,160000.0,30000.0
Test Drive Unlimited,X360,2006,230000.0,40000.0,20000.0,30000.0
Golden Axe: Beast Rider,PS3,2008,130000.0,140000.0,0.0,60000.0
Madden NFL 13,PSV,2012,300000.0,0.0,0.0,30000.0
NCAA Basketball 10,X360,2009,300000.0,0.0,0.0,20000.0
Dead or Alive 5,X360,2012,190000.0,80000.0,30000.0,20000.0
NHL Breakaway 98,N64,1998,300000.0,20000.0,0.0,0.0
LEGO Marvel's Avengers,XOne,2016,180000.0,110000.0,0.0,30000.0
Tekken 6,PSP,2009,150000.0,40000.0,100000.0,30000.0
Kinetica,PS2,2001,160000.0,120000.0,0.0,40000.0
Beautiful Katamari,X360,2007,140000.0,20000.0,150000.0,20000.0
Bust-A-Move '99,PS,1997,180000.0,120000.0,0.0,20000.0
NBA Street V3,XB,2005,280000.0,30000.0,0.0,10000.0
Overlord II,PS3,2009,110000.0,150000.0,0.0,60000.0
Dragon Quest Monsters 1?2,PS,2002,0.0,0.0,300000.0,20000.0
Army of Two: The 40th Day,PSP,2010,120000.0,130000.0,0.0,80000.0
Bigfoot: Collision Course,Wii,2008,300000.0,0.0,0.0,20000.0
Batman: Arkham Asylum,PC,2009,0.0,270000.0,0.0,50000.0
Crash of the Titans,X360,2007,270000.0,20000.0,0.0,30000.0
The Legend of Spyro: Dawn of the Dragon,X360,2008,160000.0,130000.0,0.0,30000.0
Prey,X360,2006,270000.0,30000.0,0.0,30000.0
Birthday Party Bash,Wii,2009,300000.0,0.0,0.0,20000.0
OverBlood,PS,1996,50000.0,40000.0,210000.0,20000.0
ESPN X-Games Pro Boarder,PS,1997,180000.0,120000.0,0.0,20000.0
Murdered: Soul Suspect,PS4,2014,90000.0,160000.0,20000.0,50000.0
Tony Hawk's American Wasteland,X360,2005,280000.0,20000.0,0.0,30000.0
Harvest Moon: Back to Nature,PS,1999,110000.0,70000.0,120000.0,20000.0
Sniper Elite 3,X360,2014,160000.0,140000.0,0.0,30000.0
Naruto: Ultimate Ninja (JP sales),PS2,2003,0.0,0.0,320000.0,0.0
The Settlers 7: Paths to a Kingdom,PC,2010,0.0,260000.0,0.0,60000.0
"Go, Diego, Go!: Great Dinosaur Rescue",PS2,2008,160000.0,120000.0,0.0,40000.0
TrackMania Turbo,PS4,2016,30000.0,240000.0,0.0,50000.0
Minute to Win It,X360,2011,300000.0,0.0,0.0,20000.0
Darkwatch,PS2,2005,160000.0,120000.0,0.0,40000.0
Dance Dance Revolution Universe,X360,2007,300000.0,0.0,0.0,20000.0
SimAnimals,Wii,2009,150000.0,140000.0,0.0,30000.0
Prince of Persia: The Sands of Time,GC,2003,250000.0,60000.0,0.0,10000.0
Sky Odyssey,PS2,2000,160000.0,120000.0,0.0,40000.0
Nagano Winter Olympics 98,N64,1997,150000.0,40000.0,130000.0,0.0
Rayman 2: The Great Escape,PS,2000,180000.0,120000.0,0.0,20000.0
Kirby's Block Ball,GB,1995,0.0,0.0,320000.0,0.0
DiRT Rally,PS4,2016,30000.0,240000.0,0.0,50000.0
Fortress,GBA,2001,230000.0,80000.0,0.0,10000.0
FIFA 2001 Major League Soccer,PS,2000,180000.0,120000.0,0.0,20000.0
Rally Cross,PS,1997,180000.0,120000.0,0.0,20000.0
My Horse & Me,Wii,2007,270000.0,20000.0,0.0,30000.0
Frogger's Adventures: The Rescue,PS2,2003,160000.0,120000.0,0.0,40000.0
Extreme Pinball,PS,1995,180000.0,120000.0,0.0,20000.0
Shaun White Snowboarding,PSP,2008,260000.0,30000.0,0.0,30000.0
Karaoke Revolution Volume 3,PS2,2004,160000.0,120000.0,0.0,40000.0
Gold's Gym: Cardio Workout (Others sales),Wii,2008,0.0,300000.0,0.0,20000.0
Seaman: Kindan no Pet - Gaze Hakushi no Jikken Shima,PS2,2001,0.0,0.0,320000.0,0.0
Street Fighter Alpha 2,SAT,1995,0.0,0.0,320000.0,0.0
No.1 Muscle Ranking - Kinniku Banzuke Vol. 1: Oregasaikyouno Otokoda!,PS,1999,0.0,0.0,300000.0,20000.0
Cartoon Network Collection: Game Boy Advance Video Platinum Edition,GBA,2005,230000.0,80000.0,0.0,10000.0
Ultimate Fighting Championship: Throwdown,PS2,2002,160000.0,120000.0,0.0,40000.0
Marvel Nemesis: Rise of the Imperfects,PSP,2005,290000.0,0.0,0.0,30000.0
SpongeBob SquarePants: Double Pack,GBA,2005,230000.0,80000.0,0.0,10000.0
Tetris 2 + Bombliss,NES,1991,0.0,0.0,320000.0,0.0
Harry Potter and the Half-Blood Prince,X360,2009,170000.0,120000.0,0.0,30000.0
Disney's Extreme Skate Adventure,PS2,2003,160000.0,120000.0,0.0,40000.0
Rock Band Country Track Pack,PS2,2009,160000.0,120000.0,0.0,40000.0
"Ed, Edd n Eddy: Jawbreakers!",GBA,2002,230000.0,80000.0,0.0,10000.0
Frankenstein's Monster,2600,1982,300000.0,20000.0,0.0,0.0
Riven: The Sequel to Myst,PS,1997,180000.0,120000.0,0.0,20000.0
Mirror's Edge Catalyst,PS4,2016,100000.0,140000.0,20000.0,60000.0
Manhunt 2,PSP,2007,40000.0,180000.0,0.0,100000.0
NBA 2K3,XB,2002,240000.0,70000.0,0.0,10000.0
Monster Lab,Wii,2008,280000.0,20000.0,0.0,20000.0
Dragon Quest Monsters: Battle Road Victory,Wii,2010,0.0,0.0,320000.0,0.0
Shin Momotarou Densetsu,SNES,1993,0.0,0.0,320000.0,0.0
From TV Animation One Piece: Grand Battle! 3,PS2,2003,0.0,0.0,320000.0,0.0
Sega Smash Pack,GBA,2002,230000.0,80000.0,0.0,10000.0
The Conveni: Ano Machi wo Dokusen Seyo,PS,1997,0.0,0.0,300000.0,20000.0
Shin Super Robot Taisen Special Disk,PS,1997,0.0,0.0,300000.0,20000.0
Live A Live,SNES,1994,0.0,0.0,320000.0,0.0
NFL Fever 2004,XB,2003,240000.0,70000.0,0.0,10000.0
Madden NFL 2002,GBA,2001,230000.0,80000.0,0.0,10000.0
UEFA Euro 2008 Austria-Switzerland,PS2,2008,30000.0,0.0,0.0,280000.0
Clive Barker's Jericho,X360,2007,280000.0,10000.0,0.0,20000.0
Kingdom Under Fire: The Crusaders,XB,2004,240000.0,70000.0,0.0,10000.0
4x4 Evolution,PS2,2001,160000.0,120000.0,0.0,40000.0
Cabela's Dangerous Hunts 2011,X360,2010,280000.0,10000.0,0.0,20000.0
Momotarou Dentetsu Happy,SNES,1996,0.0,0.0,320000.0,0.0
Power Rangers: Time Force,PS,2001,180000.0,120000.0,0.0,20000.0
Romance of the Three Kingdoms VII,PS2,2000,80000.0,60000.0,160000.0,20000.0
Shrek the Third,PSP,2007,80000.0,150000.0,0.0,90000.0
Catherine,X360,2011,200000.0,60000.0,30000.0,20000.0
BlazBlue: Continuum Shift,X360,2010,230000.0,40000.0,20000.0,20000.0
"Monsters, Inc.",PS2,2002,150000.0,120000.0,0.0,40000.0
DJ Hero,PS2,2009,100000.0,20000.0,0.0,200000.0
WipEout Pulse,PSP,2007,130000.0,120000.0,0.0,60000.0
Just Dance 2016,XOne,2015,240000.0,40000.0,0.0,30000.0
Resident Evil Archives: Resident Evil,Wii,2008,170000.0,40000.0,80000.0,20000.0
Dynasty Warriors 4 Empires,PS2,2004,0.0,0.0,320000.0,0.0
Shenmue II,XB,2002,220000.0,80000.0,0.0,10000.0
Heart of Darkness,PS,1998,180000.0,120000.0,0.0,20000.0
LEGO Marvel's Avengers,PS3,2016,100000.0,170000.0,0.0,50000.0
Virtua Striker 2,DC,1999,0.0,0.0,320000.0,0.0
Fable III,PC,2011,90000.0,170000.0,0.0,50000.0
Dragon Ball: XenoVerse,XOne,2015,180000.0,110000.0,0.0,30000.0
Might & Magic Heroes VI,PC,2011,120000.0,140000.0,0.0,50000.0
Fuel,X360,2009,90000.0,190000.0,0.0,40000.0
ExerBeat,Wii,2010,100000.0,180000.0,0.0,30000.0
WarCraft II: The Dark Saga,PS,1997,180000.0,120000.0,0.0,20000.0
MonHun Nikki: Poka Poka Ailu Mura G,PSP,2011,0.0,0.0,310000.0,0.0
Crash Nitro Kart,XB,2003,240000.0,70000.0,0.0,10000.0
Sesame Street: Cookie's Counting Carnival,Wii,2010,290000.0,0.0,0.0,20000.0
NBA ShootOut,PS,1995,170000.0,120000.0,0.0,20000.0
Fishing Master,Wii,2007,290000.0,0.0,0.0,20000.0
Jikkyou Powerful Pro Yakyuu 14,PS2,2007,0.0,0.0,310000.0,0.0
Madden NFL 2004,GBA,2003,220000.0,80000.0,0.0,10000.0
Sniper Elite 3,PS3,2014,100000.0,150000.0,0.0,60000.0
Ganbare Goemon: KiraKira Douchuu - Boku ga Dancer ni Natta Riyuu,SNES,1995,0.0,0.0,310000.0,0.0
Bust-A-Move Universe,3DS,2011,80000.0,150000.0,60000.0,30000.0
Mario Golf,GB,1999,0.0,0.0,310000.0,0.0
Jikkyou Powerful Pro Yakyuu Portable 3,PSP,2008,0.0,0.0,310000.0,0.0
Sesame Street: Elmo's Letter Adventure,PS,1998,170000.0,120000.0,0.0,20000.0
The Incredible Hulk,Wii,2008,280000.0,10000.0,0.0,20000.0
Namco Museum: Virtual Arcade,X360,2008,270000.0,10000.0,10000.0,20000.0
NBA Inside Drive 2003,XB,2002,230000.0,70000.0,0.0,10000.0
FIFA Street,PS2,2005,150000.0,120000.0,0.0,40000.0
Hatsune Miku: Project Mirai DX,3DS,2015,150000.0,40000.0,100000.0,20000.0
Dragon Ball Heroes: Ultimate Mission 2,3DS,2014,0.0,0.0,310000.0,0.0
MLB 07: The Show,PS3,2007,290000.0,0.0,0.0,20000.0
Homefront: The Revolution,PS4,2016,50000.0,190000.0,30000.0,40000.0
Jampack: Summer 2003 (RP-M),PS2,2003,150000.0,120000.0,0.0,40000.0
Alone in the Dark: One-Eyed Jack's Revenge,PS,1996,170000.0,120000.0,0.0,20000.0
Yu-Gi-Oh! The Dawn of Destiny,XB,2004,230000.0,70000.0,0.0,10000.0
The Matrix: Path of Neo,XB,2005,230000.0,70000.0,0.0,10000.0
Mortal Kombat: Shaolin Monks,XB,2005,230000.0,70000.0,0.0,10000.0
Einh?nder,PS,1997,100000.0,70000.0,130000.0,20000.0
Tiny Toon Adventures: The Great Beanstalk,PS,1998,170000.0,120000.0,0.0,20000.0
Metro: Last Light,XOne,2014,150000.0,130000.0,0.0,30000.0
Dark Void,X360,2010,190000.0,90000.0,0.0,30000.0
Pro Evolution Soccer 2013,X360,2012,80000.0,200000.0,0.0,30000.0
Armored Core: Silent Line,PS2,2003,70000.0,60000.0,160000.0,20000.0
SD Gundam G Generation Wars,PS2,2009,0.0,0.0,310000.0,0.0
Panzer Dragoon II Zwei,SAT,1995,0.0,0.0,310000.0,0.0
KISS Pinball,PS,2001,170000.0,120000.0,0.0,20000.0
Brothers In Arms: Earned in Blood,XB,2005,230000.0,70000.0,0.0,10000.0
2 Games in 1: Disney's Brother Bear / The Lion King 1 1/2,GBA,2005,220000.0,80000.0,0.0,10000.0
Super Robot Taisen Complete Box,PS,1999,0.0,0.0,290000.0,20000.0
Mega Man Maverick Hunter X,PSP,2005,270000.0,10000.0,0.0,30000.0
Cabela's Outdoor Adventures (2009),Wii,2009,290000.0,0.0,0.0,20000.0
Lord of Arcana,PSP,2010,70000.0,40000.0,170000.0,30000.0
Jikkyou Powerful Pro Yakyuu 4,N64,1997,0.0,0.0,260000.0,50000.0
Goemon's Great Adventure,N64,1998,60000.0,20000.0,130000.0,100000.0
Hot Wheels Turbo Racing,N64,1999,250000.0,60000.0,0.0,0.0
Vigilante 8,N64,1998,250000.0,60000.0,0.0,0.0
Bass Hunter 64,N64,1999,250000.0,60000.0,0.0,0.0
Doubutsu no Mori,N64,2001,0.0,0.0,260000.0,50000.0
Football Manager 2016,PC,2015,0.0,290000.0,0.0,20000.0
TRON: Evolution,X360,2010,240000.0,50000.0,0.0,20000.0
Disney Infinity 3.0,XOne,2015,180000.0,100000.0,0.0,30000.0
Taiko Drum Master: Don and Katsu's Space-Time Great Adventure,3DS,2014,0.0,0.0,310000.0,0.0
Calvin Tucker's Redneck Jamboree,Wii,2008,290000.0,0.0,0.0,20000.0
MySims SkyHeroes,Wii,2010,180000.0,100000.0,0.0,30000.0
J-League Winning Eleven 2007: Club Championship,PS2,2007,0.0,0.0,310000.0,0.0
Shrek's Carnival Craze Party Games,Wii,2008,280000.0,0.0,0.0,20000.0
Harvest Moon: Magical Melody,Wii,2008,250000.0,40000.0,0.0,30000.0
Mega Man Battle Network 2,GBA,2002,220000.0,80000.0,0.0,10000.0
Little King's Story,Wii,2009,150000.0,110000.0,20000.0,20000.0
Mountain King,2600,1982,290000.0,20000.0,0.0,0.0
Jampack Volume 12,PS2,2005,150000.0,120000.0,0.0,40000.0
Tiger Woods PGA Tour 06,X360,2005,280000.0,0.0,0.0,20000.0
Shaun White Snowboarding,PS2,2008,150000.0,120000.0,0.0,40000.0
Shin Megami Tensei: Devil Summoner - Soul Hackers,SAT,1997,0.0,0.0,310000.0,0.0
Major League Baseball 2K8,PS3,2008,280000.0,0.0,0.0,20000.0
Rapala Pro Bass Fishing 2010,Wii,2010,230000.0,50000.0,0.0,20000.0
Lord of the Rings: Battle for Middle-Earth,X360,2006,280000.0,0.0,0.0,20000.0
Demolition Racer,PS,1998,170000.0,120000.0,0.0,20000.0
Midway Arcade Treasures 2,XB,2004,240000.0,50000.0,0.0,10000.0
Final Fantasy IV,PS,1997,0.0,0.0,290000.0,20000.0
Kingdoms of Amalur: Reckoning,PC,2012,140000.0,130000.0,0.0,40000.0
NASCAR Thunder 2003,GC,2002,240000.0,60000.0,0.0,10000.0
SD Gundam G Generation: Overworld,PSP,2012,0.0,0.0,310000.0,0.0
Sorcery,PS3,2012,140000.0,120000.0,0.0,50000.0
NHL FaceOff 2000,PS,1998,170000.0,120000.0,0.0,20000.0
Star Wars Racer Revenge,PS2,2002,150000.0,120000.0,0.0,40000.0
NBA Live 08,PSP,2007,280000.0,0.0,0.0,20000.0
The King of Fighters XIII,PS3,2011,170000.0,70000.0,40000.0,30000.0
NCAA Final Four 2002,PS2,2001,150000.0,120000.0,0.0,40000.0
South Park: Chef's Luv Shack,PS,1998,170000.0,120000.0,0.0,20000.0
Music Maker,PS2,2001,150000.0,120000.0,0.0,40000.0
Ganbare Goemon 2: Kiteretsu Shougun Magginesu,SNES,1993,0.0,0.0,310000.0,0.0
Astroblast,2600,1981,290000.0,20000.0,0.0,0.0
Blade II,PS2,2002,150000.0,120000.0,0.0,40000.0
40 Winks,PS,1999,170000.0,120000.0,0.0,20000.0
The Legend of Heroes: Trails of Cold Steel,PSV,2013,80000.0,50000.0,140000.0,40000.0
Fate/Extra,PSP,2010,180000.0,10000.0,100000.0,20000.0
Shaun White Snowboarding: World Stage,Wii,2009,250000.0,40000.0,0.0,20000.0
Skylanders SWAP Force,XOne,2013,220000.0,60000.0,0.0,20000.0
A Collection of Classic Games from the Intellivision,PS,1999,170000.0,120000.0,0.0,20000.0
Monsters vs. Aliens,PS3,2009,210000.0,60000.0,0.0,30000.0
Silent Hill: Shattered Memories,PSP,2010,90000.0,130000.0,10000.0,80000.0
Bruce Lee: Quest of the Dragon,XB,2002,230000.0,70000.0,0.0,10000.0
Spin Jam,PS,2000,170000.0,120000.0,0.0,20000.0
KuruKuru Kururin,GBA,2001,0.0,0.0,300000.0,10000.0
Disney's The Emperor's New Groove,PS,2000,170000.0,120000.0,0.0,20000.0
Disney's Stitch: Experiment 626,PS2,2002,150000.0,120000.0,0.0,40000.0
RPG Tsukuru 2,SNES,1996,0.0,0.0,310000.0,0.0
Yuu Yuu Hakusho 2: Kakutou no Sho,SNES,1994,0.0,0.0,310000.0,0.0
Orphen: Scion of Sorcery,PS2,2000,150000.0,120000.0,0.0,40000.0
LEGO Legends of Chima: Laval's Journey,3DS,2013,180000.0,100000.0,0.0,30000.0
Magna Carta 2,X360,2009,130000.0,80000.0,70000.0,20000.0
Ultimate Spider-Man,GBA,2005,220000.0,80000.0,0.0,10000.0
Midtown Madness 3,XB,2003,230000.0,70000.0,0.0,10000.0
Shrek Swamp Kart Speedway,GBA,2002,220000.0,80000.0,0.0,10000.0
One Piece: Unlimited World Red,PS3,2014,90000.0,120000.0,60000.0,50000.0
Alien: Isolation,X360,2014,150000.0,130000.0,0.0,30000.0
Gameboy Gallery,GB,1995,0.0,0.0,300000.0,0.0
Virtua Cop 2,SAT,1996,0.0,0.0,300000.0,0.0
Ehrgeiz,PS,1998,170000.0,120000.0,0.0,20000.0
Touhoku Daigaku Mirai Kagaku Gijutsu Kyoudou Kenkyuu Center Kawashima Ryuuta Kyouju Kanshu: Nou Ryoku Trainer Portable,PSP,2005,0.0,0.0,300000.0,0.0
Karaoke Revolution Glee: Volume 3,Wii,2011,240000.0,40000.0,0.0,20000.0
Spyro: Attack of the Rhynocs,GBA,2003,220000.0,80000.0,0.0,10000.0
"Army Men World War: Land, Sea, Air",PS,2000,170000.0,120000.0,0.0,20000.0
Dai-2-Ji Super Robot Taisen OG,PS3,2012,0.0,0.0,300000.0,0.0
Stranglehold,PS3,2007,240000.0,30000.0,0.0,30000.0
Trauma Center: New Blood,Wii,2007,220000.0,40000.0,10000.0,30000.0
Lumines ll,PSP,2006,120000.0,120000.0,0.0,70000.0
NES Remix,WiiU,2014,200000.0,0.0,80000.0,20000.0
1701 A.D.,PC,2006,0.0,250000.0,0.0,50000.0
Jumping Flash!,PS,1995,50000.0,30000.0,210000.0,20000.0
Karaoke Revolution Party,PS2,2005,150000.0,120000.0,0.0,40000.0
Burnout,GC,2002,230000.0,60000.0,0.0,10000.0
Lizzie McGuire 3: Homecoming Havoc,GBA,2005,220000.0,80000.0,0.0,10000.0
Chaos Legion,PS2,2003,150000.0,120000.0,0.0,40000.0
PowerUp Heroes,X360,2011,180000.0,100000.0,0.0,30000.0
NASCAR 2011: The Game,X360,2011,290000.0,0.0,0.0,20000.0
Shrek: Forever After,Wii,2010,190000.0,90000.0,0.0,30000.0
Charlie and the Chocolate Factory,GBA,2005,220000.0,80000.0,0.0,10000.0
Neopets: The Darkest Faerie,PS2,2005,150000.0,120000.0,0.0,40000.0
Blazing Heroes,SAT,1995,0.0,0.0,300000.0,0.0
Rhythm Tengoku,GBA,2006,0.0,0.0,300000.0,10000.0
Cart World Series,PS,1997,170000.0,110000.0,0.0,20000.0
Invizimals: Shadow Zone,PSP,2010,50000.0,160000.0,0.0,80000.0
24: The Game,PS2,2006,150000.0,120000.0,0.0,40000.0
Spider-Man 3,PSP,2007,10000.0,230000.0,0.0,60000.0
Famista '91,NES,1990,0.0,0.0,300000.0,0.0
Super Robot Taisen OG: Original Generations Gaiden,PS2,2007,0.0,0.0,300000.0,0.0
Drakengard 3,PS3,2013,100000.0,0.0,190000.0,20000.0
Decathlete,SAT,1994,0.0,0.0,300000.0,0.0
The Sims 2,PC,2004,20000.0,240000.0,0.0,50000.0
Tom Clancy's Splinter Cell 3D,3DS,2011,140000.0,70000.0,70000.0,20000.0
DmC: Devil May Cry,PS4,2015,120000.0,130000.0,0.0,50000.0
Dynasty Warriors 6,X360,2007,150000.0,60000.0,60000.0,20000.0
Wacky Races: Crash & Dash,Wii,2008,270000.0,10000.0,0.0,20000.0
Dynasty Warriors 8: Xtreme Legends,PS4,2014,90000.0,110000.0,60000.0,40000.0
Toukiden Kiwami,PSV,2014,50000.0,50000.0,170000.0,30000.0
Sengoku Basara: Samurai Heroes,Wii,2010,80000.0,20000.0,200000.0,10000.0
Romance of the Three Kingdoms VIII,PS2,2002,50000.0,40000.0,190000.0,10000.0
Daikaijyuu Monogatari,SNES,1994,0.0,0.0,300000.0,0.0
Tropico 5,PS4,2015,50000.0,160000.0,50000.0,40000.0
Hard Hitter Tennis,PS2,2001,150000.0,110000.0,0.0,40000.0
Monster Truck Madness 64,N64,1999,240000.0,60000.0,0.0,0.0
Quake II,N64,1999,240000.0,60000.0,0.0,0.0
Crazy Taxi: Catch a Ride,GBA,2003,210000.0,80000.0,0.0,10000.0
Harry Potter and the Order of the Phoenix,X360,2007,240000.0,40000.0,0.0,20000.0
Skylanders: SuperChargers,PS4,2015,170000.0,80000.0,0.0,50000.0
Macross Digital Mission VF-X,PS,1997,0.0,0.0,280000.0,20000.0
One Piece Unlimited Cruise SP,3DS,2011,0.0,0.0,300000.0,0.0
Rayman 2: Revolution,PS2,2000,150000.0,110000.0,0.0,40000.0
Yu Yu Hakusho Ghost Files: Spirit Detective,GBA,2003,210000.0,80000.0,0.0,10000.0
Super Bomberman 5,SNES,1997,0.0,0.0,300000.0,0.0
N3: Ninety-Nine Nights,X360,2006,200000.0,30000.0,50000.0,20000.0
Shin Megami Tensei: Persona 2: Innocent Sin,PSP,2011,130000.0,30000.0,110000.0,30000.0
Army Men: Air Attack 2,PS,2000,170000.0,110000.0,0.0,20000.0
Need for Speed: Most Wanted,PC,2005,20000.0,230000.0,0.0,50000.0
Pride FC: Fighting Championships,PS2,2003,150000.0,110000.0,0.0,40000.0
Eternal Ring,PS2,2000,100000.0,70000.0,100000.0,30000.0
Dragon Force,SAT,1996,0.0,0.0,300000.0,0.0
Rabbids: Alive & Kicking,X360,2011,150000.0,120000.0,0.0,30000.0
Shin Megami Tensei: Devil Summoner - Soul Hackers,3DS,2012,130000.0,20000.0,140000.0,10000.0
Winning Post 2,SNES,1995,0.0,0.0,300000.0,0.0
Star Gladiator Episode: I Final Crusade,PS,1996,70000.0,50000.0,150000.0,20000.0
Spider-Man: Friend or Foe,X360,2007,260000.0,20000.0,0.0,20000.0
FIFA 15,PC,2014,0.0,270000.0,0.0,30000.0
Dance Dance Revolution Universe 3,X360,2008,280000.0,0.0,0.0,20000.0
We Sing Pop!,Wii,2012,80000.0,190000.0,0.0,30000.0
Showdown: Legends of Wrestling,PS2,2004,150000.0,110000.0,0.0,40000.0
Capcom Classics Collection Remixed,PSP,2006,270000.0,0.0,0.0,30000.0
Reel Fishing: Angler's Dream,Wii,2009,260000.0,10000.0,0.0,20000.0
SimCity 4,PC,2003,10000.0,240000.0,0.0,50000.0
Far East of Eden Zero,SNES,1995,0.0,0.0,300000.0,0.0
Sword Art Online: Hollow Fragment,PSV,2014,0.0,0.0,300000.0,0.0
Star Ocean 5: Integrity and Faithlessness,PS4,2016,60000.0,70000.0,140000.0,20000.0
Call of Juarez: The Cartel,PS3,2011,120000.0,130000.0,0.0,50000.0
Full Spectrum Warrior,PS2,2005,150000.0,110000.0,0.0,40000.0
Taiko no Tatsujin Wii: Minna de Party * 3-Yome!,Wii,2010,0.0,0.0,300000.0,0.0
James Bond 007: Legends,X360,2012,130000.0,140000.0,0.0,30000.0
The Sims 2: Pets,PS2,2006,20000.0,10000.0,0.0,270000.0
Dragon Quest Builders: Revive Alefgard,PSV,2016,0.0,0.0,300000.0,0.0
Power Pro Kun Pocket 6,GBA,2003,0.0,0.0,290000.0,10000.0
Wanted: Weapons of Fate,PS3,2009,140000.0,100000.0,10000.0,50000.0
Finding Nemo: The Continuing Adventures,GBA,2004,210000.0,80000.0,0.0,10000.0
Spirit: Stallion of the Cimarron,GBA,2002,210000.0,80000.0,0.0,10000.0
Dreamworks Madagascar Kartz,PS3,2009,190000.0,70000.0,0.0,40000.0
Future Cop L.A.P.D.,PS,1997,160000.0,110000.0,0.0,20000.0
Guitar Hero: Van Halen,X360,2009,160000.0,100000.0,0.0,30000.0
Final Fantasy XI: Wings of the Goddess,X360,2007,250000.0,0.0,20000.0,20000.0
Hamster Tarou,GB,1999,0.0,0.0,300000.0,0.0
Shark Tale,GC,2004,230000.0,60000.0,0.0,10000.0
Fist of the North Star: Ken's Rage 2,PS3,2012,0.0,0.0,300000.0,0.0
MLB SlugFest Loaded,PS2,2004,140000.0,110000.0,0.0,40000.0
Teenage Mutant Ninja Turtles,XB,2003,220000.0,60000.0,0.0,10000.0
FIFA Street 3,X360,2008,120000.0,140000.0,0.0,30000.0
Batman: The Brave and the Bold the Videogame,Wii,2010,220000.0,60000.0,0.0,20000.0
Dragon Ball Z: Budokai Tenkaichi 2,Wii,2006,240000.0,30000.0,0.0,20000.0
AMF Bowling 2004,XB,2003,220000.0,60000.0,0.0,10000.0
Thief (2014),X360,2014,140000.0,130000.0,0.0,30000.0
Scooby-Doo! Night of 100 Frights,GC,2002,230000.0,60000.0,0.0,10000.0
Just Dance Kids 2,Wii,2011,280000.0,0.0,0.0,20000.0
RealSports Boxing,2600,1986,280000.0,20000.0,0.0,0.0
Grandia II,PS2,2002,140000.0,110000.0,0.0,40000.0
Syphon Filter: Dark Mirror,PSP,2006,260000.0,10000.0,0.0,30000.0
Front Mission Evolved,PS3,2010,90000.0,70000.0,110000.0,30000.0
Mini Ninjas,X360,2009,120000.0,140000.0,0.0,30000.0
NieR,X360,2010,130000.0,100000.0,40000.0,20000.0
The BIGS 2,Wii,2009,260000.0,10000.0,0.0,20000.0
X-Men Legends II: Rise of Apocalypse,PSP,2005,250000.0,10000.0,0.0,30000.0
The Chronicles of Riddick: Assault on Dark Athena,X360,2009,160000.0,100000.0,0.0,30000.0
Need for Speed Underground,GBA,2003,210000.0,80000.0,0.0,10000.0
Power Pro Kun Pocket 4,GBA,2002,0.0,0.0,290000.0,10000.0
The Godfather: Dons Edition,PS3,2007,250000.0,20000.0,0.0,30000.0
Soul Sacrifice Delta,PSV,2014,10000.0,120000.0,120000.0,40000.0
Guardian Heroes,SAT,1995,0.0,0.0,290000.0,0.0
Assassin's Creed IV: Black Flag,WiiU,2013,180000.0,90000.0,0.0,30000.0
MLB Power Pros,Wii,2007,230000.0,0.0,40000.0,20000.0
Outlaw Golf,XB,2002,220000.0,60000.0,0.0,10000.0
The Amazing Spider-Man 2 (2014),PS3,2014,60000.0,160000.0,20000.0,50000.0
Dynasty Warriors: Strikeforce,PS3,2009,110000.0,80000.0,70000.0,30000.0
Fisherman's Bait 2: Big Ol' Bass,PS,1999,160000.0,110000.0,0.0,20000.0
Lupin the 3rd: Treasure of the Sorcerer King,PS2,2002,20000.0,20000.0,250000.0,10000.0
Up,X360,2009,200000.0,70000.0,0.0,30000.0
Kurohyou: Ryu ga Gotoku Shinshou,PSP,2010,0.0,0.0,290000.0,0.0
Prince of Persia: Rival Swords,Wii,2007,240000.0,30000.0,0.0,20000.0
One Piece Unlimited Cruise 2: Awakening of a Hero,Wii,2009,0.0,100000.0,170000.0,20000.0
Ben 10 Alien Force: Vilgax Attacks,PS2,2009,110000.0,30000.0,0.0,150000.0
Majin and the Forsaken Kingdom,PS3,2010,90000.0,140000.0,10000.0,50000.0
NBA Street V3,GC,2005,230000.0,60000.0,0.0,10000.0
WinBack: Covert Operations,PS2,2000,140000.0,110000.0,0.0,40000.0
Punch-Out!!,Wii,2007,20000.0,220000.0,50000.0,0.0
FlatOut: Head On,PSP,2008,130000.0,110000.0,0.0,60000.0
Kagero: Deception II,PS,1998,30000.0,20000.0,220000.0,20000.0
Jikkyou Powerful Pro Yakyuu 2000 Kaimakuban,PS,2000,0.0,0.0,270000.0,20000.0
The Bureau: XCOM Declassified,PS3,2013,80000.0,160000.0,0.0,50000.0
NBA Live 06,X360,2005,270000.0,0.0,0.0,20000.0
Guitar Hero: Van Halen,Wii,2009,140000.0,120000.0,0.0,30000.0
J-League Victory Goal '96,SAT,1996,0.0,0.0,290000.0,0.0
Jeopardy! 2nd Edition,PS,2000,160000.0,110000.0,0.0,20000.0
SD Gundam G Century,PS,1997,0.0,0.0,270000.0,20000.0
Ratchet & Clank: Size Matters,PS2,2008,130000.0,100000.0,30000.0,30000.0
Ben 10 Ultimate Alien: Cosmic Destruction,Wii,2010,170000.0,100000.0,0.0,20000.0
Atelier Iris 3: Grand Phantasm (US Sales),PS2,2006,140000.0,110000.0,0.0,40000.0
Itadaki Street 2: Neon Sign wa Bara Iro ni,SNES,1994,0.0,0.0,290000.0,0.0
Def Jam Rapstar,X360,2010,250000.0,30000.0,0.0,20000.0
Need for Speed: The Run,Wii,2011,130000.0,130000.0,10000.0,30000.0
From TV Animation One Piece: Treasure Battle!,GC,2002,0.0,0.0,280000.0,10000.0
Starhawk,PS3,2012,180000.0,50000.0,30000.0,30000.0
Dolphin,2600,1983,270000.0,20000.0,0.0,0.0
Area 51,XB,2005,220000.0,60000.0,0.0,10000.0
The Smurfs: Dance Party,Wii,2011,220000.0,40000.0,0.0,20000.0
Disney Channel: All Star Party,Wii,2010,180000.0,80000.0,0.0,20000.0
Ace Combat: Joint Assault,PSP,2010,60000.0,50000.0,150000.0,30000.0
Hamster Club 4: Shigessa Daidassou,GBA,2003,0.0,0.0,280000.0,10000.0
Medieval Moves: Deadmund's Quest,PS3,2011,130000.0,120000.0,0.0,50000.0
Angry Birds Star Wars,X360,2013,160000.0,110000.0,0.0,30000.0
Mega Man X8,PS2,2004,140000.0,110000.0,0.0,40000.0
CSI: Deadly Intent,Wii,2009,130000.0,130000.0,0.0,30000.0
Ford Mustang: The Legend Lives,PS2,2005,140000.0,110000.0,0.0,40000.0
Ys: Memories of Celceta,PSV,2012,150000.0,10000.0,100000.0,40000.0
FIFA Soccer 13,3DS,2012,60000.0,200000.0,0.0,30000.0
Fast Food,2600,1981,270000.0,20000.0,0.0,0.0
Jikkyou Powerful Pro Yakyuu 8,PS2,2001,0.0,0.0,290000.0,0.0
Viz,N64,1998,230000.0,60000.0,0.0,0.0
Top Gear Overdrive,N64,1998,230000.0,60000.0,0.0,0.0
Xena: Warrior Princess - The Talisman of Fate,N64,1999,230000.0,60000.0,0.0,0.0
Jeremy McGrath Supercross 2000,N64,1999,230000.0,60000.0,0.0,0.0
The New Tetris,N64,1999,220000.0,50000.0,20000.0,0.0
Ken Griffey Jr.'s Slugfest,N64,1999,230000.0,60000.0,0.0,0.0
Supercross 2000,N64,1999,230000.0,60000.0,0.0,0.0
War Gods,N64,1997,230000.0,60000.0,0.0,0.0
Bladestorm: The Hundred Years' War,PS3,2007,100000.0,30000.0,140000.0,20000.0
World of Tanks,PC,2011,0.0,230000.0,0.0,60000.0
Duel Masters: Sempai Legends,GBA,2003,210000.0,80000.0,0.0,10000.0
Marvel Super Hero Squad,PS2,2009,140000.0,110000.0,0.0,40000.0
Turning Point: Fall of Liberty,X360,2008,230000.0,40000.0,0.0,20000.0
Heroes of the Pacific,PS2,2005,140000.0,110000.0,0.0,40000.0
Dead Rising: Chop Till You Drop,Wii,2009,150000.0,70000.0,50000.0,20000.0
The Lord of the Rings: The Third Age,GC,2004,220000.0,60000.0,0.0,10000.0
Disney Infinity,3DS,2013,160000.0,100000.0,0.0,20000.0
Fable: The Journey,X360,2012,180000.0,90000.0,0.0,20000.0
Sonic Boom: Shattered Crystal,3DS,2014,170000.0,90000.0,0.0,30000.0
Just Dance Wii 2,Wii,2012,0.0,0.0,290000.0,0.0
Madden NFL 08,XB,2007,220000.0,60000.0,0.0,10000.0
DX Game of Life,PS,1996,0.0,0.0,270000.0,20000.0
Pirates of the Caribbean,XB,2003,220000.0,60000.0,0.0,10000.0
Operation Flashpoint: Red River,X360,2011,100000.0,150000.0,10000.0,30000.0
One Piece: Pirate Warriors 3,PS3,2015,0.0,90000.0,190000.0,10000.0
The Punisher,XB,2005,220000.0,60000.0,0.0,10000.0
MLB Pennant Race,PS,1996,160000.0,110000.0,0.0,20000.0
Transformers: Dark of the Moon,X360,2011,130000.0,130000.0,0.0,30000.0
SD Gundam Gaiden: Knight Gundam Monogatari: Ooinaru Isan,SNES,1991,0.0,0.0,290000.0,0.0
GRID 2,X360,2013,80000.0,170000.0,0.0,30000.0
WWII Aces,Wii,2008,270000.0,0.0,0.0,20000.0
Puzzle Quest: Challenge of the Warlords,Wii,2007,260000.0,0.0,0.0,20000.0
Shrek Super Party,PS2,2002,140000.0,110000.0,0.0,40000.0
"Sakura Wars 4: Koi Seyo,Otome",DC,2002,0.0,0.0,290000.0,0.0
"Sakura Wars: So Long, My Love",PS2,2005,70000.0,50000.0,150000.0,20000.0
Dynasty Tactics,PS2,2002,60000.0,50000.0,160000.0,20000.0
Lightning Returns: Final Fantasy XIII,X360,2013,150000.0,100000.0,10000.0,20000.0
Trivial Pursuit,PS3,2009,120000.0,120000.0,0.0,50000.0
Sonic & All-Stars Racing Transformed,3DS,2012,120000.0,150000.0,0.0,20000.0
Shrek the Third,Wii,2007,260000.0,10000.0,0.0,20000.0
Snowboarding,PS,2000,160000.0,110000.0,0.0,20000.0
Purr Pals,Wii,2008,270000.0,0.0,0.0,20000.0
Dragon Ball Heroes: Ultimate Mission,3DS,2013,0.0,0.0,290000.0,0.0
Borderlands: The Pre-Sequel,PC,2014,110000.0,150000.0,0.0,30000.0
Surf's Up,PS2,2007,140000.0,110000.0,0.0,40000.0
BlazBlue: Chrono Phantasma,PS3,2013,130000.0,0.0,140000.0,20000.0
Looney Tunes Racing,PS,2000,160000.0,110000.0,0.0,20000.0
Final Fantasy X-2: International + Last Mission,PS2,2004,0.0,0.0,290000.0,0.0
Namco Museum Vol.2,PS,1996,30000.0,20000.0,210000.0,20000.0
Rayman 3: Hoodlum Havoc,PS2,2003,140000.0,110000.0,0.0,40000.0
Psi-Ops: The Mindgate Conspiracy,PS2,2004,140000.0,110000.0,0.0,40000.0
I Spy: Spooky Mansion,Wii,2010,270000.0,0.0,0.0,20000.0
Tomba! 2: The Evil Swine Return,PS,1999,160000.0,110000.0,0.0,20000.0
SAW,X360,2009,130000.0,120000.0,0.0,30000.0
Dragon Quest: Shounen Yangus to Fushigi no Dungeon,PS2,2006,0.0,0.0,290000.0,0.0
BeatMania Append 4thMix: The beat goes on,PS,1999,0.0,0.0,270000.0,20000.0
NASCAR 08,X360,2007,260000.0,0.0,0.0,20000.0
World of Warcraft: Legion,PC,2016,140000.0,120000.0,0.0,20000.0
Romance of the Three Kingdoms III: Dragon of Destiny,SNES,1992,0.0,0.0,290000.0,0.0
El Shaddai: Ascension of the Metatron,PS3,2011,110000.0,70000.0,80000.0,30000.0
Family Guy: Back to the Multiverse,PS3,2012,120000.0,120000.0,0.0,50000.0
Spyro: A Hero's Tail,GC,2004,220000.0,60000.0,0.0,10000.0
Warriors Orochi 2,PSP,2008,60000.0,0.0,220000.0,10000.0
Links 2004,XB,2003,210000.0,60000.0,0.0,10000.0
PGA Tour 97,PS,1996,160000.0,110000.0,0.0,20000.0
Earthworm Jim,GBA,2001,200000.0,80000.0,0.0,10000.0
Tales of Phantasia,GBA,2003,80000.0,30000.0,170000.0,10000.0
The Golden Compass,PS3,2007,140000.0,100000.0,0.0,50000.0
F1 Race Stars,X360,2012,70000.0,180000.0,0.0,30000.0
Rugby World Cup 2011,X360,2011,30000.0,210000.0,0.0,40000.0
Ice Age: Dawn of the Dinosaurs,Wii,2009,110000.0,140000.0,0.0,30000.0
Monster 4x4: Masters of Metal,PS2,2003,140000.0,110000.0,0.0,40000.0
SingStar Country,PS2,2008,140000.0,110000.0,0.0,40000.0
DeathSmiles,X360,2009,150000.0,60000.0,50000.0,20000.0
VMX Racing,PS,1997,160000.0,110000.0,0.0,20000.0
Hot Shots Golf: World Invitational,PS3,2012,0.0,0.0,280000.0,0.0
Disney's Extreme Skate Adventure,GBA,2003,200000.0,80000.0,0.0,10000.0
Dragon Ball GT: Transformation,GBA,2005,200000.0,80000.0,0.0,10000.0
Super Fire ProWrestling X,SNES,1995,0.0,0.0,280000.0,0.0
International Superstar Soccer,SNES,1994,0.0,0.0,280000.0,0.0
Metal Gear Solid V: Ground Zeroes,XOne,2014,150000.0,110000.0,0.0,20000.0
Tigger's Honey Hunt,PS,2000,160000.0,110000.0,0.0,20000.0
The Warriors,XB,2005,210000.0,60000.0,0.0,10000.0
Monopoly Streets,X360,2010,160000.0,100000.0,0.0,30000.0
Shadow Hearts,PS2,2001,90000.0,70000.0,100000.0,20000.0
NHL 2K11,Wii,2010,240000.0,20000.0,0.0,20000.0
One Piece: Burning Blood,PS4,2016,100000.0,80000.0,70000.0,40000.0
Street Hoops,XB,2002,210000.0,60000.0,0.0,10000.0
Yu-Gi-Oh! Double Pack,GBA,2006,200000.0,80000.0,0.0,10000.0
X-Men: Reign of Apocalypse,GBA,2001,200000.0,80000.0,0.0,10000.0
R: Racing Evolution,PS2,2003,140000.0,110000.0,0.0,40000.0
Tony Hawk: Shred,PS3,2010,180000.0,70000.0,0.0,40000.0
Netsu Chu! Pro Yakyuu 2003,PS2,2003,0.0,0.0,280000.0,0.0
ATV Quad Power Racing 2,GC,2003,220000.0,60000.0,0.0,10000.0
Fantastic 4: Flame On,GBA,2005,200000.0,80000.0,0.0,10000.0
Siren: Blood Curse,PS3,2008,0.0,170000.0,90000.0,20000.0
Pro Evolution Soccer 2017,PS4,2016,10000.0,160000.0,90000.0,30000.0
Chromehounds,X360,2006,240000.0,0.0,10000.0,20000.0
Marvel Nemesis: Rise of the Imperfects,XB,2005,210000.0,60000.0,0.0,10000.0
The King of Fighters '95,SAT,1995,0.0,0.0,280000.0,0.0
Pirates of the Caribbean: Dead Man's Chest,PSP,2006,250000.0,10000.0,0.0,20000.0
F/A-18F Super Hornet,GBA,2004,200000.0,80000.0,0.0,10000.0
Avatar: The Last Airbender,Wii,2006,240000.0,20000.0,0.0,20000.0
Final Fantasy VI Advance,GBA,2006,0.0,0.0,280000.0,10000.0
Polaris,2600,1982,260000.0,20000.0,0.0,0.0
Viewtiful Joe,PS2,2004,140000.0,110000.0,0.0,40000.0
Triple Play 2000,N64,1999,270000.0,10000.0,0.0,0.0
Need for Speed: Most Wanted,WiiU,2013,140000.0,120000.0,0.0,20000.0
Arcade Hits: Frisky Tom,PS,2002,160000.0,110000.0,0.0,20000.0
Dead to Rights: Retribution,PS3,2010,100000.0,120000.0,20000.0,50000.0
Harry Potter and the Sorcerer's Stone,PS2,2003,140000.0,110000.0,0.0,40000.0
Kung Fu Chaos,XB,2003,210000.0,60000.0,0.0,10000.0
Mega Man: Dr. Wily's Revenge,GB,1991,0.0,0.0,280000.0,0.0
Naruto Shippuden: Ultimate Ninja Storm 4,XOne,2016,190000.0,60000.0,0.0,30000.0
Godzilla: Domination!,GBA,2002,200000.0,70000.0,0.0,10000.0
Sly Cooper: Thieves in Time,PSV,2013,160000.0,60000.0,0.0,50000.0
Tales of the World: Radiant Mythology 3,PSP,2011,0.0,0.0,280000.0,0.0
Famista '92,NES,1991,0.0,0.0,280000.0,0.0
Jissen Pachi-Slot Hisshouhou! Moujuu-Oh S,PS2,2002,0.0,0.0,280000.0,0.0
Jackass the Game,PS2,2007,140000.0,110000.0,0.0,40000.0
Mega Man II,GB,1991,0.0,0.0,280000.0,0.0
Lord of Darkness,SNES,1991,0.0,0.0,280000.0,0.0
Hannah Montana: Spotlight World Tour,PS2,2008,120000.0,20000.0,0.0,140000.0
Rocket Power: Beach Bandits,GBA,2002,200000.0,70000.0,0.0,10000.0
Carol Vorderman's Sudoku,PS2,2006,0.0,230000.0,0.0,50000.0
MX SuperFly featuring Ricky Carmichael,PS2,2002,140000.0,110000.0,0.0,40000.0
Remington Super Slam Hunting: Africa,Wii,2010,270000.0,0.0,0.0,20000.0
Army of Two: The Devil's Cartel,PS3,2013,110000.0,110000.0,10000.0,50000.0
Syphon Filter: Dark Mirror,PS2,2007,140000.0,110000.0,0.0,40000.0
Conflict: Desert Storm II - Back to Bagdhad,XB,2003,210000.0,60000.0,0.0,10000.0
Guitar Hero Live,PS3,2015,90000.0,140000.0,0.0,50000.0
Mission: Impossible - Operation Surma,PS2,2003,140000.0,110000.0,0.0,40000.0
MLB 07: The Show,PSP,2007,260000.0,0.0,0.0,20000.0
Pitfall: The Mayan Adventure,GBA,2001,200000.0,70000.0,0.0,10000.0
Driver: Parallel Lines,PS2,2006,120000.0,100000.0,30000.0,30000.0
Sing Party,WiiU,2012,130000.0,120000.0,0.0,20000.0
Backyard Wrestling 2: There Goes the Neighborhood,PS2,2004,140000.0,110000.0,0.0,40000.0
Virtua Fighter 5 Online,X360,2007,200000.0,30000.0,30000.0,20000.0
Disney's Treasure Planet,GBA,2002,200000.0,70000.0,0.0,10000.0
Dead or Alive,PS,1998,90000.0,60000.0,100000.0,20000.0
Wild ARMs 5,PS2,2006,140000.0,110000.0,0.0,40000.0
Bionic Commando,X360,2009,120000.0,120000.0,10000.0,30000.0
NFL Blitz 20-02,PS2,2002,140000.0,110000.0,0.0,40000.0
Mega Man 7,SNES,1995,30000.0,10000.0,230000.0,10000.0
NCAA March Madness 2005,XB,2004,210000.0,60000.0,0.0,10000.0
Shadows of the Damned,PS3,2011,110000.0,90000.0,40000.0,40000.0
NBA In The Zone,PS,1995,160000.0,110000.0,0.0,20000.0
Corvette,GBA,2003,200000.0,70000.0,0.0,10000.0
F1 ROC: Race of Champions,SNES,1992,0.0,0.0,280000.0,0.0
Just Dance 2015,PS3,2014,120000.0,110000.0,0.0,50000.0
The Adventures of Jimmy Neutron Boy Genius: Attack of the Twonkies,GC,2004,220000.0,60000.0,0.0,10000.0
Silent Hill 2: Restless Dreams,XB,2001,210000.0,60000.0,0.0,10000.0
Cabela's Big Game Hunter 2012,X360,2011,240000.0,20000.0,0.0,20000.0
Dragon Quest Heroes II: Twin Kings and the Prophecy's End,PS4,2016,0.0,0.0,280000.0,0.0
Moshi Monsters: Moshlings Theme Park,3DS,2012,130000.0,130000.0,0.0,30000.0
UEFA Euro 2016,PS4,2016,0.0,210000.0,30000.0,30000.0
Soul Nomad & the World Eaters,PS2,2007,140000.0,110000.0,0.0,40000.0
RollerCoaster Tycoon 3,PC,2004,10000.0,220000.0,0.0,50000.0
Bass Strike,PS2,2001,140000.0,110000.0,0.0,40000.0
NHL Hitz 20-03,PS2,2002,140000.0,110000.0,0.0,40000.0
Danganronpa Another Episode: Ultra Despair Girls,PSV,2014,100000.0,30000.0,120000.0,40000.0
Real Pool,PS2,2000,140000.0,110000.0,0.0,40000.0
The Warriors,PSP,2007,230000.0,20000.0,0.0,30000.0
Mister Mosquito,PS2,2001,50000.0,40000.0,170000.0,10000.0
Kakyuusei,SAT,1997,0.0,0.0,280000.0,0.0
Patapon 3,PSP,2011,50000.0,40000.0,170000.0,20000.0
Civilization II,PS,1998,150000.0,110000.0,0.0,20000.0
Guitar Hero: Van Halen,PS3,2009,140000.0,90000.0,0.0,40000.0
Dynasty Warriors: Gundam,PS2,2008,0.0,0.0,280000.0,0.0
Madagascar,XB,2005,210000.0,60000.0,0.0,10000.0
Transformers: Cybertron Adventures,Wii,2010,150000.0,100000.0,0.0,30000.0
Indiana Jones and the Staff of Kings,PS2,2009,110000.0,10000.0,0.0,160000.0
F-1 Grand Prix,SNES,1992,0.0,0.0,280000.0,0.0
Mass Effect 3,WiiU,2012,140000.0,110000.0,0.0,20000.0
SimCity 2000,SAT,1994,0.0,0.0,280000.0,0.0
Deer Hunter,PS2,2003,140000.0,110000.0,0.0,40000.0
Pokemon Box: Ruby & Sapphire,GC,2003,0.0,0.0,270000.0,10000.0
Yu-Gi-Oh! Monster Capsule Breed & Battle,PS,1998,0.0,0.0,260000.0,20000.0
FIFA Soccer 07,X360,2006,240000.0,10000.0,0.0,20000.0
Mass Effect Trilogy,PC,2012,90000.0,160000.0,0.0,30000.0
Dave Mirra Freestyle BMX 2,GC,2001,210000.0,60000.0,0.0,10000.0
AC/DC LIVE: Rock Band Track Pack,Wii,2008,250000.0,0.0,0.0,20000.0
Puppeteer,PS3,2013,110000.0,100000.0,20000.0,40000.0
Warpath: Jurassic Park,PS,1998,150000.0,100000.0,0.0,20000.0
Tak and the Guardians of Gross,PS2,2008,140000.0,110000.0,0.0,40000.0
True Crime: New York City,XB,2005,210000.0,60000.0,0.0,10000.0
Summer Heat Beach Volleyball,PS2,2003,140000.0,110000.0,0.0,40000.0
NCAA Basketball 09,PS2,2008,140000.0,110000.0,0.0,40000.0
One Piece Unlimited Cruise 1: The Treasure Beneath the Waves,Wii,2008,0.0,70000.0,190000.0,10000.0
Marvel Super Hero Squad: The Infinity Gauntlet,Wii,2010,220000.0,40000.0,0.0,20000.0
Dead Rising 2: Off the Record,X360,2011,170000.0,90000.0,0.0,20000.0
Power Pro Kun Pocket 3,GBA,2001,0.0,0.0,270000.0,10000.0
Myst III: Exile,PS2,2002,140000.0,110000.0,0.0,40000.0
Castlevania: Aria of Sorrow,GBA,2003,200000.0,70000.0,0.0,0.0
NBA 2K12,PSP,2011,220000.0,30000.0,0.0,30000.0
R.U.S.E.,PC,2010,40000.0,190000.0,0.0,50000.0
Mobile Suit Gundam Side Story I: Senritsu no Blue,SAT,1996,0.0,0.0,280000.0,0.0
Armored Core: Project Phantasma,PS,1997,60000.0,40000.0,150000.0,20000.0
Donkey Kong GB: Dinky Kong & Dixie Kong,GB,2000,0.0,0.0,280000.0,0.0
Kobitodzukan: Kobito Kansatsu Set,3DS,2012,0.0,0.0,280000.0,0.0
ExciteBots: Trick Racing,Wii,2009,260000.0,0.0,0.0,20000.0
Pro Evolution Soccer 2013,PSP,2012,0.0,70000.0,180000.0,30000.0
Deadpool,PS4,2015,130000.0,100000.0,0.0,50000.0
Nichibutsu Arcade Classics,SNES,1995,0.0,0.0,280000.0,0.0
Kenka Bancho: Badass Rumble,PSP,2008,60000.0,0.0,200000.0,10000.0
Cabela's Trophy Bucks,PS2,2007,130000.0,110000.0,0.0,40000.0
Q-Ball: Billiards Master,PS2,2000,130000.0,100000.0,0.0,40000.0
Mr. Do!,2600,1982,260000.0,20000.0,0.0,0.0
How to Train Your Dragon 2,Wii,2014,50000.0,200000.0,0.0,20000.0
Tao Feng: Fist of the Lotus,XB,2003,210000.0,60000.0,0.0,10000.0
Rapala Pro Bass Fishing 2010,PS3,2010,180000.0,60000.0,0.0,30000.0
Shin Nippon Pro Wrestling: Toukon Retsuden 2,PS,1996,0.0,0.0,260000.0,20000.0
Dragon Ball Z: Budokai 2,GC,2004,210000.0,60000.0,0.0,10000.0
Motocross Maniacs Advance,GBA,2002,200000.0,70000.0,0.0,0.0
Resident Evil 2: Dual Shock Edition,PS,1998,0.0,0.0,260000.0,20000.0
Dynasty Warriors,PS,1997,90000.0,60000.0,110000.0,20000.0
M&M's Blast!,GBA,2001,200000.0,70000.0,0.0,0.0
Zumba Fitness: World Party,Wii,2013,140000.0,110000.0,0.0,30000.0
Final Fantasy X International,PS2,2004,0.0,0.0,270000.0,0.0
Tiny Toon Adventures: Plucky's Big Adventure,PS,2001,150000.0,100000.0,0.0,20000.0
NHL Hitz 20-02,XB,2001,200000.0,60000.0,0.0,10000.0
Iron Man 2,X360,2010,150000.0,100000.0,0.0,30000.0
Trivial Pursuit,PS2,2009,90000.0,10000.0,0.0,170000.0
Evil Dead: Hail to the King,PS,2000,150000.0,100000.0,0.0,20000.0
Dragon Ball GT: Final Bout,PS,1997,20000.0,20000.0,220000.0,20000.0
Burstrick: Wake Boarding!!,PS,2000,150000.0,100000.0,0.0,20000.0
Dave Mirra Freestyle BMX: Maximum Remix,PS,2001,150000.0,100000.0,0.0,20000.0
Divinity: Original Sin,PS4,2015,90000.0,120000.0,20000.0,40000.0
R.U.S.E.,X360,2010,120000.0,120000.0,0.0,30000.0
Hatsune Miku: Project Diva f,PS3,2013,80000.0,0.0,190000.0,10000.0
Beamrider,2600,1984,260000.0,10000.0,0.0,0.0
EyePet,PSP,2010,20000.0,170000.0,0.0,90000.0
The Evil Within,PC,2014,90000.0,160000.0,0.0,20000.0
Athens 2004,PS2,2004,130000.0,100000.0,0.0,30000.0
Gunship,PS,1996,150000.0,100000.0,0.0,20000.0
Jikkyou Powerful Pro Yakyuu Portable 4,PSP,2009,0.0,0.0,270000.0,0.0
SD Gundam G Generation Portable,PSP,2006,0.0,0.0,270000.0,0.0
Sydney 2000,PS,2000,150000.0,100000.0,0.0,20000.0
Pro Race Driver,PS2,2002,130000.0,100000.0,0.0,30000.0
Baten Kaitos: Eternal Wings and the Lost Ocean,GC,2003,210000.0,50000.0,0.0,10000.0
Bishoujo Senshi Sailormoon R,SNES,1993,0.0,0.0,270000.0,0.0
The Club,X360,2008,150000.0,100000.0,0.0,20000.0
Slam Dunk: Yonkyo Taiketsu!!,SNES,1994,0.0,0.0,270000.0,0.0
Rhythm Thief & the Emperor's Treasure,3DS,2012,70000.0,70000.0,120000.0,10000.0
Rocky: Legends,PS2,2004,130000.0,100000.0,0.0,30000.0
NickToons: Racing,GBA,2002,190000.0,70000.0,0.0,0.0
MotionSports: Adrenaline,X360,2011,140000.0,100000.0,0.0,30000.0
Tiger Woods PGA Tour 07,PSP,2006,200000.0,40000.0,0.0,40000.0
NHL 07,X360,2006,250000.0,10000.0,0.0,20000.0
Bridge,2600,1980,250000.0,20000.0,0.0,0.0
G-Force,PS2,2009,120000.0,10000.0,0.0,140000.0
The Adventures of Tintin: The Game,PS3,2011,60000.0,160000.0,0.0,50000.0
RalliSport Challenge 2,XB,2004,180000.0,80000.0,0.0,10000.0
Fushigi no Dungeon: Fuurai no Shiren GB: Tsukikagemura no Kaibutsu,GB,1996,0.0,0.0,270000.0,0.0
Wave Rally,PS2,2001,130000.0,100000.0,0.0,30000.0
Over the Hedge,GBA,2006,190000.0,70000.0,0.0,0.0
Disgaea 5: Alliance of Vengeance,PS4,2015,100000.0,80000.0,60000.0,40000.0
Disney's Chicken Little,GC,2005,210000.0,50000.0,0.0,10000.0
Ty the Tasmanian Tiger,GC,2002,210000.0,50000.0,0.0,10000.0
Sengoku Basara 4,PS3,2014,0.0,0.0,270000.0,0.0
Yu-Gi-Oh! The Sacred Cards (JP weekly sales),GBA,2002,0.0,0.0,260000.0,10000.0
WWE Road to WrestleMania X8,GBA,2002,190000.0,70000.0,0.0,0.0
Medarot 3: Kabuto / Kuwagata Version,GB,2000,0.0,0.0,270000.0,0.0
Fullmetal Alchemist 2: Curse of the Crimson Elixir,PS2,2004,130000.0,100000.0,0.0,30000.0
Sherlock Holmes: Crimes & Punishments,PS4,2014,80000.0,140000.0,0.0,50000.0
NASCAR 06: Total Team Control,XB,2005,200000.0,60000.0,0.0,10000.0
Bratz: The Movie,Wii,2007,240000.0,10000.0,0.0,20000.0
BloodRayne 2,PS2,2004,130000.0,100000.0,0.0,30000.0
Spider-Man: Web of Shadows,PS3,2008,200000.0,40000.0,0.0,30000.0
NHL 2002,XB,2001,200000.0,60000.0,0.0,10000.0
Tropico 4,PC,2011,100000.0,130000.0,0.0,40000.0
NBA In The Zone '98,N64,1997,250000.0,20000.0,0.0,0.0
Jikkyou Powerful Pro Yakyuu 5,N64,1998,0.0,0.0,270000.0,0.0
NBA Jam 99,N64,1998,250000.0,20000.0,0.0,0.0
Shadow Man,N64,1999,180000.0,80000.0,0.0,10000.0
Command & Conquer,N64,1999,220000.0,50000.0,0.0,0.0
Call of Juarez: The Cartel,X360,2011,140000.0,110000.0,0.0,30000.0
Shadow of Rome,PS2,2005,130000.0,100000.0,0.0,30000.0
Tohoku Daigaku Karei Igaku Kenkyuusho - Kawashima Ryuuta Kyouju Kanshuu - Mono Sugoku Nou o Kitaeru 5-Funkan no Oni Training,3DS,2012,0.0,0.0,270000.0,0.0
Tales of Eternia,PSP,2005,0.0,10000.0,250000.0,10000.0
Harry Potter and the Order of the Phoenix,PS2,2007,130000.0,100000.0,0.0,30000.0
Need for Speed Rivals,PC,2013,40000.0,190000.0,0.0,40000.0
Stuntman: Ignition,PS2,2007,130000.0,100000.0,0.0,30000.0
Fantastic 4,XB,2005,200000.0,60000.0,0.0,10000.0
Mat Hoffman's Pro BMX,GBA,2001,190000.0,70000.0,0.0,0.0
MotoGP,PS2,2000,60000.0,50000.0,140000.0,20000.0
Summer Athletics: The Ultimate Challenge (US sales),Wii,2008,230000.0,40000.0,0.0,0.0
Rock Revolution,X360,2008,250000.0,0.0,0.0,20000.0
LEGO The Hobbit,XOne,2014,130000.0,120000.0,0.0,20000.0
Jikkyou Powerful Pro Yakyuu 2,SNES,1995,0.0,0.0,270000.0,0.0
The Incredible Hulk,PS3,2008,220000.0,30000.0,0.0,30000.0
Resident Evil: Revelations,X360,2013,120000.0,110000.0,20000.0,20000.0
Major League Baseball 2K10,Wii,2010,250000.0,0.0,0.0,20000.0
NASCAR 2011: The Game,PS3,2011,250000.0,0.0,0.0,20000.0
Thoroughbred Breeder II,SNES,1994,0.0,0.0,270000.0,0.0
Magical Vacation,GBA,2001,0.0,0.0,260000.0,10000.0
XGIII: Extreme G Racing,PS2,2001,130000.0,100000.0,0.0,30000.0
NBA Live 2004,GC,2003,210000.0,50000.0,0.0,10000.0
Dragon Ball: XenoVerse,X360,2015,160000.0,80000.0,0.0,20000.0
NASCAR Thunder 2003,XB,2002,200000.0,60000.0,0.0,10000.0
Section 8,X360,2009,150000.0,90000.0,0.0,30000.0
Superbike 2000,PS,1999,150000.0,100000.0,0.0,20000.0
Final Fantasy XI: Ultimate Collection,X360,2009,250000.0,0.0,0.0,20000.0
F1 2016 (Codemasters),PS4,2016,10000.0,210000.0,10000.0,40000.0
Connect Four / Perfection / Trouble,GBA,2005,190000.0,70000.0,0.0,0.0
Wipeout 2,X360,2011,250000.0,0.0,0.0,20000.0
Ratatouille,X360,2007,230000.0,20000.0,0.0,20000.0
The Incredible Hulk,X360,2008,220000.0,30000.0,0.0,20000.0
Dora the Explorer: Dora Saves the Crystal Kingdom,Wii,2009,240000.0,10000.0,0.0,20000.0
Alundra 2: A New Legend Begins,PS,1999,150000.0,100000.0,0.0,20000.0
Reign of Fire,PS2,2002,130000.0,100000.0,0.0,30000.0
Scooby-Doo! and the Spooky Swamp,PS2,2010,80000.0,110000.0,0.0,80000.0
Jikkyou Powerful Pro Yakyuu '98 Ketteiban,PS,1998,0.0,0.0,250000.0,20000.0
Ace Attorney 6,3DS,2016,0.0,0.0,270000.0,0.0
The Sims 2: Pets,GC,2006,210000.0,50000.0,0.0,10000.0
Batman: Arkham Origins Blackgate,3DS,2013,160000.0,90000.0,0.0,20000.0
The BIGS,X360,2007,180000.0,80000.0,0.0,0.0
Initial D: Special Stage,PS2,2003,0.0,0.0,270000.0,0.0
Jurassic Park: Operation Genesis,PS2,2003,130000.0,100000.0,0.0,30000.0
Final Doom,PS,1995,150000.0,100000.0,0.0,20000.0
Deadly Premonition,X360,2010,180000.0,60000.0,0.0,20000.0
Are You Smarter than a 5th Grader? Game Time,Wii,2009,250000.0,0.0,0.0,20000.0
NBA ShootOut 2001,PS,2000,150000.0,100000.0,0.0,20000.0
Knockout Kings 2002,XB,2002,200000.0,60000.0,0.0,10000.0
Payday 2,PS4,2015,90000.0,140000.0,0.0,40000.0
Ultimate NES Remix,3DS,2014,150000.0,90000.0,0.0,20000.0
NFL Street 3,PSP,2006,240000.0,0.0,0.0,20000.0
Battle Arena Toshinden 3,PS,1996,60000.0,40000.0,140000.0,20000.0
Teenage Mutant Ninja Turtles: Danger of the Ooze,PS3,2014,110000.0,110000.0,0.0,50000.0
Jade Cocoon: Story of the Tamamayu,PS,1998,150000.0,100000.0,0.0,20000.0
Super Nazo Puyo: Ruruu no Ruu,SNES,1995,0.0,0.0,270000.0,0.0
Cabela's Big Game Hunter 2010,X360,2009,250000.0,0.0,0.0,20000.0
InuYasha: Feudal Combat,PS2,2005,130000.0,100000.0,0.0,30000.0
Duel Masters,PS2,2004,130000.0,100000.0,0.0,30000.0
Ninja Gaiden Sigma,PSV,2012,130000.0,60000.0,40000.0,40000.0
Superman Returns,X360,2006,230000.0,20000.0,0.0,20000.0
The Dog Island,PS2,2007,130000.0,100000.0,0.0,30000.0
Dynasty Warriors Next,PSV,2011,60000.0,70000.0,110000.0,30000.0
Major League Baseball 2K9,Wii,2009,250000.0,0.0,0.0,20000.0
Jikkyou Powerful Pro Yakyuu 2010,PS3,2010,0.0,0.0,270000.0,0.0
Operation Armored Liberty,GBA,2003,190000.0,70000.0,0.0,0.0
Rory McIlroy PGA Tour,XOne,2015,150000.0,90000.0,0.0,20000.0
Dynasty Warriors 7: Xtreme Legends,PS3,2011,40000.0,50000.0,160000.0,20000.0
Summer Sports 2: Island Sports Party,Wii,2008,240000.0,0.0,0.0,20000.0
Imagine: Fashion Party,Wii,2009,250000.0,0.0,0.0,20000.0
Scene It? Twilight,Wii,2009,160000.0,80000.0,0.0,20000.0
And1 Streetball,PS2,2006,130000.0,100000.0,0.0,30000.0
Don King Boxing,Wii,2009,140000.0,100000.0,0.0,30000.0
Atelier Ayesha: The Alchemist of Dusk,PS3,2012,60000.0,40000.0,140000.0,20000.0
Angry Birds Trilogy,X360,2012,180000.0,60000.0,0.0,20000.0
Dragon Ball Z: Tenkaichi Tag Team,PSP,2010,110000.0,40000.0,90000.0,30000.0
Sonic X: Game Boy Advance Video Volume 1,GBA,2004,190000.0,70000.0,0.0,0.0
ESPN NBA Basketball,XB,2003,200000.0,60000.0,0.0,10000.0
Gallop Racer 2: One and Only Road to Victory,PS,1997,0.0,0.0,250000.0,20000.0
NBA 07,PS3,2006,240000.0,0.0,10000.0,20000.0
Lowrider,PS2,2002,110000.0,90000.0,30000.0,30000.0
Reload: Target Down,Wii,2010,250000.0,0.0,0.0,20000.0
All-Pro Football 2K8,X360,2007,240000.0,0.0,0.0,20000.0
Dungeons & Dragons: Eye of the Beholder,GBA,2002,190000.0,70000.0,0.0,0.0
The Crew,X360,2014,60000.0,180000.0,0.0,20000.0
"Barbie: Jet, Set & Style!",Wii,2011,230000.0,10000.0,0.0,20000.0
Battlestations: Midway,X360,2007,210000.0,20000.0,0.0,20000.0
Gundam Breaker,PS3,2013,0.0,0.0,260000.0,0.0
The House of the Dead 2,DC,1998,0.0,0.0,260000.0,0.0
Create,Wii,2010,220000.0,30000.0,0.0,20000.0
A.C.E.: Another Century's Episode R,PS3,2010,0.0,0.0,260000.0,0.0
Littlest Pet Shop: Friends,Wii,2009,220000.0,20000.0,0.0,20000.0
Rune: Viking Warlord,PS2,2001,130000.0,100000.0,0.0,30000.0
Panzer Dragoon Orta,XB,2002,160000.0,50000.0,40000.0,10000.0
Jikkyou Powerful Pro Yakyuu '99 Ketteiban,PS,1999,0.0,0.0,250000.0,20000.0
Dragon Age Origins: Awakening,PS3,2010,240000.0,0.0,0.0,20000.0
King's Field II,PS,1996,80000.0,60000.0,110000.0,20000.0
Danganronpa 2: Goodbye Despair,PSV,2014,130000.0,70000.0,0.0,60000.0
Aikatsu! 2-nin no My Princess,3DS,2013,0.0,0.0,260000.0,0.0
NCAA Gamebreaker,PS,1996,150000.0,100000.0,0.0,20000.0
Petz: Horsez 2,PS2,2007,130000.0,100000.0,0.0,30000.0
NPPL: Championship Paintball 2009,PS2,2008,130000.0,100000.0,0.0,30000.0
Skylanders: SuperChargers,Wii,2015,50000.0,190000.0,0.0,20000.0
Zoo Tycoon 2: Ultimate Collection,PC,2008,40000.0,180000.0,0.0,40000.0
Tomba!,PS,1997,150000.0,100000.0,0.0,20000.0
MLB SlugFest 2006,PS2,2006,130000.0,100000.0,0.0,30000.0
J Stars Victory Vs.,PSV,2014,0.0,70000.0,170000.0,20000.0
Rugrats: I Gotta Go Party,GBA,2002,190000.0,70000.0,0.0,0.0
Crash Tag Team Racing,PSP,2005,160000.0,60000.0,0.0,40000.0
Prison Break: The Conspiracy,PS3,2010,50000.0,160000.0,0.0,50000.0
Bolt,PS2,2008,90000.0,20000.0,0.0,160000.0
We Cheer 2,Wii,2009,240000.0,0.0,0.0,20000.0
Inazuma Eleven GO 3: Galaxy,3DS,2013,0.0,0.0,260000.0,0.0
Ford Racing 3,PS2,2004,130000.0,100000.0,0.0,30000.0
Phantasy Star Universe: Ambition of the Illuminus,PS2,2007,100000.0,80000.0,50000.0,30000.0
Project Runway,Wii,2010,240000.0,0.0,0.0,20000.0
Jikkyou Powerful Pro Yakyuu 2013,PS3,2013,0.0,0.0,260000.0,0.0
The Adventures of Jimmy Neutron Boy Genius vs. Jimmy Negatron,GBA,2002,190000.0,70000.0,0.0,0.0
Sengoku Basara 2,PS2,2006,0.0,0.0,260000.0,0.0
Naruto: Ultimate Ninja Heroes,PSP,2006,260000.0,0.0,0.0,0.0
Inazuma Eleven Strikers,Wii,2011,0.0,10000.0,250000.0,0.0
Hey Arnold! The Movie,GBA,2002,190000.0,70000.0,0.0,0.0
Final Fantasy V Advance,GBA,2006,0.0,0.0,260000.0,10000.0
Need for Speed: Most Wanted,GBA,2005,190000.0,70000.0,0.0,0.0
Lumines: Electronic Symphony,PSV,2012,110000.0,100000.0,10000.0,50000.0
Star Trek: Invasion,PS,2000,150000.0,100000.0,0.0,20000.0
Final Fantasy Crystal Chronicles: Echoes of Time,Wii,2009,130000.0,60000.0,50000.0,20000.0
Star Wars: Bounty Hunter,GC,2002,200000.0,50000.0,0.0,10000.0
Tom and Jerry in War of the Whiskers,PS2,2002,130000.0,100000.0,0.0,30000.0
Minute to Win It,Wii,2010,250000.0,0.0,0.0,20000.0
Racquet Sports,Wii,2010,140000.0,90000.0,0.0,20000.0
The Elder Scrolls IV: Oblivion,PC,2006,10000.0,200000.0,0.0,50000.0
Jikkyou Powerful Pro Yakyuu 2011,PS3,2011,0.0,0.0,260000.0,0.0
Skylanders: Trap Team,3DS,2014,140000.0,100000.0,0.0,20000.0
Yu-Gi-Oh! Ultimate Masters: World Championship Tournament 2006,GBA,2006,140000.0,50000.0,70000.0,10000.0
Power Pro Kun Pocket 5,GBA,2003,0.0,0.0,250000.0,10000.0
Konjiki no Gashbell!! Makai no Bookmark,GBA,2004,0.0,0.0,250000.0,10000.0
Plants vs. Zombies,X360,2010,240000.0,0.0,0.0,20000.0
Riding Spirits,PS2,2002,130000.0,100000.0,0.0,30000.0
Disney Sing It: Pop Hits,PS3,2009,170000.0,50000.0,0.0,30000.0
Etrian Odyssey Untold: The Millennium Girl,3DS,2013,100000.0,10000.0,140000.0,10000.0
Bust A Groove 2,PS,1999,40000.0,30000.0,180000.0,20000.0
Hatsune Miku: Project Diva,PSP,2009,0.0,0.0,260000.0,0.0
Juiced 2: Hot Import Nights,PS3,2007,180000.0,40000.0,10000.0,30000.0
Gundam Battle Universe,PSP,2008,0.0,0.0,260000.0,0.0
Sengoku Basara: Battle Heroes,PSP,2009,0.0,0.0,260000.0,0.0
Nightmare Creatures,N64,1996,210000.0,50000.0,0.0,0.0
Star Wars Episode I: Battle for Naboo,N64,2000,210000.0,50000.0,0.0,0.0
Duke Nukem: Zero Hour,N64,1999,210000.0,50000.0,0.0,0.0
Armorines: Project S.W.A.R.M.,N64,1999,210000.0,50000.0,0.0,0.0
NCAA March Madness 08,PS2,2007,130000.0,100000.0,0.0,30000.0
Armored Core: Nexus,PS2,2004,60000.0,50000.0,140000.0,20000.0
Evolution Skateboarding,PS2,2002,130000.0,100000.0,0.0,30000.0
Dora the Explorer: The Search for Pirate Pig's Treasure,GBA,2002,190000.0,70000.0,0.0,0.0
Muramasa: The Demon Blade,PSV,2013,130000.0,0.0,100000.0,30000.0
Yakuza: Ishin,PS3,2014,0.0,0.0,260000.0,0.0
Indiana Jones and the Staff of Kings,PSP,2009,110000.0,100000.0,0.0,60000.0
Tony Hawk: Shred,X360,2010,170000.0,70000.0,0.0,20000.0
Outlaw Volleyball,XB,2003,190000.0,60000.0,0.0,10000.0
Batman: Vengeance,GC,2001,200000.0,50000.0,0.0,10000.0
The Amazing Spider-Man 2 (2014),X360,2014,100000.0,140000.0,0.0,20000.0
RealSports Football,2600,1981,240000.0,10000.0,0.0,0.0
Tiger Woods PGA Tour 10,PS2,2009,120000.0,10000.0,0.0,130000.0
Tom Clancy's Splinter Cell: Double Agent,PS3,2007,200000.0,30000.0,0.0,30000.0
Monsters vs. Aliens,Wii,2009,140000.0,90000.0,0.0,30000.0
Dungeons & Dragons Heroes,XB,2003,190000.0,60000.0,0.0,10000.0
The Testament of Sherlock Holmes,PS3,2012,50000.0,150000.0,0.0,60000.0
Game of Thrones,X360,2012,150000.0,80000.0,0.0,20000.0
McGrath Vs. Pastrana Freestyle Motocross,PS,2000,140000.0,100000.0,0.0,20000.0
Legaia 2: Duel Saga,PS2,2001,130000.0,100000.0,0.0,30000.0
Crash Nitro Kart,GC,2003,200000.0,50000.0,0.0,10000.0
Karaoke Joysound Wii,Wii,2008,10000.0,0.0,250000.0,0.0
MLB 09: The Show,PSP,2009,240000.0,0.0,0.0,20000.0
Samurai Warriors 4,PS3,2014,0.0,0.0,260000.0,0.0
F1 2014,X360,2014,80000.0,150000.0,0.0,20000.0
Classic NES Series: Bomberman,GBA,2004,100000.0,40000.0,110000.0,10000.0
Avatar: The Last Airbender - The Burning Earth,Wii,2007,240000.0,0.0,0.0,20000.0
Peter Jackson's King Kong: The Official Game of the Movie,X360,2005,200000.0,30000.0,0.0,20000.0
A.C.E.: Another Century's Episode,PS2,2005,0.0,0.0,260000.0,0.0
Frogger's Journey: The Forgotten Relic,GBA,2003,180000.0,70000.0,0.0,0.0
X-Men vs. Street Fighter,SAT,1997,0.0,0.0,260000.0,0.0
Army of Two: The Devil's Cartel,X360,2013,160000.0,70000.0,0.0,20000.0
Dora the Explorer: Game Boy Advance Video Volume 1,GBA,2004,180000.0,70000.0,0.0,0.0
Oddworld: Stranger's Wrath,XB,2005,190000.0,60000.0,0.0,10000.0
Sega Rally Revo,PSP,2007,30000.0,150000.0,0.0,80000.0
King of Fighters: Maximum Impact,PS2,2004,130000.0,100000.0,0.0,30000.0
Marvel Super Heroes vs. Street Fighter,PS,1998,140000.0,100000.0,0.0,20000.0
Legendary,X360,2008,80000.0,150000.0,0.0,30000.0
J-League Pro Soccer Club wo Tsukurou!,SAT,1996,0.0,0.0,260000.0,0.0
Daisy Fuentes Pilates,Wii,2009,170000.0,60000.0,0.0,20000.0
Star Trek: The Game,PS3,2013,100000.0,110000.0,0.0,50000.0
Drakan: The Ancients' Gates,PS2,2002,130000.0,100000.0,0.0,30000.0
Dead or Alive Xtreme 2,X360,2006,150000.0,30000.0,60000.0,20000.0
Petz: Crazy Monkeyz,Wii,2008,230000.0,0.0,0.0,20000.0
"SpongeBob SquarePants: Lights, Camera, Pants!",XB,2005,190000.0,60000.0,0.0,10000.0
Choro Q3,PS,1998,0.0,0.0,240000.0,20000.0
Tokyo Jungle,PS3,2012,0.0,0.0,260000.0,0.0
Hunted: The Demon's Forge,PS3,2011,120000.0,80000.0,20000.0,40000.0
Lemony Snicket's A Series of Unfortunate Events,GC,2004,200000.0,50000.0,0.0,10000.0
Bionicle: Matoran Adventures,GBA,2002,180000.0,70000.0,0.0,0.0
Armored Core: Master of Arena,PS,1999,70000.0,50000.0,130000.0,20000.0
Fire Emblem: Thracia 776,SNES,1999,0.0,0.0,260000.0,0.0
Desert Falcon,2600,1987,240000.0,10000.0,0.0,0.0
NASCAR 09,PS3,2008,220000.0,10000.0,0.0,20000.0
Tengai Makyou: Daishi no Mokushiroku - The Apocalypse IV,SAT,1997,0.0,0.0,260000.0,0.0
A.C.E.: Another Century's Episode 3: The Final,PS2,2007,0.0,0.0,260000.0,0.0
ATV: Quad Power Racing,GBA,2002,180000.0,70000.0,0.0,0.0
Mario & Sonic at the Rio 2016 Olympic Games,WiiU,2016,30000.0,110000.0,100000.0,10000.0
Backyard NFL Football,GC,2002,200000.0,50000.0,0.0,10000.0
All-Star Baseball 2003,XB,2002,190000.0,60000.0,0.0,10000.0
Silent Hunter 5: Battle of the Atlantic,PC,2010,0.0,210000.0,0.0,50000.0
MTX Mototrax,PS2,2004,130000.0,100000.0,0.0,30000.0
Tomb Raider: Underworld (Others sales),PS2,2009,0.0,210000.0,0.0,40000.0
NHL Rock the Rink,PS,1999,140000.0,100000.0,0.0,20000.0
LEGO Star Wars III: The Clone Wars,PC,2011,100000.0,130000.0,0.0,30000.0
NBA ShootOut 2004,PS2,2003,130000.0,100000.0,0.0,30000.0
TOCA Race Driver 2: Ultimate Racing Simulator,PSP,2005,0.0,250000.0,0.0,0.0
Super Robot Taisen R,GBA,2002,0.0,0.0,250000.0,10000.0
Castlevania: Harmony of Dissonance,GBA,2002,160000.0,60000.0,40000.0,0.0
Formula One 2001,PS2,2001,130000.0,100000.0,0.0,30000.0
Nickelodeon Dance,Wii,2011,230000.0,10000.0,0.0,20000.0
Doukyuusei if,SAT,1996,0.0,0.0,260000.0,0.0
Baldur's Gate: Dark Alliance II,XB,2004,190000.0,60000.0,0.0,10000.0
MVP Baseball 2004,GC,2004,200000.0,50000.0,0.0,10000.0
Super Street Fighter II: Turbo Revival,GBA,2001,180000.0,70000.0,0.0,0.0
Secret Weapons Over Normandy,XB,2003,190000.0,50000.0,0.0,10000.0
Combination Pro Soccer: J-League no Kantoku ni Natte Sekai wo Mezase!!,PS,1998,0.0,0.0,240000.0,20000.0
NHL 08,PS3,2007,160000.0,60000.0,0.0,30000.0
Kidou Senshi Gundam: Giren no Yabou,SAT,1998,0.0,0.0,250000.0,0.0
Teen Titans,PS2,2006,120000.0,100000.0,0.0,30000.0
Spelling Challenges and more!,PSP,2007,240000.0,0.0,0.0,20000.0
Crusaders of Might and Magic,PS,1999,140000.0,100000.0,0.0,20000.0
Journey,PS3,2012,40000.0,150000.0,0.0,60000.0
Tearaway Unfolded,PS4,2015,90000.0,120000.0,0.0,40000.0
Star Wars The Clone Wars: Republic Heroes,PS2,2009,170000.0,10000.0,0.0,80000.0
Bomberman Generation,GC,2002,150000.0,40000.0,60000.0,10000.0
NASCAR 09,X360,2008,230000.0,0.0,0.0,20000.0
Surfing H3O,PS2,2000,120000.0,100000.0,0.0,30000.0
Romance of the Three Kingdoms II,SNES,1991,0.0,0.0,250000.0,0.0
The Chronicles of Riddick: Assault on Dark Athena,PS3,2009,120000.0,100000.0,0.0,40000.0
Resident Evil Archives: Resident Evil Zero,Wii,2008,140000.0,40000.0,60000.0,20000.0
Zoo Resort 3D,3DS,2011,110000.0,90000.0,30000.0,20000.0
Ice Age 2: The Meltdown,GBA,2006,180000.0,70000.0,0.0,0.0
World Series of Poker,XB,2005,190000.0,50000.0,0.0,10000.0
Hatsune Miku: Project Diva F 2nd,PS3,2014,90000.0,40000.0,100000.0,30000.0
Galactic Attack,SAT,1994,0.0,0.0,250000.0,0.0
Power Pro Kun Pocket 2,GB,2000,0.0,0.0,250000.0,0.0
Game of Thrones,PS3,2012,100000.0,110000.0,0.0,40000.0
Happy Feet,GC,2006,200000.0,50000.0,0.0,10000.0
Walt Disney's The Jungle Book: Rhythm N'Groove,PS2,2003,120000.0,100000.0,0.0,30000.0
Triple Play 2002,XB,2002,190000.0,50000.0,0.0,10000.0
Evil Zone,PS,1998,140000.0,100000.0,0.0,20000.0
Spy Kids Challenger,GBA,2002,180000.0,70000.0,0.0,0.0
K-ON! Houkago Live!!,PSP,2010,0.0,0.0,250000.0,0.0
A. IV Evolution: A Ressha de Ikou 4,PS,1994,0.0,0.0,240000.0,20000.0
Exhibition,XB,2001,190000.0,50000.0,0.0,10000.0
Scrabble,PS,1999,140000.0,100000.0,0.0,20000.0
Tony Hawk's Proving Ground,Wii,2007,220000.0,10000.0,0.0,20000.0
Amped 2,XB,2003,200000.0,40000.0,0.0,10000.0
Blaster Master: Blasting Again,PS,2000,140000.0,100000.0,0.0,20000.0
Cartoon Network Collection: Game Boy Advance Video Volume 1,GBA,2004,180000.0,70000.0,0.0,0.0
Cars,X360,2006,220000.0,20000.0,0.0,20000.0
Family Guy: Back to the Multiverse,X360,2012,140000.0,90000.0,0.0,20000.0
Kung Fu Panda 2,X360,2011,160000.0,70000.0,0.0,20000.0
Up,PS3,2009,150000.0,70000.0,0.0,30000.0
Birds of Steel,PS3,2012,100000.0,90000.0,20000.0,40000.0
Madagascar: Escape 2 Africa,X360,2008,120000.0,100000.0,0.0,30000.0
WipEout XL,PS,1996,140000.0,100000.0,0.0,20000.0
The Powerpuff Girls: Chemical X-Traction,PS,2001,140000.0,100000.0,0.0,20000.0
NHL 08,X360,2007,220000.0,10000.0,0.0,20000.0
Dynasty Warriors 6 (JP sales),PS2,2008,0.0,0.0,250000.0,0.0
Just Dance Kids 2,PS3,2011,100000.0,100000.0,0.0,40000.0
FIFA 14,3DS,2013,0.0,230000.0,0.0,30000.0
Men of Valor,XB,2004,190000.0,50000.0,0.0,10000.0
Bomberman Tournament,GBA,2001,100000.0,40000.0,100000.0,10000.0
Medal of Honor European Assault,GC,2005,190000.0,50000.0,0.0,10000.0
Spider-Man: Web of Shadows,Wii,2008,220000.0,10000.0,0.0,20000.0
Billy Hatcher and the Giant Egg,GC,2003,190000.0,50000.0,0.0,10000.0
Midway's Greatest Arcade Hits,GBA,2001,180000.0,70000.0,0.0,0.0
SpongeBob's Truth or Square (US sales),X360,2009,250000.0,0.0,0.0,0.0
WipEout Fusion,PS2,2002,120000.0,100000.0,0.0,30000.0
Spider-Man: Edge of Time,X360,2011,180000.0,50000.0,0.0,20000.0
UEFA Euro 2008 Austria-Switzerland,PSP,2008,60000.0,130000.0,0.0,60000.0
Marie no Atelier: Salburg no Renkinjutsushi,PS,1997,0.0,0.0,230000.0,20000.0
The Outfit,X360,2006,210000.0,20000.0,0.0,20000.0
Golden Nugget Casino,GBA,2004,180000.0,70000.0,0.0,0.0
NHL 06,XB,2005,190000.0,50000.0,0.0,10000.0
Atari Anthology,XB,2004,190000.0,50000.0,0.0,10000.0
Ultimate Fighting Championship,PS,2000,140000.0,90000.0,0.0,20000.0
XIII,XB,2003,160000.0,80000.0,0.0,10000.0
MotoGP '07,X360,2007,230000.0,0.0,0.0,20000.0
Mortal Kombat: Armageddon,Wii,2007,210000.0,20000.0,0.0,20000.0
Don King Presents: Prizefighter,X360,2008,140000.0,80000.0,0.0,20000.0
Hybrid Heaven,N64,1999,160000.0,40000.0,50000.0,0.0
NBA Showtime: NBA on NBC,N64,1999,230000.0,20000.0,0.0,0.0
Fox Sports College Hoops '99,N64,1998,200000.0,50000.0,0.0,0.0
Wheel of Fortune,N64,1997,200000.0,50000.0,0.0,0.0
MRC: Multi-Racing Championship,N64,1997,200000.0,50000.0,0.0,0.0
F1 Pole Position 64,N64,1997,110000.0,130000.0,0.0,10000.0
Gex 64: Enter the Gecko,N64,1998,200000.0,50000.0,0.0,0.0
Wayne Gretzky's 3D Hockey '98,N64,1997,230000.0,20000.0,0.0,0.0
NBA Courtside 2 featuring Kobe Bryant,N64,1999,200000.0,50000.0,0.0,0.0
J Stars Victory Vs.,PS4,2015,70000.0,140000.0,0.0,40000.0
U-Sing: Girls Night,Wii,2010,0.0,210000.0,0.0,40000.0
The Mummy: Tomb of the Dragon Emperor,PS2,2008,120000.0,100000.0,0.0,30000.0
Def Jam Vendetta,GC,2003,190000.0,50000.0,0.0,10000.0
Scooby-Doo! Unmasked,PS2,2005,120000.0,100000.0,0.0,30000.0
Penny Racers,PS,1996,0.0,0.0,230000.0,20000.0
The Sims 2,XB,2005,190000.0,50000.0,0.0,10000.0
Caesars Palace II,PS,1998,140000.0,90000.0,0.0,20000.0
Final Fantasy Type-0,XOne,2015,150000.0,70000.0,0.0,20000.0
World Series Baseball 2K3,PS2,2003,120000.0,100000.0,0.0,30000.0
Pro Yakyuu Team o Tsukurou!,SAT,1998,0.0,0.0,250000.0,0.0
L.A. Noire: The Complete Edition,PC,2011,80000.0,130000.0,0.0,40000.0
Sentimental Graffiti,SAT,1998,0.0,0.0,250000.0,0.0
Hitman: Absolution,PC,2012,30000.0,170000.0,0.0,40000.0
Bolt,X360,2008,180000.0,50000.0,0.0,20000.0
Marvel: Ultimate Alliance 2,PSP,2009,170000.0,40000.0,0.0,40000.0
The Legend of Legacy,3DS,2015,110000.0,20000.0,100000.0,10000.0
Disgaea 2: Dark Hero Days,PSP,2009,100000.0,10000.0,120000.0,20000.0
Devil Kings,PS2,2005,30000.0,30000.0,180000.0,10000.0
Ultimate Band,Wii,2008,200000.0,30000.0,0.0,20000.0
NBA Jam Tournament Edition,PS,1995,140000.0,90000.0,0.0,20000.0
Far Cry Instincts Predator,X360,2006,200000.0,30000.0,0.0,20000.0
Medabots AX: Metabee,GBA,2002,180000.0,70000.0,0.0,0.0
Tennis no Oji-Sama: Genius Boys Academy,GBA,2002,0.0,0.0,240000.0,10000.0
X-Men: Destiny,PS3,2011,140000.0,80000.0,0.0,30000.0
Shadow Man,PS,1998,140000.0,90000.0,0.0,20000.0
X-Men Origins: Wolverine,Wii,2009,190000.0,40000.0,0.0,20000.0
Netsu Chu! Pro Yakyuu 2002,PS2,2002,0.0,0.0,250000.0,0.0
Ninja Gaiden 3,X360,2012,160000.0,50000.0,30000.0,20000.0
Ben 10 Ultimate Alien: Cosmic Destruction,PS3,2010,120000.0,90000.0,0.0,40000.0
Yakuza Zero: The Place of Oath,PS3,2015,0.0,0.0,250000.0,0.0
Prince of Persia: The Forgotten Sands,Wii,2010,110000.0,110000.0,0.0,20000.0
Dynasty Warriors 6,PS2,2008,120000.0,90000.0,0.0,30000.0
Porky's,2600,1982,230000.0,10000.0,0.0,0.0
America's Army: Rise of a Soldier,XB,2005,190000.0,50000.0,0.0,10000.0
Grandia,PS,1999,140000.0,90000.0,0.0,20000.0
TV Superstars,PS3,2010,70000.0,130000.0,0.0,50000.0
Armored Core 4,X360,2007,190000.0,10000.0,30000.0,20000.0
F1 2000,PS,2000,140000.0,90000.0,0.0,20000.0
Dood's Big Adventure,Wii,2010,220000.0,10000.0,0.0,20000.0
Pirates of the Caribbean: The Legend of Jack Sparrow,PS2,2006,120000.0,90000.0,0.0,30000.0
We Love Golf!,Wii,2007,200000.0,10000.0,30000.0,20000.0
WRC: World Rally Championship,PS2,2001,120000.0,90000.0,0.0,30000.0
"Ed, Edd n Eddy: The Mis-Edventures",GC,2005,190000.0,50000.0,0.0,10000.0
Cars: Mater-National Championship,PS2,2007,120000.0,90000.0,0.0,30000.0
Dreamworks Madagascar Kartz,X360,2009,140000.0,90000.0,0.0,20000.0
Harry Potter and the Order of the Phoenix,PS3,2007,180000.0,40000.0,0.0,30000.0
Anno 2205,PC,2015,20000.0,220000.0,0.0,10000.0
Dune 2000,PS,1999,140000.0,90000.0,0.0,20000.0
Monster Hunter G,Wii,2009,0.0,0.0,250000.0,0.0
Fuel,PS3,2009,80000.0,120000.0,0.0,50000.0
Hasbro Family Game Night 3,PS3,2010,180000.0,40000.0,0.0,30000.0
Pro Evolution Soccer 2014,X360,2013,60000.0,160000.0,0.0,30000.0
Project Overkill,PS,1996,140000.0,90000.0,0.0,20000.0
Jumping Flash! 2,PS,1996,50000.0,30000.0,150000.0,20000.0
Nickelodeon Party Blast,GC,2002,190000.0,50000.0,0.0,10000.0
SBK Superbike World Championship,PS3,2008,120000.0,110000.0,0.0,20000.0
Final Fantasy XI: Chains of Promathia,PS2,2004,120000.0,90000.0,0.0,30000.0
Choro Q2,PS,1997,0.0,0.0,230000.0,20000.0
Butt Ugly Martians: B.K.M. Battles,GBA,2002,180000.0,70000.0,0.0,0.0
Major League Baseball 2K7,PS3,2007,230000.0,0.0,0.0,20000.0
X-Men Legends II: Rise of Apocalypse,GC,2005,190000.0,50000.0,0.0,10000.0
Sorry! / Aggravation / Scrabble Junior,GBA,2005,180000.0,70000.0,0.0,0.0
Driver '76,PSP,2007,30000.0,140000.0,0.0,80000.0
Turning Point: Fall of Liberty,PS3,2008,210000.0,10000.0,0.0,20000.0
NBA Courtside 2002,GC,2002,190000.0,50000.0,0.0,10000.0
How to Train Your Dragon 2,3DS,2014,40000.0,190000.0,0.0,20000.0
The Adventures of Tintin: The Game,X360,2011,70000.0,140000.0,0.0,30000.0
Classic NES Series: Excitebike,GBA,2004,110000.0,40000.0,100000.0,10000.0
Classic NES Series: Xevious,GBA,2004,80000.0,30000.0,120000.0,10000.0
Avatar: The Last Airbender - Into the Inferno,PS2,2008,120000.0,90000.0,0.0,30000.0
Dora the Explorer: Journey to the Purple Planet,PS2,2005,120000.0,90000.0,0.0,30000.0
Digimon World: Data Squad,PS2,2006,120000.0,90000.0,0.0,30000.0
Dynasty Warriors 7,X360,2011,160000.0,70000.0,0.0,20000.0
Catz,GBA,2005,180000.0,60000.0,0.0,0.0
Jikkyou Powerful Pro Yakyuu 2001,PS,2001,0.0,0.0,230000.0,20000.0
Trials Fusion,XOne,2014,120000.0,100000.0,0.0,20000.0
LEGO Ninjago: Shadow of Ronin,PSV,2015,30000.0,160000.0,0.0,50000.0
Monster Jam: Path of Destruction,PS3,2010,210000.0,20000.0,0.0,20000.0
Panzer General,PS,1995,140000.0,90000.0,0.0,20000.0
Broken Sword: Shadow of the Templars - The Director's Cut,Wii,2009,120000.0,100000.0,0.0,20000.0
Gallop Racer (JP),PS,1996,40000.0,30000.0,160000.0,20000.0
Spawn the Eternal,PS,1997,140000.0,90000.0,0.0,20000.0
MLB,PSP,2005,230000.0,0.0,0.0,20000.0
Army Men: Sarge's Heroes 2,PS,2000,140000.0,90000.0,0.0,20000.0
Command & Conquer 3: Kane's Wrath,X360,2008,160000.0,60000.0,0.0,20000.0
Dreamcast Collection,X360,2011,160000.0,70000.0,0.0,20000.0
Madden NFL 13,WiiU,2012,220000.0,0.0,0.0,20000.0
Corpse Party: Blood Drive,PSV,2014,110000.0,30000.0,60000.0,50000.0
Homefront,PC,2011,110000.0,100000.0,0.0,30000.0
Bakugan: Battle Brawlers,X360,2009,200000.0,20000.0,0.0,20000.0
Britney's Dance Beat,PS2,2002,120000.0,90000.0,0.0,30000.0
Guitar Freaks,PS,1999,0.0,0.0,230000.0,20000.0
World Soccer Winning Eleven 7,PS2,2003,120000.0,90000.0,0.0,30000.0
Ace Combat: Assault Horizon Legacy,3DS,2011,100000.0,60000.0,80000.0,10000.0
Cabela's Outdoor Adventures (2009),X360,2009,230000.0,0.0,0.0,20000.0
SRS: Street Racing Syndicate,XB,2004,180000.0,50000.0,0.0,10000.0
Namco Tennis Smash Court,PS,1995,0.0,0.0,230000.0,20000.0
Vexx,PS2,2003,120000.0,90000.0,0.0,30000.0
Marvel vs. Capcom Origins,PS2,2006,110000.0,80000.0,20000.0,30000.0
Pro Yaky? Spirits 2011,PSP,2011,0.0,0.0,240000.0,0.0
TimeSplitters: Future Perfect,PS2,2005,120000.0,90000.0,0.0,30000.0
Harvest Moon: Magical Melody,GC,2005,190000.0,50000.0,0.0,10000.0
Genma Onimusha,XB,2002,140000.0,40000.0,50000.0,10000.0
DK: King of Swing,GBA,2005,170000.0,60000.0,0.0,0.0
K-1 Revenge,PS,1997,40000.0,30000.0,160000.0,20000.0
G-Police,PS,1997,130000.0,90000.0,0.0,20000.0
Pure Futbol,PS3,2010,60000.0,130000.0,0.0,50000.0
Spider-Man: Shattered Dimensions,Wii,2010,130000.0,90000.0,0.0,20000.0
Corvette,XB,2003,180000.0,50000.0,0.0,10000.0
Atelier Meruru: Alchemist of Arland 3,PS3,2011,50000.0,0.0,180000.0,10000.0
AC/DC LIVE: Rock Band Track Pack,PS3,2008,210000.0,10000.0,0.0,20000.0
Deca Sports 3,Wii,2010,150000.0,70000.0,0.0,20000.0
Midway Arcade Treasures: Extended Play,PSP,2005,210000.0,10000.0,0.0,20000.0
F1 2015,XOne,2015,80000.0,150000.0,0.0,20000.0
Skylanders SWAP Force,3DS,2013,100000.0,120000.0,0.0,20000.0
Bass Pro Shops: The Hunt,Wii,2010,230000.0,0.0,0.0,20000.0
"What Did I Do to Deserve This, My Lord!? 2",PSP,2008,50000.0,0.0,180000.0,10000.0
Boogie SuperStar,Wii,2008,200000.0,20000.0,0.0,20000.0
Burnout 2: Point of Impact,XB,2003,180000.0,50000.0,0.0,10000.0
Rock Band Track Pack Volume 1,Wii,2008,170000.0,50000.0,0.0,20000.0
Super Monkey Ball Deluxe,PS2,2005,120000.0,90000.0,0.0,30000.0
Street Fighter X Tekken,PSV,2012,140000.0,50000.0,10000.0,40000.0
Kill.Switch,XB,2003,180000.0,50000.0,0.0,10000.0
Ben 10 Ultimate Alien: Cosmic Destruction,PSP,2010,100000.0,90000.0,0.0,50000.0
Metro 2033,PC,2010,0.0,190000.0,0.0,50000.0
Peter Jackson's King Kong: The Official Game of the Movie,GC,2005,190000.0,50000.0,0.0,10000.0
Stella Glow,3DS,2015,160000.0,10000.0,50000.0,20000.0
Dancing With The Stars,Wii,2007,220000.0,0.0,0.0,20000.0
Summon Night 3,PS2,2003,0.0,0.0,240000.0,0.0
Pro Yaky? Spirits 2010,PSP,2010,0.0,0.0,240000.0,0.0
The Simpsons: Road Rage,GC,2001,190000.0,50000.0,0.0,10000.0
Megamind: Mega Team Unite,Wii,2010,160000.0,60000.0,0.0,20000.0
PDC World Championship Darts 2008,Wii,2008,20000.0,210000.0,0.0,10000.0
Jissen Pachi-Slot Hisshouhou! Hokuto no Ken SE,PS2,2006,0.0,0.0,240000.0,0.0
Azurik: Rise of Perathia,XB,2001,180000.0,50000.0,0.0,10000.0
All Grown Up!: Game Boy Advance Video Volume 1,GBA,2004,170000.0,60000.0,0.0,0.0
The Lord of the Rings: Aragorn's Quest,Wii,2010,170000.0,50000.0,0.0,20000.0
Dragon Ball Z: Sagas,XB,2005,180000.0,50000.0,0.0,10000.0
Grand Slam Tennis 2,PS3,2012,90000.0,110000.0,0.0,40000.0
Sakura Wars: Atsuki Chishio Ni,PS2,2003,0.0,0.0,240000.0,0.0
Ms. Pac-Man: Maze Madness / Pac-Man World,GBA,2005,170000.0,60000.0,0.0,0.0
NHRA Championship Drag Racing,PS2,2005,120000.0,90000.0,0.0,30000.0
The Price is Right 2010 Edition,Wii,2009,220000.0,0.0,0.0,20000.0
Monster Jam,PS2,2007,120000.0,90000.0,0.0,30000.0
Valhalla Knights,PSP,2006,150000.0,0.0,70000.0,10000.0
Harvest Moon: Another Wonderful Life,GC,2004,190000.0,50000.0,0.0,10000.0
NBA Live 10,PSP,2009,210000.0,0.0,10000.0,20000.0
The Godfather (US & Others sales),X360,2006,200000.0,20000.0,0.0,20000.0
Jikkyou Powerful Pro Yakyuu 15,PS2,2008,0.0,0.0,240000.0,0.0
MX vs. ATV Reflex,PSP,2009,180000.0,30000.0,0.0,30000.0
Bakugan: Battle Brawlers,PS3,2009,190000.0,30000.0,0.0,20000.0
Front Line,2600,1981,220000.0,10000.0,0.0,0.0
Paperboy,N64,1999,190000.0,50000.0,0.0,0.0
South Park: Chef's Luv Shack,N64,1999,190000.0,50000.0,0.0,0.0
Midway's Greatest Arcade Hits Volume 1,N64,2000,190000.0,50000.0,0.0,0.0
Road Rash 64,N64,1999,190000.0,50000.0,0.0,0.0
Ready 2 Rumble Boxing: Round 2,N64,2000,190000.0,50000.0,0.0,0.0
Army Men: Air Combat,N64,2000,190000.0,50000.0,0.0,0.0
Rock Band Track Pack Volume 2,Wii,2008,210000.0,20000.0,0.0,20000.0
NCAA College Basketball 2K3,PS2,2002,120000.0,90000.0,0.0,30000.0
Mobile Suit Gundam Battlefield Record U.C.0081,PS3,2009,0.0,0.0,240000.0,0.0
NCAA March Madness 2004,XB,2003,180000.0,50000.0,0.0,10000.0
Lucky Luke,PS,1998,130000.0,90000.0,0.0,20000.0
Fantastic 4,GC,2005,190000.0,50000.0,0.0,10000.0
Ashes Cricket 2009,Wii,2009,0.0,230000.0,0.0,10000.0
Ghost Rider,PSP,2007,220000.0,0.0,0.0,20000.0
Tony Hawk's American Sk8land,GBA,2005,170000.0,60000.0,0.0,0.0
Densetsu no Stafi 3,GBA,2004,0.0,0.0,230000.0,10000.0
Forsaken,PS,1998,130000.0,90000.0,0.0,20000.0
Ratchet & Clank: Going Commando (JP weekly sales),PS2,2003,0.0,0.0,240000.0,0.0
Pictionary: Ultimate Edition,PS3,2011,150000.0,60000.0,0.0,30000.0
LEGO The Hobbit,3DS,2014,90000.0,130000.0,0.0,20000.0
Samurai Warriors 4,PS4,2014,80000.0,70000.0,60000.0,30000.0
The Hobbit,XB,2003,180000.0,50000.0,0.0,10000.0
Dance Dance Revolution: Disney Channel Edition,PS2,2008,120000.0,90000.0,0.0,30000.0
DiRT Showdown,X360,2012,80000.0,140000.0,0.0,20000.0
Divinity II: Ego Draconis,X360,2009,180000.0,40000.0,0.0,20000.0
Checkers,2600,1980,220000.0,10000.0,0.0,0.0
Front Mission: Gun Hazard,SNES,1996,0.0,0.0,240000.0,0.0
X-Men: Destiny,X360,2011,180000.0,50000.0,0.0,20000.0
Hello Kitty Seasons,Wii,2010,160000.0,60000.0,0.0,20000.0
Chibi-Robo! Zip Lash,3DS,2015,90000.0,80000.0,60000.0,20000.0
4x4 EVO 2,XB,2001,180000.0,50000.0,0.0,10000.0
XS Airboat Racing,PS,2002,130000.0,90000.0,0.0,20000.0
Lunar: Silver Star Harmony,PSP,2009,190000.0,0.0,30000.0,20000.0
Grand Theft Auto,GBA,2004,170000.0,60000.0,0.0,0.0
Dora the Explorer: Super Star Adventures,GBA,2004,170000.0,60000.0,0.0,0.0
Viva Pinata: Party Animals,X360,2007,190000.0,30000.0,0.0,20000.0
Asura's Wrath,X360,2012,150000.0,60000.0,10000.0,20000.0
Lego Star Wars: The Force Awakens,XOne,2016,120000.0,100000.0,0.0,20000.0
Dynasty Warriors 6 Empires,X360,2009,160000.0,20000.0,40000.0,20000.0
My Street,PS2,2003,120000.0,90000.0,0.0,30000.0
Wild 9,PS,1998,130000.0,90000.0,0.0,20000.0
Shadow Hearts: Covenant,PS2,2004,120000.0,90000.0,0.0,30000.0
Tiger Woods PGA Tour 10,PSP,2009,120000.0,70000.0,0.0,50000.0
Angry Birds,PC,2011,0.0,180000.0,0.0,50000.0
Risen 2: Dark Waters,PS3,2012,40000.0,140000.0,10000.0,50000.0
Guitar Hero Live,X360,2015,120000.0,100000.0,0.0,20000.0
Game & Wario,WiiU,2013,60000.0,60000.0,110000.0,10000.0
PGA Tour 96,PS,1995,130000.0,90000.0,0.0,20000.0
Onechanbara Z2: Chaos,PS4,2014,130000.0,20000.0,40000.0,40000.0
Fallout 3 Game Add-On Pack: Broken Steel and Point Lookout,X360,2009,160000.0,60000.0,0.0,20000.0
Covert Ops: Nuclear Dawn,PS,2000,130000.0,90000.0,0.0,20000.0
Pictionary: Ultimate Edition,X360,2011,160000.0,50000.0,0.0,20000.0
LEGO Harry Potter: Years 5-7,PSV,2012,90000.0,100000.0,0.0,50000.0
TrackMania: Build to Race,Wii,2010,100000.0,110000.0,0.0,30000.0
Galaga: Destination Earth,PS,2000,130000.0,90000.0,0.0,20000.0
G.I. Joe: The Rise of Cobra,X360,2009,170000.0,50000.0,0.0,20000.0
Ar tonelico Qoga: Knell of Ar Ciel,PS3,2010,80000.0,10000.0,130000.0,10000.0
FIFA World Cup Germany 2006,XB,2006,180000.0,50000.0,0.0,10000.0
Polly Pocket: Super Splash Island,GBA,2003,170000.0,60000.0,0.0,0.0
God Eater 2,PSP,2013,0.0,0.0,240000.0,0.0
Sesame Street: Elmo's Number Journey,PS,1998,130000.0,90000.0,0.0,20000.0
Rampage,2600,1988,220000.0,10000.0,0.0,0.0
Dark Cavern,2600,1981,220000.0,10000.0,0.0,0.0
Afro Samurai,X360,2009,160000.0,50000.0,0.0,20000.0
The Bureau: XCOM Declassified,X360,2013,100000.0,120000.0,0.0,20000.0
NASCAR 2011: The Game,Wii,2011,220000.0,0.0,0.0,10000.0
Silent Hill: Book of Memories,PSV,2012,130000.0,60000.0,0.0,40000.0
The Walking Dead: Season Two,PS4,2014,100000.0,90000.0,10000.0,40000.0
Epic Mickey 2: The Power of Two,WiiU,2012,140000.0,70000.0,10000.0,20000.0
DC Universe Online,PC,2011,160000.0,60000.0,0.0,20000.0
NASCAR 08,PS2,2007,120000.0,90000.0,0.0,30000.0
Madagascar: Escape 2 Africa,PS3,2008,120000.0,80000.0,0.0,40000.0
LEGO Marvel's Avengers,WiiU,2016,120000.0,90000.0,0.0,20000.0
Wallace & Gromit in Project Zoo,PS2,2003,110000.0,90000.0,0.0,30000.0
Karaoke Revolution Volume 2,PS2,2004,110000.0,90000.0,0.0,30000.0
Etrian Mystery Dungeon,3DS,2015,90000.0,10000.0,120000.0,10000.0
Mobile Suit Gundam: Climax U.C.,PS2,2006,0.0,0.0,230000.0,0.0
Street Fighter EX2 Plus,PS,1998,130000.0,90000.0,0.0,20000.0
Big Family Games,Wii,2009,0.0,220000.0,0.0,20000.0
Super Robot Taisen D,GBA,2003,0.0,0.0,230000.0,10000.0
NASCAR Thunder 2004,XB,2003,180000.0,50000.0,0.0,10000.0
Buffy the Vampire Slayer,XB,2002,180000.0,50000.0,0.0,10000.0
LEGO Marvel's Avengers,PSV,2016,70000.0,110000.0,0.0,50000.0
Harry Potter and the Goblet of Fire,XB,2005,180000.0,50000.0,0.0,10000.0
Zumba Fitness: World Party,XOne,2013,170000.0,50000.0,0.0,20000.0
Saint Seiya: Sanctuary Battle,PS3,2011,0.0,90000.0,110000.0,30000.0
Girls Mode 3: Kirakira Code,3DS,2015,0.0,0.0,230000.0,0.0
Virtua Tennis 4,X360,2011,110000.0,100000.0,10000.0,20000.0
Cross Edge,PS3,2008,140000.0,20000.0,50000.0,20000.0
Cabela's Big Game Hunter 2012,PS3,2011,170000.0,30000.0,0.0,30000.0
Pro Yakyuu Team o Tsukurou!,DC,1999,0.0,0.0,230000.0,0.0
Me & My Katamari,PSP,2005,130000.0,20000.0,80000.0,0.0
Asphalt: Injection,PSV,2011,140000.0,60000.0,0.0,40000.0
Total War: Attila,PC,2015,90000.0,130000.0,0.0,20000.0
SSX On Tour,PSP,2005,190000.0,20000.0,0.0,20000.0
Vancouver 2010 - The Official Video Game of the Olympic Winter Games,X360,2010,80000.0,130000.0,0.0,30000.0
World Series Baseball,XB,2002,170000.0,50000.0,0.0,10000.0
SingStar Pop Edition,PS3,2009,0.0,190000.0,0.0,50000.0
Test Drive: Eve of Destruction,PS2,2004,110000.0,90000.0,0.0,30000.0
Starsky & Hutch,XB,2003,170000.0,50000.0,0.0,10000.0
Dynasty Warriors: Gundam Reborn,PS3,2013,0.0,0.0,230000.0,0.0
Hatsune Miku: Project Diva f,PSV,2012,0.0,0.0,230000.0,0.0
The Club,PS3,2008,140000.0,70000.0,0.0,30000.0
Carnival Island,PS3,2011,130000.0,60000.0,0.0,40000.0
Jeremy McGrath Supercross World,PS2,2001,110000.0,90000.0,0.0,30000.0
M&M's Kart Racing,Wii,2007,220000.0,0.0,0.0,20000.0
Rock Band Track Pack: Classic Rock,Wii,2009,220000.0,0.0,0.0,20000.0
The Scorpion King: Rise of the Akkadian,PS2,2002,110000.0,90000.0,0.0,30000.0
Let's Make a Soccer Team!,PS2,2006,0.0,0.0,230000.0,0.0
Looney Tunes: Acme Arsenal,Wii,2007,210000.0,10000.0,0.0,20000.0
Monster Hunter G,PS2,2005,0.0,0.0,230000.0,0.0
All-Star Baseball 2001,N64,2000,220000.0,10000.0,0.0,0.0
Pinball Hall of Fame: The Gottlieb Collection,PSP,2005,200000.0,10000.0,0.0,20000.0
Sword Art Online: Lost Song,PS4,2015,90000.0,100000.0,0.0,40000.0
Star Wars Jedi Knight II: Jedi Outcast,GC,2002,180000.0,50000.0,0.0,10000.0
Tom Clancy's Splinter Cell,GC,2003,180000.0,50000.0,0.0,10000.0
Pitfall: The Big Adventure,Wii,2008,200000.0,20000.0,0.0,20000.0
Rock Band Country Track Pack,X360,2009,220000.0,0.0,0.0,20000.0
Worms: Battle Islands,Wii,2010,110000.0,100000.0,0.0,20000.0
ESPN NHL Hockey,PS2,2003,110000.0,90000.0,0.0,30000.0
Harvest Moon GB,GB,1997,0.0,0.0,230000.0,0.0
The Incredible Hulk: Ultimate Destruction,XB,2005,170000.0,50000.0,0.0,10000.0
Hannah Montana: The Movie,PS3,2009,140000.0,60000.0,0.0,30000.0
NCAA GameBreaker 2003,PS2,2002,110000.0,90000.0,0.0,30000.0
Skylanders: SuperChargers,XOne,2015,160000.0,50000.0,0.0,20000.0
Gundam Battle Assault,PS,1998,130000.0,90000.0,0.0,20000.0
Virtua Fighter Kids,SAT,1995,0.0,0.0,230000.0,0.0
Lunar: Silver Star Story,SAT,1996,0.0,0.0,230000.0,0.0
Rocket Power: Beach Bandits,GC,2002,180000.0,50000.0,0.0,10000.0
LEGO The Hobbit,WiiU,2014,100000.0,110000.0,0.0,20000.0
NBA 2K6,X360,2005,210000.0,10000.0,0.0,20000.0
Tom Clancy's Rainbow Six: Rogue Spear,PS,2001,130000.0,90000.0,0.0,20000.0
NHL FaceOff 2001,PS,2000,130000.0,90000.0,0.0,20000.0
Ultimate Duck Hunting: Hunting & Retrieving Ducks,Wii,2007,210000.0,0.0,0.0,20000.0
Yu-Gi-Oh! GX: Duel Academy,GBA,2005,170000.0,60000.0,0.0,0.0
FIFA 14,PSP,2013,0.0,160000.0,0.0,70000.0
Colony Wars: Vengeance,PS,1998,130000.0,90000.0,0.0,20000.0
Yu-Gi-Oh! GX: Tag Force 3,PSP,2008,0.0,30000.0,180000.0,10000.0
Dynasty Warriors: Strikeforce,X360,2009,130000.0,60000.0,20000.0,20000.0
Naruto Shippuden: Ultimate Ninja Storm Revolution,X360,2014,130000.0,80000.0,0.0,20000.0
Madden NFL 06,GBA,2005,170000.0,60000.0,0.0,0.0
Karaoke Revolution Glee 2: Road to Regionals,Wii,2011,150000.0,60000.0,0.0,20000.0
NASCAR 08,PS3,2007,150000.0,50000.0,0.0,30000.0
Perfect Weapon,PS,1996,130000.0,90000.0,0.0,20000.0
Project CARS,XOne,2015,80000.0,130000.0,0.0,20000.0
Major League Baseball 2K10,PS2,2010,110000.0,90000.0,0.0,30000.0
Call of Duty: Black Ops 3,PC,2015,0.0,220000.0,0.0,10000.0
Mafia,XB,2004,170000.0,50000.0,0.0,10000.0
Spider-Man: Edge of Time,PS3,2011,130000.0,70000.0,0.0,30000.0
Deadly Creatures,Wii,2009,80000.0,120000.0,0.0,30000.0
Airblade,PS2,2001,110000.0,90000.0,0.0,30000.0
Cabela's Outdoor Adventures (2009),PS3,2009,210000.0,0.0,0.0,20000.0
Mega Man & Bass,GBA,2002,160000.0,60000.0,0.0,0.0
NBA Live 15,PS4,2014,150000.0,40000.0,0.0,40000.0
Neopets Puzzle Adventure,Wii,2008,190000.0,20000.0,0.0,20000.0
Risen 2: Dark Waters,PC,2012,0.0,190000.0,0.0,40000.0
Dragon Quest Heroes II: Twin Kings and the Prophecy's End,PSV,2016,0.0,0.0,230000.0,0.0
Puss in Boots,X360,2011,200000.0,20000.0,0.0,20000.0
Family Fest presents: Movie Games,Wii,2008,200000.0,10000.0,0.0,20000.0
AKB1/149: Love Election,PSP,2012,0.0,0.0,230000.0,0.0
Tetris 2 (weekly jp sales),GB,1992,0.0,0.0,230000.0,0.0
Pro Yakyuu Team o Tsukurou! 2,PS2,2003,0.0,0.0,230000.0,0.0
Musou Orochi Z,PS3,2009,0.0,0.0,230000.0,0.0
World Series of Poker 2008: Battle for the Bracelets,PS2,2007,110000.0,90000.0,0.0,30000.0
WWE All Stars,3DS,2011,150000.0,60000.0,0.0,20000.0
Genji: Dawn of the Samurai,PS2,2005,110000.0,90000.0,0.0,30000.0
Rocket League,PS4,2016,20000.0,140000.0,0.0,70000.0
Wipeout 2,3DS,2011,220000.0,0.0,0.0,10000.0
The Idolm@ster SP: Wandering Star / Perfect Sun / Missing Moon,PSP,2009,0.0,0.0,230000.0,0.0
Critical Depth,PS,1997,130000.0,90000.0,0.0,10000.0
Barbie as The Island Princess,GBA,2007,160000.0,60000.0,0.0,0.0
Petz Rescue: Wildlife Vet,Wii,2008,210000.0,0.0,0.0,20000.0
Tales of VS.,PSP,2009,0.0,0.0,230000.0,0.0
Super Swing Golf,Wii,2006,140000.0,10000.0,70000.0,10000.0
The Italian Job,PS2,2003,110000.0,90000.0,0.0,30000.0
Mega Man Battle Network 5: Team Colonel / Protoman,GBA,2004,160000.0,60000.0,0.0,0.0
Barbie and the Three Musketeers,Wii,2009,210000.0,0.0,0.0,20000.0
Star Ocean,SNES,1996,0.0,0.0,230000.0,0.0
Freedom Fighters,XB,2003,170000.0,50000.0,0.0,10000.0
Soldier of Fortune II: Double Helix,XB,2003,170000.0,50000.0,0.0,10000.0
pro evolution soccer 2011,Wii,2010,80000.0,100000.0,30000.0,20000.0
Disney Princess: Enchanted Journey,PS2,2007,110000.0,90000.0,0.0,30000.0
Final Fantasy XI: Treasures of Aht Urhgan,PS2,2006,60000.0,50000.0,100000.0,20000.0
Alundra,PS,1997,130000.0,90000.0,0.0,10000.0
World Soccer Winning Eleven 2010: Aoki Samurai no Chousen,PS3,2010,0.0,0.0,230000.0,0.0
Bratz: Girlz Really Rock,PS2,2008,110000.0,90000.0,0.0,30000.0
Super R-Type,SNES,1991,0.0,0.0,230000.0,0.0
Rampage 2: Universal Tour,PS,1998,130000.0,90000.0,0.0,10000.0
Super Robot Taisen F Kanketsuhen,PS,1999,0.0,0.0,210000.0,10000.0
Tiger Woods PGA Tour 2003,GC,2002,180000.0,50000.0,0.0,10000.0
BlowOut,PS2,2003,110000.0,90000.0,0.0,30000.0
NFL Blitz Pro,PS2,2003,110000.0,90000.0,0.0,30000.0
MySims Party,Wii,2009,180000.0,30000.0,0.0,20000.0
TRON: Evolution - Battle Grids,Wii,2010,180000.0,30000.0,0.0,20000.0
The Raiden Project,PS,1995,60000.0,40000.0,120000.0,10000.0
Hooked! Real Motion Fishing,Wii,2007,210000.0,0.0,0.0,20000.0
Pocket Fighter,PS,1997,60000.0,40000.0,120000.0,10000.0
Bicycle Casino 2005,XB,2004,170000.0,50000.0,0.0,10000.0
Valhalla Knights 2,PSP,2008,90000.0,0.0,120000.0,10000.0
.hack//G.U. Vol.2//Reminisce,PS2,2006,110000.0,90000.0,0.0,30000.0
Disgaea: Afternoon of Darkness,PSP,2006,150000.0,10000.0,40000.0,20000.0
Ratchet & Clank: Full Frontal Assault,PS3,2012,190000.0,10000.0,0.0,20000.0
NCAA Football 09,PSP,2008,210000.0,0.0,0.0,20000.0
Family Party: 30 Great Games Winter Fun,Wii,2010,210000.0,0.0,0.0,10000.0
NCAA GameBreaker 2004,PS2,2003,110000.0,90000.0,0.0,30000.0
101-in-1 Party Megamix Wii,Wii,2009,190000.0,10000.0,0.0,20000.0
The Polar Express,PS2,2004,110000.0,90000.0,0.0,30000.0
Buzz! Junior: RoboJam,PS2,2007,110000.0,90000.0,0.0,30000.0
Child of Eden,PS3,2011,90000.0,100000.0,0.0,40000.0
All Star Karate,Wii,2010,140000.0,70000.0,0.0,20000.0
AC/DC LIVE: Rock Band Track Pack,X360,2008,210000.0,0.0,0.0,20000.0
Tetris Attack,GB,1996,0.0,0.0,230000.0,0.0
NBA ShootOut 2003,PS2,2002,110000.0,90000.0,0.0,30000.0
Shin Nippon Pro Wrestling: Toukon Retsuden 3,PS,1998,0.0,0.0,210000.0,10000.0
Senran Kagura: Estival Versus,PSV,2015,60000.0,50000.0,90000.0,30000.0
NHL FaceOff 2003,PS2,2002,110000.0,90000.0,0.0,30000.0
Jersey Devil,PS,1997,130000.0,90000.0,0.0,10000.0
Rogue Ops,PS2,2003,110000.0,90000.0,0.0,30000.0
NBA Street: Showdown,PSP,2005,200000.0,0.0,0.0,20000.0
3rd Super Robot Wars Z Jigoku Hen,PS3,2014,0.0,0.0,230000.0,0.0
Cars 2,3DS,2011,210000.0,0.0,0.0,20000.0
Spec Ops: The Line,PC,2012,110000.0,90000.0,0.0,30000.0
Legion: The Legend of Excalibur,PS2,2002,110000.0,90000.0,0.0,30000.0
FaceBreaker K.O. Party,Wii,2008,200000.0,10000.0,0.0,20000.0
Justice League Heroes,PSP,2006,200000.0,10000.0,0.0,20000.0
Gekijouban Macross F: Sayonara no Tsubasa - Hybrid Pack,PS3,2011,0.0,0.0,220000.0,0.0
TNA iMPACT!,PS2,2008,100000.0,0.0,0.0,120000.0
Def Jam: Fight for NY,GC,2004,170000.0,50000.0,0.0,10000.0
Sword Art Online: Infinity Moment,PSP,2013,0.0,0.0,220000.0,0.0
Spartan: Total Warrior,PS2,2005,110000.0,90000.0,0.0,30000.0
Killer is Dead,PS3,2013,120000.0,40000.0,50000.0,20000.0
EX Monopoly,GBA,2001,160000.0,60000.0,0.0,0.0
Star Trek: The Game,X360,2013,120000.0,90000.0,0.0,20000.0
64 de Hakken! Tamagotchi Minna de Tamagotchi World,N64,1997,0.0,0.0,220000.0,0.0
Mary-Kate and Ashley: Sweet 16 - Licenced to Drive,GC,2003,170000.0,40000.0,0.0,10000.0
Deadly Duck,2600,1981,210000.0,10000.0,0.0,0.0
Assault,2600,1982,210000.0,10000.0,0.0,0.0
Reactor,2600,1981,210000.0,10000.0,0.0,0.0
Ys Seven,PSP,2009,140000.0,0.0,80000.0,10000.0
Gundam Battle Chronicle,PSP,2007,0.0,0.0,220000.0,0.0
G-Force,PS3,2009,130000.0,60000.0,0.0,30000.0
Danball Senki Boost,PSP,2011,0.0,0.0,220000.0,0.0
Kidz Bop Dance Party! The Video Game,Wii,2010,210000.0,0.0,0.0,10000.0
Conflict: Vietnam,XB,2004,170000.0,50000.0,0.0,10000.0
Whirl Tour,PS2,2002,110000.0,90000.0,0.0,30000.0
Time Crisis: Crisis Zone,PS2,2004,110000.0,90000.0,0.0,30000.0
Momotarou Dentetsu 15,PS2,2005,0.0,0.0,220000.0,0.0
Dark Souls II,XOne,2015,130000.0,70000.0,0.0,20000.0
Ben 10 Ultimate Alien: Cosmic Destruction,PS2,2010,130000.0,60000.0,0.0,40000.0
Hatsune Miku: Project Mirai 2,3DS,2013,0.0,0.0,220000.0,0.0
Skies of Arcadia Legends,GC,2002,170000.0,40000.0,0.0,10000.0
MotoGP 08,PS2,2008,10000.0,0.0,0.0,210000.0
Madden NFL 12,PSP,2011,210000.0,0.0,0.0,20000.0
Sengoku Basara 3 Utage,PS3,2011,0.0,0.0,220000.0,0.0
Breath of Fire,GBA,2001,110000.0,40000.0,60000.0,0.0
Ford vs. Chevy,PS2,2005,110000.0,90000.0,0.0,30000.0
NCAA Football 2005,GC,2004,170000.0,40000.0,0.0,10000.0
Hamtaro: Ham-Ham Games,GBA,2004,160000.0,60000.0,0.0,0.0
Danny Phantom: The Ultimate Enemy,GBA,2005,160000.0,60000.0,0.0,0.0
MotoGP 09/10,PS3,2010,50000.0,130000.0,0.0,40000.0
Rune Factory: Tides of Destiny,PS3,2011,140000.0,0.0,70000.0,10000.0
A Boy and His Blob,Wii,2009,190000.0,20000.0,0.0,20000.0
Battleborn,PS4,2016,90000.0,80000.0,10000.0,40000.0
Atelier Escha & Logy: Alchemists of the Dusk Sky,PS3,2013,60000.0,40000.0,100000.0,20000.0
Crazy Climber,2600,1981,210000.0,10000.0,0.0,0.0
Super Adventure Island,SNES,1992,0.0,0.0,220000.0,0.0
Bust-A-Move 4,PS,1998,120000.0,80000.0,0.0,10000.0
The Legend of Spyro: The Eternal Night,Wii,2007,180000.0,20000.0,0.0,20000.0
NFL Quarterback Club 97,PS,1996,120000.0,80000.0,0.0,10000.0
Rampage: Total Destruction,Wii,2006,190000.0,10000.0,0.0,20000.0
Galactic Wrestling: Featuring Ultimate Muscle,PS2,2004,30000.0,20000.0,170000.0,10000.0
Petz: Horse Club,Wii,2008,200000.0,0.0,0.0,20000.0
Dino Stalker,PS2,2002,70000.0,60000.0,80000.0,20000.0
Rapala's Fishing Frenzy,Wii,2008,200000.0,0.0,0.0,20000.0
Mobile Suit Gundam Seed,PS2,2003,0.0,0.0,220000.0,0.0
Shinobi,3DS,2011,140000.0,70000.0,0.0,20000.0
Puss in Boots,Wii,2011,190000.0,10000.0,0.0,10000.0
Mega Man Zero 3,GBA,2004,160000.0,60000.0,0.0,0.0
LEGO The Lord of the Rings,PC,2012,70000.0,130000.0,0.0,30000.0
Hitman: HD Trilogy,PS3,2013,70000.0,100000.0,0.0,40000.0
Aliens vs Predator: Requiem,PSP,2007,30000.0,120000.0,0.0,70000.0
Castlevania: Lords of Shadow 2,PS3,2014,30000.0,130000.0,20000.0,40000.0
Barbie: Groom and Glam Pups,Wii,2010,190000.0,20000.0,0.0,10000.0
Tenchu: Shadow Assassins,Wii,2008,160000.0,10000.0,30000.0,20000.0
Barbie Super Sports,PS,1999,120000.0,80000.0,0.0,10000.0
CSI: Fatal Conspiracy,Wii,2010,120000.0,80000.0,0.0,20000.0
Nicktoons Collection: Game Boy Advance Video Volume 2,GBA,2004,160000.0,60000.0,0.0,0.0
Jackass the Game,PSP,2007,90000.0,80000.0,0.0,50000.0
The Legend of Heroes: Trails of Cold Steel,PS3,2013,50000.0,40000.0,120000.0,20000.0
Tom Clancy's Rainbow Six: Siege,PC,2015,120000.0,80000.0,0.0,20000.0
Dungeon Hunter Alliance,PSV,2012,90000.0,100000.0,0.0,40000.0
Duel Masters: Kaijudo Showdown,GBA,2004,160000.0,60000.0,0.0,0.0
The Walking Dead: Season Two,PS3,2014,90000.0,90000.0,0.0,40000.0
The Lord of the Rings: The Third Age,GBA,2004,160000.0,60000.0,0.0,0.0
Cursed Mountain,Wii,2009,90000.0,100000.0,0.0,20000.0
The Suffering,XB,2004,160000.0,50000.0,0.0,10000.0
Dragon Quest Builders: Revive Alefgard,PS4,2016,0.0,0.0,220000.0,0.0
Tetris Worlds,GC,2002,170000.0,40000.0,0.0,10000.0
Teenage Mutant Ninja Turtles: Danger of the Ooze,X360,2014,110000.0,90000.0,0.0,20000.0
ECW Hardcore Revolution,N64,2000,180000.0,40000.0,0.0,0.0
Mega Man 64,N64,2000,140000.0,30000.0,50000.0,0.0
Chou-Kuukan Night Pro Yakyuu King(higher JP sales),N64,1996,0.0,0.0,220000.0,0.0
Rampage 2: Universal Tour,N64,1999,180000.0,40000.0,0.0,0.0
Ms. Pac-Man: Maze Madness,N64,2000,180000.0,40000.0,0.0,0.0
Tales of Graces,Wii,2009,0.0,0.0,220000.0,0.0
Viewtiful Joe 2,GC,2004,170000.0,40000.0,0.0,10000.0
ATV Quad Kings,Wii,2009,210000.0,0.0,0.0,10000.0
Mary-Kate and Ashley: Sweet 16 - Licenced to Drive,PS2,2002,110000.0,80000.0,0.0,30000.0
NBA Jam Extreme,PS,1996,120000.0,80000.0,0.0,10000.0
Tropico 3,X360,2009,150000.0,20000.0,30000.0,20000.0
Nickelodeon Party Blast,XB,2002,160000.0,50000.0,0.0,10000.0
Ben 10 Alien Force: Vilgax Attacks,X360,2009,110000.0,90000.0,0.0,20000.0
NHL Championship 2000,PS,1998,120000.0,80000.0,0.0,10000.0
G.I. Joe: The Rise of Cobra,Wii,2009,170000.0,30000.0,0.0,20000.0
Shellshock: Nam '67,XB,2004,160000.0,50000.0,0.0,10000.0
Hunted: The Demon's Forge,X360,2011,130000.0,70000.0,0.0,20000.0
Kartia: The Word of Fate,PS,1998,50000.0,30000.0,120000.0,10000.0
Tales of Berseria,PS4,2016,0.0,0.0,220000.0,0.0
All-Star Baseball 2002,GC,2001,170000.0,40000.0,0.0,10000.0
Magna Carta: Tears of Blood,PS2,2004,110000.0,80000.0,0.0,30000.0
Lethal Skies Elite Pilot: Team SW,PS2,2001,110000.0,80000.0,0.0,30000.0
Capcom vs. SNK,DC,2000,0.0,0.0,220000.0,0.0
NBA Live 09 All-Play,Wii,2008,190000.0,10000.0,0.0,20000.0
Yoostar2,X360,2011,110000.0,90000.0,0.0,20000.0
Transformers: Devastation,PS4,2015,100000.0,80000.0,0.0,40000.0
From Russia With Love,GC,2005,170000.0,40000.0,0.0,10000.0
You Don't Know Jack,Wii,2011,200000.0,0.0,0.0,10000.0
Just Dance 2016,PS3,2015,100000.0,80000.0,0.0,40000.0
Pinball Hall of Fame: The Williams Collection,PS3,2009,200000.0,0.0,0.0,20000.0
Guitar Hero: Smash Hits,PS2,2009,110000.0,10000.0,0.0,100000.0
NFL Quarterback Club 2002,PS2,2001,110000.0,80000.0,0.0,30000.0
Kirby's Star Stacker,GB,1997,0.0,0.0,220000.0,0.0
NCAA Basketball 09,X360,2008,200000.0,0.0,0.0,20000.0
Full Auto,X360,2006,190000.0,10000.0,0.0,20000.0
Dead Island,PC,2011,120000.0,70000.0,0.0,30000.0
Growlanser: Heritage of War,PS2,2006,110000.0,80000.0,0.0,30000.0
Shin Megami Tensei x Fire Emblem,WiiU,2015,100000.0,40000.0,60000.0,10000.0
Rugby 2004,PS2,2003,110000.0,80000.0,0.0,30000.0
Disney's Magical Quest Starring Mickey and Minnie,GBA,2002,160000.0,60000.0,0.0,0.0
Spirit Camera: The Cursed Memoir,3DS,2012,120000.0,20000.0,60000.0,10000.0
NBA 06,PSP,2005,200000.0,0.0,0.0,20000.0
Naruto: Ninja Council,GBA,2003,160000.0,60000.0,0.0,0.0
Shin Megami Tensei: Persona,PSP,2009,80000.0,0.0,130000.0,10000.0
Wreckless: ThE YaKuza MisSiOns,PS2,2002,110000.0,80000.0,0.0,30000.0
Jikkyou Powerful Major League,PS2,2006,0.0,0.0,220000.0,0.0
NFL 2K3,GC,2002,170000.0,40000.0,0.0,10000.0
Darksiders II,PS4,2015,90000.0,100000.0,0.0,40000.0
Saltwater Sportfishing,PS,2001,120000.0,80000.0,0.0,10000.0
Samurai Jack: The Amulet of Time,GBA,2003,160000.0,60000.0,0.0,0.0
J-League Winning Eleven 2008: Club Championship,PS2,2008,0.0,0.0,220000.0,0.0
Jackie Chan: Stuntmaster,PS,1999,120000.0,80000.0,0.0,10000.0
Sports Car GT,PS,1999,120000.0,80000.0,0.0,10000.0
Lost Planet 3,PS3,2013,70000.0,60000.0,60000.0,30000.0
Order Up!,Wii,2008,190000.0,10000.0,0.0,20000.0
Code Name: S.T.E.A.M.,3DS,2015,140000.0,50000.0,10000.0,20000.0
SBK X: Superbike World Championship,PS3,2010,50000.0,130000.0,0.0,40000.0
NBA Live 14,PS4,2013,140000.0,50000.0,0.0,30000.0
Scooby-Doo! Mystery Mayhem,GC,2004,170000.0,40000.0,0.0,10000.0
Kanzen Chuuki Pro Yakyuu Greatest Nine,SAT,1995,0.0,0.0,220000.0,0.0
American Idol,GBA,2003,150000.0,60000.0,0.0,0.0
Summer Athletics: The Ultimate Challenge (Others sales),Wii,2008,0.0,200000.0,0.0,10000.0
Britney's Dance Beat,GBA,2002,150000.0,60000.0,0.0,0.0
Shrek SuperSlam,GC,2005,170000.0,40000.0,0.0,10000.0
Sniper: Ghost Warrior 2,X360,2013,60000.0,130000.0,0.0,20000.0
Over G Fighters,X360,2006,190000.0,10000.0,0.0,20000.0
Sailor Moon,SNES,1993,0.0,0.0,220000.0,0.0
Apache: Air Assault,PS3,2010,110000.0,70000.0,0.0,30000.0
One Piece: Pirate Warriors 3,PSV,2015,0.0,70000.0,130000.0,20000.0
Herdy Gerdy,PS2,2002,110000.0,80000.0,0.0,30000.0
Armored Core V,X360,2012,130000.0,30000.0,40000.0,10000.0
EVE Online,PC,2003,0.0,190000.0,0.0,20000.0
Digimon World Re:Digitize,PSP,2012,0.0,0.0,220000.0,0.0
Ride,PS4,2015,30000.0,130000.0,30000.0,30000.0
Lords of the Fallen,XOne,2014,100000.0,100000.0,0.0,20000.0
NBA in the Zone 2000,PS,2000,120000.0,80000.0,0.0,10000.0
Dark Summit,PS2,2001,110000.0,80000.0,0.0,30000.0
Afrika,PS3,2008,120000.0,0.0,80000.0,10000.0
Cabela's Big Game Hunter: Ultimate Challenge,PS,2001,120000.0,80000.0,0.0,10000.0
The Legend of Heroes: Trails in the Sky First Chapter,PSP,2006,100000.0,30000.0,60000.0,30000.0
Are You Smarter Than a 5th Grader? Back to School,Wii,2010,200000.0,0.0,0.0,20000.0
Steins;Gate,PSV,2013,70000.0,90000.0,0.0,50000.0
The Dukes of Hazzard: Return of the General Lee,PS2,2004,110000.0,80000.0,0.0,30000.0
Pandemonium!,PS,1996,120000.0,80000.0,0.0,10000.0
SingStar: Back to the 80s,PS3,2011,0.0,160000.0,0.0,50000.0
Namco Museum: 50th Anniversary,GC,2005,170000.0,40000.0,0.0,10000.0
Crash 'N' Burn,PS2,2004,110000.0,80000.0,0.0,30000.0
NBA,PSP,2005,200000.0,0.0,0.0,20000.0
Teenage Mutant Ninja Turtles: Smash-Up,PS2,2009,110000.0,80000.0,0.0,30000.0
Pro Yakyuu Greatest Nine '97,SAT,1997,0.0,0.0,210000.0,0.0
Transformers: Dark of the Moon,3DS,2011,160000.0,40000.0,0.0,20000.0
Final Fantasy Fables: Chocobo's Dungeon,Wii,2007,90000.0,0.0,110000.0,10000.0
Lunar: Silver Star Story Complete,SAT,1997,0.0,0.0,210000.0,0.0
Disaster Report,PS2,2002,30000.0,20000.0,150000.0,10000.0
EVE: burst error,SAT,1997,0.0,0.0,210000.0,0.0
We Sing Robbie Williams,Wii,2010,0.0,190000.0,0.0,30000.0
Backyard NFL Football '09,Wii,2008,200000.0,0.0,0.0,20000.0
Pro Evolution Soccer 2012,Wii,2011,80000.0,80000.0,30000.0,20000.0
Akiba's Trip: Undead & Undressed,PSV,2013,90000.0,20000.0,80000.0,30000.0
Speed Racer: The Videogame,PS2,2008,100000.0,80000.0,0.0,30000.0
College Hoops 2K7,X360,2006,200000.0,0.0,0.0,20000.0
The Amazing Spider-Man 2 (2014),XOne,2014,120000.0,70000.0,0.0,20000.0
Big League Sports,X360,2011,180000.0,20000.0,0.0,10000.0
Bratz: Forever Diamondz,GC,2006,170000.0,40000.0,0.0,10000.0
WCW Backstage Assault,PS,1999,120000.0,80000.0,0.0,10000.0
UFC Undisputed 2010,PSP,2010,110000.0,70000.0,0.0,40000.0
Baja: Edge of Control,PS3,2008,100000.0,80000.0,0.0,40000.0
Wild Wild Racing,PS2,2000,100000.0,80000.0,0.0,30000.0
Magician's Quest: Town of Magic,3DS,2012,0.0,0.0,210000.0,0.0
The Bard's Tale,PS2,2004,100000.0,80000.0,0.0,30000.0
NCAA March Madness 08,X360,2007,200000.0,0.0,0.0,20000.0
Momotarou Dentetsu 16,PS2,2006,0.0,0.0,210000.0,0.0
Robotech: The Macross Saga,GBA,2002,150000.0,60000.0,0.0,0.0
MTV Celebrity Deathmatch,XB,2003,160000.0,50000.0,0.0,10000.0
Gekijouban Macross F: Itsuwarino Utahime - Hybrid Pack,PS3,2010,0.0,0.0,210000.0,0.0
Conflict Zone,PS2,2002,100000.0,80000.0,0.0,30000.0
de Blob 2,PS3,2011,110000.0,70000.0,0.0,30000.0
The BIGS 2,X360,2009,190000.0,10000.0,0.0,20000.0
BloodRayne,XB,2002,160000.0,50000.0,0.0,10000.0
Hannah Montana: The Movie,X360,2009,140000.0,60000.0,0.0,20000.0
50 Cent: Blood on the Sand,X360,2009,120000.0,70000.0,0.0,20000.0
Bratz: Girlz Really Rock,Wii,2008,190000.0,0.0,0.0,20000.0
NHL 2K6,XB,2005,160000.0,50000.0,0.0,10000.0
Tenchu: Return From Darkness,XB,2004,160000.0,50000.0,0.0,10000.0
World Poker Tour,PS2,2005,100000.0,80000.0,0.0,30000.0
Prison Break: The Conspiracy,X360,2010,70000.0,120000.0,0.0,20000.0
Neo Contra,PS2,2004,100000.0,80000.0,0.0,30000.0
MVP Baseball,PSP,2005,200000.0,0.0,0.0,20000.0
GRID Autosport,PS3,2014,50000.0,110000.0,10000.0,40000.0
RealSports Baseball,2600,1981,200000.0,10000.0,0.0,0.0
Now! That's What I Call Music: Dance & Sing,Wii,2011,0.0,180000.0,0.0,40000.0
Metal Gear Solid V: The Phantom Pain,X360,2015,120000.0,80000.0,0.0,20000.0
Hasbro Family Game Night 3,X360,2010,170000.0,30000.0,0.0,10000.0
G.I. Joe: The Rise of Cobra,PS3,2009,110000.0,70000.0,0.0,30000.0
Rayman Raving Rabbids,X360,2007,180000.0,10000.0,0.0,20000.0
Viewtiful Joe 2,PS2,2004,100000.0,80000.0,0.0,30000.0
Quake III: Revolution,PS2,2001,100000.0,80000.0,0.0,30000.0
Pac-Man World 3,PS2,2005,100000.0,80000.0,0.0,30000.0
Naruto: Clash of Ninja (JP sales),GC,2003,0.0,0.0,210000.0,10000.0
NO?L: NOT DiGITAL,PS,1996,0.0,0.0,200000.0,10000.0
Transformer: Rise of the Dark Spark,PS4,2014,70000.0,100000.0,10000.0,40000.0
Dragon Ball Z Hyper Dimension,SNES,1995,0.0,0.0,210000.0,0.0
Hidden Mysteries: Titanic - Secrets of the Fateful Voyage,Wii,2009,120000.0,70000.0,0.0,20000.0
Senran Kagura 2: Deep Crimson,3DS,2014,90000.0,30000.0,80000.0,10000.0
Marvel Super Hero Squad,PSP,2009,170000.0,20000.0,0.0,20000.0
Champion Jockey: G1 Jockey & Gallop Racer,PS3,2011,60000.0,50000.0,80000.0,20000.0
HBO Boxing,PS,2000,120000.0,80000.0,0.0,10000.0
Yoga Wii,Wii,2009,150000.0,50000.0,0.0,20000.0
Darkwatch,XB,2005,160000.0,50000.0,0.0,10000.0
Cabela's Survival: Shadows of Katmai,Wii,2011,150000.0,50000.0,0.0,20000.0
Prince of Persia: Revelations,PSP,2005,180000.0,10000.0,0.0,20000.0
Bass Pro Shops: The Strike,X360,2009,200000.0,0.0,0.0,20000.0
Front Mission 5: Scars of the War,PS2,2005,0.0,0.0,210000.0,0.0
Maximo vs Army of Zin,PS2,2003,100000.0,80000.0,0.0,30000.0
The Fairly OddParents: Breakin' Da Rules,GC,2003,160000.0,40000.0,0.0,10000.0
Namco Museum Megamix,Wii,2010,200000.0,0.0,0.0,10000.0
Hot Shots Tennis: Get a Grip,PSP,2010,60000.0,0.0,130000.0,10000.0
Summoner 2,PS2,2002,100000.0,80000.0,0.0,30000.0
The Land Before Time: Big Water Adventure,PS,2002,120000.0,80000.0,0.0,10000.0
Shadow of Destiny,PS2,2001,90000.0,70000.0,30000.0,20000.0
Cabela's Deer Hunt: 2004 Season,XB,2003,160000.0,50000.0,0.0,10000.0
Disney's Planes,WiiU,2013,150000.0,40000.0,0.0,20000.0
Brunswick Pro Bowling,PSP,2007,190000.0,0.0,0.0,20000.0
World Series of Poker,PSP,2005,190000.0,0.0,0.0,20000.0
ClayFighter 63 1/3,N64,1997,170000.0,40000.0,0.0,0.0
Monopoly,N64,1999,170000.0,40000.0,0.0,0.0
WCW Nitro,N64,1998,170000.0,40000.0,0.0,0.0
Cruis'n Exotica,N64,2000,170000.0,40000.0,0.0,0.0
Gex 3: Deep Cover Gecko,N64,1999,170000.0,40000.0,0.0,0.0
WinBack: Covert Operations,N64,1999,170000.0,40000.0,0.0,0.0
Heroes of Ruin,3DS,2012,130000.0,70000.0,0.0,20000.0
WipeOut 3 The Game,X360,2012,200000.0,0.0,0.0,10000.0
Bastard!! Utsuro Naru Kamigami no Utsuwa,PS,1996,0.0,0.0,200000.0,10000.0
SBK Superbike World Championship,X360,2008,60000.0,140000.0,0.0,10000.0
The King of Fighters '96,SAT,1996,0.0,0.0,210000.0,0.0
Bionicle,GC,2003,160000.0,40000.0,0.0,10000.0
Angel Blade: Neo Tokyo Guardians,PS,1997,120000.0,80000.0,0.0,10000.0
Threads of Fate,PS,1999,120000.0,80000.0,0.0,10000.0
PoPoLoCrois Monogatari II,PS,2000,0.0,0.0,200000.0,10000.0
Famicom Mini: Ganbare Goemon! Karakuri Douchuu,GBA,2004,0.0,0.0,200000.0,10000.0
Vampire Rain,X360,2007,180000.0,0.0,10000.0,10000.0
Way of the Samurai 3,X360,2009,120000.0,50000.0,20000.0,20000.0
Deus Ex: The Conspiracy,PS2,2002,100000.0,80000.0,0.0,30000.0
Unreal II: The Awakening,XB,2004,170000.0,40000.0,0.0,10000.0
Rumble Racing,PS2,2001,100000.0,80000.0,0.0,30000.0
Spider-Man: Web of Shadows,PS2,2008,100000.0,80000.0,0.0,30000.0
Disgaea D2: A Brighter Darkness,PS3,2013,90000.0,0.0,100000.0,10000.0
Batman Begins,XB,2005,160000.0,40000.0,0.0,10000.0
Just Dance: Greatest Hits,Wii,2012,150000.0,40000.0,0.0,20000.0
J-League Winning Eleven 10 + Europa League 06-07,PS2,2006,0.0,0.0,210000.0,0.0
Shrek: Reekin' Havoc,GBA,2003,150000.0,60000.0,0.0,0.0
Tales of Phantasia: Narikiri Dungeon X,PSP,2010,0.0,0.0,210000.0,0.0
JSRF: Jet Set Radio Future,XB,2002,130000.0,40000.0,30000.0,10000.0
NHL Hitz 20-02,GC,2001,160000.0,40000.0,0.0,10000.0
The Last Airbender,Wii,2010,120000.0,70000.0,0.0,20000.0
NCAA Football 2003,GC,2002,160000.0,40000.0,0.0,10000.0
StokEd,X360,2009,180000.0,10000.0,0.0,10000.0
Rollcage,PS,1999,120000.0,80000.0,0.0,10000.0
ESPN Winter X Games: Snowboarding 2002,PS2,2000,100000.0,80000.0,0.0,30000.0
Project: Snowblind,PS2,2005,100000.0,80000.0,0.0,30000.0
Mortal Kombat: Special Forces,PS,2000,120000.0,80000.0,0.0,10000.0
LEGO The Hobbit,PSV,2014,30000.0,130000.0,0.0,50000.0
Rayman Legends,PSV,2014,30000.0,120000.0,0.0,50000.0
Shin Megami Tensei: Persona 3 (jp sales),PS2,2006,0.0,0.0,210000.0,0.0
Greg Hastings Paintball 2,X360,2010,190000.0,0.0,0.0,10000.0
Evil Dead: Regeneration,PS2,2005,100000.0,80000.0,0.0,30000.0
Dead to Rights: Retribution,X360,2010,110000.0,80000.0,0.0,20000.0
NCAA March Madness 07,X360,2007,190000.0,0.0,0.0,20000.0
NHL 2003,XB,2002,150000.0,40000.0,0.0,10000.0
Marvel Super Hero Squad: Comic Combat,PS3,2011,110000.0,70000.0,0.0,30000.0
X-Men: Children of the Atom,SAT,1995,0.0,0.0,210000.0,0.0
Tiger Woods PGA Tour,PSP,2005,190000.0,0.0,0.0,20000.0
Yarudora Series Vol. 2: Kisetsu wo Dakishimete,PS,1998,0.0,0.0,190000.0,10000.0
NHL 2K3,PS2,2002,100000.0,80000.0,0.0,30000.0
SpongeBob SquarePants: Game Boy Advance Video Volume 3,GBA,2004,150000.0,50000.0,0.0,0.0
Pro Yaky? Spirits 2010,PS3,2010,0.0,0.0,210000.0,0.0
The Naked Brothers Band: The Video Game,Wii,2008,190000.0,0.0,0.0,10000.0
Final Fight One,GBA,2001,90000.0,30000.0,80000.0,0.0
Rune Factory: Tides of Destiny,Wii,2011,140000.0,0.0,60000.0,10000.0
NCAA Football 10,PSP,2009,190000.0,0.0,0.0,20000.0
Gallop Racer 2003: A New Breed,PS2,2002,40000.0,30000.0,120000.0,10000.0
Dawn of Discovery,Wii,2009,130000.0,60000.0,0.0,20000.0
BeyBlade VForce: Super Tournament Battle,GC,2002,160000.0,40000.0,0.0,10000.0
Outlaw Golf 2,XB,2004,150000.0,40000.0,0.0,10000.0
Little Battlers eXperience: Baku Boost,3DS,2012,0.0,0.0,210000.0,0.0
Anarchy Reigns,PS3,2012,100000.0,30000.0,60000.0,20000.0
CSI: Deadly Intent,X360,2009,100000.0,80000.0,0.0,20000.0
Defiance,PC,2013,140000.0,40000.0,0.0,20000.0
J-League Pro Soccer Club o Tsukurou! 7 Euro Plus,PSP,2011,0.0,0.0,210000.0,0.0
LEGO Ninjago: Shadow of Ronin,3DS,2015,50000.0,100000.0,40000.0,10000.0
Bugs Bunny & Taz: Time Busters,PS,2000,110000.0,80000.0,0.0,10000.0
Dragon Ball Z: Sagas,GC,2005,160000.0,40000.0,0.0,10000.0
Kung Fu Rider,PS3,2010,60000.0,100000.0,10000.0,40000.0
Jikkyou Powerful Pro Yakyuu 2012,PS3,2012,0.0,0.0,210000.0,0.0
X2: Wolverine's Revenge,XB,2003,150000.0,40000.0,0.0,10000.0
Power Rangers: Wild Force,GBA,2002,150000.0,50000.0,0.0,0.0
The Wolf Among Us,PS4,2014,100000.0,70000.0,0.0,30000.0
Thrillville,PSP,2006,180000.0,0.0,0.0,20000.0
Battle of Giants: Dinosaurs Strike,Wii,2010,150000.0,40000.0,0.0,20000.0
Attack on Titan (KOEI),PS4,2016,20000.0,60000.0,110000.0,20000.0
Mary-Kate and Ashley: Girls Night Out,GBA,2002,150000.0,50000.0,0.0,0.0
Cabela's North American Adventures,Wii,2010,190000.0,0.0,0.0,10000.0
Enchanted Arms,PS3,2007,170000.0,10000.0,0.0,20000.0
Beyblade G-Revolution,GBA,2004,150000.0,50000.0,0.0,0.0
WWE All Stars,Wii,2011,110000.0,70000.0,0.0,20000.0
Trade & Battle: Card Hero,GB,2000,0.0,0.0,200000.0,0.0
World Championship Cards,PSP,2008,190000.0,0.0,0.0,20000.0
You Don't Know Jack,X360,2011,190000.0,0.0,0.0,10000.0
NBA Live 15,XOne,2014,170000.0,20000.0,0.0,20000.0
Capcom Fighting Evolution,PS2,2004,100000.0,80000.0,0.0,30000.0
Frogger 3D,3DS,2011,160000.0,30000.0,0.0,10000.0
SD Gundam GNext,SNES,1995,0.0,0.0,200000.0,0.0
Backyard NFL Football 2006,PS2,2005,100000.0,80000.0,0.0,30000.0
NASCAR Heat 2002,XB,2001,150000.0,40000.0,0.0,10000.0
Planet 51,Wii,2009,170000.0,20000.0,0.0,20000.0
DarkStar One: Broken Alliance,X360,2010,110000.0,80000.0,0.0,20000.0
My Fitness Coach 2: Exercise and Nutrition,Wii,2009,140000.0,40000.0,0.0,20000.0
Sengoku Basara 2 Heroes,PS2,2007,0.0,0.0,200000.0,0.0
Buzz! The Schools Quiz,PS2,2008,0.0,20000.0,0.0,190000.0
Two Worlds II,PC,2011,90000.0,90000.0,0.0,30000.0
Suikoden Tactics,PS2,2005,60000.0,50000.0,70000.0,20000.0
NCAA March Madness 06,XB,2005,150000.0,40000.0,0.0,10000.0
Major League Baseball 2K11,PS3,2011,150000.0,30000.0,0.0,20000.0
Mobile Suit Gundam: Crossfire,PS3,2006,60000.0,0.0,140000.0,10000.0
Phantasy Star Online,DC,2000,0.0,0.0,200000.0,0.0
Crazy Taxi 3: High Roller,XB,2002,140000.0,40000.0,20000.0,10000.0
Dark Messiah of Might and Magic Elements,X360,2008,160000.0,20000.0,10000.0,20000.0
Just Dance 2: Extra Songs,Wii,2011,0.0,170000.0,0.0,30000.0
Midnight Club 3: DUB Edition Remix,XB,2006,150000.0,40000.0,0.0,10000.0
International Superstar Soccer 2000,PS2,2000,0.0,0.0,200000.0,0.0
"Warhammer 40,000: Space Marine",PC,2011,90000.0,90000.0,0.0,30000.0
CandyLand / Chutes & Ladders / Memory,GBA,2005,150000.0,50000.0,0.0,0.0
The Bible Game,PS2,2005,100000.0,80000.0,0.0,30000.0
Drift King Shutokou Battle '94,SNES,1994,0.0,0.0,200000.0,0.0
Shining Blade,PSP,2012,0.0,0.0,200000.0,0.0
Fairy Fencer F,PS3,2013,50000.0,50000.0,90000.0,20000.0
Atelier Shallie: Alchemists of the Dusk Sea,PS3,2014,60000.0,50000.0,80000.0,20000.0
The Ultimate Red Ball Challenge,Wii,2009,0.0,190000.0,0.0,10000.0
PBR: Out of the Chute,PS2,2008,100000.0,80000.0,0.0,30000.0
The King of Fighters Collection: The Orochi Saga,PS2,2006,100000.0,80000.0,0.0,30000.0
Jikkyou Powerful Pro Yakyuu 10 Chou Ketteiban: 2003 Memorial,PS2,2003,0.0,0.0,200000.0,0.0
Arcana Heart 3,PS3,2011,40000.0,50000.0,100000.0,20000.0
Tekken 3D: Prime Edition,3DS,2012,60000.0,80000.0,50000.0,10000.0
Jillian Michaels' Fitness Adventure,X360,2011,170000.0,20000.0,0.0,10000.0
MLB 10: The Show,PSP,2010,190000.0,0.0,0.0,20000.0
State of Decay,XOne,2015,140000.0,50000.0,0.0,20000.0
Ashes Cricket 2009,X360,2009,0.0,190000.0,0.0,10000.0
Saturday Night Speedway,PS2,2004,100000.0,80000.0,0.0,30000.0
Bratz: Rock Angelz,GC,2005,160000.0,40000.0,0.0,10000.0
Langrisser III,SAT,1996,0.0,0.0,200000.0,0.0
MLB SlugFest 20-03,XB,2002,150000.0,40000.0,0.0,10000.0
Dragon Ball: Revenge of King Piccolo,Wii,2009,130000.0,30000.0,30000.0,20000.0
Spectrobes: Origins,Wii,2009,160000.0,20000.0,0.0,20000.0
Earth Defense Force: Insect Armageddon,PS3,2011,60000.0,40000.0,80000.0,20000.0
Pitfall: The Lost Expedition,PS2,2004,100000.0,80000.0,0.0,30000.0
From TV Animation One Piece: Grand Battle! 3,GC,2003,0.0,0.0,200000.0,10000.0
Assassin's Creed Syndicate,PC,2015,100000.0,80000.0,0.0,20000.0
Rocket Power: Zero Gravity Zone,GBA,2003,140000.0,50000.0,0.0,0.0
Le Mans 24 Hours,PS2,2001,90000.0,70000.0,20000.0,20000.0
XCOM 2,PC,2016,90000.0,100000.0,0.0,20000.0
International Cricket 2010,PS3,2010,0.0,150000.0,0.0,50000.0
ESPN MLB Baseball,PS2,2004,100000.0,80000.0,0.0,30000.0
Neighborhood Games,Wii,2009,170000.0,20000.0,0.0,10000.0
All Star Pro-Wrestling,PS2,2000,0.0,0.0,200000.0,0.0
Way of the Samurai 4,PS3,2011,0.0,30000.0,160000.0,10000.0
Clive Barker's Jericho,PS3,2007,170000.0,10000.0,0.0,20000.0
Harvest Moon: More Friends of Mineral Town,GBA,2003,140000.0,50000.0,0.0,0.0
Captain America: Super Soldier,PS3,2011,100000.0,70000.0,0.0,30000.0
MLB 12: The Show,PSV,2012,180000.0,0.0,0.0,20000.0
The Fairly Odd Parents: Shadow Showdown,GC,2004,160000.0,40000.0,0.0,10000.0
NHL 17,PS4,2016,130000.0,40000.0,0.0,40000.0
Mobile Suit Gundam Side Story II: Aoi o Uketsugu Mono,SAT,1996,0.0,0.0,200000.0,0.0
Kurohyou 2: Ryu ga Gotoku Ashura Hen,PSP,2012,0.0,0.0,200000.0,0.0
NBA 2K2,XB,2002,150000.0,40000.0,0.0,10000.0
X2: Wolverine's Revenge,GBA,2003,140000.0,50000.0,0.0,0.0
7th Dragon 2020,PSP,2011,0.0,0.0,200000.0,0.0
Cars,XB,2006,150000.0,40000.0,0.0,10000.0
Taiko no Tatsujin: Waku Waku Anime Matsuri,PS2,2003,0.0,0.0,200000.0,0.0
Spy Hunter,GC,2002,160000.0,40000.0,0.0,10000.0
Warriors Orochi,PSP,2008,20000.0,0.0,180000.0,0.0
Dead to Rights II,PS2,2005,100000.0,80000.0,0.0,30000.0
Super Dodge Ball Advance,GBA,2001,140000.0,50000.0,0.0,0.0
Ogre Battle Saga Episode Five: The March of the Black Queen,PS,1996,60000.0,40000.0,90000.0,10000.0
Ridge Racer 6,X360,2005,100000.0,20000.0,70000.0,10000.0
Angry Birds Star Wars,PS4,2013,100000.0,80000.0,0.0,30000.0
Front Mission Evolved,X360,2010,100000.0,70000.0,20000.0,20000.0
Body and Brain Connection,X360,2010,100000.0,80000.0,0.0,20000.0
MDK,PS,1997,110000.0,80000.0,0.0,10000.0
Monster Jam,X360,2007,180000.0,0.0,0.0,20000.0
Afro Samurai,PS3,2009,120000.0,50000.0,0.0,30000.0
Rock Band Track Pack: Classic Rock,PS2,2009,100000.0,80000.0,0.0,30000.0
Zone of the Enders HD Collection,X360,2012,140000.0,40000.0,10000.0,20000.0
Ty the Tasmanian Tiger 2: Bush Rescue,GC,2004,150000.0,40000.0,0.0,10000.0
Speed Punks,PS,1998,110000.0,80000.0,0.0,10000.0
The Legend of Heroes VII: The Trail of Blue,PSP,2011,0.0,0.0,200000.0,0.0
No More Heroes: Heroes' Paradise,PS3,2010,100000.0,40000.0,40000.0,20000.0
Saints Row IV,XOne,2015,100000.0,90000.0,0.0,20000.0
Injustice: Gods Among Us,WiiU,2013,100000.0,80000.0,0.0,20000.0
MVP Baseball 2003,XB,2003,150000.0,40000.0,0.0,10000.0
Star Wars: Battlefront,PC,2004,60000.0,120000.0,0.0,20000.0
NCAA Final Four 2004,PS2,2003,100000.0,80000.0,0.0,30000.0
"The Chronicles of Narnia: The Lion, The Witch and The Wardrobe",XB,2005,150000.0,40000.0,0.0,10000.0
Tigger's Honey Hunt,N64,2000,160000.0,40000.0,0.0,0.0
Roadsters 99,N64,1999,60000.0,130000.0,0.0,10000.0
Magical Tetris Challenge,N64,1997,130000.0,20000.0,50000.0,0.0
Twisted Edge Extreme Snowboarding,N64,1998,160000.0,40000.0,0.0,0.0
Disney's Tarzan,N64,2000,160000.0,40000.0,0.0,0.0
South Park Rally,N64,2000,160000.0,40000.0,0.0,0.0
Body Harvest,N64,1998,160000.0,40000.0,0.0,0.0
San Francisco Rush 2049,N64,2000,160000.0,40000.0,0.0,0.0
Super Robot Taisen 64,N64,1999,0.0,0.0,200000.0,0.0
Snowboard Kids,N64,1996,160000.0,40000.0,0.0,0.0
NBA 07,PSP,2006,180000.0,0.0,0.0,20000.0
IHRA Drag Racing 2004,XB,2003,150000.0,40000.0,0.0,10000.0
Shining Hearts,PSP,2010,0.0,0.0,200000.0,0.0
Code of Princess,3DS,2012,160000.0,0.0,30000.0,10000.0
The Con,PSP,2005,180000.0,0.0,0.0,20000.0
Tony Hawk's Pro Skater 5,PS4,2015,90000.0,80000.0,0.0,30000.0
Jissen Pachi-Slot Hisshouhou! Aladdin A,PS2,2002,0.0,0.0,200000.0,0.0
Namco Museum: 50th Anniversary,GBA,2005,140000.0,50000.0,0.0,0.0
Ford Racing Off Road,PS2,2008,100000.0,80000.0,0.0,30000.0
The Witch and the Hundred Knight,PS3,2013,60000.0,20000.0,100000.0,10000.0
Nobunaga no Yabou: Reppuuden,PS,1999,0.0,0.0,190000.0,10000.0
Hot Wheels: Track Attack,Wii,2010,150000.0,40000.0,0.0,10000.0
Schlag den Raab,Wii,2010,0.0,170000.0,0.0,30000.0
UFC Personal Trainer: The Ultimate Fitness System,PS3,2011,80000.0,90000.0,0.0,40000.0
Total War: Shogun 2 - Fall of the Samurai,PC,2012,70000.0,100000.0,0.0,30000.0
The BIGS 2,PS2,2009,100000.0,80000.0,0.0,30000.0
Mat Hoffman's Pro BMX 2,XB,2002,150000.0,40000.0,0.0,10000.0
Treasure Hunter G,SNES,1996,0.0,0.0,200000.0,0.0
Untold Legends: Dark Kingdom,PS3,2006,140000.0,20000.0,20000.0,20000.0
From Russia With Love,XB,2005,150000.0,40000.0,0.0,10000.0
Wing Arms,SAT,1994,0.0,0.0,200000.0,0.0
Pro Yaky? Spirits 2013,PS3,2013,0.0,0.0,200000.0,0.0
We Wish You A Merry Christmas,Wii,2009,140000.0,40000.0,0.0,20000.0
BioShock The Collection,PS4,2016,50000.0,110000.0,10000.0,30000.0
DanceDanceRevolution,PS3,2010,120000.0,50000.0,0.0,20000.0
Cabela's Big Game Hunter (2008),PS2,2007,100000.0,80000.0,0.0,30000.0
Grandia II,DC,2000,0.0,0.0,200000.0,0.0
Namco Museum Vol.4,PS,1996,20000.0,10000.0,160000.0,10000.0
UFC Personal Trainer: The Ultimate Fitness System,Wii,2011,120000.0,60000.0,0.0,20000.0
How to Train Your Dragon 2,X360,2014,50000.0,130000.0,0.0,20000.0
Shark Tale,XB,2004,150000.0,40000.0,0.0,10000.0
NFL Street 2,GC,2004,150000.0,40000.0,0.0,10000.0
Pro Yaky? Spirits 2013,PSP,2013,0.0,0.0,200000.0,0.0
Teenage Mutant Ninja Turtles 3: Mutant Nightmare,PS2,2005,100000.0,80000.0,0.0,30000.0
Soldier of Fortune: Payback,X360,2007,180000.0,10000.0,0.0,10000.0
Ridge Racer,PSV,2011,40000.0,80000.0,50000.0,30000.0
Gladius,PS2,2003,100000.0,80000.0,0.0,30000.0
Family Feud: 2012 Edition,Wii,2011,190000.0,0.0,0.0,10000.0
Dave Mirra Freestyle BMX 2,XB,2001,150000.0,40000.0,0.0,10000.0
Pro Yaky? Spirits 2012,PSP,2012,0.0,0.0,200000.0,0.0
Puzzle & Dragons X: God Chapter / Dragon Chapter,3DS,2016,0.0,0.0,200000.0,0.0
SpongeBob SquarePants: Revenge of the Flying Dutchman,GC,2002,150000.0,40000.0,0.0,10000.0
Record of Agarest War,X360,2008,180000.0,0.0,10000.0,10000.0
Baja: Edge of Control,X360,2008,120000.0,60000.0,0.0,20000.0
Sid Meier's Pirates!,PSP,2007,160000.0,10000.0,0.0,20000.0
Taiko no Tatsujin: Go! Go! Godaime,PS2,2004,0.0,0.0,200000.0,0.0
Taiko Drum Master,PS2,2004,100000.0,80000.0,0.0,30000.0
High School Musical 3: Senior Year DANCE!,X360,2008,180000.0,0.0,0.0,10000.0
Harry Potter and the Goblet of Fire,PSP,2005,170000.0,10000.0,0.0,20000.0
Bust-A-Move 2 Arcade Edition,PS,1995,110000.0,70000.0,0.0,10000.0
South Park: The Stick of Truth,PC,2014,70000.0,100000.0,0.0,20000.0
Tom Clancy's Splinter Cell: Essentials,PSP,2006,170000.0,10000.0,0.0,20000.0
Tetris Worlds (Online Edition),XB,2003,150000.0,40000.0,0.0,10000.0
Armored Core 4,PS3,2006,90000.0,0.0,90000.0,10000.0
Sleeping Dogs,XOne,2014,100000.0,90000.0,0.0,20000.0
Forgotten Realms: Demon Stone,PS2,2004,100000.0,80000.0,0.0,30000.0
Super Baseball Simulator 1.000,SNES,1991,0.0,0.0,200000.0,0.0
Barbie Horse Adventures: Riding Camp,Wii,2008,180000.0,0.0,0.0,10000.0
Resident Evil: Revelations,WiiU,2013,70000.0,80000.0,30000.0,10000.0
Go Play: Lumberjacks,Wii,2009,180000.0,0.0,0.0,10000.0
Looney Tunes: Space Race,PS2,2002,100000.0,80000.0,0.0,30000.0
Puzzle Challenge: Crosswords and More!,PSP,2006,180000.0,0.0,0.0,10000.0
NASCAR Unleashed,Wii,2011,180000.0,0.0,0.0,10000.0
Backyard Hockey,GBA,2003,140000.0,50000.0,0.0,0.0
Playboy: The Mansion,PS2,2005,100000.0,80000.0,0.0,30000.0
Jikkyou Powerful Pro Yakyuu 2010,PSP,2010,0.0,0.0,200000.0,0.0
Shiren the Wanderer,Wii,2008,80000.0,0.0,110000.0,10000.0
Ore no Shikabane o Koete Yuke,PSP,2011,0.0,0.0,200000.0,0.0
Shaman King: Spirit of Shamans,PS,2002,0.0,0.0,180000.0,10000.0
Tiger Woods PGA Tour 06,PSP,2005,180000.0,0.0,0.0,10000.0
Conan,X360,2007,160000.0,20000.0,0.0,20000.0
Ratatouille,GBA,2007,140000.0,50000.0,0.0,0.0
The Fairly Odd Parents: Enter the Cleft,GBA,2002,140000.0,50000.0,0.0,0.0
Warriors Orochi,X360,2007,170000.0,10000.0,0.0,20000.0
MC Groovz Dance Craze,GC,2004,150000.0,40000.0,0.0,10000.0
The Thing,XB,2002,150000.0,40000.0,0.0,10000.0
Tom and Jerry in House Trap,PS,2000,110000.0,70000.0,0.0,10000.0
Power Rangers: Time Force,GBA,2001,140000.0,50000.0,0.0,0.0
Jikkyou Powerful Pro Yakyuu 2011,PSP,2011,0.0,0.0,200000.0,0.0
Baldur's Gate: Dark Alliance,XB,2002,150000.0,40000.0,0.0,10000.0
Family Guy,PSP,2006,180000.0,0.0,0.0,20000.0
Prince of Persia: Warrior Within,GC,2004,150000.0,40000.0,0.0,10000.0
UFC: Tapout,XB,2002,140000.0,50000.0,0.0,10000.0
Aikatsu! Cinderella Lesson,3DS,2012,0.0,0.0,200000.0,0.0
Marvel Super Hero Squad: Comic Combat,Wii,2011,150000.0,30000.0,0.0,10000.0
Mega Man Legacy Collection,3DS,2016,130000.0,0.0,50000.0,20000.0
Predator: Concrete Jungle,PS2,2005,100000.0,70000.0,0.0,30000.0
Beyblade: Metal Fusion - Battle Fortress,Wii,2009,150000.0,0.0,30000.0,10000.0
WipeOut 3 The Game,3DS,2012,180000.0,0.0,0.0,10000.0
Big Mutha Truckers 2,PS2,2005,100000.0,70000.0,0.0,30000.0
Shutter Island,PC,2009,0.0,170000.0,0.0,30000.0
Demon Gaze,PSV,2013,60000.0,30000.0,80000.0,20000.0
Zombie Army Trilogy,PS4,2015,40000.0,120000.0,0.0,30000.0
NHL FaceOff 2001,PS2,2001,100000.0,70000.0,0.0,20000.0
Mana Khemia 2: Fall of Alchemy,PS2,2008,70000.0,50000.0,50000.0,20000.0
The Great Escape,PS2,2003,100000.0,70000.0,0.0,20000.0
Dexter's Lab Chess Challenge,GBA,2002,140000.0,50000.0,0.0,0.0
DiRT Showdown,PS3,2012,20000.0,130000.0,0.0,40000.0
Arcade Shooting Gallery,Wii,2008,180000.0,0.0,0.0,10000.0
The Rise of the Argonauts,PS3,2008,50000.0,120000.0,0.0,30000.0
Big Mutha Truckers,XB,2002,150000.0,40000.0,0.0,10000.0
ESA Foundation Compilation,PS2,2005,100000.0,70000.0,0.0,20000.0
The Hobbit,GBA,2003,140000.0,50000.0,0.0,0.0
The King of Fighters XI,PS2,2006,70000.0,60000.0,40000.0,20000.0
Ninja Gaiden 3,WiiU,2012,150000.0,30000.0,0.0,20000.0
Metro: Last Light,PC,2013,60000.0,110000.0,0.0,20000.0
Dragon Ball Z: Idainaru Dragon Ball Densetsu,PS,1996,0.0,0.0,180000.0,10000.0
Silent Hill HD Collection,X360,2012,110000.0,60000.0,10000.0,20000.0
Bound By Flame,PS4,2014,70000.0,80000.0,0.0,40000.0
Conflict: Denied Ops,X360,2008,80000.0,90000.0,0.0,20000.0
Saw II: Flesh & Blood,PS3,2010,100000.0,70000.0,0.0,30000.0
Ice Age: Dawn of the Dinosaurs,PS3,2009,130000.0,40000.0,0.0,20000.0
Sniper Elite,PS2,2005,100000.0,70000.0,0.0,20000.0
Arc Rise Fantasia,Wii,2009,130000.0,0.0,60000.0,10000.0
"Ni Hao, Kai-lan: Super Game Day",Wii,2009,180000.0,0.0,0.0,10000.0
Dynasty Warriors: Gundam 2,X360,2008,70000.0,30000.0,80000.0,10000.0
Parlor! Mini 4,SNES,1996,0.0,0.0,190000.0,0.0
Breath of Fire II,GBA,2001,140000.0,50000.0,0.0,0.0
The Spiderwick Chronicles,Wii,2008,170000.0,10000.0,0.0,10000.0
Danganronpa 2: Goodbye Despair,PSP,2012,0.0,0.0,190000.0,0.0
Aliens vs Predator,PC,2010,0.0,170000.0,0.0,20000.0
Ice Age 2: The Meltdown,GC,2006,150000.0,40000.0,0.0,10000.0
Steins;Gate,PSP,2011,0.0,0.0,190000.0,0.0
Enchanted Arms,X360,2006,160000.0,20000.0,0.0,20000.0
Dinotopia: The Timestone Pirates,GBA,2002,140000.0,50000.0,0.0,0.0
J-League Jikkyou Winning Eleven 3,PS,1997,0.0,0.0,180000.0,10000.0
The Sims 4: Get Together,PC,2015,50000.0,130000.0,0.0,10000.0
Jissen Pachi-Slot Hisshouhou,SNES,1993,0.0,0.0,190000.0,0.0
Pac-Man & Galaga Dimensions,3DS,2011,100000.0,40000.0,40000.0,10000.0
Quantum Theory,PS3,2010,50000.0,90000.0,20000.0,30000.0
Manhunt,XB,2004,140000.0,40000.0,0.0,10000.0
NCAA Final Four 2003,PS2,2002,90000.0,70000.0,0.0,20000.0
Air Conflicts: Secret Wars,PS3,2011,100000.0,60000.0,0.0,30000.0
Rio,Wii,2011,140000.0,40000.0,0.0,10000.0
Peter Jackson's King Kong: The Official Game of the Movie,PSP,2005,160000.0,10000.0,0.0,20000.0
X-Men Origins: Wolverine,PSP,2009,130000.0,30000.0,0.0,30000.0
Great Phoenix Wright: Ace Attorney - Naruhodou Ryuunosuke no Bouken,3DS,2015,0.0,0.0,190000.0,0.0
J-League Excite Stage '96,SNES,1996,0.0,0.0,190000.0,0.0
Risen,X360,2009,70000.0,110000.0,0.0,10000.0
New Love Plus,3DS,2012,0.0,0.0,190000.0,0.0
Final Fantasy XI,X360,2006,170000.0,10000.0,0.0,10000.0
Breath of Fire: Dragon Quarter,PS2,2002,90000.0,70000.0,0.0,20000.0
Jikkyou J-League Perfect Striker,N64,1996,0.0,0.0,190000.0,0.0
Dante's Inferno,PSP,2010,120000.0,30000.0,10000.0,30000.0
Shrek: Forever After,PS3,2010,160000.0,20000.0,0.0,20000.0
Rock Band Country Track Pack,PS3,2009,180000.0,0.0,0.0,10000.0
Super Robot Taisen: Scramble Commander,PS2,2003,0.0,0.0,190000.0,0.0
Re-Volt,PS,1998,110000.0,70000.0,0.0,10000.0
Conception II: Children of the Seven Stars,PSV,2013,130000.0,0.0,40000.0,20000.0
Descent,PS,1996,110000.0,70000.0,0.0,10000.0
Supreme Commander 2,PC,2010,0.0,150000.0,0.0,40000.0
DanceMasters,X360,2010,150000.0,20000.0,20000.0,10000.0
50 Cent: Blood on the Sand,PS3,2009,100000.0,60000.0,10000.0,30000.0
Disney's Magical Mirror Starring Mickey Mouse,GC,2002,150000.0,40000.0,0.0,10000.0
Need for Speed: The Run,3DS,2011,90000.0,90000.0,0.0,20000.0
Jeep Thrills,Wii,2008,180000.0,0.0,0.0,10000.0
Conflict: Denied Ops,PS3,2008,50000.0,100000.0,0.0,30000.0
FaceBreaker,X360,2008,150000.0,20000.0,0.0,20000.0
Major League Baseball 2K12,PS3,2012,180000.0,0.0,0.0,10000.0
Avatar: The Last Airbender - Into the Inferno,Wii,2008,170000.0,10000.0,0.0,10000.0
IHRA Professional Drag Racing 2005,PS2,2004,90000.0,70000.0,0.0,20000.0
Mace Griffin: Bounty Hunter,PS2,2003,90000.0,70000.0,0.0,20000.0
Legacy of Kain: Defiance,XB,2003,140000.0,40000.0,0.0,10000.0
Story of Seasons: Good Friends of the Three Villages,3DS,2016,0.0,0.0,190000.0,0.0
Chaotic: Shadow Warriors,Wii,2009,180000.0,0.0,0.0,10000.0
Majin and the Forsaken Kingdom,X360,2010,140000.0,30000.0,0.0,10000.0
Trivial Pursuit unhinged,PS2,2004,90000.0,70000.0,0.0,20000.0
Tales of the World: Narikiri Dungeon 2,GBA,2002,0.0,0.0,190000.0,0.0
Aliens versus Predator: Extinction,PS2,2003,90000.0,70000.0,0.0,20000.0
Plants vs. Zombies,PS3,2011,180000.0,0.0,0.0,10000.0
NBA Live 14,XOne,2013,160000.0,20000.0,0.0,10000.0
Silent Scope 2: Dark Silhouette,PS2,2001,90000.0,70000.0,0.0,20000.0
Dave Mirra Freestyle BMX 2,GBA,2001,140000.0,50000.0,0.0,0.0
Jikkyou Powerful Pro Yakyuu '96 Kaimakuban,SNES,1996,0.0,0.0,190000.0,0.0
NHL Hitz Pro,PS2,2003,90000.0,70000.0,0.0,20000.0
Tom Clancy's Splinter Cell: Blacklist,PC,2013,40000.0,130000.0,0.0,30000.0
Allied General,PS,1996,110000.0,70000.0,0.0,10000.0
Fire ProWrestling G,PS,1999,0.0,0.0,180000.0,10000.0
Kamen Rider: Battride War,PS3,2013,0.0,0.0,190000.0,0.0
Binary Domain,X360,2012,90000.0,70000.0,20000.0,20000.0
IL-2 Sturmovik: Birds of Prey,PSP,2009,80000.0,70000.0,0.0,40000.0
Farming Simulator 2015,XOne,2015,100000.0,70000.0,0.0,20000.0
Armored Core: For Answer,PS3,2008,60000.0,20000.0,100000.0,10000.0
uDraw Studio: Instant Artist,Wii,2011,80000.0,90000.0,0.0,20000.0
GunGriffon,SAT,1995,0.0,0.0,190000.0,0.0
SingStar Pop Vol.2,PS2,2008,90000.0,70000.0,0.0,20000.0
SNK Arcade Classics Vol. 1,PS2,2008,90000.0,70000.0,0.0,20000.0
Darkstalkers 3,PS,1998,110000.0,70000.0,0.0,10000.0
SpongeBob's Surf & Skate Roadtrip,X360,2011,150000.0,30000.0,0.0,10000.0
Frequency,PS2,2001,90000.0,70000.0,0.0,20000.0
Death Jr.,PSP,2005,170000.0,0.0,0.0,10000.0
Cars: Race-O-Rama,PS3,2009,140000.0,30000.0,0.0,20000.0
Inazuma Eleven Strikers 2012 Xtreme,Wii,2011,0.0,0.0,190000.0,0.0
The Polar Express,GBA,2004,140000.0,50000.0,0.0,0.0
2002 FIFA World Cup,XB,2002,140000.0,40000.0,0.0,10000.0
Kan Colle Kai,PSV,2016,0.0,0.0,190000.0,0.0
SpongeBob SquigglePants 3D,3DS,2011,130000.0,50000.0,0.0,20000.0
Jampack: Summer 2003 (RP-T),PS2,2003,90000.0,70000.0,0.0,20000.0
Need for Speed: Shift 2 Unleashed,PC,2011,50000.0,110000.0,0.0,30000.0
Monster 4x4: Stunt Racer,Wii,2009,180000.0,0.0,0.0,10000.0
Frogger's Adventures 2: The Lost Wand,GBA,2002,140000.0,50000.0,0.0,0.0
Sudeki,XB,2004,140000.0,40000.0,0.0,10000.0
Rango: The Video Game,PS3,2011,70000.0,90000.0,0.0,40000.0
The Amazing Spider-Man (Console Version),3DS,2012,150000.0,30000.0,0.0,10000.0
"Boku no Natsuyasumi 4: Seitouchi Shounen Tanteidan, Boku to Himitsu no Chizu",PSP,2009,0.0,0.0,190000.0,0.0
Hyperdevotion Noire: Goddess Black Heart,PSV,2014,80000.0,20000.0,60000.0,30000.0
Hexen,N64,1996,150000.0,40000.0,0.0,0.0
Mace: The Dark Age,N64,1997,150000.0,40000.0,0.0,0.0
AeroFighters Assault,N64,1997,150000.0,40000.0,0.0,0.0
Puyo Puyo Sun 64,N64,1997,0.0,0.0,160000.0,30000.0
Chou-Kuukan Night Pro Yakyuu King (weekly JP sales),N64,1996,0.0,0.0,190000.0,0.0
Quake,N64,1998,150000.0,40000.0,0.0,0.0
Sesame Street: Elmo's Number Journey,N64,1999,150000.0,40000.0,0.0,0.0
Disney Magic World 2,3DS,2015,0.0,0.0,190000.0,0.0
Squeeballs Party,Wii,2009,180000.0,0.0,0.0,10000.0
Where's Waldo? The Fantastic Journey,Wii,2009,180000.0,0.0,0.0,10000.0
Family Game Night 4: The Game Show,Wii,2011,130000.0,40000.0,0.0,10000.0
Teenage Mutant Ninja Turtles 2: Battle Nexus,GC,2004,150000.0,40000.0,0.0,10000.0
Saints Row IV,PC,2013,110000.0,60000.0,0.0,20000.0
Fighter Within,XOne,2013,110000.0,70000.0,0.0,20000.0
Barbie Horse Adventures: Riding Camp,PS2,2008,90000.0,70000.0,0.0,20000.0
SSX Tricky,GBA,2002,140000.0,50000.0,0.0,0.0
Kenka Banchou 4: Ichinen Sensou,PSP,2010,0.0,0.0,190000.0,0.0
Warhammer: Shadow of the Horned Rat,PS,1996,110000.0,70000.0,0.0,10000.0
Shadows of the Damned,X360,2011,100000.0,60000.0,10000.0,20000.0
NBA 2K11,PC,2010,180000.0,0.0,0.0,10000.0
Warriors: Legends of Troy,PS3,2011,60000.0,50000.0,70000.0,20000.0
ESPN International Track & Field,PS2,2000,90000.0,70000.0,0.0,20000.0
Lunar Legend,GBA,2002,140000.0,50000.0,0.0,0.0
Conflict: Global Terror,PS2,2005,90000.0,70000.0,0.0,20000.0
Valhalla Knights 3,PSV,2013,40000.0,10000.0,120000.0,10000.0
Tamagotchi Party On!,Wii,2006,120000.0,0.0,60000.0,10000.0
Hisshou Pachinko*Pachi-Slot Kouryaku Series Vol. 5: CR Shinseiki Evangelion * Pachi-Slot Shinseiki Evangelion,PS2,2006,0.0,0.0,190000.0,0.0
Brunswick Pro Bowling,PS3,2010,100000.0,60000.0,0.0,30000.0
Shaun White Skateboarding,PS3,2010,110000.0,50000.0,0.0,30000.0
Hulk,GC,2003,150000.0,40000.0,0.0,10000.0
The Heavy Rain and Beyond: Two Souls Collection,PS4,2016,0.0,160000.0,0.0,30000.0
Cabela's Survival: Shadows of Katmai,PS3,2011,110000.0,50000.0,0.0,30000.0
Shaun White Skateboarding,Wii,2010,140000.0,30000.0,0.0,10000.0
Boogie,PS2,2007,90000.0,70000.0,0.0,20000.0
Gungrave,PS2,2002,90000.0,70000.0,0.0,20000.0
Phantasy Star Universe,PS2,2006,0.0,0.0,190000.0,0.0
Transworld Surf,PS2,2002,90000.0,70000.0,0.0,20000.0
God Eater Resurrection,PSV,2015,0.0,0.0,190000.0,0.0
Tenchu: Fatal Shadows,PS2,2004,90000.0,70000.0,0.0,20000.0
The Legend of Spyro: A New Beginning,GC,2006,150000.0,40000.0,0.0,10000.0
International Soccer,2600,1981,180000.0,10000.0,0.0,0.0
Sing4: The Hits Edition,Wii,2011,180000.0,0.0,0.0,10000.0
Princess Maker: Yumemiru Yosei,PS,1997,0.0,0.0,180000.0,10000.0
Big Air,PS,1999,100000.0,70000.0,0.0,10000.0
Gallop Racer,PS,1999,0.0,0.0,180000.0,10000.0
Harry Potter and the Prisoner of Azkaban,XB,2004,140000.0,40000.0,0.0,10000.0
NASCAR Unleashed,3DS,2011,180000.0,0.0,0.0,10000.0
3rd Super Robot Wars Z Jigoku Hen,PSV,2014,0.0,0.0,190000.0,0.0
Dynasty Warriors Gundam,X360,2007,150000.0,10000.0,20000.0,10000.0
Taiko no Tatsujin: Wii U Version!,WiiU,2013,0.0,0.0,190000.0,0.0
Monsters vs. Aliens,PS2,2009,110000.0,0.0,0.0,80000.0
CSI: Fatal Conspiracy,PS3,2010,110000.0,50000.0,0.0,20000.0
College Slam,PS,1995,100000.0,70000.0,0.0,10000.0
Arcania: Gothic 4,PC,2010,90000.0,80000.0,0.0,20000.0
Mushroom Men: The Spore Wars,Wii,2008,170000.0,10000.0,0.0,10000.0
Zumba Fitness Rush,X360,2012,0.0,160000.0,0.0,20000.0
Pro Yaky? Spirits 4,PS2,2007,0.0,0.0,190000.0,0.0
SoulCalibur Legends,Wii,2007,160000.0,10000.0,0.0,10000.0
Rise of the Kasai,PS2,2005,90000.0,70000.0,0.0,20000.0
Thoroughbred Breeder,SNES,1993,0.0,0.0,190000.0,0.0
F1 2011,PC,2011,0.0,150000.0,0.0,40000.0
Nobunaga no Yabou: Souzou,PS3,2013,0.0,0.0,190000.0,0.0
Doctor Who: Return to Earth,Wii,2010,0.0,160000.0,0.0,20000.0
The Munchables,Wii,2009,170000.0,0.0,0.0,10000.0
We Dance,Wii,2011,0.0,170000.0,0.0,20000.0
Bolt,PS3,2008,120000.0,50000.0,0.0,20000.0
Singstar: Ultimate Party,PS4,2014,0.0,160000.0,0.0,30000.0
Mathews Bowhunting,Wii,2010,180000.0,0.0,0.0,10000.0
3rd Super Robot Wars Z: Tengoku-Hen,PSV,2015,0.0,0.0,190000.0,0.0
One Piece: Unlimited Adventure,Wii,2007,70000.0,0.0,110000.0,10000.0
Remington Super Slam Hunting: North America,Wii,2010,180000.0,0.0,0.0,10000.0
Crash & Spyro Superpack,GBA,2005,130000.0,50000.0,0.0,0.0
Earth Defense Force: Insect Armageddon,X360,2011,100000.0,50000.0,30000.0,10000.0
ThunderStrike 2,PS,1994,100000.0,70000.0,0.0,10000.0
Disney's Meet the Robinsons,Wii,2007,170000.0,0.0,0.0,10000.0
Call of Duty: World at War,PC,2008,20000.0,130000.0,0.0,30000.0
Pro Yaky? Spirits 2012,PS3,2012,0.0,0.0,190000.0,0.0
Kuma-Tomo,3DS,2013,0.0,0.0,190000.0,0.0
Super Real Mahjong P V,SAT,1995,0.0,0.0,190000.0,0.0
Thomas the Tank Engine & Friends,GBA,2004,130000.0,50000.0,0.0,0.0
Grand Slam Tennis 2,X360,2012,100000.0,70000.0,0.0,20000.0
The Scorpion King: Sword of Osiris,GBA,2002,130000.0,50000.0,0.0,0.0
Bubsy 3D,PS,1996,100000.0,70000.0,0.0,10000.0
Reel Fishing Paradise 3D,3DS,2011,120000.0,0.0,60000.0,10000.0
NCAA Final Four 2001,PS2,2000,90000.0,70000.0,0.0,20000.0
Robin Hood: Defender of the Crown,PS2,2003,90000.0,70000.0,0.0,20000.0
SD Gundam GX,SNES,1994,0.0,0.0,190000.0,0.0
R-Type Final,PS2,2003,90000.0,70000.0,0.0,20000.0
Jackie Chan Adventures: Legend of the Dark Hand,GBA,2001,130000.0,50000.0,0.0,0.0
MotoGP,Wii,2009,50000.0,110000.0,0.0,20000.0
Sega GT 2002,XB,2002,120000.0,30000.0,30000.0,10000.0
Ty the Tasmanian Tiger 3: Night of the Quinkan,PS2,2005,90000.0,70000.0,0.0,20000.0
Pro Evolution Soccer 2014,3DS,2013,0.0,0.0,190000.0,0.0
Samurai Warriors 2: Empires,PS2,2006,0.0,0.0,190000.0,0.0
Blood Omen 2,XB,2002,140000.0,40000.0,0.0,10000.0
Jurassic: The Hunted,PS3,2009,170000.0,0.0,0.0,20000.0
J-League Pro Soccer Club o Tsukurou! 5,PS2,2007,0.0,0.0,190000.0,0.0
Harry Potter: Quidditch World Cup,XB,2003,140000.0,40000.0,0.0,10000.0
Dance Central: Spotlight,XOne,2014,150000.0,30000.0,0.0,0.0
Little Battlers eXperience W,PSP,2012,0.0,0.0,190000.0,0.0
Tekken Tag Tournament 2,WiiU,2012,90000.0,70000.0,10000.0,10000.0
Hot Wheels: Battle Force 5,Wii,2009,170000.0,0.0,0.0,10000.0
Dragon Blade: Wrath of Fire,Wii,2007,170000.0,0.0,0.0,10000.0
La Pucelle: Tactics,PS2,2002,90000.0,70000.0,0.0,20000.0
Phantasy Star Nova,PSV,2014,0.0,0.0,190000.0,0.0
SBK X: Superbike World Championship,X360,2010,100000.0,70000.0,0.0,20000.0
Samurai Warriors: State of War,PSP,2005,70000.0,0.0,110000.0,10000.0
Tiger Woods PGA Tour 07,XB,2006,130000.0,50000.0,0.0,10000.0
Call of Juarez,X360,2007,140000.0,20000.0,0.0,10000.0
Star Wars: The Clone Wars & Tetris Worlds,XB,2002,140000.0,40000.0,0.0,10000.0
EverQuest Online Adventures: Frontiers,PS2,2003,90000.0,70000.0,0.0,20000.0
Cabela's Survival: Shadows of Katmai,X360,2011,140000.0,30000.0,0.0,10000.0
NBA Ballers: Chosen One,X360,2008,170000.0,0.0,0.0,10000.0
WWE All Stars,PSP,2011,120000.0,40000.0,0.0,30000.0
Treasures of the Deep,PS,1997,100000.0,70000.0,0.0,10000.0
Phantasy Star Online Ver. 2,DC,2001,0.0,0.0,190000.0,0.0
EyePet & Friends,PS3,2011,60000.0,90000.0,0.0,30000.0
The Lord of the Rings: War in the North,PC,2011,40000.0,110000.0,0.0,30000.0
Major League Baseball 2K10,PS3,2010,170000.0,0.0,0.0,10000.0
Fight Club,PS2,2004,90000.0,70000.0,0.0,20000.0
Syndicate,X360,2012,100000.0,60000.0,0.0,20000.0
Dance Dance Revolution: Disney Grooves,Wii,2009,170000.0,0.0,0.0,10000.0
Pure Futbol,X360,2010,80000.0,90000.0,0.0,20000.0
Harvest Moon: A Wonderful Life Special Edition,PS2,2004,90000.0,70000.0,0.0,20000.0
Sports Illustrated for Kids: Football,GBA,2003,130000.0,50000.0,0.0,0.0
.hack//Quarantine Part 4: The Final Chapter,PS2,2003,90000.0,70000.0,0.0,20000.0
Close Combat: First to Fight,XB,2005,140000.0,40000.0,0.0,10000.0
MotoGP 14,PS4,2014,40000.0,110000.0,0.0,40000.0
Indiana Jones and the Emperor's Tomb,XB,2003,140000.0,40000.0,0.0,10000.0
NBA Live 08,Wii,2007,170000.0,0.0,0.0,20000.0
Buffy the Vampire Slayer: Chaos Bleeds,PS2,2003,90000.0,70000.0,0.0,20000.0
Half-Minute Hero,PSP,2009,80000.0,20000.0,70000.0,20000.0
Rock Band Track Pack Volume 2,X360,2008,160000.0,10000.0,0.0,10000.0
Reel Fishing II,PS,2000,100000.0,70000.0,0.0,10000.0
Ringling Bros. and Barnum & Bailey Circus,Wii,2009,170000.0,0.0,0.0,10000.0
The Walking Dead: Season One,PSV,2013,140000.0,0.0,10000.0,30000.0
Ty the Tasmanian Tiger,XB,2002,140000.0,40000.0,0.0,10000.0
Dead or Alive,SAT,1997,0.0,0.0,180000.0,0.0
Driving Emotion Type-S,PS2,2000,40000.0,30000.0,110000.0,10000.0
Siren,PS2,2003,90000.0,70000.0,0.0,20000.0
NARC,XB,2005,140000.0,40000.0,0.0,10000.0
Naruto Shippuden: Dragon Blade Chronicles,Wii,2009,110000.0,20000.0,50000.0,10000.0
Dynasty Warriors 8: Empires,PS4,2014,60000.0,70000.0,30000.0,20000.0
Super Robot Taisen J,GBA,2005,0.0,0.0,180000.0,0.0
Evolve,PC,2015,70000.0,100000.0,0.0,10000.0
Ar tonelico 2: Melody of Metafalica,PS2,2007,40000.0,30000.0,110000.0,10000.0
de Blob 2,Wii,2011,110000.0,60000.0,0.0,20000.0
Lips: Party Classics,X360,2010,50000.0,110000.0,0.0,20000.0
Casper: Friends Around the World,PS,2000,100000.0,70000.0,0.0,10000.0
Borderlands,PC,2009,10000.0,140000.0,0.0,40000.0
Jurassic Park III: Island Attack,GBA,2001,130000.0,50000.0,0.0,0.0
Ghostbusters: The Video Game,PSP,2009,160000.0,10000.0,0.0,20000.0
GameBoy Wars,GB,1991,0.0,0.0,180000.0,0.0
Amplitude,PS2,2003,90000.0,70000.0,0.0,20000.0
Alone in the Dark,Wii,2008,90000.0,80000.0,0.0,20000.0
Company of Heroes: Anthology,PC,2009,0.0,150000.0,0.0,40000.0
Shape Up,XOne,2014,80000.0,90000.0,0.0,10000.0
Gauntlet: Seven Sorrows,XB,2005,140000.0,40000.0,0.0,10000.0
AirForce Delta Storm,XB,2001,140000.0,40000.0,0.0,10000.0
Monopoly Party,XB,2002,140000.0,40000.0,0.0,10000.0
Fear Effect 2: Retro Helix,PS,2001,100000.0,70000.0,0.0,10000.0
How to Train Your Dragon,PS3,2010,120000.0,40000.0,0.0,20000.0
Remember Me,X360,2013,100000.0,70000.0,0.0,20000.0
International Superstar Soccer 2000 (JP weekly sales),N64,1999,0.0,0.0,180000.0,0.0
Klonoa: Door to Phantomile,PS,1997,0.0,0.0,170000.0,10000.0
Vietcong: Purple Haze,PS2,2004,90000.0,70000.0,0.0,20000.0
Hitman: HD Trilogy,X360,2013,70000.0,90000.0,0.0,20000.0
Atari Anniversary Advance,GBA,2002,130000.0,50000.0,0.0,0.0
Summer Athletics: The Ultimate Challenge,PS2,2008,0.0,0.0,0.0,180000.0
Driver: San Francisco,PC,2011,50000.0,100000.0,0.0,30000.0
Metal Gear Ac!d 2,PSP,2005,110000.0,10000.0,50000.0,10000.0
Hatsune Miku and Future Stars: Project Mirai,3DS,2012,0.0,0.0,180000.0,0.0
Let's TAP,Wii,2008,90000.0,60000.0,10000.0,20000.0
X-Men Origins: Wolverine,PS2,2009,130000.0,0.0,0.0,50000.0
TalkMan (Japan),PSP,2005,0.0,0.0,180000.0,0.0
Cabela's Adventure Camp,Wii,2011,150000.0,20000.0,0.0,10000.0
LEGO Marvel's Avengers,3DS,2016,70000.0,80000.0,10000.0,10000.0
Bloody Roar: Primal Fury,GC,2002,140000.0,40000.0,0.0,0.0
We Sing UK Hits,Wii,2011,0.0,160000.0,0.0,20000.0
Mega Man Soccer,SNES,1993,40000.0,10000.0,130000.0,0.0
The Chronicles of Narnia: Prince Caspian,X360,2008,160000.0,10000.0,0.0,10000.0
Rabbids Party Collection,Wii,2010,0.0,160000.0,0.0,20000.0
Trinity Universe,PS3,2009,70000.0,60000.0,30000.0,20000.0
FIFA Soccer 07,GC,2006,140000.0,40000.0,0.0,0.0
Dungeon Travelers 2: The Royal Library & The Monster Seal,PSV,2014,70000.0,30000.0,50000.0,30000.0
Dying Light,PC,2015,110000.0,60000.0,0.0,20000.0
Vampire Savior: The Lord of Vampire,SAT,1998,0.0,0.0,180000.0,0.0
Pok?mon I Choose You / Squirtle Squad Game Boy Advance Video,GBA,2004,130000.0,50000.0,0.0,0.0
Super Robot Taisen UX,3DS,2013,0.0,0.0,180000.0,0.0
Test Drive Off-Road Wide Open,XB,2001,150000.0,30000.0,0.0,10000.0
Guilty Gear Xrd: Sign,PS3,2014,90000.0,0.0,70000.0,20000.0
Pro Yaky? Spirits 2011,PS3,2011,0.0,0.0,180000.0,0.0
Ben 10 Ultimate Alien: Cosmic Destruction,X360,2010,100000.0,60000.0,0.0,20000.0
Dengeki Bunko Fighting Climax,PSV,2014,80000.0,0.0,70000.0,30000.0
Battle Commander: Hachibushu Shura no Heihou,SNES,1991,0.0,0.0,180000.0,0.0
Odin Sphere: Leifthrasir,PS4,2016,60000.0,30000.0,70000.0,20000.0
Bad Boys: Miami Takedown,XB,2004,140000.0,40000.0,0.0,10000.0
Jampack Vol. 1,PS,1996,100000.0,70000.0,0.0,10000.0
Spider-Man: Friend or Foe,PSP,2007,160000.0,0.0,0.0,10000.0
Mega Man X: Command Mission,PS2,2004,90000.0,70000.0,0.0,20000.0
Tokyo Xtreme Racer DRIFT,PS2,2003,90000.0,70000.0,0.0,20000.0
Moon,PS,1997,0.0,0.0,170000.0,10000.0
FIFA Soccer 11,PC,2010,0.0,140000.0,0.0,40000.0
LEGO Marvel Super Heroes,PC,2013,40000.0,120000.0,0.0,20000.0
Cabela's Big Game Hunter 2005 Adventures,XB,2004,130000.0,40000.0,0.0,10000.0
Sesame Street: Elmo's Letter Adventure,N64,1999,140000.0,40000.0,0.0,0.0
Re-Volt,N64,1999,140000.0,40000.0,0.0,0.0
Gokujou Parodius,SNES,1994,0.0,0.0,180000.0,0.0
Hyperdimension Neptunia,PSV,2013,90000.0,0.0,70000.0,20000.0
Gauntlet: Dark Legacy,GC,2002,140000.0,40000.0,0.0,0.0
A.C.E.: Another Century's Episode 2,PS2,2006,0.0,0.0,180000.0,0.0
Guitar Hero Live,WiiU,2015,120000.0,40000.0,0.0,20000.0
Shadow The Hedgehog,XB,2005,130000.0,40000.0,0.0,10000.0
Ridge Racer Unbounded,PS3,2012,50000.0,100000.0,0.0,30000.0
Batman: Vengeance,GBA,2001,130000.0,50000.0,0.0,0.0
Full Auto 2: Battlelines,PS3,2006,140000.0,20000.0,0.0,20000.0
Soccer Tsuku Tokudai Gou: J-League Pro Soccer Club o Tsukurou,DC,2000,0.0,0.0,180000.0,0.0
The Adventures of Cookie & Cream,PS2,2000,90000.0,70000.0,0.0,20000.0
Van Helsing,XB,2007,130000.0,40000.0,0.0,10000.0
Aliens: Colonial Marines,PC,2013,100000.0,60000.0,0.0,20000.0
Splatterhouse,X360,2010,140000.0,30000.0,0.0,10000.0
MindJack,PS3,2011,70000.0,80000.0,0.0,30000.0
Dark Souls II,PC,2014,80000.0,80000.0,0.0,20000.0
Daigasso! Band Brothers P,3DS,2013,0.0,0.0,180000.0,0.0
Gun,GC,2005,140000.0,40000.0,0.0,0.0
World of Outlaws: Sprint Cars,X360,2010,170000.0,0.0,0.0,10000.0
Marvel Super Hero Squad: Comic Combat,X360,2011,130000.0,40000.0,0.0,10000.0
SingStar Motown,PS3,2009,0.0,160000.0,0.0,20000.0
Cabela's Legendary Adventures,Wii,2008,170000.0,0.0,0.0,10000.0
F1 Challenge,SAT,1994,0.0,0.0,180000.0,0.0
Transformers: Dark of the Moon,Wii,2011,100000.0,70000.0,0.0,20000.0
Shadow Madness,PS,1999,100000.0,70000.0,0.0,10000.0
Tom Clancy's Ghost Recon: Future Soldier,PC,2012,50000.0,100000.0,0.0,30000.0
Tiger Woods PGA Tour 2004,GBA,2003,130000.0,50000.0,0.0,0.0
Brink,PC,2011,60000.0,90000.0,0.0,30000.0
The Game of Life / Yahtzee / Payday,GBA,2005,130000.0,50000.0,0.0,0.0
American Chopper 2: Full Throttle,PS2,2005,90000.0,70000.0,0.0,20000.0
Dynasty Warriors: Gundam 3,X360,2010,110000.0,40000.0,20000.0,10000.0
FIFA 16,PC,2015,40000.0,130000.0,0.0,10000.0
Silent Hill 4: The Room,XB,2004,140000.0,40000.0,0.0,10000.0
Heavy Fire: Afghanistan,PS3,2011,170000.0,0.0,0.0,10000.0
Commandos 2: Men of Courage,PS2,2002,90000.0,70000.0,0.0,20000.0
Doom (2016),PC,2016,60000.0,100000.0,0.0,10000.0
Pro Evolution Soccer 2013,3DS,2012,50000.0,20000.0,100000.0,10000.0
Pirates: Hunt For Blackbeard's Booty,Wii,2008,80000.0,80000.0,0.0,20000.0
FIFA Soccer 2002,GC,2001,140000.0,40000.0,0.0,0.0
Godzilla (2015),PS4,2014,100000.0,30000.0,20000.0,30000.0
Race Pro,X360,2009,60000.0,90000.0,0.0,20000.0
Atari Anniversary Edition Redux,PS,2000,100000.0,70000.0,0.0,10000.0
Toukiden: The Age of Demons,PSP,2013,0.0,0.0,180000.0,0.0
Fireblade,PS2,2002,90000.0,70000.0,0.0,20000.0
Mercury Meltdown Revolution,Wii,2007,160000.0,0.0,0.0,10000.0
Disney's Tarzan Untamed,GC,2001,140000.0,40000.0,0.0,0.0
WordJong Party,Wii,2008,170000.0,0.0,0.0,10000.0
Brunswick Circuit Pro Bowling,PS,1998,100000.0,70000.0,0.0,10000.0
Cabela's Dangerous Hunts 2009,PS2,2008,90000.0,70000.0,0.0,20000.0
Velvet Assassin,X360,2009,140000.0,20000.0,10000.0,10000.0
Ball Breakers,PS,2000,100000.0,70000.0,0.0,10000.0
Mobile Suit Gundam Seed Destiny: Generation of C.E.,PS2,2005,0.0,0.0,180000.0,0.0
EyeToy: Groove,PS2,2003,90000.0,70000.0,0.0,20000.0
Disgaea 4: A Promise Unforgotten,PSV,2014,40000.0,40000.0,80000.0,20000.0
Charlie and the Chocolate Factory,GC,2005,140000.0,40000.0,0.0,0.0
Armored Core: Last Raven,PS2,2005,50000.0,40000.0,80000.0,10000.0
Tomb Raider: Underworld,PS2,2009,90000.0,40000.0,0.0,50000.0
All Grown Up! Express Yourself,GBA,2004,130000.0,50000.0,0.0,0.0
College Hoops 2K7,PS3,2007,160000.0,0.0,0.0,10000.0
K-1 World Grand Prix,PS2,2002,40000.0,30000.0,100000.0,10000.0
Kidou Senshi Gundam: Senjou no Kizuna Portable,PSP,2009,0.0,0.0,180000.0,0.0
Super Robot Taisen A Portable,PSP,2008,0.0,0.0,180000.0,0.0
Juiced,XB,2005,130000.0,40000.0,0.0,10000.0
Looney Tunes: Back in Action,GBA,2003,130000.0,50000.0,0.0,0.0
Virtua Tennis,GBA,2002,130000.0,50000.0,0.0,0.0
Biohazard: Revival Selection,PS3,2011,0.0,0.0,180000.0,0.0
Sonic Riders: Zero Gravity,PS2,2008,90000.0,70000.0,0.0,20000.0
Driver: San Francisco,Wii,2011,60000.0,90000.0,0.0,20000.0
UFC: Sudden Impact,PS2,2004,90000.0,70000.0,0.0,20000.0
Shawn Johnson Gymnastics,Wii,2010,170000.0,0.0,0.0,10000.0
NBA Hoopz,PS2,2001,90000.0,70000.0,0.0,20000.0
Captain America: Super Soldier,X360,2011,110000.0,50000.0,0.0,10000.0
ESPN X Games Skateboarding,GBA,2001,130000.0,50000.0,0.0,0.0
Brunswick Cosmic Bowling,Wii,2010,170000.0,0.0,0.0,10000.0
Star Wars: Battlefront II,PC,2005,20000.0,130000.0,0.0,30000.0
Speedball 2100,PS,2000,100000.0,70000.0,0.0,10000.0
LEGO Island 2: The Brickster's Revenge,PS,2001,100000.0,70000.0,0.0,10000.0
College Hoops 2K8,X360,2007,160000.0,0.0,0.0,10000.0
FIFA 17,X360,2016,30000.0,130000.0,0.0,10000.0
Backyard Basketball,GBA,2004,130000.0,50000.0,0.0,0.0
Madden NFL 09,XB,2008,130000.0,40000.0,0.0,10000.0
Scooby-Doo! Unmasked,GBA,2005,130000.0,50000.0,0.0,0.0
Summon Night 4,PS2,2006,0.0,0.0,180000.0,0.0
Pro Yaky? Spirits 5,PS2,2008,0.0,0.0,180000.0,0.0
NHL 2004,XB,2003,130000.0,40000.0,0.0,10000.0
Namco Museum: 50th Anniversary,XB,2005,130000.0,40000.0,0.0,10000.0
You Don't Know Jack,PS3,2011,160000.0,0.0,0.0,10000.0
Marvel Super Hero Squad: The Infinity Gauntlet,PS3,2010,120000.0,30000.0,0.0,20000.0
NFL 2K2,XB,2002,130000.0,40000.0,0.0,10000.0
Castlevania Judgment,Wii,2008,130000.0,20000.0,10000.0,10000.0
Dead or Alive Paradise,PSP,2010,70000.0,20000.0,70000.0,20000.0
The Suffering: Ties That Bind,PS2,2005,90000.0,70000.0,0.0,20000.0
Disney Sing It: Family Hits,PS3,2010,110000.0,40000.0,0.0,20000.0
Ashes Cricket 2009,PS3,2009,0.0,160000.0,0.0,20000.0
EyeToy: Kinetic,PS2,2005,90000.0,70000.0,0.0,20000.0
Army Men: Sarge's Heroes 2,PS2,2001,90000.0,70000.0,0.0,20000.0
Stormrise,PS3,2009,130000.0,20000.0,0.0,20000.0
Yu-Gi-Oh! Zexal World Duel Carnival,3DS,2013,0.0,80000.0,80000.0,10000.0
Green Lantern: Rise of the Manhunters,PS3,2011,90000.0,50000.0,0.0,30000.0
Monkey Island: Special Edition Collection,PC,2011,0.0,140000.0,0.0,40000.0
The Wild Thornberrys: Animal Adventures,PS,2000,100000.0,70000.0,0.0,10000.0
MotoGP 10/11,PS3,2011,40000.0,100000.0,0.0,40000.0
Jikkyou Powerful Pro Baseball 2016,PSV,2016,0.0,0.0,170000.0,0.0
SEGA Bass Fishing Duel,PS2,2002,90000.0,70000.0,0.0,20000.0
Hyperdimension Neptunia U: Action Unleashed,PSV,2014,70000.0,20000.0,60000.0,30000.0
Sports Illustrated for Kids: Baseball,GBA,2001,120000.0,50000.0,0.0,0.0
Fairytale Fights,PS3,2009,110000.0,40000.0,0.0,20000.0
Mark Davis Pro Bass Challenge,PS2,2002,90000.0,70000.0,0.0,20000.0
Rugrats: Royal Ransom,GC,2002,130000.0,30000.0,0.0,0.0
Warriors of Might and Magic,PS2,2001,90000.0,70000.0,0.0,20000.0
Open Season,GC,2006,130000.0,30000.0,0.0,0.0
The Chronicles of Narnia: Prince Caspian,PS3,2008,140000.0,20000.0,0.0,20000.0
Back to the Future: The Game,PS4,2015,100000.0,40000.0,0.0,30000.0
Project Spark,XOne,2014,110000.0,50000.0,0.0,20000.0
Street Fighter: The Movie,PS,1995,100000.0,70000.0,0.0,10000.0
World Championship Poker,GBA,2004,120000.0,50000.0,0.0,0.0
Global Defence Force,PS2,2005,0.0,0.0,170000.0,0.0
Rapala Fishing Frenzy 2009,PS3,2008,160000.0,0.0,0.0,10000.0
Major League Baseball 2K6,GC,2006,130000.0,30000.0,0.0,0.0
Major League Baseball 2K9,PS3,2009,160000.0,0.0,0.0,10000.0
Smash Court Tennis Pro Tournament,PS2,2002,80000.0,70000.0,0.0,20000.0
The Cursed Crusade,PS3,2011,70000.0,70000.0,10000.0,30000.0
The Grim Adventures of Billy & Mandy,GC,2006,130000.0,30000.0,0.0,0.0
NBA Inside Drive 2004,XB,2003,130000.0,40000.0,0.0,10000.0
The King of Fighters '97,PS,1998,0.0,0.0,160000.0,10000.0
Dungeon Siege III,PC,2011,80000.0,80000.0,0.0,20000.0
Cabela's Big Game Hunter: Hunting Party,X360,2011,160000.0,0.0,0.0,10000.0
Time Commando,PS,1996,100000.0,70000.0,0.0,10000.0
Iron Chef America: Supreme Cuisine,Wii,2008,160000.0,0.0,0.0,10000.0
Gretzky NHL 2005,PS2,2004,80000.0,70000.0,0.0,20000.0
FaceBreaker,PS3,2008,130000.0,30000.0,0.0,20000.0
NCAA Football 09 All-Play,Wii,2008,160000.0,0.0,0.0,10000.0
Yakuza Zero: The Place of Oath,PS4,2015,0.0,0.0,170000.0,0.0
The Hobbit,GC,2003,130000.0,30000.0,0.0,0.0
The Secret World,PC,2012,70000.0,80000.0,0.0,20000.0
NHL 2K9,X360,2008,150000.0,10000.0,0.0,10000.0
X-Men: The Official Game,X360,2006,160000.0,10000.0,0.0,10000.0
True Crime: New York City,GC,2005,130000.0,30000.0,0.0,0.0
Metal Arms: Glitch in the System,XB,2003,130000.0,40000.0,0.0,10000.0
PlayStation Move Heroes,PS3,2011,80000.0,60000.0,0.0,30000.0
The Idolm@ster: Shiny Festa - Honey Sound / Funky Note / Groovy Tune,PSP,2012,0.0,0.0,170000.0,0.0
Ice Age: Dawn of the Dinosaurs,PS2,2009,80000.0,70000.0,0.0,20000.0
ESPN Final Round Golf 2002,GBA,2001,120000.0,50000.0,0.0,0.0
MDK2 Armageddon,PS2,2001,80000.0,70000.0,0.0,20000.0
Exhibition Volume 02,XB,2003,130000.0,40000.0,0.0,10000.0
Watchmen: The End is Nigh - The Complete Experience,PS3,2009,80000.0,70000.0,0.0,20000.0
Fight Night Round 2,GC,2005,130000.0,30000.0,0.0,0.0
Disney's Atlantis: The Lost Empire,PS,2001,100000.0,70000.0,0.0,10000.0
Power Pro Kun Pocket,GB,1999,0.0,0.0,170000.0,0.0
The King of Fighters '97,SAT,1998,0.0,0.0,170000.0,0.0
Goosebumps HorrorLand,Wii,2008,160000.0,0.0,0.0,10000.0
One Piece: Unlimited World Red,PSV,2014,60000.0,40000.0,40000.0,30000.0
Space Battleship Yamato: Harukanaru Hoshi Iscandar,PS,1999,0.0,0.0,160000.0,10000.0
Sound Novel Evolution 1: Otogirisou Sosei-Hen,PS,1999,0.0,0.0,160000.0,10000.0
Psi-Ops: The Mindgate Conspiracy,XB,2004,130000.0,40000.0,0.0,10000.0
SWAT: Global Strike Team,XB,2003,130000.0,40000.0,0.0,10000.0
Despicable Me: The Game,PSP,2010,50000.0,80000.0,0.0,40000.0
MX World Tour Featuring Jamie Little,PS2,2005,80000.0,70000.0,0.0,20000.0
Goblin Commander: Unleash the Horde,PS2,2003,80000.0,70000.0,0.0,20000.0
Hello Kitty: Happy Party Pals,GBA,2005,120000.0,50000.0,0.0,0.0
Backyard NFL Football '09,PS2,2008,80000.0,70000.0,0.0,20000.0
World Destruction League: Thunder Tanks,PS2,2000,80000.0,70000.0,0.0,20000.0
Shin Megami Tensei IV: Final,3DS,2016,30000.0,0.0,140000.0,0.0
Age of Empires III: Complete Collection,PC,2009,10000.0,120000.0,0.0,30000.0
Backyard Baseball '10,PS2,2009,80000.0,70000.0,0.0,20000.0
Resident Evil Director's Cut: Dual Shock Edition,PS,1997,0.0,0.0,160000.0,10000.0
The Lord of the Rings: Aragorn's Quest,PS3,2010,100000.0,40000.0,0.0,20000.0
Top Spin 2,X360,2006,150000.0,10000.0,0.0,10000.0
N3 II: Ninety-Nine Nights,X360,2010,60000.0,70000.0,40000.0,10000.0
The King of Fighters '95,PS,1996,0.0,0.0,160000.0,10000.0
RoadKill,PS2,2003,80000.0,70000.0,0.0,20000.0
Hanjuku Eiyuu Tai 3D,PS2,2003,0.0,0.0,170000.0,0.0
.hack//G.U. Vol.3//Redemption,PS2,2007,0.0,0.0,170000.0,0.0
Chuck E. Cheese's Party Games,Wii,2010,160000.0,0.0,0.0,10000.0
Looney Tunes: Back in Action,GC,2003,130000.0,30000.0,0.0,0.0
Tak: The Great Juju Challenge,GBA,2005,120000.0,50000.0,0.0,0.0
Macross Ultimate Frontier,PSP,2009,0.0,0.0,170000.0,0.0
Cabela's Legendary Adventures,PSP,2008,160000.0,0.0,0.0,10000.0
Jillian Michaels Fitness Ultimatum 2011,Wii,2010,160000.0,0.0,0.0,10000.0
Pursuit Force: Extreme Justice,PSP,2007,70000.0,70000.0,0.0,30000.0
Hunter: The Reckoning Redeemer,XB,2003,130000.0,40000.0,0.0,10000.0
The Rise of the Argonauts,X360,2008,30000.0,120000.0,0.0,10000.0
NHL 07,PSP,2006,130000.0,20000.0,0.0,20000.0
Pro Evolution Soccer 2014,PSP,2013,0.0,30000.0,140000.0,0.0
Tokyo Xtreme Racer,DC,1999,0.0,0.0,170000.0,0.0
Fighter Maker,PS,1998,50000.0,40000.0,70000.0,10000.0
Bee Movie Game,X360,2007,160000.0,0.0,0.0,10000.0
Backyard NFL Football '10,Wii,2009,160000.0,0.0,0.0,10000.0
Professor Heinz Wolff's Gravity,Wii,2008,40000.0,120000.0,0.0,20000.0
Thief: Deadly Shadows,XB,2004,130000.0,40000.0,0.0,10000.0
Buzz! Brain of the UK,PS3,2009,0.0,150000.0,0.0,20000.0
NBA 09: The Inside,PSP,2008,160000.0,0.0,0.0,10000.0
Transformers: Prime,3DS,2012,130000.0,30000.0,0.0,10000.0
Batman Begins,GBA,2005,120000.0,50000.0,0.0,0.0
Transformer: Rise of the Dark Spark,X360,2014,90000.0,70000.0,0.0,20000.0
Glover,PS,1999,90000.0,60000.0,0.0,10000.0
Dragon Ball GT: Game Boy Advance Video Volume 1,GBA,2004,120000.0,50000.0,0.0,0.0
Luxor 3,Wii,2008,160000.0,0.0,0.0,10000.0
Bratz Kidz,Wii,2008,160000.0,0.0,0.0,10000.0
Fairytale Fights,X360,2009,140000.0,20000.0,0.0,10000.0
MotoGP 09/10,X360,2010,70000.0,90000.0,0.0,20000.0
Mahjong Fight Club,PSP,2004,0.0,0.0,170000.0,0.0
World Driver Championship,N64,1999,140000.0,30000.0,0.0,0.0
Bomberman 64: The Second Attack!,N64,1999,50000.0,10000.0,110000.0,0.0
Turok 3: Shadow of Oblivion,N64,2000,120000.0,50000.0,0.0,0.0
Spawn: Armageddon,XB,2003,130000.0,40000.0,0.0,10000.0
Codename: Kids Next Door: Game Boy Advance Video Volume 1,GBA,2004,120000.0,50000.0,0.0,0.0
Zoo Hospital,Wii,2008,140000.0,10000.0,0.0,10000.0
Pok?mon Beach Blank-out Blastoise / Go West Young Meowth Game Boy Advance Video,GBA,2004,120000.0,50000.0,0.0,0.0
Time and Eternity,PS3,2012,60000.0,30000.0,60000.0,20000.0
Major League Baseball 2K9,PS2,2009,80000.0,60000.0,0.0,20000.0
Gundam Assault Survive,PSP,2010,0.0,0.0,170000.0,0.0
Disney TH!NK Fast: The Ultimate Trivia Showdown,PS2,2008,80000.0,60000.0,0.0,20000.0
Fate/Stay Night [R?alta Nua],PS2,2007,0.0,0.0,170000.0,0.0
Disney's Home on the Range,GBA,2004,120000.0,40000.0,0.0,0.0
Sid Meier's Civilization IV,PC,2005,20000.0,120000.0,0.0,30000.0
Jikkyou Powerful Pro Yakyuu 2013,PSP,2013,0.0,0.0,170000.0,0.0
Space Griffon VF-9,PS,1995,20000.0,20000.0,120000.0,10000.0
Family Feud Decades,Wii,2010,160000.0,0.0,0.0,10000.0
NBA Live 16,PS4,2015,100000.0,40000.0,0.0,30000.0
CSI: Fatal Conspiracy,X360,2010,110000.0,40000.0,0.0,10000.0
.hack//G.U. Vol.1//Rebirth,PS2,2006,0.0,0.0,170000.0,0.0
Gyakuten Saiban 3,GBA,2004,0.0,0.0,160000.0,0.0
Gallop Racer 2001,PS2,2001,50000.0,40000.0,60000.0,10000.0
Nightmare Creatures II,PS,2000,90000.0,60000.0,0.0,10000.0
Marble Saga: Kororinpa,Wii,2009,100000.0,60000.0,0.0,20000.0
Fuzion Frenzy 2,X360,2007,140000.0,10000.0,0.0,10000.0
Catwoman,PS2,2004,80000.0,60000.0,0.0,20000.0
Monsters vs. Aliens,X360,2009,120000.0,30000.0,0.0,10000.0
Country Dance: All Stars,X360,2012,160000.0,0.0,0.0,10000.0
Garfield: Lasagna World Tour,PS2,2007,80000.0,60000.0,0.0,20000.0
Teenage Mutant Ninja Turtles: Game Boy Advance Video Volume 1,GBA,2004,120000.0,40000.0,0.0,0.0
Disney's Planes,Wii,2013,80000.0,70000.0,0.0,20000.0
Bomberman Land,Wii,2007,110000.0,20000.0,30000.0,10000.0
Bomberman B-Daman,SNES,1996,0.0,0.0,170000.0,0.0
Terminator 3: The Redemption,PS2,2004,80000.0,60000.0,0.0,20000.0
World Destruction League: Thunder Tanks,PS,2000,90000.0,60000.0,0.0,10000.0
Beat Down: Fists of Vengeance,PS2,2005,40000.0,30000.0,90000.0,10000.0
Reloaded,PS,1996,90000.0,60000.0,0.0,10000.0
MotoGP 15,PS4,2015,0.0,120000.0,30000.0,20000.0
SSX On Tour,GC,2005,130000.0,30000.0,0.0,0.0
Hot Wheels: Beat That!,X360,2007,150000.0,0.0,0.0,10000.0
G-Force,X360,2009,110000.0,50000.0,0.0,10000.0
James Bond 007: Everything or Nothing,GBA,2003,120000.0,40000.0,0.0,0.0
Naruto Shippuden: Ultimate Ninja 5,PS2,2007,0.0,0.0,170000.0,0.0
Shrek Extra Large,GC,2002,130000.0,30000.0,0.0,0.0
Final Fantasy V,PS,1998,0.0,0.0,160000.0,10000.0
World Tour Soccer 2006,PS2,2004,80000.0,60000.0,0.0,20000.0
Gunvalkyrie,XB,2002,130000.0,40000.0,0.0,10000.0
NickToons: Racing,PS,2001,90000.0,60000.0,0.0,10000.0
VR Golf '97,PS,1996,90000.0,60000.0,0.0,10000.0
Michael Jackson: The Experience 3D,3DS,2011,130000.0,30000.0,0.0,10000.0
State of Emergency,XB,2003,130000.0,40000.0,0.0,10000.0
Digimon Story: Cyber Sleuth,PSV,2015,0.0,0.0,170000.0,0.0
Off-World Interceptor Extreme,PS,1995,90000.0,60000.0,0.0,10000.0
Bakugan Battle Brawlers: Defenders of the Core,Wii,2010,150000.0,10000.0,0.0,10000.0
Disney Golf,PS2,2002,70000.0,60000.0,20000.0,20000.0
The Naked Brothers Band: The Video Game,PS2,2008,80000.0,60000.0,0.0,20000.0
Clock Tower II: The Struggle Within,PS,1998,20000.0,10000.0,120000.0,10000.0
Batman Beyond: Return of the Joker,PS,2000,90000.0,60000.0,0.0,10000.0
Surf's Up,Wii,2007,150000.0,0.0,0.0,10000.0
Jikkyou Powerful Pro Baseball 2016,PS4,2016,0.0,0.0,170000.0,0.0
Mega Man Network Transmission,GC,2003,130000.0,30000.0,0.0,0.0
I'm A Celebrity: Get Me Out of Here!,Wii,2009,0.0,160000.0,0.0,10000.0
Pursuit Force,PSP,2005,140000.0,10000.0,0.0,20000.0
Shin Megami Tensei: Devil Summoner 2 - Raidou Kuzunoha vs. King Abaddon (JP sales),PS2,2008,0.0,0.0,170000.0,0.0
Naval Assault: The Killing Tide,X360,2010,80000.0,70000.0,0.0,20000.0
Tokimeki Memorial: Private Collection,PS,1996,0.0,0.0,160000.0,10000.0
RC Revenge Pro,PS2,2000,80000.0,60000.0,0.0,20000.0
Valkyria Chronicles,PS4,2016,60000.0,40000.0,50000.0,20000.0
Hellboy: The Science of Evil,PS3,2008,130000.0,20000.0,0.0,20000.0
Backyard Wrestling: Don't Try This at Home,XB,2003,130000.0,40000.0,0.0,10000.0
Gauntlet: Dark Legacy,XB,2002,130000.0,40000.0,0.0,10000.0
Toukiden Kiwami,PS4,2015,50000.0,70000.0,20000.0,20000.0
Far East of Eden II: Manji Maru,PS2,2003,0.0,0.0,170000.0,0.0
Lost Kingdoms,GC,2002,100000.0,20000.0,40000.0,0.0
WRC 2: FIA World Rally Championship,PS3,2011,0.0,130000.0,0.0,40000.0
Blood Bowl,X360,2009,130000.0,30000.0,0.0,10000.0
Matchbox Cross Town Heroes,GBA,2002,120000.0,40000.0,0.0,0.0
Wolfenstein 3D,GBA,2002,120000.0,40000.0,0.0,0.0
Nobunaga no Yabou: Tenshoki,SNES,1996,0.0,0.0,170000.0,0.0
Super Power League,SNES,1993,0.0,0.0,170000.0,0.0
Street Fighter Alpha 2,SNES,1996,0.0,0.0,170000.0,0.0
Dragon Quest X,3DS,2014,0.0,0.0,170000.0,0.0
Payday 2,XOne,2015,80000.0,70000.0,0.0,10000.0
25 to Life,XB,2006,120000.0,40000.0,0.0,10000.0
Sumikko Gurashi: Koko ga Ochitsukundesu,3DS,2014,0.0,0.0,170000.0,0.0
NASCAR '15,X360,2015,150000.0,0.0,0.0,20000.0
Fracture,PS3,2008,110000.0,40000.0,0.0,20000.0
Sega Superstars,PS2,2004,80000.0,60000.0,0.0,20000.0
Midway Arcade Treasures,GC,2003,130000.0,30000.0,0.0,0.0
Leisure Suit Larry: Magna Cum Laude,XB,2004,120000.0,40000.0,0.0,10000.0
Mousetrap / Operation / Simon,GBA,2005,120000.0,40000.0,0.0,0.0
Klonoa,Wii,2008,110000.0,20000.0,30000.0,10000.0
NBA 09: The Inside,PS2,2008,80000.0,60000.0,0.0,20000.0
Resident Evil,SAT,1997,0.0,0.0,170000.0,0.0
Wildstar,PC,2014,80000.0,70000.0,0.0,20000.0
Dragon Ball: Fusions,3DS,2016,0.0,0.0,170000.0,0.0
Apache: Air Assault,X360,2010,120000.0,40000.0,0.0,10000.0
Jikkyou Powerful Pro Yakyuu 2014,PS3,2014,0.0,0.0,170000.0,0.0
Senran Kagura: Estival Versus,PS4,2015,70000.0,0.0,80000.0,20000.0
Itoi Shigesato no Bass Tsuri No. 1,SNES,1997,0.0,0.0,170000.0,0.0
Cubivore: Survival of the Fittest,GC,2002,10000.0,0.0,150000.0,0.0
The Sims 3: Seasons,PC,2012,0.0,130000.0,0.0,30000.0
Anarchy Reigns,X360,2012,110000.0,20000.0,20000.0,10000.0
FlatOut,XB,2004,120000.0,40000.0,0.0,10000.0
Project X Zone 2: Brave New World,3DS,2015,40000.0,40000.0,80000.0,10000.0
NCAA Basketball 09,PS3,2008,150000.0,0.0,0.0,10000.0
Bakugan Battle Brawlers: Defenders of the Core,PS3,2010,140000.0,10000.0,0.0,20000.0
Mr. Do!'s Castle,2600,1983,150000.0,10000.0,0.0,0.0
Death Trap,2600,1982,150000.0,10000.0,0.0,0.0
Armor Ambush,2600,1981,150000.0,10000.0,0.0,0.0
Parodius,SAT,1995,0.0,0.0,160000.0,0.0
Thrillville: Off the Rails,X360,2007,130000.0,20000.0,0.0,10000.0
Hyperdimension Neptunia Victory,PS3,2012,50000.0,30000.0,60000.0,20000.0
Taz Wanted,PS2,2002,80000.0,60000.0,0.0,20000.0
Mobile Suit Gundam: Extreme VS Force,PSV,2015,0.0,0.0,160000.0,0.0
Sid Meier's Pirates!,Wii,2010,130000.0,20000.0,0.0,10000.0
MLB 16: The Show,PS3,2016,130000.0,0.0,0.0,30000.0
Phantasy Star Online 2,PSV,2013,0.0,0.0,160000.0,0.0
Vehicular Combat League presents Motor Mayhem,PS2,2001,80000.0,60000.0,0.0,20000.0
PoPoLoCrois: Hajimari no Bouken,PS2,2002,0.0,0.0,160000.0,0.0
Star Wars: Super Bombad Racing,PS2,2001,80000.0,60000.0,0.0,20000.0
Hamster Heroes,Wii,2008,160000.0,0.0,0.0,0.0
Hot Wheels Velocity X,GBA,2002,120000.0,40000.0,0.0,0.0
Ar Nosurge: Ode to an Unborn Star,PS3,2014,50000.0,40000.0,60000.0,20000.0
Chaotic: Shadow Warriors,PS3,2009,150000.0,0.0,0.0,10000.0
Leisure Suit Larry: Box Office Bust,X360,2009,140000.0,10000.0,0.0,10000.0
Alien Resurrection,PS,2000,90000.0,60000.0,0.0,10000.0
World Tour Soccer 2005,PS2,2004,80000.0,60000.0,0.0,20000.0
Dungeon Siege: Throne of Agony,PSP,2006,130000.0,20000.0,0.0,20000.0
Spider-Man: Web of Shadows - Amazing Allies Edition,PSP,2008,120000.0,20000.0,0.0,20000.0
F1 2011,3DS,2011,70000.0,80000.0,0.0,20000.0
Gunslingers,Wii,2010,80000.0,60000.0,0.0,20000.0
Create,PS3,2010,110000.0,30000.0,0.0,20000.0
El Shaddai: Ascension of the Metatron,X360,2011,70000.0,50000.0,30000.0,10000.0
ESPN College Hoops,PS2,2003,80000.0,60000.0,0.0,20000.0
Thor: God of Thunder,Wii,2011,110000.0,40000.0,0.0,10000.0
F1 Championship Season 2000,PS2,2000,60000.0,50000.0,30000.0,20000.0
Guilty Gear Judgment,PSP,2006,130000.0,0.0,20000.0,10000.0
Clash of the Titans,X360,2010,80000.0,60000.0,0.0,20000.0
Robotech: Battlecry,GC,2002,130000.0,30000.0,0.0,0.0
Zapper: One Wicked Cricket!,PS2,2002,80000.0,60000.0,0.0,20000.0
Bomberman Land,PS,2000,0.0,0.0,150000.0,10000.0
Paws & Claws: Pet Resort,GBA,2006,120000.0,40000.0,0.0,0.0
Kya: Dark Lineage,PS2,2003,80000.0,60000.0,0.0,20000.0
Dynasty Warriors 8: Xtreme Legends,PS3,2013,20000.0,30000.0,110000.0,10000.0
Curious George,GBA,2006,120000.0,40000.0,0.0,0.0
Monster Jam,Wii,2007,150000.0,0.0,0.0,10000.0
Medieval Games,Wii,2009,140000.0,10000.0,0.0,10000.0
Stronghold 3,PC,2011,60000.0,100000.0,0.0,0.0
The Amazing Spider-Man (Console Version),Wii,2012,110000.0,40000.0,0.0,10000.0
Kid Adventures: Sky Captain,Wii,2010,110000.0,40000.0,0.0,10000.0
Lethal Skies II,PS2,2003,80000.0,60000.0,0.0,20000.0
Doctor Lautrec and the Forgotten Knights,3DS,2011,70000.0,50000.0,30000.0,10000.0
Godzilla Unleashed,Wii,2007,150000.0,0.0,0.0,10000.0
Kamaitachi no Yoru ? 3,PS2,2006,0.0,0.0,160000.0,0.0
Tom and Jerry: Infurnal Escape,GBA,2003,120000.0,40000.0,0.0,0.0
The Legend of Heroes VII: The Trail of Zero,PSP,2010,0.0,0.0,160000.0,0.0
Warriors Orochi 3,X360,2011,90000.0,30000.0,30000.0,10000.0
King's Field,PS,1995,90000.0,60000.0,0.0,10000.0
Hannah Montana: Rock Out the Show,PSP,2009,130000.0,10000.0,0.0,20000.0
Let's Ride: Sunshine Stables,GBA,2005,120000.0,40000.0,0.0,0.0
World Stadium 4,PS,2000,0.0,0.0,150000.0,10000.0
Midway Arcade Treasures 2,GC,2004,130000.0,30000.0,0.0,0.0
Hot Wheels World Race,GC,2003,130000.0,30000.0,0.0,0.0
Kawa no Nushi Tsuri,PS,1998,0.0,0.0,150000.0,10000.0
N2O: Nitrous Oxide,PS,1998,90000.0,60000.0,0.0,10000.0
Magic: The Gathering - Battlegrounds,XB,2003,120000.0,30000.0,0.0,10000.0
Heroes over Europe,PS3,2009,120000.0,20000.0,0.0,20000.0
Dancing With The Stars,PS2,2007,80000.0,60000.0,0.0,20000.0
Major League Baseball 2K12,Wii,2012,150000.0,0.0,0.0,10000.0
Pro Evolution Soccer 2015,X360,2014,50000.0,100000.0,0.0,10000.0
Bladestorm: Nightmare,PS4,2015,70000.0,40000.0,30000.0,20000.0
Otogirisou,SNES,1992,0.0,0.0,160000.0,0.0
SD Gundam G Generation 3D,3DS,2011,0.0,0.0,160000.0,0.0
Crash Tag Team Racing,GC,2005,120000.0,30000.0,0.0,0.0
Grease Dance,X360,2011,110000.0,30000.0,0.0,10000.0
Ready 2 Rumble Revolution,Wii,2009,150000.0,0.0,0.0,10000.0
NASCAR '14,X360,2014,150000.0,0.0,0.0,10000.0
TimeSplitters: Future Perfect,XB,2005,120000.0,30000.0,0.0,10000.0
Midway Arcade Treasures 3,PS2,2005,80000.0,60000.0,0.0,20000.0
Dr. Muto,PS2,2002,80000.0,60000.0,0.0,20000.0
Beowulf: The Game,PS3,2007,140000.0,10000.0,0.0,10000.0
SeaWorld Adventure Parks: Shamu's Deep Sea Adventure,PS2,2005,80000.0,60000.0,0.0,20000.0
Fatal Frame II: Crimson Butterfly,PS2,2003,80000.0,60000.0,0.0,20000.0
Angry Birds Trilogy,PS3,2012,120000.0,20000.0,0.0,20000.0
Dewy's Adventure,Wii,2007,140000.0,0.0,10000.0,10000.0
Shadow Man: 2econd Coming,PS2,2002,80000.0,60000.0,0.0,20000.0
Yu-Gi-Oh! 5D's Tag Force 6,PSP,2011,0.0,0.0,160000.0,0.0
NPPL: Championship Paintball 2009,PS3,2008,150000.0,0.0,0.0,10000.0
Dynasty Warriors 4,XB,2003,120000.0,30000.0,0.0,10000.0
Wakeboarding Unleashed Featuring Shaun Murray,PS2,2003,80000.0,60000.0,0.0,20000.0
The Incredibles: Rise of the Underminer,GC,2005,120000.0,30000.0,0.0,0.0
Jikkyou Powerful Pro Yakyuu 3 '97 Haru,SNES,1997,0.0,0.0,160000.0,0.0
The BIGS,PS3,2007,150000.0,0.0,0.0,10000.0
Flushed Away,GC,2006,120000.0,30000.0,0.0,0.0
Scarface: Money. Power. Respect.,PSP,2006,150000.0,0.0,0.0,10000.0
Summon Night EX-Thesis: Yoake no Tsubasa,PS2,2005,0.0,0.0,160000.0,0.0
Pro Yaky? Spirits 3,PS2,2006,0.0,0.0,160000.0,0.0
Silent Scope 3,PS2,2002,80000.0,60000.0,0.0,20000.0
World Series of Poker: Tournament of Champions 2007 Edition,X360,2006,150000.0,0.0,0.0,10000.0
NASCAR Heat 2002,GBA,2002,120000.0,40000.0,0.0,0.0
Namco Classic Fighter Collection,PS2,2008,80000.0,60000.0,0.0,20000.0
International Superstar Soccer Deluxe,SNES,1995,0.0,0.0,160000.0,0.0
TNA iMPACT!,Wii,2008,140000.0,10000.0,0.0,10000.0
Intellivision Lives!,PS2,2003,80000.0,60000.0,0.0,20000.0
Field Commander,PSP,2006,140000.0,0.0,0.0,10000.0
Robots,GC,2005,120000.0,30000.0,0.0,0.0
Little League World Series Baseball 2009,Wii,2009,150000.0,0.0,0.0,10000.0
The King of Fighters XII,PS3,2009,110000.0,10000.0,30000.0,10000.0
Murdered: Soul Suspect,XOne,2014,80000.0,70000.0,0.0,10000.0
SimEarth: The Living Planet,SNES,1991,0.0,0.0,160000.0,0.0
Major League Baseball 2K11,Wii,2011,150000.0,0.0,0.0,10000.0
Sengoku Basara: Chronicle Heroes,PSP,2011,0.0,0.0,160000.0,0.0
NBA 2K12,PC,2011,90000.0,50000.0,0.0,20000.0
The Wild Thornberrys: Chimp Chase,GBA,2001,110000.0,40000.0,0.0,0.0
Power Stakes,PS,1997,0.0,0.0,150000.0,10000.0
Fighters Destiny,N64,1998,130000.0,30000.0,0.0,0.0
Asteroids Hyper 64,N64,1999,130000.0,30000.0,0.0,0.0
The Powerpuff Girls: Chemical X-Traction,N64,2001,130000.0,30000.0,0.0,0.0
Jikkyou Powerful Pro Yakyuu Basic-han 2001,N64,2001,0.0,0.0,120000.0,40000.0
Tom and Jerry in Fists of Furry,N64,2000,130000.0,30000.0,0.0,0.0
Hydro Thunder,N64,2000,130000.0,30000.0,0.0,0.0
Space Invaders,N64,1999,130000.0,30000.0,0.0,0.0
Starcraft 64,N64,2000,130000.0,30000.0,0.0,0.0
Destruction Derby 64,N64,1999,130000.0,30000.0,0.0,0.0
Buck Bumble,N64,1998,130000.0,30000.0,0.0,0.0
California Speed,N64,1999,130000.0,30000.0,0.0,0.0
Wonder Project J2: Koruro no Mori no Josette,N64,1996,0.0,0.0,120000.0,40000.0
Culdcept SAGA,X360,2006,120000.0,0.0,30000.0,10000.0
Innocent Life: A Futuristic Harvest Moon,PSP,2006,80000.0,30000.0,30000.0,20000.0
The Crew,PC,2014,0.0,150000.0,0.0,10000.0
Macross Ace Frontier,PSP,2008,0.0,0.0,160000.0,0.0
Black & Bruised,PS2,2003,80000.0,60000.0,0.0,20000.0
Sherlock Holmes vs. Jack the Ripper,X360,2009,110000.0,40000.0,0.0,10000.0
.hack//G.U. Vol.2//Reminisce (jp sales),PS2,2006,0.0,0.0,160000.0,0.0
Rapala Pro Fishing,XB,2004,120000.0,30000.0,0.0,10000.0
TimeShift,PS3,2007,140000.0,10000.0,0.0,10000.0
Blitz: The League,X360,2006,150000.0,0.0,0.0,10000.0
MotionSports: Adrenaline,PS3,2011,80000.0,60000.0,0.0,30000.0
Farming Simulator 2013,PS3,2013,0.0,100000.0,20000.0,40000.0
Rudolph the Red-Nosed Reindeer,Wii,2010,150000.0,0.0,0.0,10000.0
Shinobido 2: Tales of the Ninja,PSV,2011,60000.0,50000.0,20000.0,30000.0
Ghost in the Shell: Stand Alone Complex,PS2,2004,80000.0,60000.0,0.0,20000.0
Bulletstorm,PC,2011,70000.0,70000.0,0.0,20000.0
Battle Soccer: Field no Hasha,SNES,1992,0.0,0.0,160000.0,0.0
Shaun White Skateboarding,X360,2010,100000.0,50000.0,0.0,10000.0
MLB 11: The Show,PSP,2011,150000.0,0.0,0.0,10000.0
Amped 3,X360,2005,130000.0,20000.0,0.0,10000.0
Family Party: 30 Great Games Outdoor Fun,Wii,2009,140000.0,10000.0,0.0,10000.0
FlatOut 2,PS2,2006,80000.0,60000.0,0.0,20000.0
Naruto: Ultimate Ninja Heroes 2 - The Phantom Fortress,PSP,2006,140000.0,0.0,0.0,10000.0
FIFA Soccer 96,PS,1995,90000.0,60000.0,0.0,10000.0
Dynasty Warriors 8,X360,2013,90000.0,50000.0,0.0,10000.0
NCAA Final Four 2001,PS,2000,90000.0,60000.0,0.0,10000.0
Tak and the Guardians of Gross,Wii,2008,150000.0,0.0,0.0,10000.0
Just Dance: Disney Party,X360,2012,130000.0,20000.0,0.0,10000.0
Dengeki Bunko Fighting Climax,PS3,2014,50000.0,0.0,90000.0,10000.0
J-League Jikkyou Winning Eleven 2000,PS,2000,0.0,0.0,150000.0,10000.0
Eve: The Lost One,SAT,1998,0.0,0.0,160000.0,0.0
Yu-Gi-Oh! 5D's: Duel Transer,Wii,2010,110000.0,20000.0,20000.0,10000.0
LEGO Legends of Chima: Laval's Journey,PSV,2013,20000.0,90000.0,0.0,40000.0
Konami Krazy Racers,GBA,2001,90000.0,30000.0,40000.0,0.0
Saturday Night Slam Masters,SNES,1994,0.0,0.0,160000.0,0.0
Blitz: The League II,PS3,2008,110000.0,30000.0,0.0,20000.0
F-Zero: GP Legend,GBA,2003,110000.0,40000.0,0.0,0.0
Racing Lagoon,PS,1999,0.0,0.0,150000.0,10000.0
Mr. Driller 2,GBA,2001,0.0,0.0,150000.0,0.0
Darksiders II,WiiU,2012,70000.0,70000.0,0.0,10000.0
Dragon's Lair Trilogy,Wii,2010,150000.0,0.0,0.0,10000.0
Trivial Pursuit: Bet You Know It,Wii,2011,100000.0,40000.0,0.0,10000.0
J-League Pro Soccer Club o Tsukurou! 6: Pride of J,PSP,2009,0.0,0.0,160000.0,0.0
Nicktoons: MLB,Wii,2011,150000.0,0.0,0.0,10000.0
Sniper: Ghost Warrior,PC,2010,0.0,130000.0,0.0,30000.0
Rio,PS3,2011,40000.0,90000.0,0.0,30000.0
Power Rangers Double Pack,GBA,2005,110000.0,40000.0,0.0,0.0
Mugen Souls,PS3,2012,40000.0,30000.0,80000.0,10000.0
Yakuza Kiwami,PS4,2016,0.0,0.0,160000.0,0.0
Pachi-Slot Kanzen Kouryaku 3: Universal Koushiki Gaido Volume 3,PS,1998,0.0,0.0,150000.0,10000.0
"BCFX: The Black College Football Xperience, The Doug Williams Edition",X360,2009,150000.0,0.0,0.0,10000.0
FIFA Soccer 97,PS,1996,90000.0,60000.0,0.0,10000.0
Saw II: Flesh & Blood,X360,2010,100000.0,40000.0,0.0,10000.0
Psychic Force,PS,1996,10000.0,10000.0,130000.0,10000.0
Trigger Man,PS2,2004,80000.0,60000.0,0.0,20000.0
Michael Jackson: The Experience,PSP,2010,110000.0,30000.0,0.0,20000.0
The Godfather: Blackhand Edition,Wii,2007,140000.0,0.0,0.0,10000.0
StarBlade ?,PS,1995,0.0,0.0,150000.0,10000.0
Kidou Senshi Gundam: Giren no Yabou - Axis no Kyoui,PSP,2008,0.0,0.0,160000.0,0.0
Tiger Woods PGA Tour 2004,GC,2003,120000.0,30000.0,0.0,0.0
Angry Birds Star Wars,XOne,2013,110000.0,40000.0,0.0,10000.0
Backyard Sports: Sandlot Sluggers,Wii,2010,150000.0,0.0,0.0,10000.0
Guilty Gear Xrd: Sign,PS4,2014,100000.0,0.0,40000.0,20000.0
Arcade Zone,Wii,2009,140000.0,0.0,0.0,10000.0
7th Dragon III Code: VFD,3DS,2015,30000.0,0.0,120000.0,0.0
DiRT 3,PC,2011,0.0,130000.0,0.0,30000.0
Culdcept,3DS,2012,0.0,0.0,160000.0,0.0
Birds of Steel,X360,2012,110000.0,40000.0,0.0,10000.0
WWE '13,Wii,2012,120000.0,20000.0,0.0,10000.0
MX 2002 Featuring Ricky Carmichael,GBA,2001,110000.0,40000.0,0.0,0.0
Halo Triple Pack,XB,2005,120000.0,30000.0,0.0,10000.0
Street Racer,PS,1996,90000.0,60000.0,0.0,10000.0
NBA 2K3,GC,2002,120000.0,30000.0,0.0,0.0
Arcana Heart,PS2,2007,60000.0,50000.0,40000.0,20000.0
NHL 2005,XB,2004,120000.0,30000.0,0.0,10000.0
World Soccer Winning Eleven 2010: Aoki Samurai no Chousen,PSP,2010,0.0,0.0,160000.0,0.0
Infected,PSP,2005,140000.0,0.0,0.0,10000.0
Battlestar Galactica,PS2,2003,80000.0,60000.0,0.0,20000.0
The Walking Dead: Season One,XOne,2014,80000.0,60000.0,0.0,10000.0
Kingdom Hearts: Birth by Sleep - Final Mix,PSP,2011,0.0,0.0,160000.0,0.0
Bust-A-Move Bash!,Wii,2007,130000.0,10000.0,0.0,10000.0
Block Party,Wii,2008,140000.0,0.0,0.0,10000.0
Toriko: Gourmet Monsters!,3DS,2012,0.0,0.0,160000.0,0.0
The Incredible Hulk: The Pantheon Saga,PS,1996,90000.0,60000.0,0.0,10000.0
Darksiders II,PC,2012,30000.0,100000.0,0.0,30000.0
Megamind: Ultimate Showdown,PS3,2010,70000.0,60000.0,0.0,20000.0
The Idolm@ster 2,PS3,2011,0.0,0.0,160000.0,0.0
AC/DC LIVE: Rock Band Track Pack,PS2,2008,80000.0,60000.0,0.0,20000.0
Senran Kagura: Sh?jo-tachi no Shinei,3DS,2011,0.0,0.0,160000.0,0.0
Fist of the North Star: Ken's Rage,X360,2010,70000.0,20000.0,60000.0,10000.0
He-Man: Power of Grayskull,GBA,2002,110000.0,40000.0,0.0,0.0
Putty Squad,PS4,2013,60000.0,70000.0,0.0,20000.0
Polaris SnoCross,PS,2000,90000.0,60000.0,0.0,10000.0
Wing Commander III: Heart of the Tiger,PS,1996,90000.0,60000.0,0.0,10000.0
Top Spin 4,Wii,2011,50000.0,90000.0,0.0,20000.0
Mat Hoffman's Pro BMX 2,GBA,2002,110000.0,40000.0,0.0,0.0
Muppet RaceMania,PS,1999,90000.0,60000.0,0.0,10000.0
Namco Museum Vol.5,PS,1996,20000.0,10000.0,120000.0,10000.0
Courier Crisis,PS,1997,90000.0,60000.0,0.0,10000.0
The Oregon Trail,Wii,2011,150000.0,0.0,0.0,10000.0
Digimon Battle Spirit 2,GBA,2003,110000.0,40000.0,0.0,0.0
Winning Post 3,PS,1998,0.0,0.0,140000.0,10000.0
FIFA 06: Road to FIFA World Cup,X360,2005,110000.0,20000.0,10000.0,10000.0
Driven,PS2,2001,80000.0,60000.0,0.0,20000.0
F.E.A.R. 3,PC,2011,40000.0,80000.0,0.0,30000.0
de Blob 2,X360,2011,100000.0,40000.0,0.0,10000.0
"Warhammer 40,000: Fire Warrior",PS2,2003,80000.0,60000.0,0.0,20000.0
James Noir's Hollywood Crimes,3DS,2011,70000.0,70000.0,0.0,20000.0
Deadly Premonition,PS3,2010,80000.0,50000.0,0.0,20000.0
Bomberman,PSP,2006,140000.0,0.0,0.0,10000.0
MTV Music Generator 2,PS2,2001,80000.0,60000.0,0.0,20000.0
Chaotic: Shadow Warriors,X360,2009,140000.0,0.0,0.0,10000.0
Burnout 2: Point of Impact,GC,2003,120000.0,30000.0,0.0,0.0
Paris-Dakar Rally,PS2,2001,80000.0,60000.0,0.0,20000.0
All-Pro Football 2K8,PS3,2007,140000.0,0.0,0.0,10000.0
Atelier Iris: Eternal Mana,PS2,2004,80000.0,60000.0,0.0,20000.0
Blinx 2: Masters of Time & Space,XB,2004,120000.0,30000.0,0.0,10000.0
Stormrise,X360,2009,110000.0,30000.0,0.0,10000.0
NHL 2K10,PS3,2009,130000.0,10000.0,0.0,10000.0
FIFA Street 2,PSP,2006,70000.0,60000.0,0.0,30000.0
Tak: The Great Juju Challenge,GC,2005,120000.0,30000.0,0.0,0.0
Deponia,PC,2012,0.0,130000.0,0.0,30000.0
Harvest Moon: The Lost Valley,3DS,2014,120000.0,20000.0,0.0,10000.0
Knockout Kings 2003,GC,2002,120000.0,30000.0,0.0,0.0
NCAA Football 2004,GC,2003,120000.0,30000.0,0.0,0.0
XGIII: Extreme G Racing,GC,2001,120000.0,30000.0,0.0,0.0
NHL 17,XOne,2016,130000.0,10000.0,0.0,20000.0
Metal Gear Solid V: Ground Zeroes,X360,2014,70000.0,60000.0,10000.0,10000.0
Digimon World 4,PS2,2005,80000.0,60000.0,0.0,20000.0
Cars: Race-O-Rama,X360,2009,140000.0,10000.0,0.0,10000.0
Disney's Story Studio: Disney's Mulan,PS,1999,90000.0,60000.0,0.0,10000.0
Klax,2600,1989,140000.0,10000.0,0.0,0.0
Pressure Cooker,2600,1982,140000.0,10000.0,0.0,0.0
Saturn Bomberman,SAT,1996,0.0,0.0,150000.0,0.0
Jikkyou Powerful Pro Yakyuu Portable,PSP,2006,0.0,0.0,150000.0,0.0
The Adventures of Tintin: The Game,3DS,2011,50000.0,90000.0,0.0,20000.0
American Chopper,XB,2004,110000.0,30000.0,0.0,10000.0
Murdered: Soul Suspect,PS3,2014,50000.0,60000.0,20000.0,20000.0
Kingdom Under Fire: Heroes,XB,2005,110000.0,30000.0,0.0,10000.0
Wolfenstein: The Old Blood,XOne,2015,70000.0,70000.0,0.0,10000.0
The Terminator: Dawn of Fate,XB,2002,110000.0,30000.0,0.0,10000.0
Cartoon Network Collection: Game Boy Advance Video Special Edition,GBA,2005,110000.0,40000.0,0.0,0.0
Naruto Shippuden: Legends: Akatsuki Rising,PSP,2009,140000.0,0.0,0.0,10000.0
Scooby-Doo! Unmasked,GC,2005,120000.0,30000.0,0.0,0.0
Streak: Hoverboard Racing,PS,1998,90000.0,60000.0,0.0,10000.0
Samurai Warriors: Katana,Wii,2007,110000.0,0.0,40000.0,10000.0
Project Sylpheed: Arc of Deception,X360,2006,120000.0,10000.0,20000.0,10000.0
Enthusia Professional Racing,PS2,2005,70000.0,60000.0,0.0,20000.0
NCAA GameBreaker 2001,PS2,2000,70000.0,60000.0,0.0,20000.0
Get On Da Mic,PS2,2004,70000.0,60000.0,0.0,20000.0
Jurassic: The Hunted,Wii,2009,140000.0,0.0,0.0,10000.0
Army Men: Sarge's War,GC,2004,120000.0,30000.0,0.0,0.0
Horse Life Adventures,Wii,2008,130000.0,10000.0,0.0,10000.0
Amagami,PSP,2011,0.0,0.0,150000.0,0.0
Jikkyou Powerful Pro Yakyuu 2009,PS2,2009,0.0,0.0,150000.0,0.0
Blazing Angels 2: Secret Missions of WWII,PS3,2007,100000.0,30000.0,0.0,20000.0
Marvel Super Hero Squad: The Infinity Gauntlet,X360,2010,120000.0,20000.0,0.0,10000.0
Kidou Senkan Nadesico,SAT,1997,0.0,0.0,150000.0,0.0
Tears to Tiara II: Heir of the Overlord,PS3,2013,70000.0,20000.0,60000.0,10000.0
Frogger's Adventures: The Rescue,GC,2003,120000.0,30000.0,0.0,0.0
Darksiders,PC,2010,70000.0,60000.0,0.0,20000.0
The Secret Saturdays: Beasts of the 5th Sun,PS2,2009,50000.0,20000.0,0.0,80000.0
Active Life Explorer,Wii,2010,140000.0,0.0,0.0,10000.0
MLB Power Pros 2008,PS2,2008,50000.0,40000.0,50000.0,10000.0
The Fairly Odd Parents: Clash with the Anti-World,GBA,2005,110000.0,40000.0,0.0,0.0
Theatrhythm Dragon Quest,3DS,2015,0.0,0.0,150000.0,0.0
Naruto: Powerful Shippuden,3DS,2012,80000.0,20000.0,40000.0,10000.0
Disney's The Lion King: Simba's Mighty Adventure,PS,2000,80000.0,60000.0,0.0,10000.0
Family Party: Fitness Fun,Wii,2010,140000.0,0.0,0.0,10000.0
Thor: God of Thunder,PS3,2011,70000.0,60000.0,0.0,20000.0
Fantastic Four: Rise of the Silver Surfer,PS3,2007,120000.0,20000.0,0.0,20000.0
Metal Slug Anthology,Wii,2006,120000.0,10000.0,0.0,10000.0
Jikkyou Powerful Pro Yakyuu 2012,PSP,2012,0.0,0.0,150000.0,0.0
All Japan Pro Wrestling featuring Virtua,SAT,1997,0.0,0.0,150000.0,0.0
Rudra no Hihou,SNES,1996,0.0,0.0,150000.0,0.0
Gundam Breaker 2,PSV,2014,0.0,0.0,150000.0,0.0
Prince of Persia: The Sands of Time,GBA,2003,110000.0,40000.0,0.0,0.0
Cake Mania: In The Mix!,Wii,2008,140000.0,0.0,0.0,10000.0
Zoids: Battle Legends,GC,2003,120000.0,30000.0,0.0,0.0
World Series Baseball 2K3,XB,2003,110000.0,30000.0,0.0,10000.0
Serious Sam,XB,2002,110000.0,30000.0,0.0,10000.0
Kowloon's Gate,PS,1997,0.0,0.0,140000.0,10000.0
Killer7,GC,2005,120000.0,30000.0,0.0,0.0
Kingdom of Paradise,PSP,2005,140000.0,0.0,0.0,10000.0
NBA Street Homecourt,PS3,2007,120000.0,20000.0,0.0,20000.0
The Sims Medieval: Pirates and Nobles,PC,2011,50000.0,80000.0,0.0,20000.0
The Cursed Crusade,X360,2011,80000.0,50000.0,0.0,10000.0
Super Monkey Ball Adventure,GC,2006,120000.0,30000.0,0.0,0.0
FIFA Soccer 2002,PS,2001,80000.0,60000.0,0.0,10000.0
Street Fighter Anniversary Collection,XB,2004,110000.0,30000.0,0.0,10000.0
Final Fantasy XI: Vana'diel Collection 2008,X360,2007,130000.0,0.0,10000.0,10000.0
Suzumiya Haruhi no Yakusoku,PSP,2007,0.0,0.0,150000.0,0.0
Shadow Ops: Red Mercury,XB,2004,110000.0,30000.0,0.0,10000.0
Indigo Prophecy,PS2,2005,70000.0,60000.0,0.0,20000.0
Mind Zero,PSV,2013,80000.0,0.0,40000.0,20000.0
World League Soccer,SNES,1991,0.0,0.0,150000.0,0.0
NBA ShootOut 2001,PS2,2001,70000.0,60000.0,0.0,20000.0
Earth Defense Force 2025,X360,2013,60000.0,40000.0,50000.0,10000.0
Spider-Man: Friend or Foe,Wii,2007,130000.0,10000.0,0.0,10000.0
Ultimate Board Game Collection,Wii,2007,140000.0,0.0,0.0,10000.0
Syndicate,PS3,2012,70000.0,60000.0,0.0,20000.0
Samurai Shodown Anthology,PS2,2008,70000.0,60000.0,0.0,20000.0
NBA 09: The Inside,PS3,2008,140000.0,0.0,0.0,10000.0
Musashi: Samurai Legend,PS2,2005,70000.0,60000.0,0.0,20000.0
Saint Seiya: Soldiers' Soul,PS4,2015,0.0,90000.0,40000.0,20000.0
Terraria,PC,2011,0.0,130000.0,0.0,20000.0
Castlevania: Lords of Shadow - Mirror of Fate,3DS,2013,40000.0,70000.0,30000.0,10000.0
3rd Super Robot Wars Z: Tengoku-Hen,PS3,2015,0.0,0.0,150000.0,0.0
Fantasia: Music Evolved,XOne,2014,110000.0,30000.0,0.0,10000.0
Pok?mon: Johto Photo Finish: Game Boy Advance Video,GBA,2004,110000.0,40000.0,0.0,0.0
F1 2001,PS2,2001,70000.0,60000.0,0.0,20000.0
The Legend of Heroes: Trails of Cold Steel II,PSV,2014,20000.0,0.0,130000.0,10000.0
Top Gun: Combat Zones,GC,2002,120000.0,30000.0,0.0,0.0
J-League Victory Goal,SAT,1995,0.0,0.0,150000.0,0.0
Bakugan Battle Brawlers: Defenders of the Core,PSP,2010,90000.0,40000.0,0.0,30000.0
Oreshika: Tainted Bloodlines,PSV,2014,0.0,0.0,150000.0,0.0
White Knight Chronicles: Origins,PSP,2011,0.0,40000.0,90000.0,20000.0
Return to PopoloCrois: A Story of Seasons Fairytale,3DS,2015,40000.0,0.0,100000.0,10000.0
Spongebob Squarepants / Fairly Odd Parents Double Pack,GBA,2005,110000.0,40000.0,0.0,0.0
History Civil War: Secret Missions,PS2,2008,70000.0,60000.0,0.0,20000.0
NHL 09,PS2,2008,70000.0,60000.0,0.0,20000.0
Mirror's Edge Catalyst,XOne,2016,80000.0,50000.0,0.0,20000.0
Derby Stallion 64,N64,2001,0.0,0.0,150000.0,0.0
Doraemon 3: Nobi Dai no Machi SOS!,N64,2000,0.0,0.0,90000.0,60000.0
Space Station Silicon Valley,N64,1997,120000.0,30000.0,0.0,0.0
Dark Rift,N64,1997,120000.0,30000.0,0.0,0.0
Tokyo Xanadu,PSV,2015,0.0,0.0,150000.0,0.0
All-Star Baseball 2003,GC,2002,120000.0,30000.0,0.0,0.0
Burger Island,Wii,2009,140000.0,0.0,0.0,10000.0
T'ai Fu: Wrath of the Tiger,PS,1998,80000.0,60000.0,0.0,10000.0
Rocky,XB,2002,110000.0,30000.0,0.0,10000.0
Ford Racing 2,XB,2003,110000.0,30000.0,0.0,10000.0
Odin Sphere: Leifthrasir,PSV,2016,20000.0,30000.0,80000.0,20000.0
Sam & Max: Season One,Wii,2008,130000.0,10000.0,0.0,10000.0
Virtua Tennis 4,Wii,2011,50000.0,80000.0,0.0,20000.0
Tetris Attack,SNES,1995,0.0,0.0,150000.0,0.0
Candace Kane's Candy Factory,Wii,2008,140000.0,0.0,0.0,10000.0
BloodRayne 2,XB,2004,110000.0,30000.0,0.0,10000.0
Hot Wheels: Beat That!,Wii,2007,130000.0,0.0,0.0,10000.0
Soldier of Fortune: Payback,PS3,2007,120000.0,20000.0,0.0,10000.0
Jaws Unleashed,XB,2006,110000.0,30000.0,0.0,10000.0
Pro Yaky? Spirits 6,PS3,2009,0.0,0.0,150000.0,0.0
Star Trek: Voyager Elite Force,PS2,2001,70000.0,60000.0,0.0,20000.0
X-Men: The Official Game,GC,2006,120000.0,30000.0,0.0,0.0
Scarface: The World is Yours,Wii,2007,120000.0,10000.0,0.0,10000.0
Rock Band: Metal Track Pack,X360,2009,140000.0,0.0,0.0,10000.0
Chessmaster II,PS,1998,80000.0,60000.0,0.0,10000.0
All-Star Baseball 2003,GBA,2002,110000.0,40000.0,0.0,0.0
Scooby-Doo! Mystery Mayhem,XB,2004,110000.0,30000.0,0.0,10000.0
Winning Post 4,PS,1999,0.0,0.0,140000.0,10000.0
Major League Baseball 2K13,PS3,2013,140000.0,0.0,0.0,10000.0
DreamWorks Super Star Kartz,Wii,2011,100000.0,40000.0,0.0,10000.0
Pro Baseball Spirits 2015,PS3,2015,0.0,0.0,150000.0,0.0
187: Ride or Die,PS2,2005,70000.0,60000.0,0.0,20000.0
Curious George,GC,2006,110000.0,30000.0,0.0,0.0
Strawberry Shortcake: Game Boy Advance Video Volume 1,GBA,2004,110000.0,40000.0,0.0,0.0
Armored Core: For Answer,X360,2008,60000.0,10000.0,70000.0,10000.0
Geist,GC,2005,110000.0,30000.0,0.0,0.0
Cardinal Syn,PS,1998,80000.0,60000.0,0.0,10000.0
Charm Girls Club: Pajama Party,Wii,2009,140000.0,0.0,0.0,10000.0
Street Fighter Alpha 3,GBA,2002,110000.0,40000.0,0.0,0.0
Mobile Suit Gundam Side Story III: Sabakareshi Mono,SAT,1997,0.0,0.0,150000.0,0.0
Warriors Orochi 3,PS4,2014,40000.0,50000.0,40000.0,20000.0
Nancy Drew: The White Wolf of Icicle Creek,Wii,2008,140000.0,0.0,0.0,10000.0
Metal Gear Solid: Peace Walker HD Edition,PS3,2011,0.0,0.0,150000.0,0.0
Battle Stadium D.O.N,PS2,2006,0.0,0.0,150000.0,0.0
No.1 Muscle Ranking - Kinniku Banzuke Vol. 2: Aratanarugenkai Enochousen!,PS,2000,0.0,0.0,140000.0,10000.0
Rubik's World,Wii,2008,130000.0,10000.0,0.0,10000.0
Gallop & Ride!,Wii,2008,140000.0,0.0,0.0,10000.0
Shenmue II,DC,2001,0.0,0.0,150000.0,0.0
Major League Baseball 2K8,PS2,2008,70000.0,60000.0,0.0,20000.0
Capcom Classics Collection,XB,2005,110000.0,30000.0,0.0,10000.0
Fugitive Hunter: War on Terror,PS2,2003,70000.0,60000.0,0.0,20000.0
The Incredible Hulk: Ultimate Destruction,GC,2005,110000.0,30000.0,0.0,0.0
Prince of Persia: The Two Thrones,GC,2005,110000.0,30000.0,0.0,0.0
Ore no Imouto ga Konna ni Kawaii wake ga Nai Portable,PSP,2011,0.0,0.0,150000.0,0.0
Baseball Blast!,Wii,2009,140000.0,0.0,0.0,10000.0
Pac-Man World 3,XB,2005,110000.0,40000.0,0.0,10000.0
The Walking Dead: Season Two,PSV,2014,100000.0,0.0,10000.0,30000.0
Harvest Moon: Hero of Leaf Valley,PSP,2009,70000.0,20000.0,50000.0,20000.0
Phantasy Star Online Episode I & II,XB,2003,110000.0,30000.0,0.0,10000.0
F1 2012,PC,2012,10000.0,110000.0,0.0,30000.0
Kung-Fu: High Impact,X360,2011,80000.0,60000.0,0.0,10000.0
SNK Arcade Classics Vol. 1,PSP,2008,130000.0,0.0,10000.0,10000.0
Darkstalkers Chronicle: The Chaos Tower,PSP,2004,130000.0,0.0,0.0,10000.0
NHL 2K10,X360,2009,110000.0,20000.0,0.0,10000.0
Batman Begins,GC,2005,110000.0,30000.0,0.0,0.0
Toy Story Racer,PS,2001,80000.0,60000.0,0.0,10000.0
Yakuza: Ishin,PS4,2014,0.0,0.0,150000.0,0.0
F1 2011,PSV,2011,30000.0,80000.0,10000.0,30000.0
Disney's Donald Duck: Goin' Quackers,PS,2000,80000.0,60000.0,0.0,10000.0
Mobile Suit Gundam: Perfect One Year War,PS,1997,0.0,0.0,140000.0,10000.0
Galerians,PS,1999,80000.0,60000.0,0.0,10000.0
Crash: Twinsanity,XB,2004,110000.0,30000.0,0.0,10000.0
DrumMania,PS2,2000,0.0,0.0,150000.0,0.0
Code:Realize - Sousei no Himegimi,PSV,2014,90000.0,0.0,30000.0,30000.0
Hoppechan: Tsukutte! Asonde! Punipuni Town!!,3DS,2013,0.0,0.0,150000.0,0.0
Deus Ex: Mankind Divided,XOne,2016,80000.0,60000.0,0.0,10000.0
Arena Football,XB,2006,110000.0,30000.0,0.0,10000.0
Power Pro Kun Pocket 1+2,GBA,2004,0.0,0.0,140000.0,0.0
Rayman Origins,3DS,2012,60000.0,80000.0,0.0,10000.0
Thor: God of Thunder,X360,2011,90000.0,40000.0,0.0,10000.0
Medal of Honor: Infiltrator,GBA,2003,110000.0,40000.0,0.0,0.0
Risen 2: Dark Waters,X360,2012,50000.0,80000.0,0.0,10000.0
Blazing Dragons,PS,1996,80000.0,60000.0,0.0,10000.0
Super Monkey Ball Deluxe,XB,2005,110000.0,30000.0,0.0,10000.0
Shin Megami Tensei: Devil Summoner - Soul Hackers,PS,1999,0.0,0.0,140000.0,10000.0
Alien: Isolation,PC,2014,0.0,130000.0,0.0,10000.0
High Velocity Bowling,PS3,2010,130000.0,0.0,0.0,10000.0
Pac-Man Party 3D,3DS,2011,90000.0,40000.0,0.0,10000.0
"NewU Fitness First Mind Body, Yoga & Pilates Workout",Wii,2010,120000.0,20000.0,0.0,10000.0
Turbo Prop Racing,PS,1997,80000.0,60000.0,0.0,10000.0
Barbie Superpack: Secret Agent / Groovy Games,GBA,2005,100000.0,40000.0,0.0,0.0
Tom Clancy's Ghost Recon,GC,2003,110000.0,30000.0,0.0,0.0
Dance Dance Revolution (North America),PS,2001,80000.0,60000.0,0.0,10000.0
Bakugan Battle Brawlers: Defenders of the Core,X360,2010,110000.0,20000.0,0.0,10000.0
Mad Dash Racing,XB,2001,110000.0,30000.0,0.0,10000.0
Summon Night 5,PSP,2013,0.0,0.0,150000.0,0.0
MotoGP 2: Ultimate Racing Technology,PS2,2001,70000.0,60000.0,0.0,20000.0
Black * Rock Shooter: The Game,PSP,2011,0.0,0.0,150000.0,0.0
BMX XXX,PS2,2002,70000.0,60000.0,0.0,20000.0
Dragon Ball Z: Idainaru Dragon Ball Densetsu,SAT,1995,0.0,0.0,150000.0,0.0
Sonic Advance & Sonic Pinball Party Combo Pack,GBA,2005,100000.0,40000.0,0.0,0.0
Boktai: The Sun is in Your Hand,GBA,2003,100000.0,40000.0,0.0,0.0
Cars: Mater-National Championship,X360,2007,130000.0,0.0,0.0,10000.0
Making History: The Great War,Wii,2010,0.0,0.0,150000.0,0.0
Guilty Gear X2 #Reload,XB,2004,110000.0,30000.0,0.0,10000.0
Wizardry VII: Gadeia no Houshu,PS,1995,0.0,0.0,140000.0,10000.0
Dynasty Warriors 8: Xtreme Legends,PSV,2013,40000.0,30000.0,50000.0,20000.0
Elf: The Movie,GBA,2004,100000.0,40000.0,0.0,0.0
MLB SlugFest 20-03,GC,2002,110000.0,30000.0,0.0,0.0
Grabbed by the Ghoulies,XB,2003,110000.0,30000.0,0.0,10000.0
Ys: The Oath in Felghana,PSP,2010,90000.0,0.0,40000.0,10000.0
Shadow Hearts: From The New World,PS2,2005,70000.0,60000.0,0.0,20000.0
Mega Man Powered Up,PSP,2006,120000.0,10000.0,0.0,20000.0
CSI: 3 Dimensions of Murder,PS2,2007,70000.0,60000.0,0.0,20000.0
Barbarian,PS2,2002,70000.0,60000.0,0.0,20000.0
Deception IV: Blood Ties,PSV,2014,30000.0,30000.0,70000.0,20000.0
Tennis no Oji-Sama: Aim at The Victory!,GBA,2002,0.0,0.0,140000.0,0.0
L.A. Rush,XB,2005,110000.0,30000.0,0.0,10000.0
Pipe Dreams 3D,PS,2001,80000.0,50000.0,0.0,10000.0
Derby Stallion Gold,3DS,2014,0.0,0.0,140000.0,0.0
Adventure Time: Explore the Dungeon Because I Don't Know!,3DS,2013,100000.0,30000.0,0.0,10000.0
Lost Dimension,PSV,2014,70000.0,30000.0,20000.0,30000.0
Fox Sports Golf '99,PS,1997,80000.0,50000.0,0.0,10000.0
Jurassic: The Hunted,PS2,2009,70000.0,60000.0,0.0,20000.0
Power Rangers: Super Legends,PS2,2007,70000.0,60000.0,0.0,20000.0
Sakura Wars GB,GB,2000,0.0,0.0,140000.0,0.0
Rayman 3,GBA,2003,100000.0,40000.0,0.0,0.0
Fatal Frame,PS2,2001,70000.0,60000.0,0.0,20000.0
The Fifth Element,PS,1998,80000.0,50000.0,0.0,10000.0
Kung Fu Panda 2,Wii,2011,80000.0,50000.0,0.0,10000.0
Adrenalin Misfits,X360,2010,120000.0,20000.0,0.0,10000.0
Wild ARMs 4,PS2,2005,70000.0,60000.0,0.0,20000.0
Haunted House,Wii,2010,130000.0,0.0,0.0,10000.0
Ratatouille,GC,2007,110000.0,30000.0,0.0,0.0
G.I. Joe: The Rise of Cobra,PS2,2009,110000.0,0.0,0.0,30000.0
Casper: Spirit Dimensions,PS2,2001,70000.0,50000.0,0.0,20000.0
Sengoku Musou 3 Empires,PS3,2011,0.0,0.0,140000.0,0.0
Dream Pinball 3D,Wii,2008,100000.0,30000.0,0.0,10000.0
Thunder Truck Rally,PS,1997,80000.0,50000.0,0.0,10000.0
Dishonored,XOne,2015,80000.0,50000.0,0.0,10000.0
Klonoa: Empire of Dreams,GBA,2001,100000.0,40000.0,0.0,0.0
G.I. Joe: The Rise of Cobra,PSP,2009,110000.0,20000.0,0.0,20000.0
Dragon Age: Origins - Ultimate Edition,PC,2010,0.0,120000.0,0.0,20000.0
Disney Infinity 2.0: Marvel Super Heroes,PSV,2015,0.0,110000.0,0.0,30000.0
Iron & Blood,PS,1996,80000.0,50000.0,0.0,10000.0
Pinball Hall of Fame: The Gottlieb Collection,Wii,2006,130000.0,0.0,0.0,10000.0
Second Sight,PS2,2004,70000.0,50000.0,0.0,20000.0
Monster House,PS2,2006,70000.0,50000.0,0.0,20000.0
Phantom Brave,PS2,2004,70000.0,50000.0,0.0,20000.0
Just Cause,X360,2006,100000.0,30000.0,10000.0,10000.0
ArmA II,PC,2009,0.0,120000.0,0.0,30000.0
Championship Motocross 2001 featuring Ricky Carmichael,PS,2001,80000.0,50000.0,0.0,10000.0
Kenka Banchou 5: Otoko no Housoku,PSP,2011,0.0,0.0,140000.0,0.0
Doshin the Giant,GC,2002,0.0,0.0,140000.0,0.0
Shrek 2 and Shark Tale 2-in-1 Pack,GBA,2005,100000.0,40000.0,0.0,0.0
Star Ocean: Blue Sphere,GB,2001,0.0,0.0,140000.0,0.0
Mojo!,PS2,2003,70000.0,50000.0,0.0,20000.0
Destroy All Humans! Big Willy Unleashed,Wii,2008,130000.0,0.0,0.0,10000.0
Age of Empires: Collector's Edition,PC,2000,20000.0,100000.0,0.0,20000.0
Ford Racing Off Road,PSP,2008,50000.0,80000.0,0.0,20000.0
Kamen Rider Ryuki,PS,2002,0.0,0.0,130000.0,10000.0
Front Mission Alternative,PS,1997,0.0,0.0,130000.0,10000.0
World Championship Poker: Howard Lederer - All In,PSP,2006,130000.0,0.0,0.0,10000.0
FIFA Soccer 2005,GC,2004,110000.0,30000.0,0.0,0.0
Cave Story 3D,3DS,2011,90000.0,30000.0,10000.0,10000.0
The Orange Box,PC,2007,0.0,110000.0,0.0,30000.0
Victorious Boxers: Revolution,Wii,2007,70000.0,0.0,60000.0,10000.0
Record of Agarest War 2,PS3,2010,90000.0,0.0,40000.0,10000.0
SBK 2011: FIM Superbike World Championship,PS3,2011,10000.0,100000.0,0.0,30000.0
Power Stone,DC,1998,0.0,0.0,140000.0,0.0
Jonny Moseley Mad Trix,PS2,2001,70000.0,50000.0,0.0,20000.0
Uta no * Prince-Sama: Repeat,PSP,2011,0.0,0.0,140000.0,0.0
Senran Kagura Burst: Guren no Sh?jo-tachi,3DS,2012,0.0,0.0,140000.0,0.0
MTV Music Generator 3: This Is the Remix,PS2,2004,70000.0,50000.0,0.0,20000.0
.hack//Link,PSP,2010,0.0,0.0,140000.0,0.0
Terminator 3: Rise of the Machines,XB,2003,110000.0,30000.0,0.0,10000.0
Star Wars: Knights of the Old Republic,PC,2003,10000.0,100000.0,0.0,20000.0
SSX On Tour,XB,2005,110000.0,30000.0,0.0,10000.0
NCAA College Basketball 2K3,XB,2002,110000.0,30000.0,0.0,10000.0
Class of Heroes,PSP,2008,60000.0,0.0,80000.0,10000.0
The Legend of Heroes II: Prophecy of the Moonlight Witch,PSP,2004,30000.0,0.0,110000.0,0.0
Cranium Kabookii,Wii,2007,130000.0,0.0,0.0,10000.0
Doom,GBA,2001,100000.0,40000.0,0.0,0.0
Gundam Breaker 2,PS3,2014,0.0,0.0,140000.0,0.0
TRINITY: Souls of Zill O'll,PS3,2010,60000.0,30000.0,30000.0,20000.0
Mary-Kate and Ashley: Winners Circle,PS,2001,80000.0,50000.0,0.0,10000.0
PaRappa The Rapper 2,PS2,2001,70000.0,50000.0,0.0,20000.0
Hexyz Force,PSP,2009,70000.0,0.0,60000.0,10000.0
OutRun 2,XB,2004,110000.0,30000.0,0.0,10000.0
Okami,PS3,2012,0.0,0.0,140000.0,0.0
Marvel vs. Capcom 2: New Age of Heroes,DC,2000,0.0,0.0,140000.0,0.0
Hitman: Blood Money,XB,2006,110000.0,30000.0,0.0,10000.0
Soukaigi,PS,1998,0.0,0.0,130000.0,10000.0
Xevious 3D/G+,PS,1997,10000.0,10000.0,110000.0,10000.0
Pipe Mania,PS2,2008,70000.0,50000.0,0.0,20000.0
Gretzky NHL 06,PSP,2005,130000.0,0.0,0.0,10000.0
Shonen Jump's Shaman King: Master of Spirits,GBA,2004,100000.0,40000.0,0.0,0.0
PANGYA: Fantasy Golf,PSP,2009,90000.0,0.0,40000.0,10000.0
NFL Blitz 20-03,XB,2002,110000.0,30000.0,0.0,10000.0
Sumikko Gurashi: Omise Hajimerundesu,3DS,2015,0.0,0.0,140000.0,0.0
Pirates: The Legend of Black Kat,PS2,2002,70000.0,50000.0,0.0,20000.0
Fur Fighters: Viggo's Revenge,PS2,2001,70000.0,50000.0,0.0,20000.0
Krull,2600,1982,130000.0,10000.0,0.0,0.0
Yu-Gi-Oh! Monster Capture GB,GB,2000,0.0,0.0,140000.0,0.0
Risen,PC,2009,0.0,110000.0,0.0,30000.0
Zapper: One Wicked Cricket!,GBA,2002,100000.0,40000.0,0.0,0.0
The Da Vinci Code,PS2,2006,70000.0,50000.0,0.0,20000.0
Watch Dogs,WiiU,2014,80000.0,50000.0,0.0,10000.0
Scooby-Doo! Night of 100 Frights,XB,2003,110000.0,30000.0,0.0,10000.0
Dead to Rights,GC,2002,110000.0,30000.0,0.0,0.0
Sphinx and the Cursed Mummy,GC,2003,110000.0,30000.0,0.0,0.0
Cabela's Outdoor Adventures (2009),PS2,2009,70000.0,50000.0,0.0,20000.0
T.R.A.G. - Tactical Rescue Assault Group: Mission of Mercy,PS,1998,80000.0,50000.0,0.0,10000.0
Destruction Derby Raw,PS,2000,80000.0,50000.0,0.0,10000.0
Project V6,PS,1998,0.0,0.0,130000.0,10000.0
Farming Simulator 2012,3DS,2012,0.0,120000.0,0.0,20000.0
NFL Head Coach 09,PS3,2008,130000.0,0.0,0.0,10000.0
World Tour Soccer 2003,PS2,2002,70000.0,50000.0,0.0,20000.0
Akiba's Trip,PSP,2011,0.0,0.0,140000.0,0.0
Bravo Air Race,PS,1997,80000.0,50000.0,0.0,10000.0
Onimusha Essentials,PS2,2008,70000.0,50000.0,0.0,20000.0
Blazing Angels 2: Secret Missions of WWII,X360,2007,110000.0,20000.0,0.0,10000.0
Gundam: The Battle Master,PS,1997,0.0,0.0,130000.0,10000.0
Spyro: A Hero's Tail,XB,2004,110000.0,30000.0,0.0,10000.0
Just Cause 3,PC,2015,30000.0,110000.0,0.0,10000.0
Eternal Poison,PS2,2008,70000.0,50000.0,0.0,20000.0
Lord of the Rings: Tactics,PSP,2005,110000.0,20000.0,0.0,20000.0
X-Blades,X360,2009,100000.0,20000.0,20000.0,10000.0
Gretzky NHL 06,PS2,2005,70000.0,50000.0,0.0,20000.0
Gungrave: Overdose,PS2,2004,70000.0,50000.0,0.0,20000.0
Kidou Senshi Gundam: Shin Gihren no Yabou,PSP,2011,0.0,0.0,140000.0,0.0
How to Train Your Dragon,X360,2010,110000.0,20000.0,0.0,10000.0
Your Shape: Fitness Evolved 2013,WiiU,2012,60000.0,70000.0,0.0,10000.0
My Fitness Coach: Club,PS3,2011,0.0,100000.0,0.0,40000.0
NBA ShootOut 2002,PS,2001,80000.0,50000.0,0.0,10000.0
SingStar Vol. 3,PS3,2008,0.0,110000.0,0.0,30000.0
The Granstream Saga,PS,1997,80000.0,50000.0,0.0,10000.0
Scene It? Bright Lights! Big Screen!,Wii,2009,130000.0,0.0,0.0,10000.0
"Holy Invasion of Privacy, Badman! What Did I Do to Deserve This?",PSP,2007,0.0,0.0,130000.0,0.0
Micro Machines 64 Turbo,N64,1999,110000.0,30000.0,0.0,0.0
Bassmasters 2000,N64,1999,110000.0,30000.0,0.0,0.0
Baldur's Gate: Dark Alliance,GC,2002,110000.0,30000.0,0.0,0.0
Bio FREAKS,N64,1998,110000.0,30000.0,0.0,0.0
Eternal Eyes,PS,1999,80000.0,50000.0,0.0,10000.0
Injustice: Gods Among Us,PSV,2013,110000.0,10000.0,0.0,20000.0
Fate/Unlimited Codes,PS2,2008,0.0,0.0,140000.0,0.0
The Operative: No One Lives Forever,PS2,2002,70000.0,50000.0,0.0,20000.0
International Cricket 2010,X360,2010,0.0,120000.0,0.0,20000.0
Epidemic,PS,1995,20000.0,10000.0,100000.0,10000.0
Monster House,GC,2006,110000.0,30000.0,0.0,0.0
Dead or Alive 2,DC,2000,0.0,0.0,140000.0,0.0
Buck Fever,Wii,2009,130000.0,0.0,0.0,10000.0
NCAA Basketball Final Four 97,PS,1997,80000.0,50000.0,0.0,10000.0
Ecco the Dolphin: Defender of the Future,PS2,2002,70000.0,50000.0,0.0,20000.0
Heroes over Europe,X360,2009,100000.0,30000.0,0.0,10000.0
The Bombing Islands,PS,1997,80000.0,50000.0,0.0,10000.0
Earth Defense Force 2: Invaders from Planet Space,PSP,2011,0.0,0.0,140000.0,0.0
Gyakuten Saiban 2,GBA,2002,0.0,0.0,140000.0,0.0
Godzilla: Save the Earth,XB,2004,100000.0,30000.0,0.0,0.0
Skylanders Giants,3DS,2012,120000.0,10000.0,0.0,10000.0
Eragon,X360,2006,120000.0,10000.0,0.0,10000.0
Micro Machines,PS2,2002,70000.0,50000.0,0.0,20000.0
Detective Barbie: The Mystery Cruise,PS,1999,80000.0,50000.0,0.0,10000.0
Jim Henson's the Muppets: On With the Show!,GBA,2003,100000.0,40000.0,0.0,0.0
Desire,SAT,1997,0.0,0.0,140000.0,0.0
Valhalla Knights: Eldar Saga,Wii,2009,100000.0,10000.0,10000.0,10000.0
Lips: I Love The 80s,X360,2010,0.0,120000.0,0.0,20000.0
Monster Hunter Diary: Poka Poka Airou Village DX,3DS,2015,0.0,0.0,140000.0,0.0
Frank Thomas Big Hurt Baseball,PS,1996,80000.0,50000.0,0.0,10000.0
Tim Burton's The Nightmare Before Christmas: The Pumpkin King,GBA,2005,100000.0,40000.0,0.0,0.0
Sid Meier's Pirates!,XB,2005,110000.0,30000.0,0.0,10000.0
Enclave,XB,2002,110000.0,30000.0,0.0,10000.0
Bottom of the 9th,PS,1996,80000.0,50000.0,0.0,10000.0
Pro Yaky? Spirits 2014,PS3,2014,0.0,0.0,140000.0,0.0
Dino Crisis 3,XB,2003,80000.0,30000.0,30000.0,0.0
NFL Blitz 20-03,GC,2002,110000.0,30000.0,0.0,0.0
The Walking Dead: Season Two,XOne,2014,80000.0,50000.0,0.0,10000.0
The Darkness II,PC,2012,100000.0,30000.0,0.0,10000.0
Create,X360,2010,100000.0,30000.0,0.0,10000.0
Karaoke Revolution Glee: Volume 3,X360,2011,130000.0,0.0,0.0,10000.0
Barbie Explorer,PS,2001,80000.0,50000.0,0.0,10000.0
Rango: The Video Game,Wii,2011,80000.0,40000.0,0.0,10000.0
Disney's Chicken Little,XB,2005,100000.0,30000.0,0.0,0.0
Power Gig: Rise of the SixString,PS3,2010,130000.0,0.0,0.0,10000.0
Transformers: Prime,WiiU,2012,90000.0,30000.0,0.0,10000.0
Agile Warrior F-111X,PS,1995,80000.0,50000.0,0.0,10000.0
NCIS,X360,2011,100000.0,30000.0,0.0,10000.0
Jikkyou Powerful Pro Yakyuu Wii,Wii,2007,0.0,0.0,140000.0,0.0
Reality Fighters,PSV,2012,60000.0,60000.0,0.0,30000.0
Dynasty Warriors 7: Empires,PS3,2012,0.0,0.0,140000.0,0.0
Cabela's African Safari,X360,2006,130000.0,0.0,0.0,10000.0
College Hoops 2K8,PS3,2007,130000.0,0.0,0.0,10000.0
Super Puzzle Fighter II Turbo,PS,1996,80000.0,50000.0,0.0,10000.0
Star Wars: Jedi Power Battles,GBA,2002,100000.0,40000.0,0.0,0.0
Ultimate Muscle - The Kinnikuman Legacy: Legends vs New Generation,GC,2002,40000.0,10000.0,80000.0,0.0
Hard Rock Casino,PSP,2007,120000.0,0.0,0.0,10000.0
Space Venus starring Morning Musume,PS2,2001,0.0,0.0,140000.0,0.0
To Heart,PS,1999,0.0,0.0,130000.0,10000.0
Wild ARMs XF,PSP,2007,70000.0,0.0,60000.0,10000.0
RockMan & Forte,SNES,1998,0.0,0.0,140000.0,0.0
Persona 4: Arena Ultimax,PS3,2014,0.0,10000.0,130000.0,0.0
NBA 2K13,WiiU,2012,80000.0,40000.0,0.0,10000.0
Science Papa,Wii,2009,120000.0,10000.0,0.0,10000.0
MySims Collection,Wii,2010,130000.0,0.0,0.0,10000.0
Cities: Skylines,PC,2015,0.0,130000.0,0.0,10000.0
Football Manager 2012,PSP,2011,0.0,100000.0,0.0,40000.0
Ape Escape Academy (jp sales),PSP,2004,0.0,0.0,130000.0,0.0
FIFA 06 Soccer,GC,2005,110000.0,30000.0,0.0,0.0
Rayman Arena,GC,2002,110000.0,30000.0,0.0,0.0
PaRappa The Rapper,PSP,2006,100000.0,0.0,20000.0,10000.0
4x4 EVO 2,GC,2002,110000.0,30000.0,0.0,0.0
X-Blades,PS3,2009,70000.0,30000.0,20000.0,20000.0
Pro Yakyuu Netsu Star 2006,PS2,2006,0.0,0.0,140000.0,0.0
The History Channel: Civil War - A Nation Divided,X360,2006,130000.0,0.0,0.0,10000.0
Zetta Hero Project: Unlosing Ranger vs. Darkdeath Evilman,PSP,2010,70000.0,0.0,60000.0,10000.0
Cyber Sled,PS,1995,0.0,0.0,130000.0,10000.0
Famista Returns,3DS,2015,0.0,0.0,140000.0,0.0
Bust-A-Move Deluxe,PSP,2006,130000.0,0.0,0.0,10000.0
Shining Soul,GBA,2002,30000.0,10000.0,90000.0,0.0
The Amazing Race,Wii,2010,130000.0,0.0,0.0,10000.0
Far Cry: Primal,PC,2016,40000.0,90000.0,0.0,10000.0
Dead Rising 2,PC,2010,100000.0,20000.0,0.0,10000.0
Let's Cheer,X360,2011,120000.0,0.0,0.0,10000.0
Happy Feet,Wii,2006,120000.0,0.0,0.0,10000.0
In the Hunt,PS,1995,30000.0,20000.0,70000.0,10000.0
Daytona USA Championship Circuit Edition,SAT,1995,0.0,0.0,140000.0,0.0
Major League Baseball 2K8,Wii,2008,130000.0,0.0,0.0,10000.0
Marvel vs. Capcom 2: New Age of Heroes,XB,2002,90000.0,30000.0,10000.0,0.0
SNK vs. Capcom: The Match of the Millennium,PS2,2006,0.0,20000.0,0.0,120000.0
BlazBlue: Chrono Phantasma Extend,PS4,2015,70000.0,30000.0,20000.0,20000.0
Alone in the Dark: Inferno,PS3,2008,90000.0,30000.0,0.0,20000.0
Rogue Warrior,PS3,2009,110000.0,20000.0,0.0,10000.0
Singstar: Ultimate Party,PS3,2014,0.0,120000.0,0.0,20000.0
The X-Factor,PS3,2010,0.0,100000.0,0.0,30000.0
Fear Factor: Unleashed,GBA,2004,100000.0,40000.0,0.0,0.0
Avatar: The Last Airbender - The Burning Earth,X360,2007,110000.0,10000.0,0.0,10000.0
Football Manager 2014,PSV,2013,0.0,100000.0,0.0,40000.0
BIT.TRIP SAGA,3DS,2011,90000.0,40000.0,0.0,10000.0
Touch My Katamari,PSV,2011,80000.0,40000.0,0.0,20000.0
MotoGP '06,X360,2006,110000.0,10000.0,0.0,10000.0
Houshinengi,PS,1998,0.0,0.0,130000.0,10000.0
Pet Pals: Animal Doctor,Wii,2008,130000.0,0.0,0.0,10000.0
LEGO Island Xtreme Stunts,GBA,2002,100000.0,40000.0,0.0,0.0
Cruise Ship Vacation Games,Wii,2009,130000.0,0.0,0.0,10000.0
Yu-Gi-Oh! GX: Tag Force,PSP,2006,90000.0,30000.0,0.0,20000.0
Nitrobike,Wii,2008,110000.0,10000.0,0.0,10000.0
World Soccer Winning Eleven 9 Bonus Pack,PS2,2006,0.0,0.0,140000.0,0.0
UEFA Euro 2004: Portugal,PS2,2004,70000.0,50000.0,0.0,20000.0
Hot Wheels: World Race,GBA,2003,100000.0,40000.0,0.0,0.0
MLB 14: The Show,PSV,2014,110000.0,0.0,0.0,20000.0
Dragon Age Origins: Awakening,PC,2010,10000.0,100000.0,0.0,20000.0
Scene It? Bright Lights! Big Screen!,X360,2009,120000.0,0.0,0.0,10000.0
NBA Jam,XB,2003,100000.0,30000.0,0.0,0.0
Shining Resonance,PS3,2014,0.0,0.0,140000.0,0.0
World Tour Soccer 2002,PS2,2001,70000.0,50000.0,0.0,20000.0
Interactive Sampler Disc 6,PS,1997,80000.0,50000.0,0.0,10000.0
Wild Earth: African Safari,Wii,2008,110000.0,20000.0,0.0,10000.0
Apex,XB,2003,100000.0,30000.0,0.0,0.0
Tomb Raider: The Prophecy,GBA,2002,100000.0,40000.0,0.0,0.0
Vampire Night,PS2,2001,70000.0,50000.0,0.0,20000.0
Kororinpa: Marble Mania,Wii,2006,80000.0,20000.0,30000.0,10000.0
Guilty Gear,PS,1998,30000.0,20000.0,70000.0,10000.0
Battlefield: Hardline,PC,2015,0.0,130000.0,0.0,10000.0
Game Party: Champions,WiiU,2012,90000.0,30000.0,0.0,10000.0
Divinity II: The Dragon Knight Saga,X360,2010,110000.0,20000.0,0.0,10000.0
World Championship Poker 2: Featuring Howard Lederer,PSP,2005,120000.0,0.0,0.0,10000.0
Mary-Kate and Ashley: Crush Course,PS,2001,80000.0,50000.0,0.0,10000.0
NHL Breakaway 98,PS,1996,80000.0,50000.0,0.0,10000.0
Top Shot Arcade,Wii,2011,130000.0,0.0,0.0,10000.0
Pro Evolution Soccer 2015,XOne,2014,20000.0,100000.0,0.0,10000.0
Red Orchestra 2: Heroes of Stalingrad,PC,2011,40000.0,70000.0,0.0,20000.0
Tiger Woods PGA Tour 2005,GC,2004,100000.0,30000.0,0.0,0.0
Deepak Chopra's Leela,Wii,2011,110000.0,10000.0,0.0,10000.0
Tom Clancy's Ghost Recon,Wii,2010,110000.0,10000.0,0.0,10000.0
Salt Lake 2002,PS2,2002,70000.0,50000.0,0.0,20000.0
ESPN MLB Baseball,XB,2004,100000.0,30000.0,0.0,0.0
NCIS,Wii,2011,80000.0,40000.0,0.0,10000.0
Gladius,XB,2003,100000.0,30000.0,0.0,0.0
Legends of Wrestling,XB,2002,100000.0,30000.0,0.0,0.0
Queen's Gate: Spiral Chaos,PSP,2011,0.0,0.0,140000.0,0.0
Nayuta no Kiseki,PSP,2012,0.0,0.0,140000.0,0.0
Legendary,PS3,2008,80000.0,30000.0,0.0,20000.0
Spy Hunter 2,XB,2003,100000.0,30000.0,0.0,0.0
Peppa Pig: Fun and Games,Wii,2010,0.0,120000.0,0.0,20000.0
Backyard Soccer,PS,2001,70000.0,50000.0,0.0,10000.0
Final Fantasy XI: Rise of the Zilart,PS2,2003,0.0,0.0,130000.0,0.0
James Bond 007: Nightfire,GBA,2003,100000.0,40000.0,0.0,0.0
Nobunaga no Yabou: Tendou,PS3,2010,0.0,0.0,130000.0,0.0
Medalot 7,3DS,2012,0.0,0.0,130000.0,0.0
Bio FREAKS,PS,1998,70000.0,50000.0,0.0,10000.0
Castlevania Chronicles,PS,2001,70000.0,50000.0,0.0,10000.0
Suzumiya Haruhi no Tomadoi,PS2,2008,0.0,0.0,130000.0,0.0
MLB Power Pros 2008,Wii,2008,120000.0,0.0,10000.0,10000.0
NHL 2K8,X360,2007,110000.0,10000.0,0.0,10000.0
Dokapon Kingdom,Wii,2008,120000.0,0.0,0.0,10000.0
Bratz,GBA,2002,100000.0,40000.0,0.0,0.0
Go Play: Circus Star,Wii,2009,120000.0,0.0,0.0,10000.0
King Arthur,PS2,2004,70000.0,50000.0,0.0,20000.0
Winter Stars,Wii,2011,60000.0,70000.0,0.0,10000.0
Hisshou Pachinko*Pachi-Slot Kouryaku Series Vol. 1: CR Shinseiki Evangelion,PS2,2005,0.0,0.0,130000.0,0.0
The Guy Game,PS2,2004,70000.0,50000.0,0.0,20000.0
Rurouni Kenshin: Enjou! Kyoto Rinne,PS2,2006,0.0,0.0,130000.0,0.0
Blade II,XB,2002,100000.0,30000.0,0.0,0.0
Suikoden: Tsumugareshi Hyakunen no Toki,PSP,2012,0.0,0.0,130000.0,0.0
Baseball Advance,GBA,2002,100000.0,40000.0,0.0,0.0
Shonen Jump's One Piece: Grand Battle,PS2,2005,70000.0,50000.0,0.0,20000.0
NHL 2K9,PS3,2008,110000.0,10000.0,0.0,10000.0
Pro Yaky? Spirits 6,PS2,2009,0.0,0.0,130000.0,0.0
Shovel Knight,3DS,2015,70000.0,40000.0,10000.0,10000.0
Hyperdimension Idol Neptunia PP,PSV,2013,40000.0,30000.0,40000.0,20000.0
Paperboy / Rampage,GBA,2005,100000.0,40000.0,0.0,0.0
Ben 10 Galactic Racing,3DS,2011,70000.0,60000.0,0.0,10000.0
Sentou Kokka Air Land Battle,PS,1995,0.0,0.0,130000.0,10000.0
NTRA Breeders' Cup World Thoroughbred Championships,PS2,2005,70000.0,50000.0,0.0,20000.0
Tak 2: The Staff of Dreams,XB,2004,100000.0,30000.0,0.0,0.0
Hulk Hogan's Main Event,X360,2011,100000.0,20000.0,0.0,10000.0
Transformers: Devastation,XOne,2015,90000.0,30000.0,0.0,10000.0
Euro Truck Simulator 2,PC,2012,0.0,120000.0,0.0,20000.0
DmC: Devil May Cry,XOne,2015,80000.0,40000.0,0.0,10000.0
WipeOut 3 The Game,WiiU,2012,120000.0,0.0,0.0,10000.0
Ys: The Ark of Napishtim,PS2,2005,70000.0,50000.0,0.0,20000.0
Azure Dreams,PS,1997,70000.0,50000.0,0.0,10000.0
Rumble Roses XX,X360,2006,70000.0,10000.0,40000.0,10000.0
Space Camp,Wii,2009,120000.0,0.0,0.0,10000.0
SingStar Latino,PS2,2007,70000.0,50000.0,0.0,20000.0
Phantom Brave: We Meet Again,Wii,2009,120000.0,0.0,10000.0,10000.0
Kurt Warner's Arena Football Unleashed,PS,2000,70000.0,50000.0,0.0,10000.0
Shin Megami Tensei: Devil Summoner 2 - Raidou Kuzunoha vs. King Abaddon,PS2,2008,70000.0,50000.0,0.0,20000.0
NHL 2K9,PS2,2008,70000.0,50000.0,0.0,20000.0
Venetica,X360,2010,90000.0,30000.0,0.0,10000.0
James Bond 007: Legends,WiiU,2012,70000.0,50000.0,0.0,10000.0
Rogue Ops,XB,2003,100000.0,30000.0,0.0,0.0
NBA Hoopz,PS,2001,70000.0,50000.0,0.0,10000.0
Rugby 15,PS3,2015,20000.0,90000.0,0.0,20000.0
MLB 11: The Show,PS2,2011,60000.0,50000.0,0.0,20000.0
Castrol Honda Superbike Racing,PS,1998,70000.0,50000.0,0.0,10000.0
History Civil War: Secret Missions,X360,2008,120000.0,0.0,0.0,10000.0
Army Men: Green Rogue,PS2,2001,60000.0,50000.0,0.0,20000.0
My Spanish Coach,PSP,2008,120000.0,0.0,0.0,10000.0
Chessmaster,XB,2004,100000.0,30000.0,0.0,0.0
Fatal Inertia,X360,2007,120000.0,0.0,0.0,10000.0
Superman: The Man of Steel,XB,2002,100000.0,30000.0,0.0,0.0
Ken to Mahou to Gakuen Mono. 3,PSP,2010,0.0,0.0,130000.0,0.0
Greg Hastings Paintball 2,Wii,2010,120000.0,0.0,0.0,10000.0
The Flintstones: Bedrock Bowling,PS,2000,70000.0,50000.0,0.0,10000.0
Teenage Mutant Ninja Turtles: Danger of the Ooze,3DS,2014,80000.0,40000.0,0.0,10000.0
NHL 2003,GC,2002,100000.0,30000.0,0.0,0.0
Chicken Run,PS,2000,70000.0,50000.0,0.0,10000.0
Scene It? Bright Lights! Big Screen!,PS3,2009,100000.0,10000.0,0.0,10000.0
My Baby: First Steps,Wii,2009,120000.0,0.0,0.0,10000.0
Pro Baseball Spirits 2015,PSV,2015,0.0,0.0,130000.0,0.0
Shining Force III,SAT,1997,0.0,0.0,130000.0,0.0
Jikkyou Powerful Pro Yakyuu 2011 Ketteiban,PSP,2011,0.0,0.0,130000.0,0.0
Tales of the Heroes: Twin Brave,PSP,2012,0.0,0.0,130000.0,0.0
WWE Survivor Series,GBA,2004,90000.0,40000.0,0.0,0.0
Super Robot Wars BX,3DS,2015,0.0,0.0,130000.0,0.0
Persona 4: Arena,X360,2012,80000.0,20000.0,30000.0,10000.0
Tomb Raider: Legend,XB,2006,100000.0,30000.0,0.0,0.0
Nagano Winter Olympics '98,PS,1997,70000.0,50000.0,0.0,10000.0
Destroy All Humans! Path of the Furon,X360,2008,80000.0,40000.0,0.0,10000.0
Winning Post 5,PS2,2001,0.0,0.0,130000.0,0.0
Star Wars: Lethal Alliance,PSP,2006,110000.0,10000.0,0.0,10000.0
All Star Cheer Squad 2,Wii,2009,120000.0,0.0,0.0,10000.0
Frogger Beyond,GC,2002,100000.0,30000.0,0.0,0.0
RPG Maker II,PS2,2002,60000.0,50000.0,0.0,20000.0
Resident Evil: Revelations 2,PSV,2015,10000.0,50000.0,60000.0,10000.0
Destruction Derby Arenas,PS2,2004,60000.0,50000.0,0.0,20000.0
Cabela's Dangerous Hunts 2009,X360,2008,120000.0,0.0,0.0,10000.0
The Unholy War,PS,1998,70000.0,50000.0,0.0,10000.0
Disney's Winnie the Pooh's Rumbly Tumbly Adventure,GBA,2005,90000.0,30000.0,0.0,0.0
Shaman King: Power of Spirit,PS2,2004,60000.0,50000.0,0.0,20000.0
Eat Lead: The Return of Matt Hazard,PS3,2009,90000.0,20000.0,0.0,10000.0
Attack on Titan (KOEI),PSV,2016,0.0,0.0,130000.0,0.0
Family Fortunes,Wii,2009,0.0,120000.0,0.0,10000.0
Megamind: The Blue Defender,PSP,2010,80000.0,30000.0,0.0,20000.0
Contra III: The Alien Wars,SNES,1992,0.0,0.0,130000.0,0.0
Dead to Rights: Reckoning,PSP,2005,120000.0,0.0,0.0,10000.0
The BIGS 2,PS3,2009,120000.0,0.0,0.0,10000.0
Slime MoriMori Dragon Quest 3: Taikaizoku to Shippo Dan,3DS,2011,0.0,0.0,130000.0,0.0
Amagami,PS2,2009,0.0,0.0,130000.0,0.0
Diablo II,PC,2000,10000.0,90000.0,0.0,20000.0
How to Train Your Dragon 2,PS3,2014,30000.0,80000.0,0.0,20000.0
NBA 08,PS3,2007,120000.0,0.0,0.0,10000.0
The Smurfs 2,X360,2013,30000.0,90000.0,0.0,10000.0
NeverDead,PS3,2012,60000.0,40000.0,10000.0,20000.0
No Fear Downhill Mountain Biking,PS,1998,70000.0,50000.0,0.0,10000.0
Fire ProWrestling,GBA,2001,90000.0,30000.0,0.0,0.0
Eternal Poison (JP sales),PS2,2008,0.0,0.0,130000.0,0.0
Mission: Impossible - Operation Surma,XB,2003,100000.0,30000.0,0.0,0.0
Naruto Shippuden: Kizuna Drive,PSP,2010,40000.0,20000.0,50000.0,20000.0
The IdolM@ster: One for All,PS3,2014,0.0,0.0,130000.0,0.0
MX 2002 Featuring Ricky Carmichael,XB,2001,100000.0,30000.0,0.0,0.0
Indianapolis 500 Legends,Wii,2007,120000.0,0.0,0.0,10000.0
Romance of the Three Kingdoms IV: Wall of Fire,PS,1995,50000.0,30000.0,40000.0,10000.0
Illusion of Gaia,SNES,1993,0.0,0.0,130000.0,0.0
Steel Battalion: Heavy Armor,X360,2012,80000.0,30000.0,20000.0,10000.0
Academy of Champions: Soccer,Wii,2009,100000.0,20000.0,0.0,10000.0
Mega Man Anniversary Collection,XB,2005,100000.0,30000.0,0.0,0.0
The Oregon Trail,3DS,2011,120000.0,0.0,0.0,10000.0
Disruptor,PS,1995,70000.0,50000.0,0.0,10000.0
NBA Ballers: Chosen One,PS3,2008,120000.0,0.0,0.0,10000.0
Hasbro Family Fun Pack,XOne,2015,100000.0,20000.0,0.0,10000.0
Shrek Smash n' Crash Racing,GC,2006,100000.0,30000.0,0.0,0.0
Under Night In-Birth,PS3,2014,60000.0,20000.0,40000.0,20000.0
Drakengard 2,PS2,2005,60000.0,50000.0,0.0,20000.0
Grand Knights History,PSP,2011,0.0,0.0,130000.0,0.0
Sin and Punishment,N64,2000,0.0,0.0,130000.0,0.0
NBA Jam 2000,N64,1999,120000.0,10000.0,0.0,0.0
Castlevania: Legacy of Darkness,N64,1999,60000.0,20000.0,50000.0,0.0
Just Dance: Disney Party,Wii,2012,10000.0,100000.0,0.0,20000.0
Cabela's Alaskan Adventure,X360,2006,120000.0,0.0,0.0,10000.0
Rango: The Video Game,X360,2011,60000.0,60000.0,0.0,10000.0
Shrek Super Party,XB,2002,100000.0,30000.0,0.0,0.0
Sonic Riders,XB,2006,100000.0,30000.0,0.0,0.0
Shimano Xtreme Fishing,Wii,2009,120000.0,0.0,0.0,10000.0
The History Channel: Great Battles - Medieval,X360,2010,80000.0,40000.0,0.0,10000.0
TRON: Evolution,PSP,2010,90000.0,20000.0,0.0,20000.0
Rally Fusion: Race of Champions,PS2,2002,60000.0,50000.0,0.0,20000.0
Secret Agent Clank,PSP,2008,40000.0,30000.0,40000.0,20000.0
The House of the Dead,SAT,1997,0.0,0.0,130000.0,0.0
RealSports Volleyball,2600,1981,120000.0,10000.0,0.0,0.0
Heroes of the Pacific,XB,2005,100000.0,30000.0,0.0,0.0
NightCaster,XB,2002,100000.0,30000.0,0.0,0.0
RollerCoaster Tycoon,XB,2003,100000.0,30000.0,0.0,0.0
FIFA World Cup Germany 2006,GC,2006,100000.0,30000.0,0.0,0.0
Hitman 2: Silent Assassin,GC,2003,100000.0,30000.0,0.0,0.0
MLB 13: The Show,PSV,2013,110000.0,0.0,0.0,20000.0
Nicktoons: MLB,X360,2011,120000.0,0.0,0.0,10000.0
Digimon Racing,GBA,2004,90000.0,30000.0,0.0,0.0
Ape Escape 3,PS2,2005,60000.0,50000.0,0.0,20000.0
Green Lantern: Rise of the Manhunters,X360,2011,70000.0,50000.0,0.0,10000.0
"Crouching Tiger, Hidden Dragon",PS2,2003,60000.0,50000.0,0.0,20000.0
Last Bronx,SAT,1996,0.0,0.0,130000.0,0.0
Iridion II,GBA,2003,90000.0,30000.0,0.0,0.0
Momotaro Douchuuki,SAT,1997,0.0,0.0,130000.0,0.0
Brothers: A Tale of Two Sons,PS4,2015,30000.0,80000.0,0.0,20000.0
Tom Clancy's Splinter Cell: Double Agent,Wii,2006,100000.0,10000.0,0.0,10000.0
Whiplash,PS2,2003,60000.0,50000.0,0.0,20000.0
BlazBlue: Continuum Shift II,PSP,2011,30000.0,20000.0,70000.0,10000.0
Backyard Sports Football: Rookie Rush,Wii,2010,120000.0,0.0,0.0,10000.0
Warcraft III: Reign of Chaos,PC,2002,30000.0,80000.0,0.0,20000.0
Farming Simulator 2011,PC,2010,0.0,130000.0,0.0,0.0
Margot's Word Brain,Wii,2008,120000.0,0.0,0.0,10000.0
Imagine: Fashion Designer,3DS,2011,100000.0,20000.0,0.0,10000.0
Pop'n Music Portable,PSP,2010,0.0,0.0,130000.0,0.0
Borderlands: Double Game Add-On Pack,X360,2010,100000.0,20000.0,0.0,10000.0
Otogi: Myth of Demons,XB,2002,80000.0,20000.0,30000.0,0.0
Army Men: Soldiers of Misfortune,Wii,2008,120000.0,0.0,0.0,10000.0
Alter Echo,PS2,2003,60000.0,50000.0,0.0,20000.0
Walt Disney Pictures Presents: The Wild,GBA,2006,90000.0,30000.0,0.0,0.0
Reader Rabbit Kindergarten,Wii,2010,120000.0,0.0,0.0,10000.0
Onechanbara: Bikini Samurai Squad,X360,2006,110000.0,10000.0,0.0,10000.0
Rock Band Track Pack Volume 1,PS2,2008,60000.0,50000.0,0.0,20000.0
Puyo Puyo!! 20th Anniversary,3DS,2011,0.0,0.0,130000.0,0.0
Hour of Victory,X360,2007,100000.0,10000.0,0.0,10000.0
Namco Soccer Prime Goal,PS,1995,0.0,0.0,120000.0,10000.0
NBA 08,PS2,2007,60000.0,50000.0,0.0,20000.0
Dragon Quest Heroes II: Twin Kings and the Prophecy's End,PS3,2016,0.0,0.0,130000.0,0.0
Monster Hunter Frontier Online,X360,2010,0.0,0.0,130000.0,0.0
Green Lantern: Rise of the Manhunters,3DS,2011,90000.0,30000.0,0.0,10000.0
Shin Megami Tensei: Digital Devil Saga,PS2,2004,60000.0,50000.0,0.0,20000.0
Puppies 3D,3DS,2011,80000.0,40000.0,0.0,10000.0
Jissen Pachi-Slot Hisshouhou! Aladdin II Evolution,PS2,2005,0.0,0.0,130000.0,0.0
Mystic Ark,SNES,1995,0.0,0.0,130000.0,0.0
Just Cause 2,PC,2010,0.0,100000.0,0.0,30000.0
Ty the Tasmanian Tiger 2: Bush Rescue,GBA,2004,90000.0,30000.0,0.0,0.0
Venetica,PS3,2010,70000.0,40000.0,0.0,20000.0
Teenage Mutant Ninja Turtles 2: Battle Nexus,XB,2004,100000.0,30000.0,0.0,0.0
LEGO Racers 2,PS2,2001,60000.0,50000.0,0.0,20000.0
Backyard Baseball,GC,2003,100000.0,30000.0,0.0,0.0
Overlord: Raising Hell,PS3,2008,70000.0,40000.0,0.0,20000.0
Sega GT,DC,2000,0.0,0.0,130000.0,0.0
Fuse (Insomniac),X360,2013,80000.0,40000.0,0.0,10000.0
Cabela's Dangerous Hunts 2009,PS3,2008,120000.0,0.0,0.0,10000.0
Legends of Wrestling,GC,2002,100000.0,30000.0,0.0,0.0
Legend of the Guardians: The Owls of Ga'Hoole,Wii,2010,110000.0,10000.0,0.0,10000.0
All-Star Baseball 2004,XB,2003,100000.0,30000.0,0.0,0.0
Shining Wind,PS2,2007,0.0,0.0,130000.0,0.0
Brothers in Arms: Double Time,Wii,2008,110000.0,0.0,0.0,10000.0
Portal Runner,PS2,2001,60000.0,50000.0,0.0,20000.0
Pok?mon: For Ho-Oh the Bells Toll!: Game Boy Advance Video,GBA,2004,90000.0,30000.0,0.0,0.0
Pro Evolution Soccer 2016,X360,2015,40000.0,80000.0,0.0,10000.0
Batman: Arkham Knight,PC,2015,80000.0,30000.0,0.0,10000.0
Warriors Orochi 2,PS2,2008,60000.0,50000.0,0.0,20000.0
Disney's Winnie the Pooh's Rumbly Tumbly Adventure,PS2,2005,60000.0,50000.0,0.0,20000.0
Assault: Retribution,PS,1998,70000.0,50000.0,0.0,10000.0
Sengoku Basara 3 Utage,Wii,2011,0.0,0.0,130000.0,0.0
Spartan: Total Warrior,XB,2005,100000.0,30000.0,0.0,0.0
Gravity Rush Remastered,PS4,2015,20000.0,50000.0,40000.0,10000.0
Rock Band Track Pack Volume 2,PS3,2008,110000.0,0.0,0.0,10000.0
City Crisis,PS2,2001,60000.0,50000.0,0.0,20000.0
Zapper: One Wicked Cricket!,GC,2002,100000.0,30000.0,0.0,0.0
Star Wars: Clone Wars,XB,2003,100000.0,30000.0,0.0,0.0
Assassination Classroom: Grand Siege on Kuro-sensei,3DS,2015,0.0,0.0,130000.0,0.0
Dynasty Warriors 5 Empires,X360,2006,110000.0,10000.0,0.0,10000.0
High Rollers Casino,XB,2004,100000.0,30000.0,0.0,0.0
Advent Rising,XB,2005,100000.0,30000.0,0.0,0.0
Surf Riders,PS,1999,70000.0,50000.0,0.0,10000.0
Torino 2006,PS2,2006,60000.0,50000.0,0.0,20000.0
Nobunaga no Yabou: Ranseiki,PS2,2002,0.0,0.0,130000.0,0.0
Derby Stallion Advance,GBA,2002,0.0,0.0,120000.0,0.0
PBR: Out of the Chute,Wii,2008,120000.0,0.0,0.0,10000.0
Monopoly Party,GC,2002,100000.0,30000.0,0.0,0.0
LEGO Batman 2: DC Super Heroes,WiiU,2013,50000.0,70000.0,0.0,10000.0
TOCA Race Driver 2: Ultimate Racing Simulator,XB,2004,90000.0,30000.0,0.0,0.0
The Price is Right: Decades,Wii,2011,120000.0,0.0,0.0,10000.0
Snood,GBA,2001,90000.0,30000.0,0.0,0.0
The Sky Crawlers: Innocent Aces,Wii,2008,90000.0,20000.0,10000.0,10000.0
Fit in Six,PS3,2011,120000.0,0.0,0.0,10000.0
Monster Jam: Urban Assault,PS2,2008,60000.0,50000.0,0.0,20000.0
Ice Age: Dawn of the Dinosaurs,X360,2009,90000.0,30000.0,0.0,10000.0
DT Racer,PS2,2005,60000.0,50000.0,0.0,20000.0
SimAnimals Africa,Wii,2009,100000.0,10000.0,0.0,10000.0
Deepak Chopra's Leela,X360,2011,70000.0,50000.0,0.0,10000.0
Twister Mania,X360,2011,100000.0,10000.0,0.0,10000.0
World Cup Golf: Professional Edition,PS,1995,70000.0,50000.0,0.0,10000.0
Black Dawn,PS,1996,70000.0,50000.0,0.0,10000.0
Soccer Tsuku: Pro Soccer Club o Tsukurou!,PS3,2013,0.0,0.0,130000.0,0.0
428: Fuusa Sareta Shibuya de,Wii,2008,0.0,0.0,130000.0,0.0
Kelly Slater's Pro Surfer,GBA,2002,90000.0,30000.0,0.0,0.0
Warriors of Might and Magic,PS,2001,70000.0,50000.0,0.0,10000.0
Drome Racers,PS2,2002,60000.0,50000.0,0.0,20000.0
X-Men: Next Dimension,GC,2002,100000.0,30000.0,0.0,0.0
NCIS,PS3,2011,70000.0,40000.0,0.0,20000.0
7th Dragon 2020-II,PSP,2013,0.0,0.0,130000.0,0.0
Doukyuusei 2,SAT,1997,0.0,0.0,130000.0,0.0
SkullMonkeys,PS,1998,70000.0,50000.0,0.0,10000.0
Cloudy With a Chance of Meatballs,Wii,2009,110000.0,0.0,0.0,10000.0
Burnout,XB,2002,90000.0,30000.0,0.0,0.0
Ben 10 Galactic Racing,Wii,2011,80000.0,30000.0,0.0,10000.0
Baroque,PS2,2007,50000.0,40000.0,20000.0,10000.0
Dynasty Warriors: Gundam Reborn,PSV,2013,0.0,0.0,130000.0,0.0
Kidz Sports: Crazy Golf,Wii,2008,110000.0,0.0,0.0,10000.0
Little Battlers eXperience: Wars,3DS,2013,0.0,0.0,130000.0,0.0
Victorious: Time to Shine,X360,2011,120000.0,0.0,0.0,10000.0
NBA Ballers: Phenom,XB,2006,90000.0,30000.0,0.0,0.0
Aikatsu! 365 Idol Days,3DS,2014,0.0,0.0,130000.0,0.0
Crash Tag Team Racing,XB,2005,90000.0,30000.0,0.0,0.0
Freedom Fighters,GC,2003,100000.0,30000.0,0.0,0.0
The Stronghold Collection,PC,2009,30000.0,80000.0,0.0,20000.0
Operation Abyss: New Tokyo Legacy,PSV,2014,40000.0,10000.0,60000.0,20000.0
Transformer: Rise of the Dark Spark,PS3,2014,40000.0,50000.0,10000.0,20000.0
Mega Man X Collection,GC,2006,100000.0,30000.0,0.0,0.0
Detana TwinBee Yahho! Deluxe Pack,SAT,1995,0.0,0.0,130000.0,0.0
Last Ranker,PSP,2010,0.0,0.0,130000.0,0.0
Quantum Redshift,XB,2002,90000.0,30000.0,0.0,0.0
Smash Court Tennis Pro Tournament 2,PS2,2004,60000.0,50000.0,0.0,20000.0
Eat Lead: The Return of Matt Hazard,X360,2009,100000.0,10000.0,0.0,10000.0
Battleborn,XOne,2016,80000.0,40000.0,0.0,10000.0
Legends of Wrestling II,XB,2002,90000.0,30000.0,0.0,0.0
Armed and Dangerous,XB,2003,90000.0,30000.0,0.0,0.0
Jurassic: The Hunted,X360,2009,120000.0,0.0,0.0,10000.0
Adventures to Go!,PSP,2008,100000.0,0.0,10000.0,10000.0
Conduit 2,Wii,2011,70000.0,40000.0,0.0,10000.0
Supremacy MMA,PS3,2011,60000.0,40000.0,0.0,20000.0
World Soccer Winning Eleven 2002,PS,2002,0.0,0.0,120000.0,10000.0
Geometry Wars: Galaxies,Wii,2007,110000.0,0.0,0.0,10000.0
Actua Tennis,PS,1997,70000.0,50000.0,0.0,10000.0
Monster Truck Madness,GBA,2003,90000.0,30000.0,0.0,0.0
Sonic Jam,SAT,1997,0.0,0.0,120000.0,0.0
Puella Magi Madoka Magica Portable,PSP,2012,0.0,0.0,120000.0,0.0
Ninja Reflex,Wii,2008,110000.0,10000.0,0.0,10000.0
Peter Jacobsen's Golden Tee Golf,PS,2000,70000.0,50000.0,0.0,10000.0
Calling,Wii,2009,70000.0,40000.0,0.0,10000.0
Marvel Avengers: Battle for Earth,WiiU,2012,70000.0,40000.0,0.0,10000.0
Disney's Atlantis: The Lost Empire,GBA,2001,90000.0,30000.0,0.0,0.0
Nippon Daihyou Team no Kantoku ni Narou! Sekaihatsu Soccer RPG,SAT,1998,0.0,0.0,120000.0,0.0
Where the Wild Things Are,Wii,2009,110000.0,0.0,0.0,10000.0
High Velocity: Mountain Racing Challenge,SAT,1995,0.0,0.0,120000.0,0.0
NHL 2K7,PS3,2006,110000.0,0.0,0.0,10000.0
Resident Evil,PS3,2006,0.0,0.0,120000.0,0.0
Capcom vs. SNK 2: Millionaire Fighting 2001,DC,2001,0.0,0.0,120000.0,0.0
Criticom,PS,1996,70000.0,50000.0,0.0,10000.0
SCORE International Baja 1000: The Official Game,X360,2008,110000.0,10000.0,0.0,10000.0
Disney Sing It: Party Hits,PS3,2010,100000.0,10000.0,0.0,10000.0
Sleeping Dogs,PC,2012,60000.0,50000.0,0.0,20000.0
Mega Man X: Command Mission,GC,2004,100000.0,20000.0,0.0,0.0
Diner Dash: Sizzle & Serve,PSP,2007,110000.0,0.0,0.0,10000.0
After Hours Athletes,PS3,2011,0.0,100000.0,0.0,30000.0
Lego Star Wars: The Force Awakens,PS3,2016,30000.0,70000.0,0.0,20000.0
Worms 3D,PS2,2003,60000.0,50000.0,0.0,20000.0
Clock Tower: The First Fear,PS,1997,0.0,0.0,120000.0,10000.0
Kidou Senshi Gundam Seed Battle Destiny,PSV,2012,0.0,0.0,120000.0,0.0
Star Trek: Conquest,Wii,2007,110000.0,10000.0,0.0,10000.0
Strikers 1945,PS,1998,70000.0,50000.0,0.0,10000.0
Obscure: The Aftermath,Wii,2008,120000.0,0.0,0.0,10000.0
Galidor: Defenders of the Outer Dimension,GBA,2002,90000.0,30000.0,0.0,0.0
Tom Clancy's Splinter Cell Trilogy,PS3,2011,0.0,100000.0,0.0,30000.0
Fire ProWrestling S: 6Men Scramble,SAT,1996,0.0,0.0,120000.0,0.0
Blackwater,X360,2011,90000.0,20000.0,0.0,10000.0
Pryzm Chapter One: The Dark Unicorn,PS2,2002,60000.0,50000.0,0.0,20000.0
Gundam Battle Royale,PSP,2006,0.0,0.0,120000.0,0.0
Solitaire & Mahjong,Wii,2009,110000.0,0.0,0.0,10000.0
Zen-Nippon Pro Wrestling: Ouja no Kon,PS,1999,0.0,0.0,120000.0,10000.0
NASCAR 2005: Chase for the Cup,GC,2004,100000.0,20000.0,0.0,0.0
Homefront: The Revolution,XOne,2016,50000.0,70000.0,0.0,10000.0
"Hisshou Pachinko*Pachi-Slot Kouryaku Series Vol. 12: CR Shinseiki Evangelion - Shito, Futatabi",PS2,2008,0.0,0.0,120000.0,0.0
Guilty Gear X,PS2,2001,60000.0,50000.0,0.0,20000.0
Deadliest Catch: Sea of Chaos,Wii,2010,120000.0,0.0,0.0,10000.0
One Piece: Pirate Warriors 2,PSV,2013,0.0,0.0,120000.0,0.0
NHL 2002,GBA,2002,90000.0,30000.0,0.0,0.0
Disney's PK: Out of the Shadows,PS2,2002,60000.0,50000.0,0.0,20000.0
Karaoke Revolution,X360,2009,120000.0,0.0,0.0,10000.0
Echo Night,PS,1998,30000.0,20000.0,70000.0,10000.0
Are You Smarter than a 5th Grader? Game Time,X360,2009,120000.0,0.0,0.0,10000.0
Rocket League,XOne,2016,30000.0,90000.0,0.0,10000.0
Wild ARMs 5 (jp sales),PS2,2006,0.0,0.0,120000.0,0.0
Tom Clancy's Splinter Cell: Blacklist,WiiU,2013,50000.0,70000.0,0.0,10000.0
Gladiator Begins,PSP,2010,50000.0,10000.0,50000.0,10000.0
Colony Wars III: Red Sun,PS,2000,70000.0,50000.0,0.0,10000.0
Magic: The Gathering - Battlemage,PS,1997,70000.0,50000.0,0.0,10000.0
The King of Fighters '98 Ultimate Match,PS2,2008,40000.0,30000.0,30000.0,10000.0
Onechanbara: Bikini Zombie Slayers,Wii,2008,110000.0,0.0,0.0,10000.0
Puzzle Quest: Challenge of the Warlords,PS2,2007,60000.0,50000.0,0.0,20000.0
Angry Birds Star Wars,PSV,2013,50000.0,40000.0,0.0,30000.0
Guardian's Crusade,PS,1998,70000.0,50000.0,0.0,10000.0
Undead Knights,PSP,2009,50000.0,10000.0,60000.0,10000.0
Final Fantasy XIV: Heavensward,PS4,2015,0.0,50000.0,60000.0,10000.0
Lemony Snicket's A Series of Unfortunate Events,XB,2004,90000.0,30000.0,0.0,0.0
MotoGP 3 - Official Game of MotoGP,PS2,2003,60000.0,50000.0,0.0,20000.0
Makai Kingdom: Chronicles of the Sacred Tome,PS2,2005,60000.0,50000.0,0.0,20000.0
The Ant Bully,GC,2006,90000.0,20000.0,0.0,0.0
Bomberman Party Edition,PS,1998,70000.0,50000.0,0.0,10000.0
Gotouchi Tetsudou: Gotouchi Chara to Nihon Zenkoku no Tabi,3DS,2014,0.0,0.0,120000.0,0.0
Dragon Ball Z: Battle of Z,PSV,2014,0.0,40000.0,60000.0,20000.0
Summon Night 3,PSP,2012,0.0,0.0,120000.0,0.0
O.D.T.: Escape... Or Die Trying,PS,1997,70000.0,50000.0,0.0,10000.0
Escape The Museum,Wii,2009,110000.0,10000.0,0.0,10000.0
Fuse (Insomniac),PS3,2013,60000.0,40000.0,0.0,20000.0
MotoGP 14,PS3,2014,40000.0,60000.0,0.0,20000.0
Cars 2,PSP,2011,100000.0,10000.0,0.0,10000.0
Mobile Suit Gundam Seed: Rengou vs. Z.A.F.T. Portable,PSP,2007,0.0,0.0,120000.0,0.0
San Goku Shi V,SAT,1996,0.0,0.0,120000.0,0.0
Puzzle Kingdoms,Wii,2009,110000.0,0.0,0.0,10000.0
WRC 5: FIA World Rally Championship,PS3,2015,20000.0,90000.0,0.0,20000.0
Red Faction II,XB,2003,90000.0,30000.0,0.0,0.0
Daikaijyuu Monogatari II,SNES,1996,0.0,0.0,120000.0,0.0
Rock Band Track Pack Volume 2,PS2,2008,60000.0,50000.0,0.0,20000.0
Voodoo Vince,XB,2003,90000.0,30000.0,0.0,0.0
Bodycount,PS3,2011,50000.0,60000.0,0.0,20000.0
Gundam Memories: Tatakai no Kioku,PSP,2011,0.0,0.0,120000.0,0.0
Megamind: Ultimate Showdown,X360,2010,70000.0,40000.0,0.0,10000.0
Neopets Petpet Adventures: The Wand of Wishing,PSP,2006,110000.0,0.0,0.0,10000.0
Ferrari Challenge Trofeo Pirelli,PS2,2008,60000.0,50000.0,0.0,20000.0
Virtua Fighter CG Portrait Series Vol.4: Pai Chan,SAT,1995,0.0,0.0,120000.0,0.0
Chase: Hollywood Stunt Driver,XB,2002,90000.0,30000.0,0.0,0.0
The X Files: Resist or Serve,PS2,2004,60000.0,50000.0,0.0,20000.0
Mobile Suit Gundam Side Story: Missing Link,PS3,2014,0.0,0.0,120000.0,0.0
Curious George,PS2,2006,60000.0,50000.0,0.0,20000.0
Crush3D,3DS,2012,70000.0,40000.0,0.0,10000.0
Zathura,PS2,2005,60000.0,50000.0,0.0,20000.0
Mountain Sports,Wii,2009,110000.0,0.0,0.0,10000.0
Tenchu: Shadow Assassins,PSP,2009,30000.0,30000.0,50000.0,10000.0
NPPL: Championship Paintball 2009,X360,2008,100000.0,10000.0,0.0,10000.0
Lost Planet 3,X360,2013,70000.0,40000.0,10000.0,10000.0
Making History: The Great War,PSP,2010,0.0,0.0,120000.0,0.0
Shin Megami Tensei: Devil Survivor 2,3DS,2015,0.0,30000.0,90000.0,0.0
The God of War Trilogy,PS3,2010,0.0,70000.0,30000.0,20000.0
Dance Paradise,X360,2010,100000.0,10000.0,0.0,10000.0
Blazblue: Continuum Shift Extend,PSV,2011,30000.0,50000.0,20000.0,20000.0
Cel Damage,XB,2001,90000.0,30000.0,0.0,0.0
Go! Sudoku,PSP,2005,110000.0,0.0,0.0,10000.0
Alice: Madness Returns,PC,2011,0.0,100000.0,0.0,20000.0
SSX 3,GBA,2003,90000.0,30000.0,0.0,0.0
The King of Fighters Collection: The Orochi Saga,Wii,2008,110000.0,0.0,0.0,10000.0
Breakdown,XB,2004,90000.0,30000.0,0.0,0.0
Rush,PSP,2006,110000.0,0.0,0.0,10000.0
The Legend of Heroes: Trails of Cold Steel II,PS3,2014,10000.0,0.0,110000.0,0.0
Looney Tunes: Sheep Raider,PS,2001,70000.0,50000.0,0.0,10000.0
Harvest Moon 2 GBC,GB,1999,0.0,0.0,120000.0,0.0
Killer is Dead,X360,2013,80000.0,20000.0,10000.0,10000.0
Lost in Shadow,Wii,2010,100000.0,0.0,10000.0,10000.0
X2: Wolverine's Revenge,GC,2003,90000.0,20000.0,0.0,0.0
McDROID,Wii,2011,0.0,0.0,120000.0,0.0
Gallop Racer 2000,PS,2000,0.0,0.0,110000.0,10000.0
Showdown: Legends of Wrestling,XB,2004,90000.0,30000.0,0.0,0.0
Macross Triangle Frontier,PSP,2011,0.0,0.0,120000.0,0.0
Chessmaster: The Art of Learning,PSP,2008,110000.0,0.0,0.0,10000.0
Gundam Breaker 3,PSV,2016,0.0,0.0,120000.0,0.0
Fat Princess: Fistful of Cake,PSP,2010,80000.0,20000.0,0.0,20000.0
NFL QB Club 2001,N64,2000,110000.0,10000.0,0.0,0.0
Earthworm Jim 3D,N64,1999,100000.0,20000.0,0.0,0.0
Rocket: Robot on Wheels,N64,1999,100000.0,20000.0,0.0,0.0
Densha De Go! 64,N64,1999,0.0,0.0,50000.0,70000.0
Conception II: Children of the Seven Stars,3DS,2013,90000.0,0.0,30000.0,10000.0
Sega Soccer Slam,PS2,2002,60000.0,50000.0,0.0,20000.0
Dora the Explorer: Dora Saves the Mermaids,PS2,2008,60000.0,50000.0,0.0,20000.0
Grand Theft Auto: San Andreas,X360,2008,80000.0,30000.0,0.0,10000.0
Phantasy Star Universe,X360,2006,90000.0,20000.0,0.0,10000.0
Skate City Heroes,Wii,2008,110000.0,0.0,0.0,10000.0
NASCAR Unleashed,X360,2011,110000.0,0.0,0.0,10000.0
2 Games in 1 Double Pack: Hot Wheels Velocity X / Hot Wheels World Race,GBA,2005,90000.0,30000.0,0.0,0.0
College Hoops 2K6,X360,2006,110000.0,0.0,0.0,10000.0
Mytran Wars,PSP,2009,80000.0,20000.0,0.0,20000.0
Prince of Persia: Rival Swords,PSP,2007,80000.0,20000.0,0.0,20000.0
Mahou Shoujo Lyrical Nanoha A's Portable: The Gears of Destiny,PSP,2011,0.0,0.0,120000.0,0.0
Gungnir: Mayari no Gunshin to Eiyuu Sensou,PSP,2011,70000.0,0.0,40000.0,10000.0
Dodge Racing: Charger vs Challenger,Wii,2009,110000.0,0.0,0.0,10000.0
Fate/Extra CCC,PSP,2013,0.0,0.0,120000.0,0.0
MTV Sports: Pure Ride,PS,2000,70000.0,50000.0,0.0,10000.0
Sonic Adventure 2,DC,2001,0.0,0.0,120000.0,0.0
Burning Road,PS,1996,70000.0,50000.0,0.0,10000.0
Slayers,SNES,1994,0.0,0.0,120000.0,0.0
IndyCar Series,PS2,2003,60000.0,50000.0,0.0,20000.0
Space Chimps,PS2,2008,60000.0,50000.0,0.0,20000.0
Crash Superpack: Crash Bandicoot 2: N-Tranced / Crash Nitro Kart,GBA,2005,90000.0,30000.0,0.0,0.0
Famicom Mini: TwinBee,GBA,2004,0.0,0.0,120000.0,0.0
Gladiator: Sword of Vengeance,PS2,2003,60000.0,50000.0,0.0,20000.0
nail'd,PS3,2010,80000.0,20000.0,0.0,20000.0
PixelJunk Monsters Deluxe,PSP,2010,110000.0,0.0,0.0,10000.0
Tom Clancy's EndWar,PSP,2008,100000.0,10000.0,0.0,10000.0
Ultimate Card Games,GBA,2003,90000.0,30000.0,0.0,0.0
Jikkyou Powerful Pro Yakyuu 8 Ketteiban,PS2,2001,0.0,0.0,120000.0,0.0
Wallace & Gromit: Curse of the Were-Rabbit,PS2,2005,60000.0,50000.0,0.0,20000.0
DreamWorks Super Star Kartz,3DS,2011,80000.0,30000.0,0.0,10000.0
The Bible Game,GBA,2005,90000.0,30000.0,0.0,0.0
NFL Head Coach,XB,2006,90000.0,30000.0,0.0,0.0
Pinball Hall of Fame: The Williams Collection,X360,2009,110000.0,0.0,0.0,10000.0
Medarot 4: Kabuto / Kuwagata Version,GB,2001,0.0,0.0,120000.0,0.0
Backyard Sports Football: Rookie Rush,X360,2010,110000.0,0.0,0.0,10000.0
Sacred 3,PS3,2014,30000.0,50000.0,20000.0,20000.0
Vacation Isle: Beach Party,Wii,2010,90000.0,20000.0,0.0,10000.0
Fit in Six,Wii,2011,110000.0,0.0,0.0,10000.0
Mahou Shoujo Lyrical Nanoha A's Portable: The Battle of Aces,PSP,2010,0.0,0.0,120000.0,0.0
"Ed, Edd n Eddy: The Mis-Edventures",GBA,2005,80000.0,30000.0,0.0,0.0
Onimusha: Blade Warriors,PS2,2003,60000.0,50000.0,0.0,20000.0
Disney's Extreme Skate Adventure,GC,2003,90000.0,20000.0,0.0,0.0
Akuji the Heartless,PS,1998,70000.0,40000.0,0.0,10000.0
NBA 2K2,GC,2002,90000.0,20000.0,0.0,0.0
7 Days to Die,PS4,2016,30000.0,70000.0,0.0,20000.0
Monster Jam: Path of Destruction,X360,2010,110000.0,0.0,0.0,10000.0
Everybody Dance,PS3,2011,110000.0,0.0,0.0,10000.0
Psychonauts,XB,2005,90000.0,30000.0,0.0,0.0
Power Gig: Rise of the SixString,X360,2010,110000.0,0.0,0.0,10000.0
Deus Ex: Human Revolution,WiiU,2013,60000.0,50000.0,0.0,10000.0
Jeremy McGrath Supercross World,GC,2002,90000.0,20000.0,0.0,0.0
Uta no * Prince-Sama: All Star,PSP,2013,0.0,0.0,120000.0,0.0
HardBall 5,PS,1996,70000.0,40000.0,0.0,10000.0
Airborne Troops: Countdown to D-Day,PS2,2005,60000.0,50000.0,0.0,20000.0
MLB Inside Pitch 2003,XB,2003,90000.0,30000.0,0.0,0.0
ArmA III,PC,2013,0.0,100000.0,0.0,20000.0
The Walking Dead: Season Two,X360,2014,40000.0,70000.0,0.0,10000.0
One Piece: Super Grand Battle! X,3DS,2014,0.0,0.0,120000.0,0.0
Self-Defense Training Camp,X360,2011,80000.0,30000.0,0.0,10000.0
Deca Sports Extreme,3DS,2011,80000.0,0.0,30000.0,10000.0
Cruis'n,Wii,2007,100000.0,10000.0,0.0,10000.0
Hatsune Miku: Project Diva X,PSV,2016,10000.0,0.0,100000.0,0.0
Battle Arena Toshinden Remix,SAT,1994,0.0,0.0,120000.0,0.0
Assassin's Creed Chronicles,PSV,2016,20000.0,60000.0,10000.0,20000.0
Legends of Wrestling II,GC,2002,90000.0,20000.0,0.0,0.0
Tropico 5,PC,2014,20000.0,80000.0,0.0,10000.0
A.C.E.: Another Century's Episode Portable,PSP,2011,0.0,0.0,120000.0,0.0
Dragon Quest Builders: Revive Alefgard,PS3,2016,0.0,0.0,120000.0,0.0
Rodea the Sky Soldier,WiiU,2015,80000.0,20000.0,10000.0,10000.0
Jikkyou Powerful Pro Yakyuu 9,GC,2002,0.0,0.0,110000.0,0.0
Sniper Elite,Wii,2010,80000.0,30000.0,0.0,10000.0
Etrian Odyssey V,3DS,2016,0.0,0.0,120000.0,0.0
Jikkyou Powerful Pro Yakyuu 2014,PSV,2014,0.0,0.0,120000.0,0.0
Barbie as The Island Princess,PS2,2007,60000.0,40000.0,0.0,20000.0
Crime Killer,PS,1998,70000.0,40000.0,0.0,10000.0
NPPL: Championship Paintball 2009,Wii,2008,110000.0,0.0,0.0,10000.0
Backyard Wrestling 2: There Goes the Neighborhood,XB,2004,90000.0,30000.0,0.0,0.0
Don Bradman Cricket 14,PS4,2015,10000.0,90000.0,0.0,20000.0
MegaTagmension Blanc + Neptune VS Zombies,PSV,2015,20000.0,30000.0,50000.0,10000.0
Bishoujo Senshi Sailormoon S: Juugai Rantou!? Shuyaku Soudatsusen,SNES,1994,0.0,0.0,120000.0,0.0
SD Gundam G Generation-F.I.F,PS,2001,0.0,0.0,110000.0,10000.0
Jaws: Ultimate Predator,3DS,2011,110000.0,0.0,0.0,10000.0
Yakuza Kiwami,PS3,2016,0.0,0.0,120000.0,0.0
Raiden IV,X360,2008,100000.0,0.0,10000.0,10000.0
Deception IV: Blood Ties,PS3,2014,20000.0,20000.0,60000.0,10000.0
The Walking Dead: Survival Instinct,WiiU,2013,80000.0,30000.0,0.0,10000.0
Rock Band: Metal Track Pack,PS3,2009,110000.0,0.0,0.0,10000.0
DreamWorks Super Star Kartz,PS3,2011,60000.0,30000.0,0.0,20000.0
Harukanaru Augusta 2: Masters,SNES,1993,0.0,0.0,120000.0,0.0
Castlevania: Curse of Darkness,XB,2005,90000.0,30000.0,0.0,0.0
Spider-Man: Edge of Time,3DS,2011,80000.0,30000.0,0.0,10000.0
Mobil 1 Rally Championship,PS,2000,70000.0,40000.0,0.0,10000.0
King of Colosseum (Red): Shin Nippon x Zen Nippon x Pancrase Disc,PS2,2002,0.0,0.0,120000.0,0.0
Turok: Evolution,GBA,2002,80000.0,30000.0,0.0,0.0
Love Live! School Idol Paradise,PSV,2014,0.0,0.0,120000.0,0.0
Rugrats: Totally Angelica,PS,2001,60000.0,40000.0,0.0,10000.0
Nightshade,PS2,2003,60000.0,40000.0,0.0,10000.0
NFL Tour,PS3,2008,100000.0,10000.0,0.0,10000.0
Ridge Racer Unbounded,X360,2012,50000.0,50000.0,0.0,10000.0
CSI: Crime Scene Investigation,XB,2004,90000.0,30000.0,0.0,0.0
The Lord of the Rings: Aragorn's Quest,PSP,2010,70000.0,20000.0,0.0,20000.0
Yogi Bear: The Video Game,Wii,2010,60000.0,50000.0,0.0,10000.0
Makai Shin Trillion,PSV,2014,20000.0,20000.0,60000.0,10000.0
Buffy the Vampire Slayer: Chaos Bleeds,XB,2003,90000.0,30000.0,0.0,0.0
Lost Horizon,PC,2010,0.0,100000.0,0.0,20000.0
Hanagumi Taisen Columns,SAT,1997,0.0,0.0,120000.0,0.0
Tales of Destiny 2,PSP,2007,0.0,0.0,120000.0,0.0
Teenage Mutant Ninja Turtles 3: Mutant Nightmare,GC,2005,90000.0,20000.0,0.0,0.0
Get Up and Dance,Wii,2011,60000.0,40000.0,0.0,10000.0
Merv Griffin's Crosswords,Wii,2008,110000.0,0.0,0.0,10000.0
Planet 51,PS3,2009,70000.0,30000.0,0.0,20000.0
Tokyo Twilight Ghost Hunters,PSV,2014,60000.0,10000.0,20000.0,20000.0
Deadpool,XOne,2015,80000.0,30000.0,0.0,10000.0
UN Squadron,SNES,1991,0.0,0.0,120000.0,0.0
Tecmo Super Bowl,PS,1996,60000.0,40000.0,0.0,10000.0
TMNT,PSP,2007,100000.0,10000.0,0.0,10000.0
Dora the Explorer: Journey to the Purple Planet,GC,2005,90000.0,20000.0,0.0,0.0
Lunar 2: Eternal Blue,SAT,1998,0.0,0.0,120000.0,0.0
NHL Powerplay '96,PS,1996,60000.0,40000.0,0.0,10000.0
Thousand Arms,PS,1998,60000.0,40000.0,0.0,10000.0
Arctic Thunder,XB,2001,90000.0,20000.0,0.0,0.0
Hyperdimension Neptunia Re;Birth 3,PSV,2014,70000.0,10000.0,0.0,30000.0
Barnyard,GC,2006,90000.0,20000.0,0.0,0.0
Stolen Song,PS,1998,0.0,0.0,110000.0,10000.0
Darkspore,PC,2011,70000.0,30000.0,0.0,10000.0
2 in 1 Combo Pack: Sonic Heroes / Super Monkey Ball Deluxe,X360,2013,90000.0,10000.0,0.0,10000.0
Armored Core: Verdict Day,PS3,2013,0.0,0.0,120000.0,0.0
Harvey Birdman: Attorney at Law,PS2,2008,60000.0,40000.0,0.0,10000.0
Wipeout 2,PS3,2011,110000.0,0.0,0.0,10000.0
Sengoku Cyber: Fujimaru Jigokuhen,PS,1995,0.0,0.0,110000.0,10000.0
Hisshou Pachinko*Pachi-Slot Kouryaku Series Vol.10: CR Shinseiki Evangelion: Kiseki no Kachi,PS2,2007,0.0,0.0,120000.0,0.0
Brunswick Pro Bowling,3DS,2011,110000.0,0.0,0.0,10000.0
Fantastic Four: Rise of the Silver Surfer,X360,2007,100000.0,10000.0,0.0,10000.0
Center Ring Boxing,SAT,1994,0.0,0.0,120000.0,0.0
NHL 2K3,XB,2002,90000.0,20000.0,0.0,0.0
Die Hard: Vendetta,GC,2002,90000.0,20000.0,0.0,0.0
Sword Art Online: Hollow Fragment,PS4,2015,0.0,100000.0,0.0,20000.0
F1 2002,PS2,2002,50000.0,40000.0,20000.0,10000.0
Hasbro Family Game Night Fun Pack,Wii,2011,110000.0,0.0,0.0,10000.0
FIFA Soccer,PSP,2005,110000.0,0.0,0.0,10000.0
Dead Island Definitive Collection,PS4,2016,20000.0,70000.0,10000.0,20000.0
Sphinx and the Cursed Mummy,XB,2003,90000.0,20000.0,0.0,0.0
GT Advance 2: Rally Racing,GBA,2001,80000.0,30000.0,0.0,0.0
Yakuza,PS3,2012,0.0,0.0,110000.0,0.0
DOA 2: Dead or Alive 2 Hardcore,PS2,2000,0.0,0.0,110000.0,0.0
Hollywood Squares,Wii,2010,110000.0,0.0,0.0,10000.0
Cabela's Deer Hunt 2005 Season,XB,2004,90000.0,20000.0,0.0,0.0
SplashDown,XB,2002,90000.0,20000.0,0.0,0.0
Nobunaga no Yabou: Tenshoki,SAT,1995,0.0,0.0,110000.0,0.0
Stronghold,PC,2001,0.0,90000.0,0.0,20000.0
Warhammer: Battle March,X360,2008,90000.0,20000.0,0.0,10000.0
F1 Racing Championship,PS,2000,60000.0,40000.0,0.0,10000.0
Dead Man's Hand,XB,2004,90000.0,20000.0,0.0,0.0
Smash Cars,PS2,2003,60000.0,40000.0,0.0,10000.0
NASCAR 07,PS2,2006,60000.0,40000.0,0.0,10000.0
Karaoke Revolution Presents American Idol Encore 2,PS3,2008,110000.0,0.0,0.0,10000.0
Nickelodeon Dance,X360,2011,80000.0,20000.0,0.0,10000.0
Cabela's North American Adventures,PS3,2010,110000.0,0.0,0.0,10000.0
Jikkyou Powerful Pro Yakyuu 12 Ketteiban,PS2,2005,0.0,0.0,110000.0,0.0
Melty Blood: Act Cadenza,PS2,2006,0.0,0.0,110000.0,0.0
Dokapon Kingdom,PS2,2007,50000.0,40000.0,20000.0,10000.0
ToeJam & Earl III: Mission to Earth,XB,2002,90000.0,20000.0,0.0,0.0
Phantasy Star Collection,GBA,2002,80000.0,30000.0,0.0,0.0
Doukoku Shoshite...,SAT,1998,0.0,0.0,110000.0,0.0
LEGO Knights' Kingdom,GBA,2004,80000.0,30000.0,0.0,0.0
Final Fantasy III,PSP,2012,0.0,0.0,110000.0,0.0
Family Game Night 4: The Game Show,PS3,2011,80000.0,20000.0,0.0,10000.0
NBA Jam 2002,GBA,2002,80000.0,30000.0,0.0,0.0
Every Extend Extra,PSP,2006,100000.0,10000.0,0.0,10000.0
Shining Force NEO,PS2,2005,60000.0,40000.0,0.0,10000.0
Tony Hawk's Pro Skater 5,XOne,2015,80000.0,20000.0,0.0,10000.0
SingStar Latino,PS3,2009,110000.0,0.0,0.0,10000.0
Army Men: Sarge's War,XB,2004,90000.0,20000.0,0.0,0.0
Pocket Soccer League: Calciobit,3DS,2012,0.0,0.0,110000.0,0.0
Primal Rage,PS,1994,60000.0,40000.0,0.0,10000.0
FIFA Street 2,GC,2006,90000.0,20000.0,0.0,0.0
DiRT Rally,XOne,2016,30000.0,80000.0,0.0,10000.0
UEFA Euro 2016,PS3,2016,0.0,80000.0,20000.0,10000.0
Taito Legends,PS2,2005,60000.0,40000.0,0.0,10000.0
Tom Clancy's Rainbow Six: Rogue Spear,GBA,2002,80000.0,30000.0,0.0,0.0
BoomBots,PS,1999,60000.0,40000.0,0.0,10000.0
Monster Madness: Battle for Suburbia,X360,2007,100000.0,0.0,0.0,10000.0
FIFA Soccer 06,PSP,2005,100000.0,10000.0,0.0,10000.0
Life is Strange,XOne,2016,80000.0,20000.0,0.0,10000.0
NFL Head Coach 09,X360,2008,110000.0,0.0,0.0,10000.0
World Championship Rugby,PS2,2004,60000.0,40000.0,0.0,10000.0
Phantom Dust,XB,2004,80000.0,20000.0,0.0,0.0
Shinseiki Evangelion: Koutetsu no Girlfriend,PS,1998,0.0,0.0,110000.0,10000.0
Shin Sangoku Musou: Multi Raid 2,PSP,2010,0.0,0.0,110000.0,0.0
Taiko Drum Master: Tokumori!,WiiU,2014,0.0,0.0,110000.0,0.0
Growlanser Generations,PS2,2003,60000.0,40000.0,0.0,10000.0
Mega Man Battle Chip Challenge,GBA,2003,80000.0,30000.0,0.0,0.0
Puyo Puyo Tetris,3DS,2014,0.0,0.0,110000.0,0.0
Pro Evolution Soccer 2014,PC,2013,0.0,90000.0,0.0,20000.0
"Sakura Wars: So Long, My Love",Wii,2010,60000.0,40000.0,0.0,10000.0
Family Fun Football,Wii,2009,100000.0,0.0,0.0,10000.0
Ring of Red,PS2,2000,60000.0,40000.0,0.0,10000.0
Cold Winter,PS2,2005,60000.0,40000.0,0.0,10000.0
International Track & Field 2000,PS,1999,60000.0,40000.0,0.0,10000.0
PDC World Championship Darts: Pro Tour,PS3,2010,0.0,90000.0,0.0,30000.0
Stubbs the Zombie in Rebel Without a Pulse,XB,2005,80000.0,20000.0,0.0,0.0
Batman: Dark Tomorrow,XB,2003,80000.0,20000.0,0.0,0.0
Fatal Frame: Maiden of Black Water,WiiU,2014,0.0,30000.0,80000.0,0.0
MySims SkyHeroes,PS3,2010,80000.0,20000.0,0.0,10000.0
Blood Drive,X360,2010,90000.0,10000.0,0.0,10000.0
18 Wheeler: American Pro Trucker,GC,2002,90000.0,20000.0,0.0,0.0
Start the Party! Save the World,PS3,2011,0.0,90000.0,0.0,30000.0
The King of Fighters XII,X360,2009,90000.0,0.0,10000.0,10000.0
Naruto Ultimate Collection,PS2,2008,60000.0,40000.0,0.0,10000.0
The King of Fighters '99,PS,2000,0.0,0.0,110000.0,10000.0
Mass Destruction,PS,1997,60000.0,40000.0,0.0,10000.0
Bodycount,X360,2011,70000.0,30000.0,0.0,10000.0
Batman: Rise of Sin Tzu,XB,2003,80000.0,20000.0,0.0,0.0
Shinseiki Evangelion: Koutetsu no Girlfriend,SAT,1998,0.0,0.0,110000.0,0.0
Skylanders: SuperChargers,3DS,2015,50000.0,60000.0,0.0,10000.0
Super Swing Golf Season 2,Wii,2007,80000.0,0.0,30000.0,10000.0
Queen's Blade: Spiral Chaos,PSP,2009,0.0,0.0,110000.0,0.0
Jikkyou Powerful Pro Yakyuu '95,PS,1994,0.0,0.0,110000.0,10000.0
Spy vs Spy,XB,2005,80000.0,20000.0,0.0,0.0
Coraline,PS2,2009,60000.0,40000.0,0.0,10000.0
The Price is Right: Decades,X360,2011,110000.0,0.0,0.0,10000.0
Sega Touring Car Championship,SAT,1996,0.0,0.0,110000.0,0.0
JASF: Jane's Advanced Strike Fighters,PS3,2011,70000.0,30000.0,0.0,20000.0
Cold Fear,PS2,2005,60000.0,40000.0,0.0,10000.0
Akiba's Trip: Undead & Undressed,PS4,2014,80000.0,0.0,10000.0,20000.0
Zangeki no Reginleiv,Wii,2010,0.0,0.0,110000.0,0.0
Stronghold Kingdoms,PC,2011,0.0,100000.0,0.0,20000.0
Vacation Sports,Wii,2009,100000.0,10000.0,0.0,10000.0
Daito Giken Koushiki Pachi-Slot Simulator: Hihouden,PS2,2006,0.0,0.0,110000.0,0.0
PDC World Championship Darts: Pro Tour,Wii,2010,0.0,100000.0,0.0,10000.0
Pimp My Ride,Wii,2008,100000.0,0.0,0.0,10000.0
Surf's Up,PSP,2007,20000.0,60000.0,0.0,30000.0
Invizimals: The Lost Tribes,PSP,2011,0.0,80000.0,0.0,40000.0
NHL Hitz 20-03,XB,2002,80000.0,20000.0,0.0,0.0
Murakumo: Renegade Mech Pursuit,XB,2002,40000.0,10000.0,60000.0,0.0
Heavy Fire: Afghanistan,Wii,2011,110000.0,0.0,0.0,10000.0
Samurai Warriors 4-II,PS4,2015,30000.0,20000.0,60000.0,10000.0
Open Season,X360,2006,100000.0,0.0,0.0,10000.0
Gun Metal,XB,2002,80000.0,20000.0,0.0,0.0
John Daly's ProStroke Golf,PS3,2010,90000.0,20000.0,0.0,10000.0
Pro Yaky? Spirits 5,PS3,2008,0.0,0.0,110000.0,0.0
Samurai Warriors 4-II,PS3,2015,0.0,0.0,110000.0,0.0
BloodRayne,GC,2002,90000.0,20000.0,0.0,0.0
The Hardy Boys: The Hidden Theft,Wii,2009,70000.0,30000.0,0.0,10000.0
Metal Slug 4 & 5,PS2,2005,50000.0,40000.0,0.0,10000.0
Pac-Man and the Ghostly Adventures 2,X360,2014,50000.0,50000.0,0.0,10000.0
ECW Anarchy Rulz,PS,1999,60000.0,40000.0,0.0,10000.0
InuYasha: A Feudal Fairy Tale,PS,2002,0.0,0.0,100000.0,10000.0
Funky Barn,3DS,2012,70000.0,30000.0,0.0,10000.0
J-League Winning Eleven 9: Asia Championship,PS2,2005,0.0,0.0,110000.0,0.0
Sabrina The Teenage Witch: Potion Commotion,GBA,2002,80000.0,30000.0,0.0,0.0
Pac-Man Pinball Advance,GBA,2005,80000.0,30000.0,0.0,0.0
Yu Yu Hakusho: Tournament Tactics,GBA,2004,80000.0,30000.0,0.0,0.0
Home Run King,GC,2002,90000.0,20000.0,0.0,0.0
To Heart 2: Dungeon Travelers,PSP,2011,0.0,0.0,110000.0,0.0
Where the Wild Things Are,X360,2009,100000.0,0.0,0.0,10000.0
Criminal Girls: Invite Only,PSV,2013,40000.0,20000.0,40000.0,20000.0
WWE All Stars,PS2,2011,50000.0,40000.0,0.0,10000.0
MLB Power Pros,PS2,2007,0.0,0.0,110000.0,0.0
Truth or Lies,X360,2010,70000.0,30000.0,0.0,10000.0
Virtua Fighter CG Portrait Series Vol.1: Sarah Bryant,SAT,1995,0.0,0.0,110000.0,0.0
AirForce Delta Strike,PS2,2004,50000.0,40000.0,0.0,10000.0
Dora's Big Birthday Adventure,Wii,2010,100000.0,10000.0,0.0,10000.0
Disney's Peter Pan: Return to Never Land,GBA,2002,80000.0,30000.0,0.0,0.0
The Fairly Odd Parents: Breakin Da Rules,XB,2003,80000.0,20000.0,0.0,0.0
Monkey Island: Special Edition Collection,PS3,2011,0.0,80000.0,0.0,30000.0
Capcom vs. SNK 2 EO,GC,2002,90000.0,20000.0,0.0,0.0
Hot Wheels Velocity X,GC,2002,90000.0,20000.0,0.0,0.0
Super Run For Money Tousouchuu Atsumare! Saikyou no Tousou Monotachi,3DS,2015,0.0,0.0,110000.0,0.0
Spyborgs,Wii,2009,100000.0,10000.0,0.0,10000.0
Contra Advance: The Alien Wars EX,GBA,2002,80000.0,30000.0,0.0,0.0
Jikkyou Powerful Pro Baseball 2016,PS3,2016,0.0,0.0,110000.0,0.0
The History Channel: Battle for the Pacific,Wii,2007,100000.0,0.0,0.0,10000.0
18 Wheels of Steel: Extreme Trucker 2,PC,2011,80000.0,20000.0,0.0,10000.0
Happy Feet Two,3DS,2011,80000.0,20000.0,0.0,10000.0
Army Men: RTS,PS2,2002,50000.0,40000.0,0.0,10000.0
Mobile Suit Gundam: MS Sensen 0079,Wii,2007,0.0,0.0,110000.0,0.0
Pinball Hall of Fame: The Williams Collection,PSP,2008,90000.0,10000.0,0.0,10000.0
Space Chimps,X360,2008,100000.0,0.0,0.0,10000.0
The Spiderwick Chronicles,X360,2008,90000.0,10000.0,0.0,10000.0
Project CARS,PC,2015,0.0,100000.0,0.0,10000.0
Eragon,PSP,2006,100000.0,0.0,0.0,10000.0
Shin Kamaitachi no Yoru: 11 Hitome no Suspect,PS3,2011,0.0,0.0,110000.0,0.0
Mortal Kombat: Deception,GC,2005,90000.0,20000.0,0.0,0.0
ESPN NHL Hockey,XB,2003,80000.0,20000.0,0.0,0.0
Monster Lab,PS2,2008,50000.0,40000.0,0.0,10000.0
XXX,GBA,2002,80000.0,30000.0,0.0,0.0
Machinarium,PC,2009,0.0,90000.0,0.0,20000.0
The Smurfs 2,PS3,2013,20000.0,70000.0,0.0,20000.0
Maximum Force,PS,1997,60000.0,40000.0,0.0,10000.0
NCIS 3D,3DS,2011,60000.0,40000.0,0.0,10000.0
Worms Forts: Under Siege,PS2,2004,50000.0,40000.0,0.0,10000.0
Totally Spies! Totally Party,Wii,2008,90000.0,10000.0,0.0,10000.0
Smash Court Tennis 3,X360,2007,80000.0,20000.0,0.0,10000.0
DualPenSports,3DS,2011,50000.0,50000.0,0.0,10000.0
Project: Snowblind,XB,2005,80000.0,20000.0,0.0,0.0
Astro Boy: The Video Game,PS2,2009,50000.0,40000.0,0.0,10000.0
Brave Story: New Traveler (US sales),PSP,2006,110000.0,0.0,0.0,0.0
Disney's Extreme Skate Adventure,XB,2003,80000.0,20000.0,0.0,0.0
Tales of Phantasia (PS1 & PSP Versions),PSP,2006,0.0,0.0,110000.0,0.0
The Adventures of Jimmy Neutron Boy Genius: Jet Fusion,GC,2003,90000.0,20000.0,0.0,0.0
Pac-Man World 2,GBA,2005,80000.0,30000.0,0.0,0.0
Yoostar2,PS3,2011,40000.0,50000.0,0.0,20000.0
Avatar: The Last Airbender,PSP,2006,100000.0,0.0,0.0,10000.0
Odama,GC,2006,70000.0,20000.0,20000.0,0.0
Karaoke Revolution Presents American Idol Encore,X360,2008,100000.0,0.0,0.0,10000.0
FlatOut: Ultimate Carnage,X360,2007,70000.0,30000.0,0.0,10000.0
Mobile Light Force 2,PS2,2002,50000.0,40000.0,0.0,10000.0
Naval Ops: Warship Gunner,PS2,2003,50000.0,40000.0,0.0,10000.0
"Sesame Street: Ready, Set, Grover!",Wii,2011,100000.0,0.0,0.0,10000.0
Shin Sangoku Musou 6 Special,PSP,2011,0.0,0.0,110000.0,0.0
The Penguins of Madagascar: Dr. Blowhole Returns - Again!,X360,2011,70000.0,30000.0,0.0,10000.0
Go! Sudoku (JP sales),PSP,2005,0.0,0.0,110000.0,0.0
EA Replay,PSP,2006,90000.0,0.0,0.0,10000.0
Bionicle Heroes,GC,2006,80000.0,20000.0,0.0,0.0
Split/Second,PSP,2010,70000.0,20000.0,0.0,20000.0
The Croods: Prehistoric Party!,Wii,2013,30000.0,70000.0,0.0,10000.0
The King of Fighters 2000/2001,PS2,2003,50000.0,40000.0,0.0,10000.0
Lunacy,SAT,1996,0.0,0.0,110000.0,0.0
Batman & Robin,PS,1998,60000.0,40000.0,0.0,10000.0
Snowboard Kids 2,N64,1999,90000.0,20000.0,0.0,0.0
Tonic Trouble,N64,1999,90000.0,20000.0,0.0,0.0
Nuclear Strike 64,N64,1999,90000.0,20000.0,0.0,0.0
Chameleon Twist,N64,1997,90000.0,20000.0,0.0,0.0
Top Gear Rally 2,N64,1999,90000.0,20000.0,0.0,0.0
Chopper Attack,N64,1997,90000.0,20000.0,0.0,0.0
Vigilante 8: 2nd Offense,N64,2000,90000.0,20000.0,0.0,0.0
Fighting Force 64,N64,1999,90000.0,20000.0,0.0,0.0
Thief (2014),PC,2014,0.0,90000.0,0.0,20000.0
Rock Band: Metal Track Pack,Wii,2009,100000.0,0.0,0.0,10000.0
Pac-Man and the Ghostly Adventures 2,PS3,2014,50000.0,40000.0,0.0,20000.0
BlazBlue: Calamity Trigger Portable,PSP,2010,70000.0,10000.0,30000.0,10000.0
Night at the Museum: Battle of the Smithsonian,X360,2009,70000.0,30000.0,0.0,10000.0
Street Fighter Collection,SAT,1996,0.0,0.0,110000.0,0.0
Ninja Assault,PS2,2002,50000.0,40000.0,0.0,10000.0
Tales of Berseria,PS3,2016,0.0,0.0,110000.0,0.0
Samurai Warriors 4,PSV,2014,0.0,0.0,110000.0,0.0
GunGriffon Blaze,PS2,2000,50000.0,40000.0,0.0,10000.0
Higurashi no Naku Koro ni Matsuri,PS2,2007,0.0,0.0,110000.0,0.0
Frontier Gate,PSP,2011,0.0,0.0,110000.0,0.0
Transformers: Devastation,PS3,2015,30000.0,70000.0,0.0,20000.0
Top Angler: Real Bass Fishing,PS2,2002,50000.0,40000.0,0.0,10000.0
Gabrielle's Ghostly Groove 3D,3DS,2011,80000.0,20000.0,0.0,10000.0
Michael Phelps: Push the Limit,X360,2011,90000.0,10000.0,0.0,10000.0
Breakout,PS,1999,60000.0,40000.0,0.0,10000.0
Frogger: Helmet Chaos,PSP,2005,100000.0,0.0,0.0,10000.0
AKB48+Me,3DS,2012,0.0,0.0,110000.0,0.0
Alias,PS2,2004,50000.0,40000.0,0.0,10000.0
Planet 51,X360,2009,70000.0,30000.0,0.0,10000.0
Call of Juarez: The Cartel,PC,2011,50000.0,50000.0,0.0,10000.0
Sakura Taisen Hanagumi Tsuushin,SAT,1997,0.0,0.0,110000.0,0.0
Famicom Mini: Famicom Tantei Club - Kieta Koukeisha Zenkouhen,GBA,2004,0.0,0.0,110000.0,0.0
Tornado Outbreak,Wii,2009,100000.0,0.0,0.0,10000.0
Pimp My Ride,X360,2006,100000.0,10000.0,0.0,10000.0
Michael Jackson: The Experience,PSV,2011,50000.0,40000.0,0.0,20000.0
Astro Boy: The Video Game,Wii,2009,100000.0,0.0,0.0,10000.0
Outlaw Golf: Nine Holes of Christmas,XB,2002,80000.0,20000.0,0.0,0.0
NHL Rivals 2004,XB,2003,80000.0,20000.0,0.0,0.0
X-Men: Next Dimension,XB,2002,80000.0,20000.0,0.0,0.0
Tyco RC: Assault with a Battery,PS,1999,60000.0,40000.0,0.0,10000.0
Felony 11-79,PS,1997,60000.0,40000.0,0.0,10000.0
Terraria,PSV,2013,0.0,10000.0,90000.0,0.0
Classic Road,SNES,1993,0.0,0.0,110000.0,0.0
Death Jr.: Root of Evil,Wii,2008,100000.0,0.0,0.0,10000.0
One Piece: Burning Blood,PSV,2016,0.0,30000.0,70000.0,10000.0
Panzer Dragoon Saga,SAT,1997,0.0,0.0,110000.0,0.0
Sonic Generations,PC,2011,20000.0,70000.0,0.0,20000.0
Shining Ark,PSP,2013,0.0,0.0,110000.0,0.0
The Scorpion King: Rise of the Akkadian,GC,2002,80000.0,20000.0,0.0,0.0
Backyard Baseball '10,Wii,2009,100000.0,0.0,0.0,10000.0
Transformers: Beast Wars Transmetals,PS,2000,60000.0,40000.0,0.0,10000.0
My Little Sister Can't Be This Cute Portable,PSP,2012,0.0,0.0,110000.0,0.0
Charlie and the Chocolate Factory,XB,2005,80000.0,20000.0,0.0,0.0
Constantine,PS2,2005,50000.0,40000.0,0.0,10000.0
Where the Wild Things Are,PS3,2009,90000.0,10000.0,0.0,10000.0
Dynasty Tactics 2,PS2,2003,50000.0,40000.0,0.0,10000.0
Real World Golf,PS2,2005,50000.0,40000.0,0.0,10000.0
Winter Heat,SAT,1996,0.0,0.0,110000.0,0.0
Ty the Tasmanian Tiger 2: Bush Rescue,XB,2004,80000.0,20000.0,0.0,0.0
Digimon Story: Cyber Sleuth,PS4,2016,0.0,90000.0,0.0,20000.0
JU-ON: The Grudge,Wii,2009,80000.0,10000.0,10000.0,10000.0
Defender,GC,2002,80000.0,20000.0,0.0,0.0
The Polar Express,GC,2004,80000.0,20000.0,0.0,0.0
BMX XXX,XB,2002,80000.0,20000.0,0.0,0.0
Akiba's Trip: Undead & Undressed,PS3,2013,50000.0,10000.0,40000.0,10000.0
Backyard NFL Football '10,X360,2009,100000.0,0.0,0.0,10000.0
The Godfather: Mob Wars,PSP,2006,90000.0,10000.0,0.0,10000.0
Lady Sia,GBA,2001,80000.0,30000.0,0.0,0.0
Rock Band: Metal Track Pack,PS2,2009,50000.0,40000.0,0.0,10000.0
Rocky Balboa,PSP,2007,10000.0,90000.0,0.0,10000.0
PriPara Mezase! Idol Grand Prix No.1!,3DS,2015,0.0,0.0,110000.0,0.0
National Geographic Challenge!,Wii,2011,80000.0,20000.0,0.0,10000.0
Robotech: Invasion,PS2,2004,50000.0,40000.0,0.0,10000.0
Hole in the Wall: Deluxe Edition,X360,2011,100000.0,0.0,0.0,10000.0
Dr. Seuss' The Cat in the Hat,XB,2003,80000.0,20000.0,0.0,0.0
Rogue Warrior,X360,2009,90000.0,10000.0,0.0,10000.0
Hellboy: The Science of Evil,X360,2008,100000.0,0.0,0.0,10000.0
Murdered: Soul Suspect,X360,2014,60000.0,40000.0,0.0,10000.0
X-Men: Destiny,Wii,2011,80000.0,20000.0,0.0,10000.0
Starsky & Hutch,GC,2003,80000.0,20000.0,0.0,0.0
Final Fantasy I & II,NES,1994,0.0,0.0,110000.0,0.0
Rugby 15,PS4,2015,30000.0,60000.0,0.0,20000.0
Langrisser IV,SAT,1997,0.0,0.0,110000.0,0.0
FoxKids.com Micro Maniacs Racing,PS,2000,60000.0,40000.0,0.0,10000.0
Hexen: Beyond Heretic,PS,1997,60000.0,40000.0,0.0,10000.0
Arcade Party Pak,PS,1999,60000.0,40000.0,0.0,10000.0
Kotoba no Puzzle: Mojipittan Daijiten,PSP,2004,0.0,0.0,110000.0,0.0
Picross 3D 2,3DS,2015,0.0,0.0,110000.0,0.0
Hitman Trilogy,PS2,2007,50000.0,40000.0,0.0,10000.0
Dragon Quest & Final Fantasy in Itadaki Street Portable,PSP,2006,0.0,0.0,110000.0,0.0
Tetris Evolution,X360,2007,80000.0,20000.0,0.0,10000.0
Patapon 2,PSP,2008,0.0,30000.0,60000.0,10000.0
Cabela's Adventure Camp,PS3,2011,60000.0,30000.0,0.0,20000.0
Attack of the Movies 3D,Wii,2010,100000.0,0.0,0.0,10000.0
Railroad Tycoon II,PS,1999,60000.0,40000.0,0.0,10000.0
Angry Birds Star Wars,WiiU,2013,60000.0,40000.0,0.0,10000.0
Transformer: Rise of the Dark Spark,XOne,2014,60000.0,30000.0,0.0,10000.0
Ranma 1/2: Akanekodan Teki Hihou,SNES,1993,0.0,0.0,110000.0,0.0
The BIGS,PSP,2007,100000.0,0.0,0.0,10000.0
Blades of Time,X360,2012,70000.0,30000.0,0.0,10000.0
Scribblenauts Unmasked: A DC Comics Adventure,WiiU,2013,100000.0,0.0,0.0,10000.0
Victory Zone,PS,1995,0.0,0.0,100000.0,10000.0
Rengoku: The Tower of Purgatory,PSP,2005,100000.0,0.0,0.0,10000.0
Goal Storm '97,PS,1996,10000.0,0.0,90000.0,10000.0
Paws & Claws: Pet Resort,Wii,2009,100000.0,0.0,0.0,10000.0
Dynasty Warriors Advance,GBA,2005,80000.0,30000.0,0.0,0.0
Pachi-Slot Aruze Oukoku 3,PS,2000,0.0,0.0,100000.0,10000.0
Tournament Pool,Wii,2009,100000.0,0.0,0.0,10000.0
Cabela's North American Adventures,X360,2010,100000.0,0.0,0.0,10000.0
Aqua Aqua,PS2,2000,50000.0,40000.0,0.0,10000.0
Tom Clancy's Splinter Cell: Conviction,PC,2010,0.0,80000.0,0.0,20000.0
Mega Man Zero 4,GBA,2005,80000.0,30000.0,0.0,0.0
Black Bass with Blue Marlin,PS,1999,60000.0,40000.0,0.0,10000.0
Utawarerumono: Chiriyukusha e no Komoriuta,PS2,2006,0.0,0.0,110000.0,0.0
Hyper Formation Soccer,PS,1995,0.0,0.0,100000.0,10000.0
Tiger Woods PGA Tour 06,GC,2005,80000.0,20000.0,0.0,0.0
Jupiter Strike,PS,1994,60000.0,40000.0,0.0,10000.0
BlazBlue: Continuum Shift II,3DS,2011,50000.0,10000.0,40000.0,10000.0
Saigo no Yakusoku no Monogatari,PSP,2011,0.0,0.0,110000.0,0.0
The Book of Unwritten Tales,PC,2009,0.0,80000.0,0.0,20000.0
Metal Gear Solid Integral,PS,1999,0.0,0.0,100000.0,10000.0
Naruto Shippuden 3D: The New Era,3DS,2011,0.0,40000.0,60000.0,10000.0
FIFA World Cup Germany 2006,PSP,2006,100000.0,0.0,0.0,10000.0
Lego Star Wars: The Force Awakens,X360,2016,40000.0,60000.0,0.0,10000.0
Reign of Fire,GC,2002,80000.0,20000.0,0.0,0.0
Rock Band Track Pack: Classic Rock,PS3,2009,100000.0,0.0,0.0,10000.0
Tom Clancy's HAWX 2,Wii,2010,70000.0,30000.0,0.0,10000.0
Sakura Wars,DC,2000,0.0,0.0,110000.0,0.0
Jampack Volume 14 (RP-T),PS2,2006,50000.0,40000.0,0.0,10000.0
Mace Griffin: Bounty Hunter,XB,2003,80000.0,20000.0,0.0,0.0
Martian Gothic: Unification,PS,2001,60000.0,40000.0,0.0,10000.0
Woody Woodpecker Racing,PS,1999,60000.0,40000.0,0.0,10000.0
Final Fantasy XII International Zodiac Job System,PS2,2007,0.0,0.0,110000.0,0.0
Fight Club,XB,2004,80000.0,20000.0,0.0,0.0
Carnage Heart,PS,1995,10000.0,10000.0,90000.0,10000.0
"Grand Theft Auto: Mission Pack #1, London 1969",PS,1998,60000.0,40000.0,0.0,10000.0
Kamen Rider: Climax Heroes,PS2,2009,0.0,0.0,110000.0,0.0
Robotics;Notes,PS3,2012,0.0,0.0,110000.0,0.0
Disney Channel Collection Vol. 1,GBA,2004,80000.0,30000.0,0.0,0.0
Total Immersion Racing,PS2,2002,50000.0,40000.0,0.0,10000.0
Virtual Hydlide,SAT,1995,0.0,0.0,110000.0,0.0
World Series of Poker: Tournament of Champions 2007 Edition,PSP,2006,100000.0,0.0,0.0,10000.0
Tales of the World: Reve Unitia,3DS,2014,0.0,0.0,110000.0,0.0
Karaoke Revolution,PS3,2009,70000.0,30000.0,0.0,10000.0
Warriors Orochi 3,PSP,2012,0.0,0.0,110000.0,0.0
The Bachelor: The Videogame,Wii,2010,100000.0,0.0,0.0,10000.0
Space Invaders,GBA,2002,80000.0,30000.0,0.0,0.0
BlazBlue: Chrono Phantasma,PSV,2014,60000.0,0.0,30000.0,20000.0
Digimon Digital Card Battle,PS,1999,60000.0,40000.0,0.0,10000.0
Toukiden 2,PSV,2016,0.0,0.0,110000.0,0.0
Earth Defense Force 2: Invaders from Planet Space,PSV,2014,40000.0,10000.0,40000.0,20000.0
Kuroko's Basketball: Miracle Game,PSP,2012,0.0,0.0,110000.0,0.0
Jikkyou Powerful Pro Yakyuu 13 Ketteiban,PS2,2006,0.0,0.0,110000.0,0.0
Shovel Knight,WiiU,2015,60000.0,40000.0,0.0,10000.0
Yuusha no Kuse ni Namaikida Or 3D,PSP,2010,0.0,0.0,110000.0,0.0
The First Templar,X360,2011,60000.0,40000.0,0.0,10000.0
Dead to Rights II,XB,2005,80000.0,20000.0,0.0,0.0
Project: Horned Owl,PS,1995,30000.0,20000.0,50000.0,10000.0
Mobile Suit Gundam Age: Universe Accel / Cosmic Drive,PSP,2012,0.0,0.0,110000.0,0.0
Child of Light,PSV,2014,0.0,70000.0,20000.0,20000.0
SingStar Guitar,PS3,2010,0.0,80000.0,0.0,20000.0
Dragon Ball Z Super Gokuden: Kakusei-Hen,SNES,1995,0.0,0.0,110000.0,0.0
Help Wanted: 50 Wacky Jobs,Wii,2008,60000.0,40000.0,0.0,10000.0
Busou Shinki: Battle Masters Mk. 2,PSP,2011,0.0,0.0,110000.0,0.0
Cabela's Dangerous Hunts 2,XB,2005,80000.0,20000.0,0.0,0.0
Fairy Tail: Portable Guild,PSP,2010,0.0,0.0,110000.0,0.0
Champion Jockey: G1 Jockey & Gallop Racer,Wii,2011,50000.0,40000.0,10000.0,10000.0
SimCity 2000,GBA,2003,80000.0,30000.0,0.0,0.0
Brunswick Circuit Pro Bowling 2,PS,2000,60000.0,40000.0,0.0,10000.0
D,PS,1995,0.0,0.0,100000.0,10000.0
Winning Eleven: Pro Evolution Soccer 2007,X360,2006,90000.0,0.0,0.0,10000.0
Ennichi no Tatsujin,Wii,2006,0.0,0.0,100000.0,0.0
Wizardry VI: Bane of the Cosmic Forge,SNES,1995,0.0,0.0,100000.0,0.0
Gravity Games Bike: Street Vert Dirt,PS2,2002,50000.0,40000.0,0.0,10000.0
Pro Yaky? Spirits 2010,PS2,2010,0.0,0.0,100000.0,0.0
Cloudy With a Chance of Meatballs,PS3,2009,90000.0,10000.0,0.0,10000.0
Family Party: 30 Great Games,Wii,2008,90000.0,10000.0,0.0,10000.0
Top Spin,PS2,2005,50000.0,40000.0,0.0,10000.0
Derby Stallion P,PSP,2006,0.0,0.0,100000.0,0.0
Kenka Bancho Bros: Tokyo Battle Royale,PSP,2012,0.0,0.0,100000.0,0.0
UFC: Tapout 2,XB,2003,80000.0,20000.0,0.0,0.0
Adventure Time: Finn & Jake Investigations,PS3,2015,20000.0,70000.0,0.0,20000.0
Kamen Rider: Battride War II,PS3,2014,0.0,0.0,100000.0,0.0
Thrillville: Off the Rails,PSP,2007,90000.0,0.0,0.0,10000.0
Jikkyou Powerful Pro Yakyuu 10,GC,2003,0.0,0.0,100000.0,0.0
Vexx,XB,2003,80000.0,20000.0,0.0,0.0
F1 Career Challenge,PS2,2003,50000.0,40000.0,0.0,10000.0
Taiko no Tatsujin: V Version,PSV,2015,0.0,0.0,100000.0,0.0
Pariah,XB,2005,80000.0,20000.0,0.0,0.0
Cabela's Outdoor Adventures,XB,2005,80000.0,20000.0,0.0,0.0
Metal Slug 3,XB,2004,80000.0,20000.0,0.0,0.0
The Smurfs 2,Wii,2013,0.0,90000.0,0.0,10000.0
Motocross Mania 3,PS2,2004,50000.0,40000.0,0.0,10000.0
Fatal Frame 2: Wii Edition,Wii,2012,0.0,0.0,100000.0,0.0
Dancing on Ice,Wii,2010,0.0,90000.0,0.0,10000.0
Banjo-Pilot,GBA,2005,70000.0,30000.0,0.0,0.0
Family Feud: 2012 Edition,X360,2011,100000.0,0.0,0.0,10000.0
Gallop Racer 2006,PS2,2005,20000.0,20000.0,60000.0,10000.0
Army Corps of Hell,PSV,2011,50000.0,40000.0,0.0,20000.0
Frogger: Ancient Shadow,PS2,2005,50000.0,40000.0,0.0,10000.0
Ski-Doo Snowmobile Challenge,PS3,2009,100000.0,0.0,0.0,10000.0
Universe at War: Earth Assault,X360,2008,90000.0,10000.0,0.0,10000.0
Despicable Me: The Game,PS2,2010,50000.0,40000.0,0.0,10000.0
Metal Arms: Glitch in the System,GC,2003,80000.0,20000.0,0.0,0.0
The Whispered World,PC,2009,0.0,80000.0,0.0,20000.0
Tom Clancy's Splinter Cell: Chaos Theory,GC,2005,80000.0,20000.0,0.0,0.0
Escape From Monkey Island,PS2,2001,50000.0,40000.0,0.0,10000.0
Leisure Suit Larry: Box Office Bust,PS3,2009,60000.0,30000.0,0.0,10000.0
The Wolf Among Us,PS3,2014,50000.0,30000.0,0.0,20000.0
Mickey's Speedway USA (weekly JP sales),N64,2000,0.0,0.0,100000.0,0.0
Who Wants to Be a Millionaire: 3rd Edition,Wii,2010,100000.0,0.0,0.0,10000.0
Boku no Natsuyasumi Portable: Mushi Mushi Hakase to Teppen-yama no Himitsu!!,PSP,2006,0.0,0.0,100000.0,0.0
Macross 30: Ginga o Tsunagu Utagoe,PS3,2013,0.0,0.0,100000.0,0.0
Kidou Senshi Gundam UC,PS3,2012,0.0,0.0,100000.0,0.0
Yu-Gi-Oh! 5D's Wheelie Breakers,Wii,2009,90000.0,10000.0,0.0,10000.0
Gretzky NHL,PSP,2005,100000.0,0.0,0.0,10000.0
Etrian Odyssey II: Heroes of Lagaard,3DS,2014,0.0,0.0,100000.0,0.0
Ridge Racer 2,PSP,2006,0.0,30000.0,70000.0,10000.0
Momotarou Dentetsu 16,Wii,2007,0.0,0.0,100000.0,0.0
Igor: The Game,Wii,2008,90000.0,0.0,0.0,10000.0
Dropship: United Peace Force,PS2,2002,50000.0,40000.0,0.0,10000.0
Road Rash: Jailbreak,GBA,2003,70000.0,30000.0,0.0,0.0
Rome: Total War,PC,2004,0.0,80000.0,0.0,20000.0
Green Lantern: Rise of the Manhunters,Wii,2011,60000.0,40000.0,0.0,10000.0
Castlevania: Lords of Shadow 2,X360,2014,20000.0,70000.0,0.0,10000.0
Lucha Libre AAA: Heroes del Ring,PS3,2010,100000.0,0.0,0.0,10000.0
Syberia,XB,2003,80000.0,20000.0,0.0,0.0
G1 Jockey 3,PS2,2002,20000.0,10000.0,70000.0,0.0
Shrek: Forever After,X360,2010,90000.0,0.0,0.0,10000.0
Revolution X,PS,1995,60000.0,40000.0,0.0,10000.0
Little Battlers eXperience W,3DS,2013,0.0,0.0,100000.0,0.0
Riviera: The Promised Land,GBA,2004,70000.0,30000.0,0.0,0.0
Risen 3: Titan Lords,PS3,2014,20000.0,60000.0,0.0,20000.0
Top Gun: Combat Zones,GBA,2004,70000.0,30000.0,0.0,0.0
Bujingai: The Forsaken City,PS2,2003,50000.0,40000.0,0.0,10000.0
Doko Demo Issho,PSP,2004,0.0,0.0,100000.0,0.0
Alvin and the Chipmunks: The Squeakquel,Wii,2009,90000.0,0.0,0.0,10000.0
Brooktown High: Senior Year,PSP,2007,90000.0,0.0,0.0,10000.0
Zombie Army Trilogy,XOne,2015,40000.0,50000.0,0.0,10000.0
Beyond Good & Evil,XB,2003,80000.0,20000.0,0.0,0.0
Blitz: The League II,X360,2008,80000.0,10000.0,0.0,10000.0
Death By Degrees,PS2,2005,50000.0,40000.0,0.0,10000.0
Vandal Hearts II,PS,1999,60000.0,40000.0,0.0,10000.0
Gouketuji Ichizoku 2: Chottodake Saikyou Densetsu,PS,1995,0.0,0.0,100000.0,10000.0
Samurai Warriors Chronicles 2nd,3DS,2012,0.0,0.0,100000.0,0.0
Medal of Honor: Vanguard,Wii,2007,60000.0,30000.0,0.0,10000.0
Toaru Majutsu no Index,PSP,2011,0.0,0.0,100000.0,0.0
ESA Game Pack,PS3,2010,90000.0,0.0,0.0,10000.0
God Eater 2: Rage Burst,PS4,2015,0.0,10000.0,90000.0,0.0
Uta no Prince-Sama: Music,PSP,2011,0.0,0.0,100000.0,0.0
Colin McRae Rally 04,XB,2004,80000.0,20000.0,0.0,0.0
Monster Jam: Maximum Destruction,GBA,2002,70000.0,30000.0,0.0,0.0
The King of Fighters: Dream Match 1999,DC,1999,0.0,0.0,100000.0,0.0
FIFA Street,XB,2005,80000.0,20000.0,0.0,0.0
Truth or Lies,Wii,2010,40000.0,50000.0,0.0,10000.0
Weiss Schwarz Portable,PSP,2011,0.0,0.0,100000.0,0.0
Dungeons & Dragons Tactics,PSP,2007,90000.0,0.0,0.0,10000.0
X-Men: Children of the Atom,PS,1998,60000.0,40000.0,0.0,10000.0
Hot Wheels: Stunt Track Challenge,XB,2004,80000.0,20000.0,0.0,0.0
DJ Max Fever,PSP,2009,90000.0,0.0,0.0,10000.0
Shellshock,PS,1995,60000.0,40000.0,0.0,10000.0
Blue Stinger,DC,1999,0.0,0.0,100000.0,0.0
Yggdra Union: We'll Never Fight Alone,PSP,2008,50000.0,0.0,40000.0,10000.0
The Destiny of Zorro,Wii,2009,100000.0,0.0,0.0,10000.0
Hot Wheels Ultimate Racing,PSP,2007,90000.0,0.0,0.0,10000.0
Capcom vs. SNK 2 EO,XB,2003,80000.0,20000.0,0.0,0.0
Inazuma Eleven GO Strikers 2013,Wii,2012,0.0,0.0,100000.0,0.0
Metal Gear Solid HD Edition,PS3,2011,0.0,0.0,100000.0,0.0
Hunter: The Reckoning,GC,2002,80000.0,20000.0,0.0,0.0
Urban Chaos,PS,1999,60000.0,40000.0,0.0,10000.0
Creeper World 3: Arc Eternal,Wii,2009,0.0,0.0,100000.0,0.0
Monkey Mischief! Party Time,Wii,2008,90000.0,0.0,0.0,10000.0
Water Sports,Wii,2009,50000.0,40000.0,0.0,10000.0
Freaky Flyers,PS2,2003,50000.0,40000.0,0.0,10000.0
Baten Kaitos Origins,GC,2006,60000.0,20000.0,20000.0,0.0
E?O?E: Eve of Extinction,PS2,2002,40000.0,30000.0,20000.0,10000.0
Pro Evolution Soccer 2016,XOne,2015,30000.0,60000.0,0.0,10000.0
Dark Summit,XB,2001,80000.0,20000.0,0.0,0.0
Yaiba: Ninja Gaiden Z,PS3,2014,50000.0,40000.0,0.0,20000.0
Surf's Up,X360,2007,90000.0,0.0,0.0,10000.0
Hakuouki Portable,PSP,2009,0.0,0.0,100000.0,0.0
NHL 2004,GC,2003,80000.0,20000.0,0.0,0.0
Fallout 3 Game Add-On Pack: The Pitt and Operation: Anchorage,X360,2009,90000.0,10000.0,0.0,10000.0
Cabela's Adventure Camp,X360,2011,70000.0,20000.0,0.0,10000.0
World Snooker Championship 2007,PS3,2007,0.0,100000.0,0.0,0.0
X-Men: The Official Game,XB,2006,80000.0,20000.0,0.0,0.0
RLH: Run Like Hell,PS2,2002,50000.0,40000.0,0.0,10000.0
Digimon Adventure,PSP,2013,0.0,0.0,100000.0,0.0
Doom 3,PC,2004,50000.0,40000.0,0.0,10000.0
The Ant Bully,PS2,2006,50000.0,40000.0,0.0,10000.0
Conflict: Global Terror,XB,2005,80000.0,20000.0,0.0,0.0
Minority Report: Everybody Runs,GC,2002,80000.0,20000.0,0.0,0.0
Monster Rancher EVO,PS2,2005,20000.0,20000.0,50000.0,10000.0
Pajama Sam: Don't Fear The Dark,Wii,2008,90000.0,0.0,0.0,10000.0
GRID Autosport,X360,2014,30000.0,60000.0,0.0,10000.0
World Series of Poker 2008: Battle for the Bracelets,PS3,2007,80000.0,10000.0,0.0,10000.0
Wasteland 2,PS4,2015,70000.0,0.0,10000.0,20000.0
Guitar Hero: Van Halen,PS2,2009,50000.0,40000.0,0.0,10000.0
Olympic Summer Games: Atlanta 1996,PS,1996,60000.0,40000.0,0.0,10000.0
Little League World Series Baseball 2008,Wii,2008,90000.0,0.0,0.0,10000.0
Disney's The Haunted Mansion,GC,2003,80000.0,20000.0,0.0,0.0
Tatsunoko vs. Capcom: Cross Generation of Heroes,Wii,2008,0.0,0.0,100000.0,0.0
Alvin and the Chipmunks: Chipwrecked,X360,2011,80000.0,10000.0,0.0,10000.0
Darius Gaiden,SAT,1995,0.0,0.0,100000.0,0.0
Beach Spikers: Virtua Beach Volleyball,GC,2002,80000.0,20000.0,0.0,0.0
Total War: WARHAMMER,PC,2016,0.0,100000.0,0.0,10000.0
Tom Clancy's Ghost Recon: Predator,PSP,2010,70000.0,20000.0,0.0,20000.0
You Don't Know Jack: Mock 2,PS,2000,60000.0,40000.0,0.0,10000.0
3D Tank Warfare Simulator Panzer Front,PS,1999,60000.0,40000.0,0.0,10000.0
[Prototype 2],PC,2012,70000.0,20000.0,0.0,10000.0
NASCAR The Game: Inside Line,X360,2012,90000.0,0.0,0.0,10000.0
Blades of Time,PS3,2012,40000.0,30000.0,10000.0,10000.0
Rolling Stone: Drum King,Wii,2009,90000.0,0.0,0.0,10000.0
Jade Cocoon 2,PS2,2001,50000.0,40000.0,0.0,10000.0
Lord of Apocalypse,PSV,2011,0.0,0.0,100000.0,0.0
Sword & Sorcery,SAT,1996,0.0,0.0,100000.0,0.0
Van Helsing,GBA,2004,70000.0,30000.0,0.0,0.0
NFL Tour,X360,2008,90000.0,0.0,0.0,10000.0
Bee Movie Game,PS2,2007,50000.0,40000.0,0.0,10000.0
NBA Live 16,XOne,2015,80000.0,10000.0,0.0,10000.0
Bullet Witch,X360,2006,70000.0,10000.0,20000.0,10000.0
Machi-Ing Maker 3 x Tousouchuu,PSP,2010,0.0,0.0,100000.0,0.0
Kelly Slater's Pro Surfer,XB,2002,80000.0,20000.0,0.0,0.0
SNK vs. Capcom: SVC Chaos,XB,2004,80000.0,20000.0,0.0,0.0
Codename: Kids Next Door: Operation V.I.D.E.O.G.A.M.E.,PS2,2005,50000.0,40000.0,0.0,10000.0
Choujikuu Yousai Macross: Ai Oboete Imasu ka,SAT,1997,0.0,0.0,100000.0,0.0
Vanishing Point,PS,2001,60000.0,40000.0,0.0,10000.0
SCORE International Baja 1000: The Official Game,Wii,2008,90000.0,0.0,0.0,10000.0
Dragonseeds,PS,1998,30000.0,20000.0,40000.0,10000.0
The Bard's Tale,XB,2004,80000.0,20000.0,0.0,0.0
Opoona,Wii,2007,80000.0,0.0,10000.0,10000.0
Big League Sports,Wii,2008,90000.0,10000.0,0.0,10000.0
nail'd,X360,2010,80000.0,20000.0,0.0,10000.0
Alien Hominid,PS2,2004,50000.0,40000.0,0.0,10000.0
Record of Agarest War Zero,X360,2010,90000.0,0.0,0.0,10000.0
L'Aigle de Guerre,GBA,2001,0.0,0.0,100000.0,0.0
Jeopardy!,N64,1998,80000.0,20000.0,0.0,0.0
Disney's Donald Duck: Goin' Quackers,N64,2000,80000.0,20000.0,0.0,0.0
Aidyn Chronicles: The First Mage,N64,2001,80000.0,20000.0,0.0,0.0
Aquapazza: Aquaplus Dream Match,PS3,2012,50000.0,0.0,50000.0,10000.0
Virtual Pool 64,N64,1998,80000.0,20000.0,0.0,0.0
Indy Racing 2000,N64,2000,80000.0,20000.0,0.0,0.0
Flying Dragon,N64,1997,80000.0,20000.0,0.0,0.0
International Superstar Soccer 64 (weekly JP sales),N64,1997,0.0,0.0,50000.0,50000.0
Lode Runner 3-D,N64,1998,80000.0,20000.0,0.0,0.0
The History Channel: Civil War - Secret Missions,PS3,2008,90000.0,0.0,0.0,10000.0
GT64 Championship Edition,N64,1998,80000.0,20000.0,0.0,0.0
Milo's Astro Lanes,N64,1998,80000.0,20000.0,0.0,0.0
Gekido,PS,1999,60000.0,40000.0,0.0,10000.0
Harry Potter and the Deathly Hallows - Part 1,PC,2010,80000.0,20000.0,0.0,10000.0
Disney's The Jungle Book,GBA,2002,70000.0,30000.0,0.0,0.0
King of Clubs: Mini Golf,Wii,2008,90000.0,0.0,0.0,10000.0
Ultimate Marvel vs. Capcom 3,PS3,2011,0.0,40000.0,40000.0,10000.0
Army Men World War: Team Assault,PS,2001,60000.0,40000.0,0.0,10000.0
Tom Clancy's Splinter Cell,GBA,2003,70000.0,30000.0,0.0,0.0
Harry Potter and the Deathly Hallows - Part 2,PC,2011,50000.0,40000.0,0.0,10000.0
NHL 2K6,X360,2005,90000.0,0.0,0.0,10000.0
Marvel vs. Capcom: Clash of Super Heroes,DC,1999,0.0,0.0,100000.0,0.0
NBA Ballers: Rebound,PSP,2006,90000.0,0.0,0.0,10000.0
King's Field: The Ancient City,PS2,2001,50000.0,40000.0,0.0,10000.0
LEGO Rock Raiders,PS,1999,60000.0,40000.0,0.0,10000.0
Silent Scope Complete,XB,2004,70000.0,20000.0,0.0,0.0
Digimon All-Star Rumble,PS3,2014,60000.0,30000.0,0.0,20000.0
Ghost in the Shell,PS,1997,60000.0,40000.0,0.0,10000.0
Atelier Sophie: The Alchemist of the Mysterious Book,PS4,2015,10000.0,20000.0,60000.0,10000.0
Marvel Super Hero Squad: The Infinity Gauntlet,3DS,2011,70000.0,20000.0,0.0,10000.0
Evil Dead: Fistfull of Boomstick,XB,2003,70000.0,20000.0,0.0,0.0
Tom Clancy's Classic Trilogy,XB,2004,70000.0,20000.0,0.0,0.0
Indigo Prophecy,XB,2005,70000.0,30000.0,0.0,0.0
NASCAR '14,PS3,2014,90000.0,0.0,0.0,10000.0
Over the Hedge,XB,2006,70000.0,20000.0,0.0,0.0
Sneakers,XB,2002,70000.0,20000.0,0.0,0.0
Sword Art Online: Lost Song,PS3,2015,0.0,0.0,100000.0,0.0
Crime Crackers,PS,1994,0.0,0.0,90000.0,10000.0
Earth Defense Force 2025.1: The Shadow of New Despair,PS4,2015,0.0,0.0,100000.0,0.0
Pro Evolution Soccer 2013,Wii,2012,0.0,30000.0,60000.0,0.0
Micro Machines V3,PS,1997,60000.0,40000.0,0.0,10000.0
Alvin and the Chipmunks: Chipwrecked,Wii,2011,80000.0,10000.0,0.0,10000.0
College Hoops 2K6,XB,2005,70000.0,20000.0,0.0,0.0
"Sakura Wars 2: Kimi, Shinitamou koto Nakare",DC,2000,0.0,0.0,100000.0,0.0
NatGeo Challenge! Wild Life,PS3,2010,50000.0,30000.0,0.0,10000.0
Idol Janshi Suchie-Pai Remix,SAT,1995,0.0,0.0,100000.0,0.0
Kung Fu Panda 2,PS3,2011,40000.0,40000.0,0.0,20000.0
Exhibition Volume 03,XB,2003,70000.0,20000.0,0.0,0.0
Zero4 Champ RR-Z,SNES,1995,0.0,0.0,100000.0,0.0
Initial D: Street Stage,PSP,2006,0.0,0.0,100000.0,0.0
Tales of Innocence R,PSV,2012,0.0,0.0,100000.0,0.0
Generator Rex: Agent of Providence,3DS,2011,70000.0,20000.0,0.0,10000.0
NeverDead,X360,2012,60000.0,30000.0,0.0,10000.0
Age of Empires II: The Age of Kings,PC,1999,10000.0,80000.0,0.0,20000.0
"Warhammer 40,000: Dawn of War II - Chaos Rising",PC,2010,80000.0,10000.0,0.0,10000.0
Predator: Concrete Jungle,XB,2005,70000.0,20000.0,0.0,0.0
CSI: Hard Evidence,X360,2007,70000.0,20000.0,0.0,10000.0
F1 2014,PC,2014,0.0,90000.0,0.0,10000.0
Code Lyoko: Quest for Infinity,Wii,2007,70000.0,20000.0,0.0,10000.0
Fate/hollow ataraxia,PSV,2014,0.0,0.0,100000.0,0.0
Lucky * Star: Ryouou Gakuen Outousai,PS2,2008,0.0,0.0,100000.0,0.0
Scribblenauts Unmasked: A DC Comics Adventure,3DS,2013,90000.0,0.0,0.0,10000.0
Ride,XOne,2015,40000.0,50000.0,0.0,10000.0
Naruto Shippuden: Gekito Ninja Taisen! EX,Wii,2007,0.0,0.0,100000.0,0.0
Universal Studios Theme Parks Adventure,GC,2001,80000.0,20000.0,0.0,0.0
Little League World Series Baseball 2010,X360,2010,90000.0,0.0,0.0,10000.0
Piglet's Big Game,PS2,2003,50000.0,40000.0,0.0,10000.0
Real Bout Garou Densetsu,SAT,1996,0.0,0.0,100000.0,0.0
Arcania: Gothic 4,X360,2010,30000.0,40000.0,10000.0,10000.0
Ben 10 Galactic Racing,X360,2011,70000.0,20000.0,0.0,10000.0
Project FIFA World Cup,PS2,2002,0.0,0.0,100000.0,0.0
Rio,X360,2011,50000.0,30000.0,0.0,10000.0
Rocky: Legends,XB,2004,70000.0,20000.0,0.0,0.0
Lord of Apocalypse,PSP,2011,0.0,0.0,100000.0,0.0
The BIGS 2,PSP,2009,90000.0,0.0,0.0,10000.0
iCarly 2: iJoin The Click!,Wii,2010,80000.0,10000.0,0.0,10000.0
Burnout Paradise: The Ultimate Box,PC,2009,0.0,80000.0,0.0,10000.0
Famicom Mini: Famicom Tantei Club Part II - Ushiro ni Tatsu Shoujo Zenkouhen,GBA,2004,0.0,0.0,100000.0,0.0
The Secret Saturdays: Beasts of the 5th Sun,Wii,2009,90000.0,0.0,0.0,10000.0
Winter Stars,X360,2011,50000.0,40000.0,0.0,10000.0
Star Trek: Shattered Universe,PS2,2004,50000.0,40000.0,0.0,10000.0
The Land Before Time: Great Valley Racing Adventure,PS,2001,50000.0,40000.0,0.0,10000.0
Ultra Street Fighter IV,PS4,2015,0.0,80000.0,0.0,10000.0
Animal Planet: Vet Life,Wii,2009,90000.0,0.0,0.0,10000.0
Cubic Ninja,3DS,2011,50000.0,40000.0,0.0,10000.0
Rise of the Tomb Raider,PC,2016,0.0,90000.0,0.0,10000.0
Pinball Hall of Fame: The Williams Collection,3DS,2011,90000.0,0.0,0.0,10000.0
Persona 5,PS3,2016,0.0,0.0,100000.0,0.0
Power Stone Collection,PSP,2006,80000.0,0.0,0.0,10000.0
MTX Mototrax,XB,2004,70000.0,20000.0,0.0,0.0
Blast Chamber,PS,1996,50000.0,40000.0,0.0,10000.0
Thor: God of Thunder,3DS,2011,60000.0,30000.0,0.0,10000.0
Mana Khemia: Student Alliance,PSP,2008,50000.0,0.0,30000.0,10000.0
EyeToy: Operation Spy,PS2,2005,50000.0,40000.0,0.0,10000.0
Zoo Tycoon (2013),X360,2013,20000.0,70000.0,0.0,10000.0
MotoGP 07,PS2,2007,50000.0,40000.0,0.0,10000.0
Option Tuning Car Battle,PS,1998,0.0,0.0,90000.0,10000.0
Derby Jockey 2,SNES,1995,0.0,0.0,100000.0,0.0
Famicom Mini: Mappy,GBA,2004,0.0,0.0,90000.0,0.0
Reign of Fire,XB,2002,70000.0,20000.0,0.0,0.0
Descent Maximum,PS,1997,50000.0,40000.0,0.0,10000.0
Disney Sing It! High School Musical 3: Senior Year,X360,2009,90000.0,0.0,0.0,10000.0
"Blast Works: Build, Trade, Destroy",Wii,2008,90000.0,0.0,0.0,10000.0
Resident Evil: Revelations 2,XOne,2015,70000.0,20000.0,0.0,10000.0
Shining Force EXA,PS2,2007,0.0,0.0,100000.0,0.0
Virtual Pro Wrestling,PS,1996,0.0,0.0,90000.0,10000.0
Wasteland 2,PC,2015,20000.0,60000.0,0.0,10000.0
Shadow Tower,PS,1998,10000.0,10000.0,70000.0,10000.0
Dragon Ball: Evolution,PSP,2009,90000.0,0.0,0.0,10000.0
Heatseeker,Wii,2007,80000.0,0.0,0.0,10000.0
Watchmen: The End is Nigh Part 1 & 2,X360,2009,90000.0,0.0,0.0,10000.0
Ice Age 2: The Meltdown,XB,2006,70000.0,20000.0,0.0,0.0
Guilty Gear Isuka,PS2,2004,50000.0,40000.0,0.0,10000.0
MySims SkyHeroes,X360,2010,90000.0,0.0,0.0,10000.0
NASCAR Unleashed,PS3,2011,90000.0,0.0,0.0,10000.0
Shadow Master,PS,1997,50000.0,40000.0,0.0,10000.0
Global Touring Challenge: Africa,PS2,2001,50000.0,40000.0,0.0,10000.0
Jikkyou Powerful Pro Yakyuu 2013,PSV,2013,0.0,0.0,100000.0,0.0
Dead or Alive 5,PSV,2013,0.0,50000.0,30000.0,20000.0
Tokimeki Memorial: Taisen Pazurudama,PS,1996,0.0,0.0,90000.0,10000.0
MotoGP 2,XB,2003,70000.0,20000.0,0.0,0.0
Ultimate Muscle - The Kinnikuman Legacy: The Path of the Superhero,GBA,2002,50000.0,20000.0,30000.0,0.0
BIT.TRIP COMPLETE,Wii,2011,60000.0,20000.0,0.0,10000.0
EyeCreate,PS3,2007,0.0,80000.0,0.0,20000.0
Skylanders: Spyro's Adventure,PC,2011,50000.0,30000.0,0.0,10000.0
Paws & Claws: Pet Vet,Wii,2009,90000.0,0.0,0.0,10000.0
Ciel Nosurge: Ushinawareta Hoshi e Sasagu Uta,PSV,2012,0.0,0.0,100000.0,0.0
Ar tonelico: Melody of Elemia,PS2,2006,0.0,0.0,100000.0,0.0
Man vs. Wild,X360,2011,90000.0,0.0,0.0,10000.0
Sol Trigger,PSP,2012,0.0,0.0,100000.0,0.0
Pony Friends 2,Wii,2009,40000.0,50000.0,0.0,10000.0
Castlevania Double Pack,GBA,2006,70000.0,30000.0,0.0,0.0
Ballistic: Ecks vs. Sever,GBA,2002,70000.0,30000.0,0.0,0.0
Jikkyou Powerful Pro Yakyuu 11,GC,2004,0.0,0.0,90000.0,0.0
Steel Battalion,XB,2002,50000.0,20000.0,20000.0,0.0
Street Fighter Collection,PS,1997,0.0,0.0,90000.0,10000.0
Mind Quiz,PSP,2006,80000.0,10000.0,0.0,10000.0
Who Wants to Be A Millionaire?,X360,2011,90000.0,0.0,0.0,10000.0
Bladestorm: The Hundred Years' War,X360,2007,80000.0,10000.0,0.0,10000.0
Cartoon Network: Punch Time Explosion,3DS,2011,70000.0,20000.0,0.0,10000.0
Disney Planes Fire & Rescue,3DS,2014,10000.0,80000.0,0.0,10000.0
MX SuperFly featuring Ricky Carmichael,XB,2002,70000.0,20000.0,0.0,0.0
Natural Doctrine,PS4,2014,50000.0,20000.0,20000.0,10000.0
Kuroko's Basketball: Miracle Game,3DS,2014,0.0,0.0,100000.0,0.0
Minority Report: Everybody Runs,XB,2002,70000.0,20000.0,0.0,0.0
MindJack,X360,2011,70000.0,20000.0,0.0,10000.0
ReCore,XOne,2016,60000.0,30000.0,0.0,10000.0
NASCAR,PSP,2006,90000.0,0.0,0.0,10000.0
Halo 2,PC,2007,10000.0,60000.0,0.0,20000.0
Shox,PS2,2002,50000.0,40000.0,0.0,10000.0
Playboy: The Mansion,XB,2005,70000.0,20000.0,0.0,0.0
The X-Factor,X360,2010,0.0,80000.0,0.0,10000.0
Gundam Breaker,PSV,2013,0.0,0.0,90000.0,0.0
Neo Atlas,PS,1998,0.0,0.0,90000.0,10000.0
Jaws: Ultimate Predator,Wii,2011,90000.0,0.0,0.0,10000.0
Disney's Aladdin in Nasira's Revenge,PS,2000,50000.0,40000.0,0.0,10000.0
Kiniro no Corda 3,PSP,2010,0.0,0.0,90000.0,0.0
SeaWorld Adventure Parks: Shamu's Deep Sea Adventure,GC,2005,70000.0,20000.0,0.0,0.0
Taiko no Tatsujin: Don Don! Mystery Adventure,3DS,2016,0.0,0.0,90000.0,0.0
Winning Post 6,PS2,2003,0.0,0.0,90000.0,0.0
Rock Band Country Track Pack 2,Wii,2011,90000.0,0.0,0.0,10000.0
Darkest of Days,X360,2009,90000.0,0.0,0.0,10000.0
Whacked!,XB,2002,70000.0,20000.0,0.0,0.0
Ghostbusters: The Video Game (DS Version),PC,2010,0.0,80000.0,0.0,20000.0
Barnyard,PS2,2006,50000.0,40000.0,0.0,10000.0
Big League Sports: Summer,Wii,2009,90000.0,0.0,0.0,10000.0
Angry Birds: Rio,PC,2011,0.0,70000.0,0.0,20000.0
Dance on Broadway,PS3,2011,50000.0,30000.0,0.0,10000.0
Risen 3: Titan Lords,PC,2014,0.0,80000.0,0.0,10000.0
Dungeons,PC,2011,70000.0,20000.0,0.0,10000.0
Pac-Man World 3,GC,2005,70000.0,20000.0,0.0,0.0
SingStar Apres-Ski Party 2,PS3,2010,0.0,70000.0,0.0,20000.0
Raven Squad: Operation Hidden Dagger,X360,2009,80000.0,10000.0,0.0,10000.0
Rocky,GC,2002,70000.0,20000.0,0.0,0.0
Gundam Breaker 3,PS4,2016,0.0,0.0,90000.0,0.0
Crash 'N' Burn,XB,2004,70000.0,20000.0,0.0,0.0
Medieval II: Total War,PC,2006,0.0,80000.0,0.0,20000.0
NFL Blitz 20-02,XB,2002,70000.0,20000.0,0.0,0.0
Robots,XB,2005,70000.0,20000.0,0.0,0.0
Speed Kings,PS2,2003,50000.0,40000.0,0.0,10000.0
Monopoly Collection,Wii,2011,20000.0,70000.0,0.0,10000.0
The King of Fighters XIV,PS4,2016,40000.0,10000.0,30000.0,10000.0
Langrisser V: The End of Legend,SAT,1998,0.0,0.0,90000.0,0.0
PhotoKano,PSP,2012,0.0,0.0,90000.0,0.0
Ouchi Mainichi Tamagotchi,3DS,2012,0.0,0.0,90000.0,0.0
Populous: The Beginning,PS,1998,50000.0,40000.0,0.0,10000.0
Rygar: The Battle of Argus,Wii,2008,90000.0,0.0,0.0,10000.0
Chess,PS,2001,50000.0,40000.0,0.0,10000.0
Rosco McQueen: Firefighter Extreme,PS,1997,50000.0,40000.0,0.0,10000.0
Terranigma,SNES,1995,0.0,0.0,90000.0,0.0
PAC-MAN and the Ghostly Adventures,3DS,2013,50000.0,40000.0,0.0,10000.0
The Voice,WiiU,2014,80000.0,0.0,0.0,10000.0
Forever Kingdom,PS2,2001,20000.0,20000.0,40000.0,10000.0
Blitz: Overtime,PSP,2006,90000.0,0.0,0.0,10000.0
Cabela's North American Adventures,PSP,2010,80000.0,0.0,0.0,10000.0
Altered Beast: Guardian of the Realms,GBA,2002,70000.0,20000.0,0.0,0.0
Field & Stream: Total Outdoorsman Challenge,X360,2010,90000.0,0.0,0.0,10000.0
Shining Tears,PS2,2004,50000.0,40000.0,0.0,10000.0
MotoGP,XB,2002,70000.0,20000.0,0.0,0.0
Scaler,PS2,2004,50000.0,40000.0,0.0,10000.0
Gradius V,PS2,2004,50000.0,40000.0,0.0,10000.0
X-COM: UFO Defense,PS,1995,50000.0,40000.0,0.0,10000.0
Raiden Fighters Aces,X360,2008,60000.0,30000.0,0.0,10000.0
World Cup '98 France: Road to Win,SAT,1998,0.0,0.0,90000.0,0.0
MLB SlugFest 20-04,XB,2003,70000.0,20000.0,0.0,0.0
Barbie and the Magic of Pegasus,GBA,2005,70000.0,20000.0,0.0,0.0
Adventure Time: Finn & Jake Investigations,X360,2015,20000.0,60000.0,0.0,10000.0
Bleach: Heat the Soul,PSP,2005,0.0,0.0,90000.0,0.0
Fishing Master World Tour,Wii,2009,90000.0,0.0,0.0,10000.0
Psychonauts,PS2,2005,50000.0,40000.0,0.0,10000.0
Harvey Birdman: Attorney at Law,PSP,2008,80000.0,0.0,0.0,10000.0
World Stadium 5,PS,2001,0.0,0.0,90000.0,10000.0
The Legend of Heroes: A Tear of Vermillion,PSP,2005,80000.0,0.0,0.0,10000.0
Digimon World: Next Order,PSV,2016,0.0,0.0,90000.0,0.0
The Amazing Spider-Man (Console Version),WiiU,2013,50000.0,30000.0,0.0,10000.0
The Crew: Wild Run,PS4,2015,0.0,80000.0,0.0,10000.0
ESPN NBA 2Night,PS2,2000,50000.0,40000.0,0.0,10000.0
Uta no Prince-Sama: Debut,PSP,2012,0.0,0.0,90000.0,0.0
Freekstyle,GC,2002,70000.0,20000.0,0.0,0.0
Ford Mustang: The Legend Lives,XB,2005,70000.0,20000.0,0.0,0.0
Virtua Fighter CG Portrait Series Vol.3: Akira Yuki,SAT,1995,0.0,0.0,90000.0,0.0
Digimon Rumble Arena 2,PS2,2004,50000.0,40000.0,0.0,10000.0
Dora the Explorer: Dora Saves the Crystal Kingdom,PS2,2009,50000.0,40000.0,0.0,10000.0
Etrian Odyssey 2 Untold: Knight of Fafnir,3DS,2014,70000.0,20000.0,0.0,10000.0
"Prinny 2: Dawn of Operation Panties, Dood!",PSP,2010,50000.0,0.0,30000.0,10000.0
Alien Monster Bowling League,Wii,2009,90000.0,0.0,0.0,10000.0
Devil May Cry 4,PS4,2015,10000.0,0.0,80000.0,0.0
Shockwave Assault,PS,1995,50000.0,40000.0,0.0,10000.0
echochrome,PSP,2008,0.0,10000.0,80000.0,0.0
Ribbit King,PS2,2003,50000.0,40000.0,0.0,10000.0
Generator Rex: Agent of Providence,Wii,2011,70000.0,10000.0,0.0,10000.0
Championship Foosball,Wii,2008,90000.0,0.0,0.0,10000.0
World Championship Poker 2: Featuring Howard Lederer,XB,2005,70000.0,20000.0,0.0,0.0
Alien Hominid,GC,2004,70000.0,20000.0,0.0,0.0
Lego Star Wars: The Force Awakens,PSV,2016,20000.0,50000.0,0.0,20000.0
Pro Yakyuu Greatest Nine 98,SAT,1998,0.0,0.0,90000.0,0.0
Ninja Gaiden Black,XB,2005,70000.0,20000.0,0.0,0.0
Girls und Panzer: I Will Master Tankery,PSV,2014,0.0,0.0,90000.0,0.0
Bogey: Dead 6,PS,1996,50000.0,40000.0,0.0,10000.0
Hakuouki: Zuisouroku Portable,PSP,2010,0.0,0.0,90000.0,0.0
Yu-Gi-Oh! GX: The Beginning of Destiny (US sales),PS2,2007,50000.0,40000.0,0.0,10000.0
Brain Age: Concentration Training,3DS,2012,90000.0,0.0,0.0,10000.0
Shin Megami Tensei,PS,2001,0.0,0.0,90000.0,10000.0
Trivial Pursuit unhinged,XB,2004,70000.0,20000.0,0.0,0.0
U-Sing  2,Wii,2010,0.0,80000.0,0.0,10000.0
Backyard Sports: Sandlot Sluggers,X360,2010,90000.0,0.0,0.0,10000.0
The Revenge of Shinobi,GBA,2002,70000.0,20000.0,0.0,0.0
Bloody Roar 4,PS2,2003,50000.0,40000.0,0.0,10000.0
Playmobil Circus,Wii,2009,60000.0,20000.0,0.0,10000.0
Let's Ride! Silver Buckle Stables,PS2,2006,50000.0,40000.0,0.0,10000.0
Star Wars: Empire at War - Gold Pack,PC,2007,10000.0,60000.0,0.0,10000.0
Hakuoki: Demon of the Fleeting Blossom,PSP,2009,80000.0,0.0,0.0,10000.0
Cabela's Big Game Hunter,GBA,2002,70000.0,20000.0,0.0,0.0
Import Tuner Challenge (American sales),X360,2006,70000.0,10000.0,0.0,10000.0
I-Ninja,GC,2003,70000.0,20000.0,0.0,0.0
Truth or Lies,PS3,2010,60000.0,20000.0,0.0,10000.0
WSC Real 11: World Snooker Championship,PS3,2011,0.0,70000.0,0.0,20000.0
World Soccer Winning Eleven 2010: Aoki Samurai no Chousen,PS2,2010,0.0,0.0,90000.0,0.0
Dragon Tales: Dragon Seek,PS,2000,50000.0,30000.0,0.0,10000.0
NCAA March Madness 08,PS3,2007,80000.0,0.0,0.0,10000.0
Yourself Fitness,XB,2004,70000.0,20000.0,0.0,0.0
NBA 2K16,PC,2015,20000.0,60000.0,0.0,10000.0
Def Jam Fight For NY: The Takeover,PSP,2006,80000.0,0.0,0.0,10000.0
NHL 2K8,PS3,2007,80000.0,10000.0,0.0,10000.0
Black & White 2,PC,2005,10000.0,70000.0,0.0,10000.0
GripShift,PSP,2005,80000.0,0.0,0.0,10000.0
Riviera: The Promised Land,PSP,2006,70000.0,0.0,20000.0,10000.0
The Idolmaster: Platinum Stars,PS4,2016,0.0,0.0,90000.0,0.0
Get Fit with Mel B,Wii,2010,30000.0,50000.0,0.0,10000.0
Destroy All Humans! Path of the Furon,PS3,2009,0.0,80000.0,0.0,10000.0
Resident Evil Chronicles HD,PS3,2012,0.0,0.0,90000.0,0.0
Return Fire,PS,1996,50000.0,30000.0,0.0,10000.0
Transformers: Devastation,X360,2015,60000.0,20000.0,0.0,10000.0
Wild ARMs: Alter Code F,PS2,2003,50000.0,40000.0,0.0,10000.0
Bomberman Max 2: Blue Advance,GBA,2002,70000.0,20000.0,0.0,0.0
Atari Classics Evolved,PSP,2007,80000.0,0.0,0.0,10000.0
SingStar: Made In Germany,PS3,2009,0.0,70000.0,0.0,20000.0
Kawasaki Quad Bikes,Wii,2007,70000.0,10000.0,0.0,10000.0
Shrek SuperSlam,XB,2005,70000.0,20000.0,0.0,0.0
Rapid Reload,PS,1995,0.0,0.0,90000.0,10000.0
New Legends,XB,2002,70000.0,20000.0,0.0,0.0
Total Overdose: A Gunslinger's Tale in Mexico,PS2,2005,40000.0,40000.0,0.0,10000.0
The Secret Saturdays: Beasts of the 5th Sun,PSP,2009,80000.0,0.0,0.0,10000.0
Island Xtreme Stunts,PS2,2002,40000.0,30000.0,0.0,10000.0
Agassi Tennis Generation,PS2,2003,40000.0,30000.0,0.0,10000.0
Young Justice: Legacy,PS3,2013,60000.0,20000.0,0.0,10000.0
Metal Slug X,PS,2001,50000.0,30000.0,0.0,10000.0
Space Invaders Extreme,PSP,2008,60000.0,10000.0,10000.0,10000.0
Driver: Renegade,3DS,2011,50000.0,40000.0,0.0,10000.0
Running Wild,PS,1997,50000.0,30000.0,0.0,10000.0
Romance of the Three Kingdoms X,PS2,2005,40000.0,30000.0,0.0,10000.0
Brigandine: The Legend of Forsena,PS,1998,50000.0,30000.0,0.0,10000.0
Pro Evolution Soccer 2012,PC,2011,0.0,70000.0,0.0,20000.0
MX SuperFly featuring Ricky Carmichael,GC,2002,70000.0,20000.0,0.0,0.0
Disney's The Haunted Mansion,XB,2003,70000.0,20000.0,0.0,0.0
Sound Novel Machi,SAT,1998,0.0,0.0,90000.0,0.0
FIFA 2001: Major League Soccer,PS2,2000,0.0,0.0,90000.0,0.0
Jikkyou Powerful Pro Yakyuu 14 Ketteiban,PS2,2007,0.0,0.0,90000.0,0.0
Pokemon Rumble World,3DS,2015,0.0,10000.0,80000.0,0.0
JASF: Jane's Advanced Strike Fighters,X360,2011,60000.0,20000.0,0.0,10000.0
Beaterator,PSP,2009,60000.0,20000.0,0.0,20000.0
Skies of Arcadia,DC,2000,0.0,0.0,90000.0,0.0
NASCAR: Dirt to Daytona,GC,2002,70000.0,20000.0,0.0,0.0
Road Trip,PS2,2002,40000.0,30000.0,0.0,10000.0
Damnation,PS3,2009,70000.0,10000.0,0.0,10000.0
Lilie no Atelier: Salburg no Renkinjutsushi 3,PS2,2001,0.0,0.0,90000.0,0.0
Supremacy MMA,PSV,2012,20000.0,50000.0,0.0,20000.0
Top Gun: Firestorm Advance,GBA,2002,70000.0,20000.0,0.0,0.0
Project Eden,PS2,2001,40000.0,30000.0,0.0,10000.0
Disney Art Academy,3DS,2016,10000.0,10000.0,70000.0,0.0
NERF N-Strike: Double Blast Bundle,Wii,2010,90000.0,0.0,0.0,0.0
Space Chimps,Wii,2008,80000.0,0.0,0.0,10000.0
Ben 10 Galactic Racing,PS3,2011,60000.0,20000.0,0.0,10000.0
Ghosthunter,PS2,2003,40000.0,30000.0,0.0,10000.0
Obscure: The Aftermath,PSP,2009,50000.0,30000.0,0.0,20000.0
Family GameShow,Wii,2009,80000.0,0.0,0.0,10000.0
Great Party Games,Wii,2010,0.0,80000.0,0.0,10000.0
Seven: Molmorth no Kiheitai,PS2,2000,0.0,0.0,90000.0,0.0
Jimmie Johnson's Anything With an Engine,X360,2011,80000.0,0.0,0.0,10000.0
Hello Kitty's Cube Frenzy,PS,1998,50000.0,30000.0,0.0,10000.0
Jikkyou Powerful Pro Yakyuu 9 Ketteiban,PS2,2002,0.0,0.0,90000.0,0.0
Agatha Christie: Evil Under the Sun,Wii,2008,70000.0,20000.0,0.0,10000.0
Astro Boy: Omega Factor,GBA,2003,60000.0,20000.0,0.0,0.0
Karaoke Joysound Wii Super DX: Hitori de Minna de Utai Houdai!,Wii,2010,0.0,0.0,90000.0,0.0
Cardfight!! Vanguard: Ride to Victory,3DS,2013,0.0,0.0,90000.0,0.0
Last Rebellion,PS3,2010,60000.0,10000.0,10000.0,10000.0
How to Train Your Dragon 2,WiiU,2014,40000.0,50000.0,0.0,10000.0
Quantum Theory,X360,2010,60000.0,20000.0,0.0,10000.0
Jikkyou Powerful Pro Yakyuu Portable 2,PSP,2007,0.0,0.0,90000.0,0.0
Kawashima Ryuuta Kyouju Kanshuu Nouryoku Trainer Portable 2,PSP,2006,0.0,0.0,90000.0,0.0
Bass Pro Shops: The Hunt,X360,2010,80000.0,0.0,0.0,10000.0
Rugby 2005,PS2,2005,40000.0,30000.0,0.0,10000.0
Carnival Games: Wild West 3D,3DS,2011,60000.0,20000.0,0.0,10000.0
Ratchet & Clank Future: Quest for Booty,PS3,2008,10000.0,60000.0,0.0,20000.0
V-Rally Edition 99,N64,1998,70000.0,20000.0,0.0,0.0
Saikyou Habu Shogi,N64,1996,0.0,0.0,60000.0,30000.0
Castlevania Dracula X,SNES,1995,30000.0,10000.0,50000.0,0.0
Golden Nugget 64,N64,1998,70000.0,20000.0,0.0,0.0
Robotron 64,N64,1998,70000.0,20000.0,0.0,0.0
Batman Beyond: Return of the Joker,N64,2000,70000.0,20000.0,0.0,0.0
Inazuma Eleven 3,3DS,2013,0.0,80000.0,0.0,10000.0
Ski-Doo Snowmobile Challenge,Wii,2009,80000.0,0.0,0.0,10000.0
Tunnel B1,PS,1996,50000.0,30000.0,0.0,10000.0
2-in-1 Game Pack: Spider-Man & Spider-Man 2,GBA,2005,60000.0,20000.0,0.0,0.0
Winter Stars,PS3,2011,10000.0,60000.0,0.0,20000.0
Go Play: City Sports,Wii,2009,80000.0,0.0,0.0,10000.0
Porsche Challenge,PS,1997,50000.0,30000.0,0.0,10000.0
Dragon Ball Z: Shin Butouden,SAT,1995,0.0,0.0,90000.0,0.0
Beowulf: The Game,PSP,2007,80000.0,0.0,0.0,10000.0
Super Robot Taisen MX Portable,PSP,2005,0.0,0.0,90000.0,0.0
Mimana Iyar Chronicle,PSP,2009,70000.0,0.0,10000.0,10000.0
Detana TwinBee Yahho! Deluxe Pack,PS,1995,0.0,0.0,80000.0,10000.0
Shin Ken to Mah? to Gakuenmono. Toki no Gakuen,PSP,2012,0.0,0.0,90000.0,0.0
Super Robot Wars OG: The Moon Dwellers,PS4,2016,0.0,0.0,90000.0,0.0
Uta no Prince-Sama: Music 2,PSP,2013,0.0,0.0,90000.0,0.0
Jambo! Safari Animal Rescue,Wii,2009,70000.0,10000.0,0.0,10000.0
Supreme Commander,X360,2008,70000.0,10000.0,0.0,10000.0
Bleach: Heat the Soul 6,PSP,2009,0.0,0.0,90000.0,0.0
Ski and Shoot,Wii,2008,40000.0,40000.0,0.0,10000.0
Mugen Keitai Disgaea,PS2,2007,0.0,0.0,90000.0,0.0
Scrabble,PSP,2009,80000.0,0.0,0.0,10000.0
Samurai Warriors 4: Empires,PS4,2015,20000.0,10000.0,50000.0,10000.0
Blazblue: Continuum Shift Extend,PS3,2011,0.0,0.0,90000.0,0.0
Tornado Outbreak,PS3,2009,80000.0,0.0,0.0,10000.0
Mystic Heroes,GC,2002,30000.0,10000.0,40000.0,0.0
Pachitte Chonmage Tatsujin 10: Pachinko Fuyu no Sonata,PS2,2007,0.0,0.0,90000.0,0.0
Defender,XB,2002,70000.0,20000.0,0.0,0.0
The Sims 2: Apartment Life,PC,2008,0.0,70000.0,0.0,20000.0
MLB Superstars,Wii,2008,80000.0,0.0,0.0,10000.0
Captain Tsubasa: Aratanaru Densetsu Joshou,PS,2002,0.0,0.0,80000.0,10000.0
Remington Super Slam Hunting: Alaska,Wii,2011,80000.0,0.0,0.0,10000.0
Blood: The Last Vampire (Joukan),PS2,2000,0.0,0.0,90000.0,0.0
Clockwork Knight,SAT,1994,0.0,0.0,90000.0,0.0
MotoGP 14,X360,2014,40000.0,40000.0,0.0,10000.0
Freestyle Metal X,PS2,2003,40000.0,30000.0,0.0,10000.0
Prinny: Can I Really Be the Hero?,PSP,2008,20000.0,10000.0,50000.0,10000.0
Sidewinder Max,PS2,2000,0.0,0.0,90000.0,0.0
The $1 Pyramid,Wii,2011,80000.0,0.0,0.0,10000.0
Burnout Paradise: The Ultimate Box,PS3,2009,0.0,60000.0,10000.0,20000.0
Kenka Banchou 2: Full Throttle,PS2,2007,0.0,0.0,90000.0,0.0
Zoids Assault,X360,2007,80000.0,0.0,0.0,10000.0
Pro Yaky? Spirits 2014,PSP,2014,0.0,0.0,90000.0,0.0
Dark Angel: Vampire Apocalypse,PS2,2001,40000.0,30000.0,0.0,10000.0
The Mummy: Tomb of the Dragon Emperor,Wii,2008,80000.0,0.0,0.0,10000.0
Spider-Man: Edge of Time,Wii,2011,60000.0,20000.0,0.0,10000.0
Momu-chan Diet Wii: Figurobics by Chon Dayon,Wii,2010,0.0,0.0,90000.0,0.0
Karaoke Revolution Presents American Idol Encore 2,X360,2008,80000.0,0.0,0.0,10000.0
Atelier Totori: The Adventurer of Arland,PSV,2012,0.0,0.0,90000.0,0.0
Mad Dog McCree: Gunslinger Pack,Wii,2009,80000.0,0.0,0.0,10000.0
No More Heroes: Red Zone,PS3,2011,0.0,0.0,90000.0,0.0
Battle Stadium D.O.N,GC,2006,0.0,0.0,90000.0,0.0
Deadliest Catch: Sea of Chaos,X360,2010,80000.0,0.0,0.0,10000.0
Karaoke Revolution Presents American Idol Encore,PS3,2008,80000.0,0.0,0.0,10000.0
Crysis: Maximum Edition,PC,2009,0.0,70000.0,0.0,20000.0
Wacky World of Sports,Wii,2009,80000.0,0.0,0.0,10000.0
Transworld Snowboarding,XB,2002,70000.0,20000.0,0.0,0.0
NFL Blitz 20-02,GC,2002,70000.0,20000.0,0.0,0.0
Sniper Elite,XB,2005,70000.0,20000.0,0.0,0.0
Data East Arcade Classics,Wii,2010,80000.0,0.0,0.0,10000.0
World Soccer Winning Eleven 8 International,XB,2004,70000.0,20000.0,0.0,0.0
Test Drive: Eve of Destruction,XB,2004,70000.0,20000.0,0.0,0.0
Crimson Sea,XB,2002,40000.0,10000.0,40000.0,0.0
Naruto Shippuden: Gekito Ninja Taisen! EX 2,Wii,2007,0.0,0.0,90000.0,0.0
The Weakest Link,PS,2001,50000.0,30000.0,0.0,10000.0
Lethal Enforcers,SNES,1993,0.0,0.0,90000.0,0.0
Romance of the Three Kingdoms XII,PS3,2012,0.0,0.0,90000.0,0.0
Ikaruga,GC,2003,70000.0,20000.0,0.0,0.0
Back to the Future: The Game,PS3,2011,70000.0,10000.0,0.0,10000.0
Hyperdimension Neptunia Re;Birth 2,PSV,2014,50000.0,20000.0,0.0,20000.0
The Suffering: Ties That Bind,XB,2005,70000.0,20000.0,0.0,0.0
Nobunaga's Ambition: Iron Triangle,PS2,2006,40000.0,30000.0,0.0,10000.0
Little League World Series Baseball: Double Play,Wii,2010,80000.0,0.0,0.0,10000.0
Jikkyou Powerful Pro Yakyuu 2012,PSV,2012,0.0,0.0,90000.0,0.0
Harvest Moon: Boy & Girl,PSP,2005,80000.0,0.0,0.0,10000.0
Mahjong Cub3D,3DS,2011,70000.0,0.0,20000.0,0.0
F1 2016 (Codemasters),XOne,2016,10000.0,70000.0,0.0,10000.0
Major League Baseball 2K12,PSP,2012,80000.0,0.0,0.0,10000.0
Viewtiful Joe: Red Hot Rumble,PSP,2006,80000.0,0.0,0.0,10000.0
The Ant Bully,Wii,2006,80000.0,0.0,0.0,10000.0
RollerCoaster Tycoon 3: Platinum,PC,2005,10000.0,60000.0,0.0,10000.0
Age of Mythology,PC,2002,20000.0,60000.0,0.0,10000.0
Sengoku Basara 4: Sumeragi,PS3,2015,0.0,0.0,90000.0,0.0
Shrek Smash n' Crash Racing,PSP,2006,80000.0,0.0,0.0,10000.0
The Smurfs 2,WiiU,2013,40000.0,40000.0,0.0,10000.0
Digimon World Re:Digitize Decode,3DS,2013,0.0,0.0,90000.0,0.0
Harvey Birdman: Attorney at Law,Wii,2008,80000.0,0.0,0.0,10000.0
Digimon World 4,GC,2005,70000.0,20000.0,0.0,0.0
Resident Evil: Revelations 2,X360,2015,40000.0,40000.0,0.0,10000.0
Jumper: Griffin's Story,Wii,2008,80000.0,0.0,0.0,10000.0
Star Wars: Empire at War,PC,2006,10000.0,60000.0,0.0,20000.0
Ford Racing 3,XB,2004,70000.0,20000.0,0.0,0.0
MLB SlugFest Loaded,XB,2004,70000.0,20000.0,0.0,0.0
Ty the Tasmanian Tiger 3: Night of the Quinkan,GC,2005,70000.0,20000.0,0.0,0.0
Sotsugyou Crossworld,PS,1996,0.0,0.0,80000.0,10000.0
R: Racing Evolution,XB,2003,60000.0,20000.0,0.0,0.0
Bionicle,GBA,2003,60000.0,20000.0,0.0,0.0
Battle Fantasia,X360,2008,70000.0,0.0,10000.0,10000.0
Lego Star Wars: The Force Awakens,WiiU,2016,40000.0,40000.0,0.0,10000.0
Bleach GC: Tasogare Ni Mamieru Shinigami,GC,2005,0.0,0.0,80000.0,0.0
ShellShock 2: Blood Trails,X360,2009,50000.0,30000.0,0.0,10000.0
F.E.A.R. Files,X360,2007,70000.0,10000.0,0.0,10000.0
SpongeBob: HeroPants,X360,2015,80000.0,0.0,0.0,10000.0
Team Elimination Games,Wii,2009,80000.0,0.0,0.0,10000.0
Spectral Force 3,X360,2006,80000.0,0.0,0.0,10000.0
Chou Jigen Game Neptune Mk-II,PS3,2011,0.0,0.0,90000.0,0.0
Jikkyou Powerful Pro Yakyuu 2000 Ketteiban,PS,2000,0.0,0.0,80000.0,10000.0
Karaoke Revolution,XB,2004,60000.0,20000.0,0.0,0.0
Escape Dead Island,X360,2014,30000.0,50000.0,0.0,10000.0
Red Faction: Armageddon,PC,2011,50000.0,20000.0,0.0,10000.0
Fire Pro Wrestling Returns,PS2,2005,40000.0,30000.0,0.0,10000.0
Jimmy Neutron: Boy Genius,GC,2002,70000.0,20000.0,0.0,0.0
Adventure Time: Finn & Jake Investigations,PS4,2015,30000.0,40000.0,0.0,10000.0
Derby Stallion,SAT,1999,0.0,0.0,90000.0,0.0
Puss in Boots,PS3,2011,70000.0,10000.0,0.0,10000.0
PAC-MAN and the Ghostly Adventures,PS3,2013,30000.0,40000.0,0.0,10000.0
Rollcage Stage II,PS,2000,50000.0,30000.0,0.0,10000.0
Samurai Warriors 2: Xtreme Legends,PS2,2007,40000.0,30000.0,0.0,10000.0
Karaoke Joysound Wii DX,Wii,2009,0.0,0.0,90000.0,0.0
Invasion From Beyond,PS,1998,50000.0,30000.0,0.0,10000.0
50 Cent: Bulletproof,PSP,2006,80000.0,0.0,0.0,10000.0
Forgotten Realms: Demon Stone,XB,2004,60000.0,20000.0,0.0,0.0
Counter-Strike: Source,PC,2004,0.0,70000.0,0.0,20000.0
Major League Baseball 2K7,PSP,2007,80000.0,0.0,0.0,10000.0
The Penguins of Madagascar: Dr. Blowhole Returns - Again!,Wii,2011,50000.0,30000.0,0.0,10000.0
LEGO Star Wars II: The Original Trilogy,GBA,2006,60000.0,20000.0,0.0,0.0
Tim Burton's The Nightmare Before Christmas: Oogie's Revenge,XB,2005,60000.0,20000.0,0.0,0.0
Knights in the Nightmare,PSP,2010,60000.0,0.0,20000.0,10000.0
Mahjong Master,N64,1996,0.0,0.0,90000.0,0.0
Adventure Time: The Secret of the Nameless Kingdom,X360,2014,0.0,80000.0,0.0,10000.0
Royal Palace of White Sword and The City of Gentiles,XB,2005,60000.0,20000.0,0.0,0.0
Top Gear Rally,GBA,2003,60000.0,20000.0,0.0,0.0
Busy Scissors,Wii,2010,80000.0,0.0,0.0,0.0
Knights Contract,PS3,2011,40000.0,30000.0,0.0,10000.0
Gray Matter,PC,2011,20000.0,50000.0,0.0,10000.0
Famicom Mini: Makaimura,GBA,2004,0.0,0.0,80000.0,0.0
Might & Magic Heroes VII,PC,2015,0.0,80000.0,0.0,0.0
XIII,GC,2003,70000.0,20000.0,0.0,0.0
Pro Evolution Soccer 2013,PC,2012,0.0,70000.0,0.0,10000.0
Dynasty Warriors 8: Empires,PS3,2014,0.0,0.0,90000.0,0.0
The Incredibles: Rise of the Underminer,XB,2005,60000.0,20000.0,0.0,0.0
Theme Hospital,PS,1998,30000.0,20000.0,30000.0,10000.0
Blacksite: Area 51,PS3,2007,70000.0,10000.0,0.0,10000.0
Wizardry: Tale of the Forsaken Land,PS2,2001,40000.0,30000.0,0.0,10000.0
Cloudy With a Chance of Meatballs,X360,2009,70000.0,10000.0,0.0,10000.0
ChuChu Rocket!,GBA,2001,60000.0,20000.0,0.0,0.0
FIFA 12,PS2,2011,0.0,20000.0,0.0,60000.0
Monster Jam: Urban Assault,PSP,2008,80000.0,0.0,0.0,10000.0
Ys I & II Chronicles,PSP,2009,50000.0,0.0,30000.0,10000.0
Codename Tenka,PS,1997,50000.0,30000.0,0.0,10000.0
Edna & Harvey: Harvey's New Eyes,PC,2011,0.0,70000.0,0.0,10000.0
Savage Skies,PS2,2002,40000.0,30000.0,0.0,10000.0
Cartoon Network: Punch Time Explosion XL,Wii,2011,70000.0,10000.0,0.0,10000.0
Sega Bass Fishing,DC,1999,0.0,0.0,90000.0,0.0
Walt Disney's The Jungle Book: Rhythm N'Groove,PS,2000,50000.0,30000.0,0.0,10000.0
Petz: Saddle Club,PSP,2009,80000.0,0.0,0.0,10000.0
Just Dance Wii U,WiiU,2014,0.0,0.0,90000.0,0.0
Cyberia,PS,1995,50000.0,30000.0,0.0,10000.0
Killer7,PS2,2005,40000.0,30000.0,0.0,10000.0
Million God,PS2,2002,0.0,0.0,90000.0,0.0
The Penguins of Madagascar: Dr. Blowhole Returns - Again!,PS3,2011,40000.0,30000.0,0.0,10000.0
Rugby 15,XOne,2015,30000.0,50000.0,0.0,10000.0
Ys VIII: Lacrimosa of Dana,PSV,2016,0.0,0.0,90000.0,0.0
Build 'n Race,Wii,2009,80000.0,0.0,0.0,10000.0
Lost Heroes,3DS,2012,0.0,0.0,90000.0,0.0
Astro Boy,PS2,2004,40000.0,30000.0,0.0,10000.0
Wing Commander IV: The Price of Freedom,PS,1997,50000.0,30000.0,0.0,10000.0
Monster House,GBA,2006,60000.0,20000.0,0.0,0.0
MetropolisMania,PS2,2001,40000.0,30000.0,0.0,10000.0
Shin Megami Tensei: Devil Summoner - Raidou Kuzunoha vs. The Soulless Army,PS2,2006,0.0,0.0,90000.0,0.0
Shadow of Destiny,PSP,2009,70000.0,0.0,0.0,10000.0
Guilty Gear XX Accent Core Plus,PSP,2008,30000.0,10000.0,40000.0,10000.0
Kuroko's Basketball: Ties to Future,3DS,2015,0.0,0.0,80000.0,0.0
NCAA Football 08,XB,2007,60000.0,20000.0,0.0,0.0
Princess Maker 2,SAT,1995,0.0,0.0,80000.0,0.0
Ephemeral Fantasia,PS2,2000,40000.0,30000.0,0.0,10000.0
SRS: Street Racing Syndicate,GC,2004,70000.0,20000.0,0.0,0.0
Winter Sports 2: The Next Challenge,PS2,2008,40000.0,30000.0,0.0,10000.0
Chameleon,PSP,2006,70000.0,0.0,0.0,10000.0
Tokimeki Memorial: Taisen Pazurudama,SAT,1996,0.0,0.0,80000.0,0.0
Diva Girls: Divas on Ice,Wii,2009,70000.0,10000.0,0.0,10000.0
Beat Sketch!,PS3,2010,0.0,0.0,80000.0,0.0
Natural Doctrine,PSV,2014,30000.0,20000.0,30000.0,10000.0
Lara Croft and the Temple of Osiris,PS4,2014,0.0,70000.0,0.0,10000.0
Bleach: Heat the Soul 5,PSP,2008,0.0,0.0,80000.0,0.0
Koudelka,PS,1999,50000.0,30000.0,0.0,10000.0
Disgaea Infinite,PSP,2010,70000.0,0.0,10000.0,10000.0
Virtua Fighter CG Portrait Series Vol.2: Jacky Bryant,SAT,1995,0.0,0.0,80000.0,0.0
IHRA Drag Racing: Sportsman Edition,PS2,2006,40000.0,30000.0,0.0,10000.0
Famicom Mini: Famicom Mukashi Banashi - Shin Oniga Shima Zenkouhen,GBA,2004,0.0,0.0,80000.0,0.0
Escape Dead Island,PS3,2014,30000.0,40000.0,0.0,10000.0
Martian Panic,Wii,2010,80000.0,0.0,0.0,0.0
America's Army: True Soldiers,X360,2007,80000.0,0.0,0.0,10000.0
Pachitte Chonmage Tatsujin 13: Pachinko Hissatsu Shigotojin III,PS2,2007,0.0,0.0,80000.0,0.0
Wreckin Crew,PS,1998,50000.0,30000.0,0.0,10000.0
Theme Park,SAT,1994,0.0,0.0,80000.0,0.0
Famicom Mini: Mario Bros.,GBA,2004,0.0,0.0,80000.0,0.0
MX vs. ATV Supercross,X360,2014,30000.0,50000.0,0.0,10000.0
Major League Baseball 2K9,PSP,2009,80000.0,0.0,0.0,10000.0
RockMan EXE 4.5 Real Operation,GBA,2004,0.0,0.0,80000.0,0.0
Rescue Heroes: Billy Blazes,GBA,2003,60000.0,20000.0,0.0,0.0
SafeCracker: The Ultimate Puzzle Adventure,Wii,2008,70000.0,10000.0,0.0,10000.0
Battlefield 2,PC,2005,0.0,70000.0,0.0,20000.0
Frantix,PSP,2005,80000.0,0.0,0.0,10000.0
Sega GT Online,XB,2003,60000.0,20000.0,0.0,0.0
Derby Tsuku: Derby Uma o Tsukurou!,DC,2000,0.0,0.0,80000.0,0.0
SeaWorld Adventure Parks: Shamu's Deep Sea Adventure,GBA,2005,60000.0,20000.0,0.0,0.0
Prisoner of War,XB,2002,60000.0,20000.0,0.0,0.0
Arslan: The Warriors of Legend,PS4,2015,20000.0,10000.0,40000.0,10000.0
S.C.A.R.S,PS,1998,50000.0,30000.0,0.0,10000.0
Risen 3: Titan Lords,X360,2014,20000.0,60000.0,0.0,10000.0
The King of Fighters '98: Dream Match Never Ends,PS,1999,50000.0,30000.0,0.0,10000.0
Air Conflicts: Secret Wars,X360,2011,60000.0,20000.0,0.0,10000.0
PAC-MAN and the Ghostly Adventures,X360,2013,40000.0,30000.0,0.0,10000.0
Dead or Alive 5,XOne,2015,40000.0,30000.0,10000.0,10000.0
ESPN NFL Primetime 2002,PS2,2001,40000.0,30000.0,0.0,10000.0
Wildlife Park 3,PC,2011,0.0,70000.0,0.0,20000.0
From Russia With Love,PSP,2006,70000.0,10000.0,0.0,10000.0
Sniper: Ghost Warrior 2,PC,2013,20000.0,50000.0,0.0,10000.0
Warriors Orochi 3 Hyper,WiiU,2012,40000.0,20000.0,20000.0,10000.0
Zoids: Legacy,GBA,2003,60000.0,20000.0,0.0,0.0
Monster Jam: Path of Destruction,PSP,2010,70000.0,0.0,0.0,10000.0
Captain America: Super Soldier,3DS,2011,50000.0,20000.0,0.0,10000.0
Onimusha Tactics,GBA,2003,60000.0,20000.0,0.0,0.0
Bomberman Jetters,GC,2002,60000.0,20000.0,0.0,0.0
TOCA Race Driver 3,PS2,2006,40000.0,30000.0,0.0,10000.0
Konami Classics Vol. 1,X360,2009,80000.0,0.0,0.0,10000.0
Pac-Man Power Pack,PS2,2008,40000.0,30000.0,0.0,10000.0
Disney's Donald Duck: Goin' Quackers,PS2,2000,40000.0,30000.0,0.0,10000.0
Ultimate Brain Games,GBA,2003,60000.0,20000.0,0.0,0.0
NHL 2K7,X360,2006,70000.0,0.0,0.0,10000.0
The Seven Deadly Sins: Unjust Sin,3DS,2015,0.0,0.0,80000.0,0.0
Armorines: Project S.W.A.R.M.,PS,2000,50000.0,30000.0,0.0,10000.0
Gundam Seed: Battle Assault,GBA,2004,60000.0,20000.0,0.0,0.0
Chibi Maruko-Chan: Harikiri 365-Nichi no Maki,SNES,1991,0.0,0.0,80000.0,0.0
Phantom Brave: The Hermuda Triangle,PSP,2010,50000.0,0.0,30000.0,10000.0
Famicom Mini: Adventure Island,GBA,2004,0.0,0.0,80000.0,0.0
Aliens versus Predator: Extinction,XB,2003,60000.0,20000.0,0.0,0.0
RTX Red Rock,PS2,2003,40000.0,30000.0,0.0,10000.0
Nano Assault,3DS,2011,80000.0,0.0,0.0,10000.0
X Rebirth,PC,2013,0.0,80000.0,0.0,10000.0
FIFA Street 2,XB,2006,60000.0,20000.0,0.0,0.0
Tokimeki Memorial: Girl's Side,PS2,2002,0.0,0.0,80000.0,0.0
Shining Force: Resurrection of the Dark Dragon,GBA,2004,60000.0,20000.0,0.0,0.0
Shining Soul II,GBA,2003,60000.0,20000.0,0.0,0.0
Orega Kantoku Da! Gekitou Pennant Race,PS2,2000,0.0,0.0,80000.0,0.0
America's Next Top Model,Wii,2010,80000.0,0.0,0.0,10000.0
Nikoli's Pencil Puzzle,3DS,2011,50000.0,30000.0,0.0,10000.0
Hello Kitty: Roller Rescue,GC,2005,60000.0,20000.0,0.0,0.0
Jikkyou Powerful Pro Yakyuu 12,GC,2005,0.0,0.0,80000.0,0.0
Metal Slug Advance,GBA,2004,60000.0,20000.0,0.0,0.0
Pac-Man World Rally,GC,2006,60000.0,20000.0,0.0,0.0
Gradius Galaxies,GBA,2001,60000.0,20000.0,0.0,0.0
Blazing Angels: Squadrons of WWII,XB,2006,60000.0,20000.0,0.0,0.0
Mortal Kombat Kollection,PS2,2008,40000.0,30000.0,0.0,10000.0
Blades of Blood: Samurai Shodown III,PS,1995,50000.0,30000.0,0.0,10000.0
LEGO Soccer Mania,PS2,2002,40000.0,30000.0,0.0,10000.0
Gundam the 3D Battle,3DS,2011,0.0,0.0,80000.0,0.0
Petz: Dogz Family,PSP,2009,50000.0,20000.0,0.0,10000.0
Ride,PS3,2015,0.0,60000.0,10000.0,10000.0
Deadliest Catch: Sea of Chaos,PS3,2010,80000.0,0.0,0.0,10000.0
Godzilla Generations,DC,1998,0.0,0.0,80000.0,0.0
Strider 2,PS,2000,50000.0,30000.0,0.0,10000.0
ShellShock 2: Blood Trails,PS3,2009,40000.0,30000.0,0.0,10000.0
Forbidden Siren 2,PS2,2006,0.0,0.0,80000.0,0.0
Board Game Classics,GBA,2005,60000.0,20000.0,0.0,0.0
Supremacy MMA,X360,2011,50000.0,30000.0,0.0,10000.0
Game of Thrones,PC,2012,0.0,70000.0,0.0,10000.0
Shin Megami Tensei: Digital Devil Saga 2,PS2,2005,40000.0,30000.0,0.0,10000.0
Steins;Gate,PS3,2012,10000.0,40000.0,20000.0,10000.0
Super Monkey Ball Adventure,PSP,2006,50000.0,20000.0,0.0,10000.0
Zatch Bell! Mamodo Battles,PS2,2005,40000.0,30000.0,0.0,10000.0
Bejeweled 3,PC,2010,20000.0,50000.0,0.0,10000.0
Iron Man / X-O Manowar in Heavy Metal,PS,1996,50000.0,30000.0,0.0,10000.0
Derby Stallion 98,SNES,1998,0.0,0.0,80000.0,0.0
Pimp My Ride: Street Racing,PS2,2009,40000.0,30000.0,0.0,10000.0
Exit,PSP,2005,70000.0,0.0,0.0,10000.0
God Eater Resurrection,PS4,2015,0.0,0.0,80000.0,0.0
Robotron X,PS,1996,50000.0,30000.0,0.0,10000.0
Pretty Rhythm: My Deco Rainbow Wedding,3DS,2013,0.0,0.0,80000.0,0.0
Kamen Rider: Travelers Senki,3DS,2013,0.0,0.0,80000.0,0.0
J-League Winning Eleven 2009: Club Championship,PS2,2009,0.0,0.0,80000.0,0.0
The Sims 2: Ikea Home Stuff,PC,2008,0.0,70000.0,0.0,20000.0
Grand Prix Challenge,PS2,2002,40000.0,30000.0,0.0,10000.0
Smart Bomb,PSP,2005,70000.0,0.0,0.0,10000.0
FIFA Soccer 2005,GBA,2004,60000.0,20000.0,0.0,0.0
PoPoLoCrois (JP sales),PSP,2005,0.0,0.0,80000.0,0.0
Ken to Mahou to Gakuen Mono. 2,PSP,2009,0.0,0.0,80000.0,0.0
NHL 06,GC,2005,60000.0,20000.0,0.0,0.0
Major League Baseball 2K11,PC,2011,60000.0,10000.0,0.0,10000.0
Initial D: Extreme Stage,PS3,2008,0.0,0.0,80000.0,0.0
Pinobee: Wings of Adventure,GBA,2001,60000.0,20000.0,0.0,0.0
State of Emergency 2,PS2,2006,40000.0,30000.0,0.0,10000.0
Ninjabread Man,Wii,2007,70000.0,0.0,0.0,10000.0
One Piece: Romance Dawn - Bouken no Yoake,3DS,2013,0.0,0.0,80000.0,0.0
Crush,PSP,2007,70000.0,0.0,0.0,10000.0
I Am In The Movie,Wii,2012,0.0,0.0,80000.0,0.0
Fatal Frame III: The Tormented,PS2,2005,40000.0,30000.0,0.0,10000.0
Ice Age 2: The Meltdown,Wii,2006,60000.0,10000.0,0.0,10000.0
Seven Samurai 20XX,PS2,2004,40000.0,30000.0,0.0,10000.0
10 Minute Solution,Wii,2010,60000.0,10000.0,0.0,10000.0
Jikkyou Powerful Pro Yakyuu 15,Wii,2008,0.0,0.0,80000.0,0.0
Cloudy With a Chance of Meatballs,PSP,2009,70000.0,0.0,0.0,10000.0
Tom Clancy's Splinter Cell: Pandora Tomorrow,GC,2004,60000.0,20000.0,0.0,0.0
Ultimate Ghosts 'n Goblins,PSP,2006,70000.0,10000.0,0.0,10000.0
Slayers Royal,PS,1998,0.0,0.0,80000.0,10000.0
Swingerz Golf,GC,2002,60000.0,20000.0,0.0,0.0
Adventure Time: Explore the Dungeon Because I Don't Know!,X360,2013,30000.0,40000.0,0.0,10000.0
Toukiden 2,PS4,2016,0.0,0.0,80000.0,0.0
The King of Fighters 2006,PS2,2006,10000.0,10000.0,50000.0,0.0
Tornado Outbreak,X360,2009,70000.0,0.0,0.0,10000.0
Pretty Rhythm Rainbow Live: Kira Kira My * Design,3DS,2013,0.0,0.0,80000.0,0.0
Nobunaga's Ambition: Rise to Power,PS2,2004,0.0,0.0,80000.0,0.0
FIFA Soccer 2003,GC,2002,60000.0,20000.0,0.0,0.0
Adventure Time: The Secret of the Nameless Kingdom,3DS,2014,0.0,70000.0,0.0,0.0
DanceDanceRevolution,X360,2011,80000.0,0.0,0.0,10000.0
Pop'n Music,Wii,2009,70000.0,0.0,0.0,10000.0
Outlaw Golf,GC,2002,60000.0,20000.0,0.0,0.0
Worms: A Space Oddity,Wii,2008,60000.0,20000.0,0.0,10000.0
Steins;Gate: Hiyoku Renri no Darling,X360,2011,0.0,0.0,80000.0,0.0
King's Field (Japan),PS,1994,0.0,0.0,80000.0,10000.0
Slam 'n Jam '96 featuring Magic & Kareem,PS,1995,40000.0,30000.0,0.0,10000.0
Far Cry Vengeance,Wii,2006,60000.0,10000.0,0.0,10000.0
Looney Tunes: Acme Arsenal,X360,2007,60000.0,10000.0,0.0,10000.0
Samurai Shodown Sen,X360,2009,70000.0,10000.0,0.0,10000.0
NASCAR The Game: Inside Line,PS3,2012,70000.0,0.0,0.0,10000.0
ToraDora Portable!,PSP,2009,0.0,0.0,80000.0,0.0
The Italian Job,XB,2003,60000.0,20000.0,0.0,0.0
Smuggler's Run: Warzones,GC,2002,60000.0,20000.0,0.0,0.0
R/C Stunt Copter,PS,1998,40000.0,30000.0,0.0,10000.0
Pac-Man and the Ghostly Adventures 2,3DS,2014,30000.0,50000.0,0.0,10000.0
Final Fantasy VI,PS,1999,0.0,0.0,80000.0,10000.0
Jikkyou Powerful Major League 2009,PS2,2009,0.0,0.0,80000.0,0.0
The Legend of Alon D'ar,PS2,2001,40000.0,30000.0,0.0,10000.0
Space Channel 5 Special Edition,PS2,2003,40000.0,30000.0,0.0,10000.0
Cate West: The Vanishing Files,Wii,2009,70000.0,0.0,0.0,10000.0
Jimmie Johnson's Anything With an Engine,Wii,2011,70000.0,0.0,0.0,10000.0
Black/Matrix,SAT,1998,0.0,0.0,80000.0,0.0
Big Mutha Truckers,GC,2003,60000.0,20000.0,0.0,0.0
Wolfenstein: The Old Blood,PC,2015,0.0,80000.0,0.0,0.0
Qubed,X360,2009,70000.0,0.0,0.0,10000.0
The Sims 3: Fast Lane Stuff,PC,2010,10000.0,50000.0,0.0,20000.0
The King of Fighters '96,PS,1997,0.0,0.0,70000.0,10000.0
Knights Contract,X360,2011,50000.0,30000.0,0.0,10000.0
Uta no Prince-Sama: All Star After Secret,PSP,2015,0.0,0.0,80000.0,0.0
The Space Bar,SAT,1996,0.0,0.0,80000.0,0.0
Bust-A-Move 2 Arcade Edition,N64,1997,60000.0,20000.0,0.0,0.0
Knife Edge: NoseGunner,N64,1998,60000.0,20000.0,0.0,0.0
Puzzle Chronicles,PSP,2010,70000.0,0.0,0.0,10000.0
Wetrix,N64,1998,60000.0,20000.0,0.0,0.0
NHL Breakaway 99,N64,1998,70000.0,10000.0,0.0,0.0
Tony Hawk's Pro Skater 3,N64,2002,60000.0,20000.0,0.0,0.0
Iggy's Reckin' Balls,N64,1998,60000.0,20000.0,0.0,0.0
The Witch and the Hundred Knight,PS4,2015,20000.0,10000.0,50000.0,10000.0
Tomb Raider: Underworld,PC,2008,0.0,60000.0,0.0,20000.0
Samurai Western,PS2,2004,40000.0,30000.0,0.0,10000.0
"Warhammer 40,000: Dawn of War II - Retribution",PC,2011,0.0,60000.0,0.0,20000.0
Earth Defense Force 2017,X360,2006,40000.0,10000.0,30000.0,0.0
Persona 4: Arena Ultimax,X360,2014,60000.0,10000.0,0.0,10000.0
Harry Potter and the Sorcerer's Stone,GC,2003,60000.0,20000.0,0.0,0.0
High Heat Major League Baseball 2004,XB,2003,60000.0,20000.0,0.0,0.0
TimeSplitters: Future Perfect,GC,2005,60000.0,20000.0,0.0,0.0
Ultimate Shooting Collection,Wii,2008,80000.0,0.0,0.0,0.0
Super Sentai Battle: Ranger Cross,Wii,2011,0.0,0.0,80000.0,0.0
Gradius III and IV,PS2,2000,40000.0,30000.0,0.0,10000.0
Pilot ni Narou! 2,PS2,2001,0.0,0.0,80000.0,0.0
AKB1/149: Love Election,PS3,2013,0.0,0.0,80000.0,0.0
Ken to Mahou to Gakuen Mono. Final: Shinnyusei wa Ohimesama,PSP,2011,0.0,0.0,80000.0,0.0
Man vs. Wild,PS3,2010,70000.0,0.0,0.0,10000.0
Incredible Crisis,PS,1999,40000.0,30000.0,0.0,10000.0
Midway Arcade Treasures 3,XB,2005,60000.0,20000.0,0.0,0.0
The King of Fighters EX2: Howling Blood,GBA,2002,60000.0,20000.0,0.0,0.0
Disney's Meet the Robinsons,X360,2007,70000.0,0.0,0.0,10000.0
Cabela's North American Adventures,PS2,2010,40000.0,30000.0,0.0,10000.0
Akiba's Trip Plus,PSP,2012,0.0,0.0,80000.0,0.0
Famicom Mini: SD Gundam World Gachapon Senshi - Scramble Wars,GBA,2004,0.0,0.0,80000.0,0.0
NBA 10: The Inside,PSP,2009,70000.0,0.0,0.0,10000.0
Dragon Ball Z: Battle of Z,X360,2014,10000.0,60000.0,0.0,10000.0
Silent Hunter III,PC,2005,0.0,70000.0,0.0,10000.0
Famicom Mini: Star Soldier,GBA,2004,0.0,0.0,80000.0,0.0
Sentimental Graffiti 2,DC,2000,0.0,0.0,80000.0,0.0
Shonen Jump's One Piece: Pirates Carnival,GC,2005,60000.0,20000.0,0.0,0.0
Kobitodzukan: Kobito no Fushigi - Jikken Set,3DS,2013,0.0,0.0,80000.0,0.0
Goblin Commander: Unleash the Horde,XB,2003,60000.0,20000.0,0.0,0.0
Serious Sam 3: BFE,PC,2011,10000.0,50000.0,0.0,10000.0
MXGP 2,PS4,2016,20000.0,50000.0,0.0,10000.0
Doraemon: Nobita and the Island of Miracles,3DS,2012,0.0,0.0,80000.0,0.0
Puzzler Mind Gym 3D,3DS,2011,70000.0,0.0,0.0,0.0
Lost Dimension,PS3,2014,50000.0,10000.0,0.0,10000.0
Sentimental Graffiti: First Window,SAT,1997,0.0,0.0,80000.0,0.0
Gekijouban Madoka Magicka: The Battle Pentagram,PSV,2013,0.0,0.0,80000.0,0.0
Cartoon Network Collection: Game Boy Advance Video Volume 2,GBA,2004,60000.0,20000.0,0.0,0.0
Sherlock Holmes: Crimes & Punishments,XOne,2014,30000.0,40000.0,0.0,10000.0
Tempest 3X,PS,1995,40000.0,30000.0,0.0,10000.0
A-Train,PS,1995,20000.0,10000.0,40000.0,10000.0
Hidden Invasion,PS2,2001,40000.0,30000.0,0.0,10000.0
World Series of Poker 2008: Battle for the Bracelets,X360,2007,60000.0,10000.0,0.0,10000.0
Superman: Shadow of Apokolips,GC,2003,60000.0,20000.0,0.0,0.0
Armored Core 3 Portable,PSP,2009,0.0,0.0,80000.0,0.0
Bleach: Erabareshi Tamashii,PS2,2005,0.0,0.0,80000.0,0.0
Sengoku Musou 3: Moushouden,Wii,2011,0.0,0.0,80000.0,0.0
Batman: Dark Tomorrow,GC,2003,60000.0,20000.0,0.0,0.0
Looney Tunes: Galactic Sports,PSV,2015,0.0,60000.0,0.0,20000.0
The First Templar,PC,2011,60000.0,10000.0,0.0,10000.0
Ogre Battle Series: Tactics Ogre,PS,1997,40000.0,30000.0,0.0,10000.0
Little League World Series Baseball 2010,PS3,2010,70000.0,0.0,0.0,10000.0
Battlestar Galactica,XB,2003,60000.0,20000.0,0.0,0.0
Fireblade,XB,2002,60000.0,20000.0,0.0,0.0
BioShock The Collection,XOne,2016,30000.0,40000.0,0.0,10000.0
Just Dance: Disney Party 2,WiiU,2015,60000.0,10000.0,0.0,10000.0
Tomb Raider: Legend,GC,2006,60000.0,20000.0,0.0,0.0
Boxing Fever,GBA,2001,60000.0,20000.0,0.0,0.0
RoadKill,XB,2003,60000.0,20000.0,0.0,0.0
Valkyrie Drive: Bhikkhuni,PSV,2015,0.0,10000.0,70000.0,0.0
Gintama: Gin-San to Issho! Boku no Kabuki Machi Nikki,PS2,2007,0.0,0.0,80000.0,0.0
7 Wonders of the Ancient World,PSP,2007,70000.0,0.0,0.0,10000.0
Indycar Series 2005,XB,2004,60000.0,20000.0,0.0,0.0
Final Fantasy XI: Vana'diel Collection 2008,PS2,2007,30000.0,30000.0,10000.0,10000.0
Lost in Blue: Shipwrecked,Wii,2008,70000.0,0.0,0.0,10000.0
Madden NFL 17,X360,2016,60000.0,10000.0,0.0,10000.0
Taz Wanted,GC,2002,60000.0,20000.0,0.0,0.0
The Voice,X360,2014,70000.0,0.0,0.0,10000.0
Penny Racers Party: Turbo-Q Speedway,Wii,2008,70000.0,0.0,0.0,10000.0
Skydiving Extreme,PS,2001,40000.0,30000.0,0.0,10000.0
Evil Dead: Regeneration,XB,2005,60000.0,20000.0,0.0,0.0
Need For Speed: Undercover,PC,2008,0.0,70000.0,0.0,10000.0
Evolution Worlds,GC,2002,60000.0,20000.0,0.0,0.0
Sherlock Holmes: Crimes & Punishments,PS3,2014,30000.0,40000.0,0.0,10000.0
Rapala Pro Bass Fishing 2010,PS2,2010,40000.0,30000.0,0.0,10000.0
My First Songs,Wii,2010,0.0,70000.0,0.0,10000.0
Dungeon Travelers 2: The Royal Library & The Monster Seal,PSP,2013,0.0,0.0,80000.0,0.0
Ultimate Party Challenge,Wii,2009,70000.0,0.0,0.0,10000.0
Assassin's Creed Chronicles,PS4,2016,10000.0,50000.0,10000.0,10000.0
Scooby-Doo! Who's Watching Who?,PSP,2006,70000.0,10000.0,0.0,10000.0
Sub Rebellion,PS2,2002,40000.0,30000.0,0.0,10000.0
Legend of the Guardians: The Owls of Ga'Hoole,PS3,2010,60000.0,10000.0,0.0,10000.0
Striker 96,PS,1995,40000.0,30000.0,0.0,10000.0
Tokimeki Memorial 4,PSP,2009,0.0,0.0,80000.0,0.0
Bleach: Heat the Soul 4,PSP,2007,0.0,0.0,80000.0,0.0
Pocket Dogs,GBA,2004,60000.0,20000.0,0.0,0.0
Real Robots Final Attack,PS,1998,0.0,0.0,70000.0,10000.0
Minecraft: Story Mode,PC,2015,20000.0,50000.0,0.0,10000.0
P.N.03 - Product Number Three,GC,2003,60000.0,20000.0,0.0,0.0
Samurai Warriors 2,X360,2006,70000.0,10000.0,0.0,10000.0
Ape Escape: Pumped & Primed,PS2,2004,40000.0,30000.0,0.0,10000.0
Alien Syndrome,PSP,2007,70000.0,0.0,0.0,10000.0
Outlaw Tennis,PS2,2005,40000.0,30000.0,0.0,10000.0
Grease Dance,PS3,2011,50000.0,20000.0,0.0,10000.0
The Golf Club,PS4,2014,50000.0,20000.0,0.0,10000.0
Agatha Christie: And Then There Were None,Wii,2008,60000.0,10000.0,0.0,10000.0
Rayman Origins,PC,2012,0.0,60000.0,0.0,10000.0
Medabots Dual: Kabuto / Kuwagata,3DS,2013,0.0,0.0,80000.0,0.0
We Sing Rock!,Wii,2011,0.0,70000.0,0.0,10000.0
LEGO Soccer Mania,GBA,2002,60000.0,20000.0,0.0,0.0
Gunblade NY & L.A. Machineguns Arcade Hits Pack,Wii,2010,60000.0,10000.0,0.0,10000.0
Gadget Racers,PS2,2000,40000.0,30000.0,0.0,10000.0
Phantasy Star Online Episode III: C.A.R.D. Revolution,GC,2003,60000.0,20000.0,0.0,0.0
Bleach: Heat the Soul 7,PSP,2010,0.0,0.0,80000.0,0.0
Cosmic Family,Wii,2007,70000.0,0.0,0.0,10000.0
Auto Destruct,PS,1998,40000.0,30000.0,0.0,10000.0
Terraria,3DS,2016,0.0,30000.0,40000.0,0.0
GOTHA: Ismailia Seneki,SAT,1995,0.0,0.0,80000.0,0.0
Dangerous Ji-San to 1000-nin no Otomodachi Yokoshima,3DS,2012,0.0,0.0,80000.0,0.0
MLB Front Office Manager,PS3,2009,70000.0,0.0,0.0,10000.0
Ultimate Fighting Championship: Throwdown,GC,2002,60000.0,20000.0,0.0,0.0
Deep Fear,SAT,1998,0.0,0.0,80000.0,0.0
Skeleton Warriors,PS,1996,40000.0,30000.0,0.0,10000.0
Ford vs. Chevy,XB,2005,60000.0,20000.0,0.0,0.0
Endgame,PS2,2002,40000.0,30000.0,0.0,10000.0
Dragon's Dogma Online,PS4,2015,0.0,0.0,80000.0,0.0
The Dukes of Hazzard: Return of the General Lee,XB,2004,60000.0,20000.0,0.0,0.0
Criminal Girls: Invite Only,PSP,2010,0.0,0.0,80000.0,0.0
Ultimate Duck Hunting,Wii,2009,70000.0,0.0,0.0,10000.0
Virus,SAT,1997,0.0,0.0,80000.0,0.0
Jikkyou Powerful Pro Yakyuu Next,Wii,2009,0.0,0.0,80000.0,0.0
WWE Crush Hour,GC,2003,60000.0,20000.0,0.0,0.0
Aliens in the Attic,Wii,2009,70000.0,0.0,0.0,10000.0
Dragon Shadow Spell,PS2,2007,0.0,0.0,80000.0,0.0
Sound Novel Tsukuru,SNES,1996,0.0,0.0,80000.0,0.0
NHL Hitz 20-03,GC,2002,60000.0,20000.0,0.0,0.0
Momotarou Dentetsu 11,GC,2002,0.0,0.0,70000.0,0.0
The Idolm@ster,X360,2007,0.0,0.0,80000.0,0.0
Infernal: Hell's Vengeance,X360,2009,60000.0,10000.0,0.0,10000.0
Guilty Gear XX Slash,PS2,2006,0.0,0.0,80000.0,0.0
Urban Reign,PS2,2005,40000.0,30000.0,0.0,10000.0
Super Robot Taisen Z Special Disc,PS2,2009,0.0,0.0,80000.0,0.0
Slayers Royal 2,SAT,1998,0.0,0.0,80000.0,0.0
Family Game Night 4: The Game Show,X360,2011,70000.0,0.0,0.0,10000.0
Resident Evil 3: Nemesis,GC,2003,60000.0,20000.0,0.0,0.0
All-Star Baseball 2004,GC,2003,60000.0,20000.0,0.0,0.0
Madden NFL 08,GC,2007,60000.0,20000.0,0.0,0.0
Ro-Kyu-Bu!,PSP,2011,0.0,0.0,80000.0,0.0
Frogger Beyond,XB,2002,60000.0,20000.0,0.0,0.0
Man vs. Wild,Wii,2011,70000.0,0.0,0.0,0.0
Stuart Little 3: Big Photo Adventure,PS2,2005,40000.0,30000.0,0.0,10000.0
"Ni Hao, Kai-lan: Super Game Day",PS2,2009,40000.0,30000.0,0.0,10000.0
Captain Tsubasa,PS2,2006,0.0,0.0,80000.0,0.0
Pitfall: The Lost Expedition,GC,2004,60000.0,20000.0,0.0,0.0
Need for Speed Underground 2,PC,2004,0.0,60000.0,0.0,10000.0
No One Can Stop Mr. Domino!,PS,1998,40000.0,30000.0,0.0,0.0
Legend of the Guardians: The Owls of Ga'Hoole,X360,2010,60000.0,10000.0,0.0,10000.0
GT Advance 3: Pro Concept Racing,GBA,2002,50000.0,20000.0,0.0,0.0
PQ: Practical Intelligence Quotient,PSP,2005,70000.0,0.0,0.0,10000.0
Duke Nukem: Land of the Babes,PS,2000,40000.0,30000.0,0.0,0.0
Majin Tensei,SNES,1994,0.0,0.0,80000.0,0.0
Dragon Force II: Kamisarishi Daichi ni,SAT,1998,0.0,0.0,80000.0,0.0
Pac-Man World 3,PSP,2005,70000.0,0.0,0.0,10000.0
Monkey Hero,PS,1998,40000.0,30000.0,0.0,0.0
Krazy Ivan,PS,1995,40000.0,30000.0,0.0,0.0
Need for Speed: Most Wanted,PC,2012,0.0,60000.0,0.0,20000.0
Quo Vadis,SAT,1995,0.0,0.0,80000.0,0.0
The Lord of the Rings: The Battle for Middle-Earth,PC,2004,10000.0,60000.0,0.0,10000.0
Fate/Tiger Colosseum,PSP,2007,0.0,0.0,80000.0,0.0
World Party Games,Wii,2009,70000.0,0.0,0.0,10000.0
Samurai Warriors Chronicles 3,3DS,2014,0.0,0.0,80000.0,0.0
Open Season,PSP,2006,70000.0,0.0,0.0,10000.0
Animal Kingdom: Wildlife Expedition,Wii,2009,70000.0,0.0,0.0,10000.0
Brothers in Arms: Furious 4,PS3,2012,10000.0,50000.0,0.0,20000.0
Rogue Trooper: Quartz Zone Massacre,Wii,2009,70000.0,0.0,0.0,10000.0
Dragon Ball Z: The Legacy of Goku I & II,GBA,2005,50000.0,20000.0,0.0,0.0
R: Racing Evolution,GC,2003,60000.0,20000.0,0.0,0.0
Crayola: Colorful Journey,Wii,2009,70000.0,0.0,0.0,10000.0
Storybook Workshop,Wii,2009,70000.0,0.0,0.0,10000.0
World Tour Soccer 06,PSP,2006,70000.0,0.0,0.0,10000.0
Stella Deus: The Gate of Eternity,PS2,2004,40000.0,30000.0,0.0,10000.0
Vietcong: Purple Haze,XB,2004,60000.0,20000.0,0.0,0.0
Conflict: Desert Storm,GC,2003,60000.0,20000.0,0.0,0.0
Tales of Fandom Vol.2,PS2,2007,0.0,0.0,80000.0,0.0
Minna no Joushiki Ryoku TV,Wii,2008,0.0,0.0,80000.0,0.0
P.T.O. IV: Pacific Theater of Operations,PS2,2002,40000.0,30000.0,0.0,10000.0
WipEout HD Fury,PS3,2009,0.0,60000.0,0.0,20000.0
Genkai Totsuki Moero Chronicle,PSV,2014,0.0,0.0,80000.0,0.0
Metal Gear Solid V: The Phantom Pain,PC,2015,0.0,70000.0,0.0,0.0
Tears to Tiara: Garland of the Earth,PS3,2008,0.0,0.0,80000.0,0.0
Madden NFL 17,PS3,2016,50000.0,10000.0,0.0,10000.0
WRC 2: FIA World Rally Championship,X360,2011,0.0,60000.0,0.0,10000.0
The Hustle: Detroit Streets,PSP,2005,70000.0,0.0,0.0,10000.0
Codename: Kids Next Door: Operation S.O.D.A.,GBA,2004,50000.0,20000.0,0.0,0.0
Far Cry Instincts Evolution,XB,2006,60000.0,20000.0,0.0,0.0
Pinball Hall of Fame: The Gottlieb Collection,XB,2004,60000.0,20000.0,0.0,0.0
Conception: Please Give Birth to My Child!,PSP,2012,0.0,0.0,80000.0,0.0
WRC 5: FIA World Rally Championship,PSV,2015,0.0,60000.0,0.0,20000.0
Winter Sports 2011,Wii,2011,0.0,60000.0,0.0,10000.0
Medal of Honor: Underground,GBA,2002,50000.0,20000.0,0.0,0.0
Baroque,Wii,2008,70000.0,0.0,0.0,0.0
Super Football,2600,1987,70000.0,0.0,0.0,0.0
The Idolmaster: Gravure For You! Vol. 3,PS3,2011,0.0,0.0,80000.0,0.0
Divinity II: Ego Draconis,PC,2009,10000.0,50000.0,0.0,10000.0
Disaster: Day of Crisis,Wii,2008,0.0,30000.0,40000.0,0.0
Scooby-Doo! Unmasked,XB,2005,60000.0,20000.0,0.0,0.0
Shovel Knight,PS4,2015,30000.0,30000.0,0.0,10000.0
SCORE International Baja 1000: The Official Game,PS3,2008,70000.0,0.0,0.0,10000.0
Driven,GC,2002,60000.0,20000.0,0.0,0.0
Dynasty Warriors 3,XB,2002,60000.0,20000.0,0.0,0.0
Nicola Kanshuu: Model Oshare * Audition Platina,3DS,2012,0.0,0.0,80000.0,0.0
Kung Fu Panda: Legendary Warriors,Wii,2008,70000.0,0.0,0.0,0.0
MTV Music Generator 3: This Is the Remix,XB,2004,60000.0,20000.0,0.0,0.0
Fairy Tail: Portable Guild 2,PSP,2011,0.0,0.0,80000.0,0.0
Yoru no Nai Kuni,PS4,2015,0.0,0.0,80000.0,0.0
Wizardry: Llylgamyn Saga,PS,1998,0.0,0.0,70000.0,0.0
Party Pigs: Farmyard Games,Wii,2009,70000.0,0.0,0.0,0.0
Kinnikuman Muscle Grand Prix Max 2: Tokumori,PS2,2008,0.0,0.0,70000.0,0.0
Gale Racer,SAT,1994,0.0,0.0,70000.0,0.0
In The Groove,PS2,2005,40000.0,30000.0,0.0,10000.0
Myst,PS,1995,0.0,0.0,70000.0,0.0
Mega Man Legacy Collection,PS4,2016,60000.0,0.0,0.0,10000.0
AKB1/149: Love Election,PSV,2012,0.0,0.0,70000.0,0.0
Naruto Shippuden: Gekito Ninja Taisen! EX 3,Wii,2008,0.0,0.0,70000.0,0.0
Boku no Natsuyasumi Portable 2: Nazo Nazo Shimai to Chinbotsusen no Himitsu,PSP,2010,0.0,0.0,70000.0,0.0
Torchlight,PC,2009,0.0,60000.0,0.0,20000.0
Winter Sports 2: The Next Challenge,X360,2008,60000.0,10000.0,0.0,10000.0
Magic Pengel: The Quest for Color,PS2,2002,40000.0,30000.0,0.0,10000.0
Super Baseball,2600,1987,70000.0,0.0,0.0,0.0
Jikkyou Powerful Pro Yakyuu 2011 Ketteiban,PS3,2011,0.0,0.0,70000.0,0.0
Buster Bros. Collection,PS,1997,40000.0,30000.0,0.0,0.0
Sony Computer Science Kenkyuujo Mogi Kenichirou Hakase Kanshuu: Nou ni Kaikan Aha Taiken!,PSP,2006,0.0,0.0,70000.0,0.0
Futurama,PS2,2003,40000.0,30000.0,0.0,10000.0
Medabots 8,3DS,2014,0.0,0.0,70000.0,0.0
The History Channel: Battle for the Pacific,PS3,2008,70000.0,0.0,0.0,10000.0
Famicom Mini: Hikari Shinwa: Palutena no Kagami,GBA,2004,0.0,0.0,70000.0,0.0
Rayman 3: Hoodlum Havoc,XB,2003,60000.0,20000.0,0.0,0.0
Momotarou Dentetsu Tag Match: Yuujou - Doryoku - Shouri no Maki!,PSP,2010,0.0,0.0,70000.0,0.0
Zumba Fitness Core,Wii,2012,0.0,70000.0,0.0,10000.0
Yoru no Nai Kuni,PSV,2015,0.0,0.0,70000.0,0.0
Generator Rex: Agent of Providence,PS3,2011,50000.0,10000.0,0.0,10000.0
Jimmie Johnson's Anything With an Engine,PS3,2011,70000.0,0.0,0.0,10000.0
Super Ghouls 'n Ghosts,GBA,2002,50000.0,20000.0,0.0,0.0
Boxing,PS,2000,40000.0,30000.0,0.0,0.0
NHL Open Ice,PS,1996,40000.0,30000.0,0.0,0.0
Gundam Battle Tactics,PSP,2005,0.0,0.0,70000.0,0.0
Touch Detective: Nameko Shigeru,3DS,2013,0.0,0.0,70000.0,0.0
Aikatsu! My No.1 Stage!,3DS,2015,0.0,0.0,70000.0,0.0
Sky Gunner,PS2,2001,40000.0,30000.0,0.0,10000.0
And1 Streetball,XB,2006,60000.0,20000.0,0.0,0.0
Gladius,GC,2003,60000.0,10000.0,0.0,0.0
Adventure Time: Finn & Jake Investigations,3DS,2015,20000.0,50000.0,0.0,10000.0
Kenka Banchou 6: Soul & Blood,3DS,2015,0.0,0.0,70000.0,0.0
Warriors Orochi 3,PSV,2013,0.0,0.0,70000.0,0.0
PhotoKano,PSV,2013,0.0,0.0,70000.0,0.0
Real Sound: Kaze no Riguretto,SAT,1997,0.0,0.0,70000.0,0.0
Soccer Tsuku: Pro Soccer Club o Tsukurou!,PSV,2013,0.0,0.0,70000.0,0.0
Summon Night 4,PSP,2012,0.0,0.0,70000.0,0.0
Record of Agarest War,PS3,2007,0.0,30000.0,30000.0,10000.0
Saint Seiya: Brave Soldiers,PS3,2013,0.0,10000.0,60000.0,0.0
The Sims 3: Barnacle Bay,PC,2011,70000.0,0.0,0.0,10000.0
Winx Club,GBA,2005,50000.0,20000.0,0.0,0.0
Classic Road,PS,1995,0.0,0.0,70000.0,0.0
Hero Bank,3DS,2014,0.0,0.0,70000.0,0.0
The Idolm@ster: Live for You!,X360,2008,0.0,0.0,70000.0,0.0
Tokimeki Memorial Girl's Side Premium: 3rd Story,PSP,2012,0.0,0.0,70000.0,0.0
Mega Man Xtreme,GB,2000,0.0,0.0,70000.0,0.0
SimCity 4: Deluxe Edition,PC,2003,0.0,60000.0,0.0,10000.0
Bomberman Max 2: Red Advance,GBA,2002,50000.0,20000.0,0.0,0.0
Resident Evil Zero,XOne,2016,50000.0,20000.0,0.0,10000.0
Tropico 5,X360,2014,30000.0,40000.0,0.0,10000.0
Speed Zone,Wii,2009,10000.0,50000.0,0.0,10000.0
Godai: Elemental Force,PS2,2002,40000.0,30000.0,0.0,10000.0
Still Life,XB,2005,50000.0,20000.0,0.0,0.0
Big Mutha Truckers 2,XB,2005,50000.0,20000.0,0.0,0.0
Hang On GP,SAT,1995,0.0,0.0,70000.0,0.0
Goodbye Deponia,PC,2013,0.0,60000.0,0.0,10000.0
Uprising X,PS,1998,40000.0,30000.0,0.0,0.0
SpongeBob's Truth or Square,X360,2009,30000.0,40000.0,0.0,0.0
Mega Man Xtreme 2,GB,2001,0.0,0.0,70000.0,0.0
I-Ninja,XB,2003,50000.0,20000.0,0.0,0.0
Kengo: Legend of The 9,X360,2006,60000.0,10000.0,0.0,10000.0
Kessen III,PS2,2004,40000.0,30000.0,0.0,10000.0
The King of Fighters Collection: The Orochi Saga,PSP,2008,70000.0,0.0,0.0,0.0
Aero Elite: Combat Academy,PS2,2002,40000.0,30000.0,0.0,10000.0
Damage Inc.: Pacific Squadron WWII,X360,2012,70000.0,0.0,0.0,10000.0
Cartoon Network: Punch Time Explosion XL,X360,2011,70000.0,0.0,0.0,0.0
Wrath Unleashed,PS2,2004,40000.0,30000.0,0.0,10000.0
Beyond Good & Evil,GC,2003,60000.0,10000.0,0.0,0.0
Pong / Asteroids / Yars' Revenge,GBA,2005,50000.0,20000.0,0.0,0.0
Commandos 2: Men of Courage,XB,2002,50000.0,20000.0,0.0,0.0
NO?L: La Neige,PS,1998,0.0,0.0,70000.0,0.0
Busou Shinki: Battle Masters,PSP,2010,0.0,0.0,70000.0,0.0
Roll Away,PS,1998,40000.0,30000.0,0.0,0.0
Derby Jockey: Kishou e no Michi,SNES,1994,0.0,0.0,70000.0,0.0
Harukanaru Toki no Naka de 4,PS2,2008,0.0,0.0,70000.0,0.0
Maximum Chase,XB,2002,50000.0,20000.0,0.0,0.0
Mugen Souls Z,PS3,2013,20000.0,10000.0,40000.0,10000.0
Winning Post 7 2012,PS3,2012,0.0,0.0,70000.0,0.0
Spot Goes to Hollywood,PS,1996,40000.0,30000.0,0.0,0.0
Teenage Mutant Ninja Turtles: Mutants in Manhattan,PS4,2016,40000.0,20000.0,0.0,10000.0
G Darius,PS,1997,40000.0,30000.0,0.0,0.0
Utawarerumono: Itsuwari no Kamen,PSV,2015,0.0,0.0,70000.0,0.0
The Wolf Among Us,XOne,2014,50000.0,20000.0,0.0,10000.0
Mucha Lucha! Mascaritas of the Lost Code,GBA,2003,50000.0,20000.0,0.0,0.0
Invizimals: The Alliance,PSV,2013,0.0,50000.0,0.0,20000.0
Disney's Planes,3DS,2013,40000.0,30000.0,0.0,10000.0
Rugby League 3,Wii,2010,0.0,60000.0,0.0,10000.0
SD Gundam: Gashapon Wars,GC,2005,0.0,0.0,70000.0,0.0
Alvin and the Chipmunks,PS2,2007,40000.0,30000.0,0.0,10000.0
Romance of the Three Kingdoms XI,PS2,2007,0.0,0.0,70000.0,0.0
Blood Drive,PS3,2010,70000.0,0.0,0.0,0.0
Model * Oshare Audition: Dream Girl,3DS,2013,0.0,0.0,70000.0,0.0
Let's Paint,Wii,2010,70000.0,0.0,0.0,0.0
Archer Maclean's 3D Pool,GBA,2003,50000.0,20000.0,0.0,0.0
Tak: The Great Juju Challenge,XB,2005,50000.0,20000.0,0.0,0.0
Just Dance: Disney Party 2,X360,2015,50000.0,10000.0,0.0,10000.0
TMNT: Mutant Melee,GC,2005,60000.0,10000.0,0.0,0.0
Pro Farm 1,PC,2011,0.0,60000.0,0.0,10000.0
Combat: Task Force 121,XB,2005,50000.0,20000.0,0.0,0.0
Winning Eleven Playmaker 2010: Aoki Samurai no Chousen,Wii,2010,0.0,0.0,70000.0,0.0
Goosebumps HorrorLand,PS2,2008,40000.0,30000.0,0.0,10000.0
Rugby World Cup 2015,PS3,2015,0.0,60000.0,0.0,10000.0
Exhibition Volume 4,XB,2003,50000.0,20000.0,0.0,0.0
Petz Fantasy 3D,3DS,2011,70000.0,0.0,0.0,0.0
Viewpoint,PS,1995,40000.0,30000.0,0.0,0.0
Code Geass: Hangyaku no Lelouch - Lost Colors,PSP,2008,0.0,0.0,70000.0,0.0
Disney's Donald Duck Advance,GBA,2001,50000.0,20000.0,0.0,0.0
Dark Souls,PC,2012,0.0,60000.0,0.0,10000.0
Stacked with Daniel Negreanu,PS2,2006,40000.0,30000.0,0.0,10000.0
Hakuouki: Yuugi Roku,PSP,2010,0.0,0.0,70000.0,0.0
Circus Maximus: Chariot Wars,XB,2002,50000.0,20000.0,0.0,0.0
Kenyuu Densetsu Yaiba,SNES,1994,0.0,0.0,70000.0,0.0
SNK Arcade Classics Vol. 1,Wii,2008,60000.0,0.0,0.0,10000.0
Kidou Senshi Gundam: Giren no Yabou - Axis no Kyoui V,PS2,2009,0.0,0.0,70000.0,0.0
Fantasia: Music Evolved,X360,2014,50000.0,10000.0,0.0,10000.0
Kidou Senshi Gundam: Giren no Yabou - Axis no Kyoui V,PSP,2009,0.0,0.0,70000.0,0.0
Serious Sam: Next Encounter,PS2,2004,40000.0,30000.0,0.0,10000.0
Speed,Wii,2010,40000.0,20000.0,0.0,10000.0
Tom Clancy's Ghost Recon 2,GC,2005,60000.0,10000.0,0.0,0.0
E.X. Troopers,3DS,2012,0.0,0.0,70000.0,0.0
Guilty Gear Xrd -Revelator-,PS4,2016,20000.0,0.0,50000.0,0.0
Grand Kingdom,PSV,2015,10000.0,20000.0,40000.0,10000.0
J Legend Retsuden,3DS,2013,0.0,0.0,70000.0,0.0
The Testament of Sherlock Holmes,PC,2012,0.0,60000.0,0.0,10000.0
The King of Fighters: Evolution,DC,2000,0.0,0.0,70000.0,0.0
SpongeBob's Truth or Square,PSP,2009,20000.0,40000.0,0.0,10000.0
Pitfall: The Lost Expedition,GBA,2003,50000.0,20000.0,0.0,0.0
All-Star Baseball 2004,GBA,2003,50000.0,20000.0,0.0,0.0
Pac-Man and the Ghostly Adventures 2,WiiU,2014,50000.0,20000.0,0.0,10000.0
Cho~ricchi! Tamagotchi no Puchi Puchi Omisecchi,3DS,2012,0.0,0.0,70000.0,0.0
James Cameron's Dark Angel,XB,2002,50000.0,20000.0,0.0,0.0
The Legend of Heroes: Trails in the Sky Third Chapter,PSP,2008,0.0,0.0,70000.0,0.0
Dave Mirra BMX Challenge,PSP,2006,60000.0,0.0,0.0,10000.0
Hannspree Ten Kate Honda: SBK Superbike World Championship,PS2,2007,30000.0,30000.0,0.0,10000.0
Aqua Teen Hunger Force: Zombie Ninja Pro-Am,PS2,2007,30000.0,30000.0,0.0,10000.0
Alexi Lalas International Soccer,PS,1998,40000.0,30000.0,0.0,0.0
Operation Flashpoint: Red River,PC,2011,10000.0,40000.0,0.0,10000.0
F.E.A.R. 2: Project Origin,PC,2009,10000.0,50000.0,0.0,10000.0
NCAA College Football 2K3,GC,2002,50000.0,10000.0,0.0,0.0
Monster Rancher Battle Card: Episode II,PS,2000,40000.0,30000.0,0.0,0.0
Karaoke Revolution Party,GC,2005,50000.0,10000.0,0.0,0.0
Itoi Shigesato no Bass Tsuri No. 1 Ketteihan!,N64,2000,0.0,0.0,70000.0,0.0
Jumper: Griffin's Story,PS2,2008,30000.0,30000.0,0.0,10000.0
Famicom Mini: Nazo no Murasame-Jou,GBA,2004,0.0,0.0,70000.0,0.0
Galerians: Ash,PS2,2002,30000.0,30000.0,0.0,10000.0
Haunting Ground,PS2,2005,30000.0,30000.0,0.0,10000.0
"Horrid Henry: The Good, The Bad and The Bugly",3DS,2011,0.0,60000.0,0.0,10000.0
Kane & Lynch 2: Dog Days,PC,2010,0.0,60000.0,0.0,10000.0
Disney Sports Skateboarding,GBA,2002,50000.0,20000.0,0.0,0.0
Operation Darkness,X360,2007,70000.0,0.0,0.0,0.0
Magi: The Labyrinth of Beginning,3DS,2013,0.0,0.0,70000.0,0.0
The Wolf Among Us,PSV,2014,50000.0,0.0,0.0,20000.0
Damnation,X360,2009,60000.0,10000.0,0.0,10000.0
I Don't Have Many Friends Portable,PSP,2012,0.0,0.0,70000.0,0.0
Rock Band Country Track Pack 2,PS3,2011,70000.0,0.0,0.0,10000.0
Fable: The Lost Chapters,PC,2005,10000.0,50000.0,0.0,10000.0
Loons: The Fight For Fame,XB,2002,50000.0,20000.0,0.0,0.0
Romance of the Three Kingdoms IX,PS2,2003,30000.0,30000.0,0.0,10000.0
Second Sight,XB,2004,50000.0,20000.0,0.0,0.0
Metal Gear Solid,GB,2000,0.0,0.0,70000.0,0.0
Totaled!,XB,2002,50000.0,20000.0,0.0,0.0
Bleach: Heat the Soul 3,PSP,2006,0.0,0.0,70000.0,0.0
Showtime Championship Boxing,Wii,2007,60000.0,0.0,0.0,10000.0
Rock Band Track Pack: Classic Rock,X360,2009,70000.0,0.0,0.0,10000.0
Open Season,Wii,2006,60000.0,0.0,0.0,10000.0
Football Manager 2010,PC,2009,0.0,60000.0,0.0,10000.0
Dave Mirra BMX Challenge,Wii,2007,60000.0,0.0,0.0,10000.0
Machine Head,PS,1996,40000.0,30000.0,0.0,0.0
Vanguard Bandits,PS,1998,40000.0,30000.0,0.0,0.0
Lost Heroes,PSP,2012,0.0,0.0,70000.0,0.0
The Legend of Heroes VII: The Trail of Zero,PSV,2012,0.0,0.0,70000.0,0.0
Bionicle Heroes,X360,2006,50000.0,10000.0,0.0,10000.0
Inversion,PS3,2012,30000.0,30000.0,0.0,10000.0
Silent Hill: Origins,PS2,2008,30000.0,30000.0,0.0,10000.0
Blast Radius,PS,1998,40000.0,30000.0,0.0,0.0
Zumba Fitness Core,X360,2012,0.0,60000.0,0.0,10000.0
ESPN National Hockey Night,PS2,2001,30000.0,30000.0,0.0,10000.0
Yamaha Supercross,Wii,2009,50000.0,10000.0,0.0,10000.0
Pro Yaky? Spirits 2011,3DS,2011,0.0,0.0,70000.0,0.0
Microsoft Flight Simulator 2004: A Century of Flight,PC,2003,0.0,60000.0,0.0,10000.0
Taz Wanted,XB,2002,50000.0,20000.0,0.0,0.0
Harry Potter and the Sorcerer's Stone,XB,2003,50000.0,20000.0,0.0,0.0
Emergency 2012,PC,2010,10000.0,40000.0,0.0,10000.0
Haikyuu!! Tsunage! Itadaki no Keshiki!!,3DS,2014,0.0,0.0,70000.0,0.0
Wallace & Gromit in Project Zoo,GC,2003,50000.0,10000.0,0.0,0.0
John Madden Football,SNES,1991,0.0,0.0,70000.0,0.0
Aero Gauge,N64,1997,60000.0,10000.0,0.0,0.0
Battlezone: Rise of the Black Dogs,N64,2000,60000.0,10000.0,0.0,0.0
Caesars Palace Advance: Millennium Gold Edition,GBA,2001,50000.0,20000.0,0.0,0.0
Shadowgate 64: Trials of the Four Towers,N64,1999,60000.0,10000.0,0.0,0.0
Teenage Mutant Ninja Turtles: Tournament Fighters,NES,1992,40000.0,10000.0,20000.0,0.0
Super Robot Spirits,N64,1998,0.0,0.0,40000.0,30000.0
Mia Hamm Soccer 64,N64,2000,60000.0,10000.0,0.0,0.0
MLB Front Office Manager,X360,2009,60000.0,0.0,0.0,10000.0
Samurai Warriors,XB,2004,50000.0,20000.0,0.0,0.0
GunParade Orchestra: Shiro no Shou,PS2,2006,0.0,0.0,70000.0,0.0
Hearts of Iron III,PC,2009,10000.0,40000.0,0.0,10000.0
Zettai Zetsumei Toshi 3: Kowareyuku Machi to Kanojyo no Uta,PSP,2009,0.0,0.0,70000.0,0.0
BlazBlue: Chrono Phantasma Extend,PSV,2015,0.0,50000.0,0.0,10000.0
FIFA Soccer 2004,GC,2003,50000.0,10000.0,0.0,0.0
MotoGP 15,PS3,2015,0.0,30000.0,30000.0,10000.0
Super Robot Taisen OG Saga: Masou Kishin III - Pride of Justice,PS3,2013,0.0,0.0,70000.0,0.0
The Sims 2: Seasons,PC,2007,10000.0,40000.0,0.0,10000.0
Rayman 3: Hoodlum Havoc,GC,2003,50000.0,10000.0,0.0,0.0
NHL 2K9,Wii,2008,60000.0,0.0,0.0,10000.0
Tales of Rebirth,PSP,2008,0.0,0.0,70000.0,0.0
The Guy Game,XB,2004,50000.0,20000.0,0.0,0.0
Ultimate Marvel vs. Capcom 3,X360,2011,0.0,30000.0,40000.0,0.0
Battleborn,PC,2016,30000.0,30000.0,0.0,10000.0
Let's Ride! Dreamer,GBA,2005,50000.0,20000.0,0.0,0.0
Tecmo's Deception,PS,1996,40000.0,30000.0,0.0,0.0
Reader Rabbit 1st Grade,Wii,2010,70000.0,0.0,0.0,0.0
Anubis II,Wii,2007,60000.0,0.0,0.0,0.0
Ghost in the Shell: Stand Alone Complex,PSP,2005,60000.0,0.0,0.0,10000.0
Guilty Gear Xrd -Revelator-,PS3,2016,10000.0,20000.0,20000.0,10000.0
G-Saviour,PS2,2000,0.0,0.0,70000.0,0.0
Heavenly Guardian,Wii,2007,60000.0,0.0,0.0,0.0
Cut the Rope,3DS,2014,60000.0,0.0,0.0,10000.0
Crimson Sea 2,PS2,2004,30000.0,30000.0,0.0,10000.0
The Legend of Heroes: Trails in the Sky First Chapter,PSV,2015,0.0,0.0,70000.0,0.0
Pizza Delivery Boy,Wii,2010,60000.0,0.0,0.0,0.0
Doraemon: Nobita to Himitsu Dougu Hakubutsukan,3DS,2013,0.0,0.0,70000.0,0.0
IA/VT Colorful,PSV,2015,0.0,0.0,70000.0,0.0
RayStorm,PS,1997,40000.0,30000.0,0.0,0.0
Disney's Winnie the Pooh's Rumbly Tumbly Adventure,GC,2005,50000.0,10000.0,0.0,0.0
Circuit Breakers,PS,1998,40000.0,30000.0,0.0,0.0
Catwoman,GC,2004,50000.0,10000.0,0.0,0.0
Colosseum: Road to Freedom,PS2,2005,30000.0,30000.0,0.0,10000.0
Ultimate Board Game Collection,PSP,2007,60000.0,0.0,0.0,10000.0
Target: Terror,Wii,2008,60000.0,0.0,0.0,10000.0
BeatMania,PS2,2006,30000.0,30000.0,0.0,10000.0
Crayon Shin-Chan: Densetsu o Yobu Omake no To Shukkugaan!,GBA,2006,0.0,0.0,70000.0,0.0
Sprint Cars: Road to Knoxville,PS2,2005,30000.0,30000.0,0.0,10000.0
Shrek's Carnival Craze Party Games,PS2,2008,30000.0,30000.0,0.0,10000.0
Dream Dance & Cheer,Wii,2009,60000.0,0.0,0.0,0.0
Silpheed: The Lost Planet,PS2,2000,30000.0,30000.0,0.0,10000.0
Enemy Front,PS3,2014,10000.0,50000.0,0.0,10000.0
Assassin's Creed: Rogue,PC,2015,40000.0,20000.0,0.0,10000.0
Billy's Boot Camp: Wii de Enjoy Diet!,Wii,2011,0.0,0.0,70000.0,0.0
Spartan: Total Warrior,GC,2005,50000.0,10000.0,0.0,0.0
Pitfall: The Lost Expedition,XB,2004,50000.0,10000.0,0.0,0.0
Fantastic Four,PS,1997,40000.0,30000.0,0.0,0.0
Higurashi no Naku Koro ni Matsuri: Kakera Asobi,PS2,2007,0.0,0.0,70000.0,0.0
Tournament of Legends,Wii,2010,40000.0,20000.0,0.0,10000.0
Xbox Live Arcade Unplugged Volume 1,X360,2006,50000.0,10000.0,0.0,10000.0
River City Ransom EX,GBA,2004,50000.0,20000.0,0.0,0.0
Dynasty Warriors 8: Empires,XOne,2014,40000.0,20000.0,0.0,10000.0
Fairy Tail: Zelef Kakusei,PSP,2012,0.0,0.0,70000.0,0.0
Strike Point,PS,1996,40000.0,30000.0,0.0,0.0
Crazy Taxi 2,DC,2001,0.0,0.0,70000.0,0.0
Dragon Slayer: The Legend of Heroes,SNES,1992,0.0,0.0,70000.0,0.0
Tank! Tank! Tank!,WiiU,2012,20000.0,10000.0,50000.0,0.0
Command & Conquer 3: Tiberium Wars,PC,2007,0.0,60000.0,0.0,10000.0
Tom and Jerry in War of the Whiskers,GC,2003,50000.0,10000.0,0.0,0.0
Famicom Mini: Wrecking Crew,GBA,2004,0.0,0.0,70000.0,0.0
Hoppechan: Minna de Odekake! Waku Waku Hoppe Land!!,3DS,2014,0.0,0.0,70000.0,0.0
Divinity: Original Sin,XOne,2015,40000.0,20000.0,0.0,10000.0
Suzumiya Haruhi no Gekidou,Wii,2009,0.0,0.0,70000.0,0.0
Space Hulk: Vengeance of the Blood Angels,PS,1995,40000.0,30000.0,0.0,0.0
Toy Soldiers: War Chest,PS4,2015,60000.0,0.0,0.0,10000.0
Robot Alchemic Drive,PS2,2002,30000.0,30000.0,0.0,10000.0
Motor Toon Grand Prix (Japan),PS,1994,0.0,0.0,60000.0,0.0
Ken to Mahou to Gakuen Mono. 3,PS3,2010,0.0,0.0,70000.0,0.0
Hikaru no Go: Heian Gensou Ibunroku,PS,2002,0.0,0.0,60000.0,0.0
Godzilla (2014),PS3,2014,0.0,10000.0,60000.0,0.0
OverBlood 2,PS,1998,0.0,0.0,60000.0,0.0
Fighter Maker 2,PS2,2002,30000.0,30000.0,0.0,10000.0
Lifeline,PS2,2003,30000.0,30000.0,0.0,10000.0
Dragon Valor,PS,1999,40000.0,30000.0,0.0,0.0
Judie no Atelier: Guramnat no Renkinjutsushi,PS2,2002,0.0,0.0,70000.0,0.0
NHL 2005,GC,2004,50000.0,10000.0,0.0,0.0
Midway Arcade Treasures 3,GC,2005,50000.0,10000.0,0.0,0.0
Moshi Monsters: Katsuma Unleashed,3DS,2013,30000.0,40000.0,0.0,0.0
Firefighter F.D.18,PS2,2004,30000.0,30000.0,0.0,10000.0
Resident Evil 5,PC,2009,10000.0,40000.0,0.0,10000.0
Secret Files: Tunguska,Wii,2008,50000.0,20000.0,0.0,10000.0
Pro Yaky? Spirits 2014,PSV,2014,0.0,0.0,70000.0,0.0
Mega Man X4,SAT,1997,0.0,0.0,70000.0,0.0
Family Trainer: Treasure Adventure,Wii,2010,0.0,60000.0,0.0,10000.0
GRID 2,PC,2013,0.0,60000.0,0.0,10000.0
Power Pro GB,GB,1998,0.0,0.0,70000.0,0.0
Sudoku Fever,GBA,2006,50000.0,20000.0,0.0,0.0
Grand Ages: Medieval,PS4,2015,0.0,50000.0,10000.0,10000.0
The Putter Golf,PS,2001,40000.0,30000.0,0.0,0.0
Monster High: New Ghoul in School,PS3,2015,0.0,60000.0,0.0,10000.0
The Powerpuff Girls: Relish Rampage,GC,2002,50000.0,10000.0,0.0,0.0
Super Real Mahjong Graffiti,SAT,1995,0.0,0.0,70000.0,0.0
Alan Wake,PC,2012,0.0,60000.0,0.0,10000.0
Ninja Warriors,SNES,1993,0.0,0.0,70000.0,0.0
Army Men: RTS,GC,2004,50000.0,10000.0,0.0,0.0
Basketball Hall of Fame Ultimate Hoops Challenge,Wii,2010,60000.0,0.0,0.0,0.0
Dragoneer's Aria,PSP,2007,20000.0,0.0,50000.0,0.0
TigerShark,PS,1997,40000.0,30000.0,0.0,0.0
Lost Heroes 2,3DS,2015,0.0,0.0,70000.0,0.0
Norse by Norsewest: The Return of the Lost Vikings,PS,1997,40000.0,30000.0,0.0,0.0
Just Dance: Disney Party 2,XOne,2015,50000.0,10000.0,0.0,10000.0
Sega Soccer Slam,GC,2002,50000.0,10000.0,0.0,0.0
Obscure,PS2,2004,30000.0,30000.0,0.0,10000.0
Mario Tennis,Wii,2010,0.0,60000.0,0.0,10000.0
Cartoon Network: Punch Time Explosion XL,PS3,2011,60000.0,0.0,0.0,0.0
DefCon 5,PS,1995,40000.0,30000.0,0.0,0.0
Secret Service: Ultimate Sacrifice,PS2,2008,30000.0,30000.0,0.0,10000.0
Nichibeikan Pro Yakyuu: Final League,PS2,2002,0.0,0.0,70000.0,0.0
Resident Evil 6,PS4,2016,50000.0,0.0,0.0,10000.0
Hammerin' Hero,PSP,2008,60000.0,0.0,0.0,10000.0
Spawn: Armageddon,GC,2003,50000.0,10000.0,0.0,0.0
God Hand,PS2,2006,0.0,0.0,70000.0,0.0
Shin Chan: Las Nuevas Aventuras Para Wii!,Wii,2006,0.0,0.0,70000.0,0.0
Challenge Me: Brain Puzzles 2,Wii,2010,0.0,60000.0,0.0,10000.0
Legends of Wrestling II,GBA,2002,50000.0,20000.0,0.0,0.0
Tony Hawk's Pro Skater 5,X360,2015,60000.0,0.0,0.0,10000.0
Fatal Fury: Battle Archives Volume 2,PS2,2007,30000.0,30000.0,0.0,10000.0
Jurassic Park: Operation Genesis,XB,2003,50000.0,10000.0,0.0,0.0
Transformer: Rise of the Dark Spark (3DS),3DS,2014,50000.0,10000.0,0.0,10000.0
Freddi Fish: Kelp Seed Mystery,Wii,2008,60000.0,0.0,0.0,0.0
Ragnarok: Hikari to Yami no Koujo,PSP,2011,20000.0,0.0,50000.0,0.0
FIFA Soccer 06,GBA,2005,50000.0,20000.0,0.0,0.0
RedCard 20-03,PS2,2002,30000.0,30000.0,0.0,10000.0
Future Tactics: The Uprising,PS2,2004,30000.0,30000.0,0.0,10000.0
Driver: Parallel Lines,XB,2006,50000.0,10000.0,0.0,0.0
Cities XL 2012,PC,2011,10000.0,50000.0,0.0,10000.0
Pipe Mania,PSP,2008,60000.0,0.0,0.0,10000.0
everGirl,GBA,2005,50000.0,20000.0,0.0,0.0
Heroes Phantasia,PSP,2012,0.0,0.0,70000.0,0.0
The Book of Unwritten Tales 2,PS4,2015,0.0,60000.0,0.0,10000.0
Batman: Rise of Sin Tzu,GBA,2003,50000.0,20000.0,0.0,0.0
Future Card Buddy Fight: Yuujou no Bakunetsu Fight,3DS,2015,0.0,0.0,70000.0,0.0
World Racing,XB,2003,50000.0,10000.0,0.0,0.0
Major League Baseball 2K10,PSP,2010,60000.0,0.0,0.0,0.0
Penguins of Madagascar,3DS,2014,0.0,60000.0,0.0,0.0
Disney's Party,GBA,2003,50000.0,20000.0,0.0,0.0
Rapala Pro Bass Fishing 2010,PSP,2010,60000.0,0.0,0.0,10000.0
X-Men: The Official Game,GBA,2006,50000.0,20000.0,0.0,0.0
Card Games,PS,2000,40000.0,30000.0,0.0,0.0
Mega Man: Battle & Chase,PS,1997,0.0,0.0,60000.0,0.0
Winning Post 7 2010,PS3,2010,0.0,0.0,70000.0,0.0
R-Type Command,PSP,2007,50000.0,0.0,10000.0,10000.0
Age of Empires III: The Asian Dynasties,PC,2007,0.0,50000.0,0.0,10000.0
Destrega,PS,1998,40000.0,30000.0,0.0,0.0
Dungeon Maker II: The Hidden War,PSP,2007,60000.0,0.0,0.0,10000.0
The Final Round,PS,1996,40000.0,30000.0,0.0,0.0
Nobunaga no Yabou: Tendou with Power-Up Kit,PS3,2011,0.0,0.0,70000.0,0.0
Transformer: Rise of the Dark Spark,WiiU,2014,50000.0,10000.0,0.0,10000.0
MAPLUS: Portable Navi,PSP,2006,0.0,0.0,70000.0,0.0
Petz: Hamsterz Bunch,PSP,2009,60000.0,0.0,0.0,10000.0
The King of Fighters 02/03,PS2,2005,30000.0,30000.0,0.0,10000.0
Kamen Rider: Dragon Knight,Wii,2009,60000.0,0.0,0.0,0.0
Army Men: Green Rogue,PS,2001,40000.0,20000.0,0.0,0.0
Centipede / Breakout / Warlords,GBA,2005,50000.0,20000.0,0.0,0.0
Lucian Bee's: Justice Yellow / Evil Violet,PS2,2010,0.0,0.0,70000.0,0.0
Sly 2: Band of Thieves,PS3,2010,0.0,50000.0,0.0,20000.0
Hyperdimension Neptunia Victory,PSV,2014,0.0,0.0,70000.0,0.0
Armored Core: Nine Breaker,PS2,2004,30000.0,30000.0,0.0,10000.0
SBK 2011: FIM Superbike World Championship,X360,2011,0.0,60000.0,0.0,10000.0
Fairy Fencer F: Advent Dark Force,PS4,2015,20000.0,0.0,50000.0,0.0
Cabela's Big Game Hunter 2005 Adventures,GC,2004,50000.0,10000.0,0.0,0.0
Worms 3D,GC,2003,50000.0,10000.0,0.0,0.0
Fantasy Aquarium World,Wii,2009,60000.0,0.0,0.0,0.0
Tokobot,PSP,2005,60000.0,0.0,0.0,10000.0
TRON: Evolution,PC,2010,60000.0,0.0,0.0,0.0
Gambler Densetsu Tetsuya,PS2,2001,0.0,0.0,70000.0,0.0
The Guided Fate Paradox,PS3,2013,0.0,0.0,60000.0,0.0
Bleach: Hanatareshi Yabou,PS2,2006,0.0,0.0,70000.0,0.0
Karaoke Revolution Party,XB,2005,50000.0,10000.0,0.0,0.0
Cold Stone Creamery: Scoop It Up,Wii,2009,60000.0,0.0,0.0,0.0
Yoake Yori Ruriiro na: Brighter than Dawning Blue,PS2,2006,0.0,0.0,70000.0,0.0
Pandemonium 2,PS,1997,40000.0,20000.0,0.0,0.0
MotorStorm RC,PSV,2012,0.0,50000.0,0.0,20000.0
Fallout: Brotherhood of Steel,PS2,2004,30000.0,30000.0,0.0,10000.0
Mayhem 3D,X360,2011,60000.0,0.0,0.0,0.0
One Piece: Unlimited World Red,WiiU,2014,0.0,40000.0,20000.0,0.0
Parlor! Mini 2,SNES,1996,0.0,0.0,70000.0,0.0
Gundam Try Age SP,3DS,2014,0.0,0.0,70000.0,0.0
Top Gun,PS3,2011,60000.0,0.0,0.0,10000.0
Gunstar Super Heroes,GBA,2005,50000.0,20000.0,0.0,0.0
C: The Contra Adventure,PS,1998,40000.0,20000.0,0.0,0.0
Frogger Advance: The Great Quest,GBA,2002,50000.0,20000.0,0.0,0.0
Worms Forts: Under Siege,XB,2004,50000.0,10000.0,0.0,0.0
Dream C Club,X360,2009,0.0,0.0,70000.0,0.0
Pro Evolution Soccer 2015,PC,2014,0.0,60000.0,0.0,10000.0
Disney Infinity,PSV,2013,50000.0,0.0,0.0,20000.0
Pocky & Rocky with Becky,GBA,2001,50000.0,20000.0,0.0,0.0
Full Spectrum Warrior: Ten Hammers,PS2,2006,30000.0,20000.0,0.0,10000.0
Lego Star Wars: The Force Awakens,3DS,2016,20000.0,40000.0,0.0,0.0
12-Sai. Honto no Kimochi,3DS,2014,0.0,0.0,70000.0,0.0
Hasbro Family Game Night Fun Pack,X360,2011,60000.0,0.0,0.0,0.0
Pro Yaky? Spirits 4,PS3,2007,0.0,0.0,70000.0,0.0
Speed Racer,PS,1996,40000.0,20000.0,0.0,0.0
NHL Hitz Pro,XB,2003,50000.0,10000.0,0.0,0.0
Cardfight!! Vanguard: Lock On Victory!!,3DS,2014,0.0,0.0,70000.0,0.0
Atelier Meruru: Alchemist of Arland 3,PSV,2013,0.0,0.0,60000.0,0.0
Hot Wheels: Burnin' Rubber,GBA,2001,50000.0,20000.0,0.0,0.0
Ojyousama Express,PS,1998,0.0,0.0,60000.0,0.0
Chrysler Classic Racing,Wii,2008,60000.0,0.0,0.0,0.0
Wings of War,XB,2004,50000.0,10000.0,0.0,0.0
187: Ride or Die,XB,2005,50000.0,10000.0,0.0,0.0
RPG Maker 3,PS2,2004,30000.0,20000.0,0.0,10000.0
Zatch Bell! Mamodo Battles,GC,2005,50000.0,10000.0,0.0,0.0
Motion Explosion!,X360,2011,50000.0,10000.0,0.0,0.0
Genkai Tokki Monster Monpiece,PSV,2013,0.0,0.0,60000.0,0.0
Desert Strike Advance,GBA,2002,50000.0,20000.0,0.0,0.0
Kabuki Warriors,XB,2001,50000.0,10000.0,0.0,0.0
Gradius Collection,PSP,2006,40000.0,0.0,20000.0,0.0
Discworld,PS,1994,40000.0,20000.0,0.0,0.0
The LEGO Movie Videogame,PC,2014,20000.0,40000.0,0.0,10000.0
Escape from Bug Island,Wii,2006,40000.0,10000.0,10000.0,0.0
World Poker Tour,XB,2005,50000.0,10000.0,0.0,0.0
Pirates: The Legend of Black Kat,XB,2002,50000.0,10000.0,0.0,0.0
July,DC,1998,0.0,0.0,60000.0,0.0
ESPN Winter X-Games: Snowboarding 2002,GBA,2000,50000.0,20000.0,0.0,0.0
Bleach: Versus Crusade,Wii,2008,0.0,0.0,60000.0,0.0
Kanon,DC,2000,0.0,0.0,60000.0,0.0
NanoBreaker,PS2,2005,30000.0,20000.0,0.0,10000.0
Bionicle,XB,2003,50000.0,10000.0,0.0,0.0
Guitar Freaks 3rdMIX & DrumMania 2ndMIX,PS2,2000,0.0,0.0,60000.0,0.0
Miami Vice: The Game,PSP,2006,60000.0,0.0,0.0,0.0
Santa Claus Is Comin' to Town!,Wii,2011,60000.0,0.0,0.0,0.0
BMX XXX,GC,2002,50000.0,10000.0,0.0,0.0
Broken Sword 5: The Serpent's Curse,PS4,2015,0.0,60000.0,0.0,10000.0
Disney's Magical Quest 2 Starring Mickey and Minnie,GBA,2003,50000.0,20000.0,0.0,0.0
Aggressive Inline,XB,2002,50000.0,10000.0,0.0,0.0
Ikki Tousen: Xross Impact,PSP,2010,0.0,0.0,60000.0,0.0
Bullet Girls,PSV,2014,0.0,0.0,60000.0,0.0
Super Mahjong 2: Honkaku 4Jin Uchi,SNES,1993,0.0,0.0,60000.0,0.0
XGRA: Extreme G Racing Association,PS2,2003,30000.0,20000.0,0.0,10000.0
Cabela's Trophy Bucks,Wii,2008,60000.0,0.0,0.0,0.0
Pop'n Music Portable 2,PSP,2011,0.0,0.0,60000.0,0.0
Fist of the North Star: Ken's Rage 2,X360,2012,30000.0,10000.0,20000.0,0.0
Ys vs. Sora no Kiseki: Alternative Saga,PSP,2010,0.0,0.0,60000.0,0.0
Naruto: Ultimate Ninja Heroes (JP sales),PSP,2006,0.0,0.0,60000.0,0.0
Legend of the Dragon,Wii,2007,60000.0,0.0,0.0,0.0
Ray Tracers,PS,1997,40000.0,20000.0,0.0,0.0
Monster Madness: Grave Danger,PS3,2008,50000.0,10000.0,0.0,10000.0
Hisshou Pachinko*Pachi-Slot Kouryaku Series Vol. 14: CR Shinseiki Evangelion: Saigo no Mono,PS2,2009,0.0,0.0,60000.0,0.0
Rugby 15,PSV,2015,0.0,50000.0,0.0,10000.0
Kururin Paradise,GBA,2002,0.0,0.0,60000.0,0.0
Kiniro no Corda 2,PS2,2007,0.0,0.0,60000.0,0.0
Fast Food Panic,Wii,2009,60000.0,0.0,0.0,0.0
Samurai Warriors Chronicles 3,PSV,2014,0.0,0.0,60000.0,0.0
Dynasty Warriors Vs,3DS,2012,0.0,0.0,60000.0,0.0
Another Code R: A Journey into Lost Memories,Wii,2009,0.0,30000.0,30000.0,0.0
Gallop Racer 2004,PS2,2004,30000.0,20000.0,0.0,10000.0
Rayman: Hoodlum's Revenge,GBA,2005,50000.0,20000.0,0.0,0.0
Sunrise Eiyuutan R,PS2,2000,0.0,0.0,60000.0,0.0
Mobile Suit Gundam Seed: Never Ending Tomorrow,PS2,2004,30000.0,20000.0,0.0,10000.0
The Book of Unwritten Tales: The Critter Chronicles,PC,2011,0.0,50000.0,0.0,10000.0
Octomania,Wii,2007,60000.0,0.0,0.0,0.0
F1 2001,XB,2001,50000.0,10000.0,0.0,0.0
Fishing Master (jp sales),Wii,2007,0.0,0.0,60000.0,0.0
Zill O'll Infinite Plus,PSP,2009,0.0,0.0,60000.0,0.0
Tonka Rescue Patrol,GC,2003,50000.0,10000.0,0.0,0.0
GunGriffon II,SAT,1998,0.0,0.0,60000.0,0.0
Crimson Gem Saga,PSP,2008,60000.0,0.0,0.0,0.0
Legend of Kay,PS4,2015,20000.0,30000.0,0.0,10000.0
Order Up!!,PS3,2011,40000.0,10000.0,0.0,10000.0
Steambot Chronicles: Battle Tournament,PSP,2008,50000.0,0.0,10000.0,0.0
Bomberman Land,PSP,2007,60000.0,0.0,0.0,10000.0
Spy Fox in Dry Cereal,Wii,2008,60000.0,0.0,0.0,0.0
Cel Damage,GC,2002,50000.0,10000.0,0.0,0.0
Lego Batman 3: Beyond Gotham,PC,2014,0.0,60000.0,0.0,10000.0
Killer Instinct (2013),XOne,2013,30000.0,30000.0,0.0,10000.0
Famicom Mini: Balloon Fight,GBA,2004,0.0,0.0,60000.0,0.0
Steins;Gate: Senkei Kousoku no Phonogram,PS3,2013,0.0,0.0,60000.0,0.0
Seaman 2: Peking Genjin Ikusei Kit,PS2,2007,0.0,0.0,60000.0,0.0
Ratchet & Clank Collection,PSV,2014,0.0,50000.0,0.0,10000.0
The Pinball of the Dead,GBA,2002,50000.0,20000.0,0.0,0.0
Growlanser IV: Over Reloaded,PSP,2011,0.0,0.0,60000.0,0.0
Arc the Lad: End of Darkness,PS2,2004,30000.0,20000.0,0.0,10000.0
Tom Clancy's Splinter Cell: Pandora Tomorrow,GBA,2004,50000.0,20000.0,0.0,0.0
The King of Route 66,PS2,2003,30000.0,20000.0,0.0,10000.0
Sherlock Holmes: Crimes & Punishments,X360,2014,30000.0,30000.0,0.0,10000.0
Bubble Bobble also featuring Rainbow Islands,PS,1995,40000.0,20000.0,0.0,0.0
Intellivision Lives!,GC,2004,50000.0,10000.0,0.0,0.0
Star Wars Knights of the Old Republic II: The Sith Lords,PC,2005,10000.0,40000.0,0.0,10000.0
Pro Yaky? Spirits 2013,PSV,2013,0.0,0.0,60000.0,0.0
Robotica,SAT,1994,0.0,0.0,60000.0,0.0
Deathrow: Underground Team Combat,XB,2002,50000.0,10000.0,0.0,0.0
Land of the Dead: Road to Fiddler's Green,XB,2005,50000.0,10000.0,0.0,0.0
R-Types,PS,1998,40000.0,20000.0,0.0,0.0
Star Fighter,PS,1995,40000.0,20000.0,0.0,0.0
Dissidia: Final Fantasy Universal Tuning,PSP,2009,0.0,0.0,60000.0,0.0
Game Center CX: 3-Choume no Arino,3DS,2014,0.0,0.0,60000.0,0.0
Age of Empires Online,PC,2011,10000.0,40000.0,0.0,10000.0
Alien Syndrome,Wii,2007,60000.0,0.0,0.0,0.0
The Legend of Heroes: Trails in the Sky Second Chapter,PSP,2007,0.0,0.0,60000.0,0.0
Mystic Heroes,PS2,2002,30000.0,20000.0,0.0,10000.0
The Amazing Spider-Man 2 (2014),3DS,2014,30000.0,30000.0,0.0,0.0
Tron 2.0: Killer App,GBA,2004,40000.0,20000.0,0.0,0.0
Samurai Shodown Anthology,Wii,2008,60000.0,0.0,0.0,0.0
Mega Minis Volume 3,PSP,2011,0.0,50000.0,0.0,20000.0
Jurassic Park III: Park Builder,GBA,2001,40000.0,20000.0,0.0,0.0
Mario vs. Donkey Kong: Tipping Stars,3DS,2015,0.0,0.0,60000.0,0.0
Unchained Blades,PSP,2011,0.0,0.0,60000.0,0.0
Rurouni Kenshin: Meiji Kenkaku Romantan Saisen,PSP,2011,0.0,0.0,60000.0,0.0
Code Geass: Hangyaku no Lelouch - Lost Colors,PS2,2008,0.0,0.0,60000.0,0.0
Warhammer: Battle For Atluma,PSP,2006,50000.0,0.0,0.0,10000.0
LEGO Bionicle,GBA,2001,40000.0,20000.0,0.0,0.0
Power Shovel,PS,2000,30000.0,20000.0,0.0,0.0
Blur,PC,2010,10000.0,40000.0,0.0,10000.0
Generator Rex: Agent of Providence,X360,2011,50000.0,10000.0,0.0,0.0
A llI S.V.: A Ressha de Gyoukou 3 Super Version,SNES,1995,0.0,0.0,60000.0,0.0
Spy Games: Elevator Mission,Wii,2007,60000.0,0.0,0.0,0.0
Strike Force Bowling,GC,2005,50000.0,10000.0,0.0,0.0
Song of the Deep,PS4,2016,50000.0,0.0,0.0,10000.0
Earth Defense Force 2017 Portable,PSV,2012,0.0,0.0,60000.0,0.0
Atelier Iris 2: The Azoth Of Destiny,PS2,2005,30000.0,20000.0,0.0,10000.0
There,PS,2002,30000.0,20000.0,0.0,0.0
Tokimeki no Houkago,PS,1998,0.0,0.0,60000.0,0.0
Championship Surfer,PS,2000,30000.0,20000.0,0.0,0.0
Unreal Tournament III,PC,2007,0.0,50000.0,0.0,10000.0
Monster Garage,XB,2004,50000.0,10000.0,0.0,0.0
Taiko no Tatsujin: Atsumete Tomodachi Daisakusen!,WiiU,2015,0.0,0.0,60000.0,0.0
The Next BIG Thing,PC,2011,0.0,50000.0,0.0,10000.0
Tecmo Classic Arcade,XB,2005,50000.0,10000.0,0.0,0.0
2 Games in 1: Sonic Pinball Party & Columns Crown,GBA,2005,40000.0,20000.0,0.0,0.0
Valentino Rossi: The Game,PS4,2016,10000.0,50000.0,0.0,10000.0
Monkey Island: Special Edition Collection,X360,2011,0.0,50000.0,0.0,10000.0
Mad Maestro!,PS2,2001,30000.0,20000.0,0.0,10000.0
A-Train: City Simulator,3DS,2014,0.0,0.0,60000.0,0.0
Densha De Go! 3 Tsuukinhen,PS2,2001,0.0,0.0,60000.0,0.0
Biker Mice From Mars,PS2,2006,30000.0,20000.0,0.0,10000.0
Call of Duty 2,PC,2005,0.0,50000.0,0.0,10000.0
Daito Giken Koushiki Pachi-Slot Simulator: Ossu! Banchou Portable,PSP,2006,0.0,0.0,60000.0,0.0
SpongeBob SquarePants: Plankton's Robotic Revenge,3DS,2013,0.0,60000.0,0.0,0.0
Pro Evolution Soccer 2017,PS3,2016,0.0,10000.0,40000.0,0.0
Giants: Citizen Kabuto,PS2,2001,30000.0,20000.0,0.0,10000.0
Steins;Gate,X360,2009,0.0,0.0,60000.0,0.0
A New Beginning,PC,2010,0.0,50000.0,0.0,10000.0
MotoGP 10/11,X360,2011,0.0,50000.0,0.0,10000.0
Alone in the Dark,PS2,2008,30000.0,20000.0,0.0,10000.0
Guilty Gear XX Accent Core Plus,PS2,2008,30000.0,20000.0,0.0,10000.0
Muppets Party Cruise,PS2,2003,30000.0,20000.0,0.0,10000.0
Higurashi Daybreak Portable,PSP,2008,0.0,0.0,60000.0,0.0
Crayon Shin-chan: Arashi o Yobu Kasukabe Eiga Stars!,3DS,2014,0.0,0.0,60000.0,0.0
Shonen Jump's One Piece: Grand Battle,GC,2005,50000.0,10000.0,0.0,0.0
Barbie Horse Adventures: Wild Horse Rescue,XB,2003,50000.0,10000.0,0.0,0.0
Blast Lacrosse,PS,2001,30000.0,20000.0,0.0,0.0
Devil's Third,WiiU,2015,40000.0,20000.0,0.0,10000.0
DreamWorks Super Star Kartz,X360,2011,50000.0,10000.0,0.0,0.0
Kikou Heidan J-Phoenix,PS2,2001,0.0,0.0,60000.0,0.0
Backyard NFL Football '10,PS2,2009,30000.0,20000.0,0.0,10000.0
Barbie and Her Sisters Puppy Rescue,Wii,2015,0.0,60000.0,0.0,0.0
Zero Escape: Zero Time Dilemma,3DS,2016,40000.0,0.0,10000.0,10000.0
Shonen Jump's Shaman King: Legacy of the Spirits - Soaring Hawk/Sprinting Wolf,GBA,2005,40000.0,20000.0,0.0,0.0
Bubble Bobble: Old & New,GBA,2002,40000.0,20000.0,0.0,0.0
Puzzler Collection,Wii,2008,50000.0,10000.0,0.0,0.0
Naruto Shippuden: Gekito Ninja Taisen! Special,Wii,2010,0.0,0.0,60000.0,0.0
Jissen Pachislot Secrets! Fist of the North Star F - Seikimatsu Kyuuseishu Densetsu,PS3,2012,0.0,0.0,60000.0,0.0
Akai Katana Shin,X360,2011,40000.0,0.0,10000.0,0.0
Kekkon: Marriage,SAT,1995,0.0,0.0,60000.0,0.0
Terraria,PS4,2014,0.0,50000.0,10000.0,10000.0
Nicola Kanshuu: Model * Oshare Audition 2,3DS,2011,0.0,0.0,60000.0,0.0
KimiKiss,PS2,2006,0.0,0.0,60000.0,0.0
Cold Fear,XB,2005,50000.0,10000.0,0.0,0.0
Chevrolet Camaro: Wild Ride,Wii,2010,60000.0,0.0,0.0,0.0
Risen 3: Titan Lords,PS4,2015,0.0,50000.0,0.0,10000.0
Hisshou Pachinko*Pachi-Slot Kouryaku Series Portable Vol. 1: Shinseiki Evangelion - Tamashii no Kiseki,PSP,2010,0.0,0.0,60000.0,0.0
Zero Escape: Zero Time Dilemma,PSV,2016,30000.0,0.0,20000.0,10000.0
S.T.A.L.K.E.R.: Call of Pripyat,PC,2009,0.0,50000.0,0.0,10000.0
Champion Jockey: G1 Jockey & Gallop Racer,X360,2011,0.0,50000.0,0.0,10000.0
Cocoto Kart Racer,Wii,2008,60000.0,0.0,0.0,0.0
Mobile Suit Gundam 00: Gundam Meisters,PS2,2008,0.0,0.0,60000.0,0.0
Call of Cthulhu: Dark Corners of the Earth,XB,2005,50000.0,10000.0,0.0,0.0
The Great Escape,XB,2003,50000.0,10000.0,0.0,0.0
Coded Arms: Contagion,PSP,2007,50000.0,0.0,0.0,10000.0
Metal Gear Solid: Social Ops,PS2,2002,30000.0,20000.0,0.0,10000.0
The Witcher,PC,2007,0.0,50000.0,0.0,10000.0
PenPen TriIceLon,DC,1998,0.0,0.0,60000.0,0.0
Grey's Anatomy: The Video Game,Wii,2009,50000.0,10000.0,0.0,0.0
Salt Lake 2002,GBA,2002,40000.0,20000.0,0.0,0.0
Warriors of the Lost Empire,PSP,2007,50000.0,0.0,0.0,10000.0
Vexx,GC,2003,50000.0,10000.0,0.0,0.0
Crazy Chicken Tales,Wii,2009,60000.0,0.0,0.0,0.0
Super Robot Wars OG Saga Masou Kishin F: Coffin of the End,PS3,2014,0.0,0.0,60000.0,0.0
Hagane no Renkinjutsushi - Fullmetal Alchemist: Yakusoku no Hi e,PSP,2010,0.0,0.0,60000.0,0.0
Batman: Rise of Sin Tzu,GC,2003,50000.0,10000.0,0.0,0.0
Sacred 2: Fallen Angel,PC,2008,0.0,50000.0,0.0,10000.0
Dead Rising 2: Off the Record,PC,2011,40000.0,20000.0,0.0,10000.0
Disney Sports Skateboarding,GC,2002,50000.0,10000.0,0.0,0.0
Nazotoki Battle Tore! Densetsu no Makyuu o Fukkatsu Saseyo!,3DS,2014,0.0,0.0,60000.0,0.0
Inversion,X360,2012,30000.0,20000.0,0.0,10000.0
Odin Sphere: Leifthrasir,PS3,2016,10000.0,20000.0,30000.0,10000.0
Pro Evolution Soccer 2012,PS2,2011,0.0,0.0,60000.0,0.0
Terminator 3: The Redemption,XB,2004,50000.0,10000.0,0.0,0.0
Alvin and the Chipmunks,Wii,2007,50000.0,0.0,0.0,0.0
EverQuest II: Destiny of Velious,PC,2011,60000.0,0.0,0.0,0.0
Rurouni Kenshin: Meiji Kenyaku Romantan - Kansen,PSP,2012,0.0,0.0,60000.0,0.0
Neon Genesis Evangelion,N64,1999,0.0,0.0,60000.0,0.0
Serious Sam II,XB,2005,50000.0,10000.0,0.0,0.0
Remember Me,PC,2013,0.0,50000.0,0.0,10000.0
ICO,PS3,2011,0.0,0.0,60000.0,0.0
Flipnic: Ultimate Pinball,PS2,2003,30000.0,20000.0,0.0,10000.0
NBA Hangtime,PS,1996,30000.0,20000.0,0.0,0.0
Cabela's Big Game Hunter (2008),X360,2007,60000.0,0.0,0.0,0.0
My Fitness Coach: Club,Wii,2011,0.0,50000.0,0.0,10000.0
D.C. II P.S.: Da Capo II Plus Situation,PS2,2008,0.0,0.0,60000.0,0.0
Top Gear Hyper-Bike,N64,1999,50000.0,10000.0,0.0,0.0
Brunswick Circuit Pro Bowling,N64,1999,50000.0,10000.0,0.0,0.0
Olympic Hockey 98,N64,1998,50000.0,10000.0,0.0,0.0
CyberTiger,N64,2000,50000.0,10000.0,0.0,0.0
Penny Racers,N64,1998,50000.0,10000.0,0.0,0.0
S.C.A.R.S,N64,1998,50000.0,10000.0,0.0,0.0
Virtual Chess 64,N64,1998,50000.0,10000.0,0.0,0.0
Marvel Super Heroes,SAT,1997,0.0,0.0,60000.0,0.0
Mike Piazza's Strike Zone,N64,1998,50000.0,10000.0,0.0,0.0
Bust-A-Move '99,N64,1998,50000.0,10000.0,0.0,0.0
Star Soldier: Vanishing Earth,N64,1998,50000.0,10000.0,0.0,0.0
Polaris SnoCross,N64,2000,50000.0,10000.0,0.0,0.0
Worms Blast,GC,2002,50000.0,10000.0,0.0,0.0
The Legend of Heroes VII: The Trail of Blue,PSV,2014,0.0,0.0,60000.0,0.0
BlazBlue: Chrono Phantasma Extend,XOne,2015,50000.0,10000.0,0.0,10000.0
Smile PreCure! Let's Go! Marchen World,3DS,2012,0.0,0.0,60000.0,0.0
IHRA Professional Drag Racing 2005,XB,2004,40000.0,10000.0,0.0,0.0
Tokyo Xtreme Racer Advance,GBA,2005,40000.0,20000.0,0.0,0.0
Destiny: The Collection,PS4,2016,10000.0,40000.0,0.0,10000.0
Gun Showdown,PSP,2006,50000.0,10000.0,0.0,10000.0
Syndicate,PC,1992,0.0,50000.0,0.0,10000.0
Digimon All-Star Rumble,X360,2014,40000.0,10000.0,0.0,10000.0
Power Pro Success Legends,PSP,2010,0.0,0.0,60000.0,0.0
Pheasants Forever Wingshooter,Wii,2010,30000.0,20000.0,0.0,0.0
Ivy the Kiwi?,Wii,2010,40000.0,20000.0,0.0,0.0
Killer Loop,PS,1999,30000.0,20000.0,0.0,0.0
Cabela's Dangerous Hunts: Ultimate Challenge,PSP,2006,60000.0,0.0,0.0,0.0
Xiaolin Showdown,PSP,2006,50000.0,0.0,0.0,0.0
Worldwide Soccer,SAT,1994,0.0,0.0,60000.0,0.0
Toriko: Gourmet Battle!,3DS,2013,0.0,0.0,60000.0,0.0
Need for Speed: Shift,PC,2009,0.0,50000.0,0.0,10000.0
Zoo Tycoon: Complete Collection,PC,2003,30000.0,20000.0,0.0,10000.0
Commandos: Strike Force,PS2,2006,30000.0,20000.0,0.0,10000.0
Mobile Suit Gundam: Gundam vs. Zeta Gundam,PS2,2004,30000.0,20000.0,0.0,10000.0
Darksiders II,XOne,2015,30000.0,20000.0,0.0,10000.0
Rapala Pro Fishing,GBA,2004,40000.0,20000.0,0.0,0.0
Create,PC,2010,40000.0,10000.0,0.0,10000.0
Guilty Gear X: Advance Edition,GBA,2002,40000.0,20000.0,0.0,0.0
Impossible Mission,PSP,2007,0.0,40000.0,0.0,20000.0
Zoo Tycoon 2,PC,2004,0.0,50000.0,0.0,10000.0
Fate/Tiger Colosseum Upper,PSP,2008,0.0,0.0,60000.0,0.0
Rooms: The Main Building,Wii,2010,60000.0,0.0,0.0,0.0
Top Gun: Hard Lock,X360,2012,30000.0,20000.0,0.0,0.0
JoJo's Bizarre Adventure: All Star Battle,3DS,2012,60000.0,0.0,0.0,0.0
Carol Vorderman's Sudoku,PSP,2006,50000.0,0.0,0.0,10000.0
Ford Racing 3,GBA,2005,40000.0,20000.0,0.0,0.0
Genkai Tokki: Moero Crystal,PSV,2015,0.0,0.0,60000.0,0.0
PachiPara 13: Super Umi no Pachi-Pro Fuuunroku,PS2,2006,0.0,0.0,60000.0,0.0
Disney Planes Fire & Rescue,Wii,2014,0.0,50000.0,0.0,0.0
Attack on Titan (KOEI),PS3,2016,0.0,0.0,60000.0,0.0
World Soccer Winning Eleven 9 (US sales),PSP,2005,50000.0,0.0,0.0,0.0
Winning Post 4 Maximum,PS2,2000,0.0,0.0,60000.0,0.0
Oddworld: Munch's Oddysee,GBA,2003,40000.0,20000.0,0.0,0.0
Exhibition Volume 5,XB,2004,40000.0,10000.0,0.0,0.0
DuckTales: Remastered,WiiU,2013,50000.0,0.0,0.0,0.0
LEGO Batman: The Videogame,PC,2008,20000.0,30000.0,0.0,10000.0
Atelier Sophie: The Alchemist of the Mysterious Book,PSV,2015,0.0,0.0,60000.0,0.0
Starry ? Sky: In Summer,PSP,2010,0.0,0.0,60000.0,0.0
Pro Yakyuu Netsu Star 2007,PS2,2007,0.0,0.0,60000.0,0.0
Klonoa Beach Volleyball,PS,2002,30000.0,20000.0,0.0,0.0
Melty Blood: Actress Again,PS2,2009,0.0,0.0,60000.0,0.0
TrackMania Turbo,XOne,2016,20000.0,30000.0,0.0,0.0
Centipede: Infestation,Wii,2011,60000.0,0.0,0.0,0.0
Mercury Meltdown,PSP,2006,50000.0,10000.0,0.0,10000.0
SingStar Mallorca Party,PS3,2009,0.0,40000.0,0.0,20000.0
3D Lemmings,PS,1995,30000.0,20000.0,0.0,0.0
Hi Hi Puffy AmiYumi: Kaznapped,GBA,2005,40000.0,20000.0,0.0,0.0
Resident Evil - Code: Veronica X,GC,2003,50000.0,10000.0,0.0,0.0
Broken Sword: The Shadow of the Templars,GBA,2002,40000.0,20000.0,0.0,0.0
Back to the Future: The Game,Wii,2011,50000.0,0.0,0.0,0.0
Summon Night 6: Lost Borders,PSV,2016,0.0,0.0,60000.0,0.0
Tenchi Muyou! Ryoukouki Gokuraku,SAT,1995,0.0,0.0,60000.0,0.0
Kelly Slater's Pro Surfer,GC,2002,50000.0,10000.0,0.0,0.0
Sacred 3,X360,2014,30000.0,30000.0,0.0,10000.0
I Am In The Movie,PSP,2012,0.0,0.0,60000.0,0.0
Doraemon: Nobita no Uchuu Eiyuuki,3DS,2015,0.0,0.0,60000.0,0.0
Trapt,PS2,2005,30000.0,20000.0,0.0,10000.0
Splat Renegade Paintball,XB,2005,40000.0,10000.0,0.0,0.0
Metal Max 4: Gekkou no Diva,3DS,2013,0.0,0.0,60000.0,0.0
Jumper: Griffin's Story,X360,2008,50000.0,0.0,0.0,0.0
Worms 3D,XB,2003,40000.0,10000.0,0.0,0.0
pro evolution soccer 2011,PC,2010,0.0,50000.0,0.0,10000.0
Arcana Heart 3,PSV,2014,30000.0,0.0,20000.0,10000.0
Magi: Aratanaru Sekai,3DS,2014,0.0,0.0,60000.0,0.0
PoPoLoCrois,PSP,2005,50000.0,0.0,0.0,0.0
Mahouka Koukou no Rettousei: Out of Order,PSV,2014,0.0,0.0,60000.0,0.0
Dragon Rage,PS2,2001,30000.0,20000.0,0.0,10000.0
Lord of Magna: Maiden Heaven,3DS,2014,0.0,0.0,60000.0,0.0
Dance Sensation!,Wii,2010,60000.0,0.0,0.0,0.0
Brave: A Warrior's Tale,Wii,2009,50000.0,0.0,0.0,0.0
Ansatsu Kyoushitsu: Assassin Ikusei Keikaku!!,3DS,2016,0.0,0.0,60000.0,0.0
Raw Danger! (JP sales),PS2,2006,0.0,0.0,60000.0,0.0
Archer Maclean Presents: Pool Paradise,PS2,2004,30000.0,20000.0,0.0,10000.0
S.T.A.L.K.E.R.: Shadow of Chernobyl,PC,2007,10000.0,40000.0,0.0,10000.0
Backyard Skateboarding 2006,GBA,2004,40000.0,20000.0,0.0,0.0
Tron 2.0: Killer App,XB,2004,40000.0,10000.0,0.0,0.0
Steins;Gate: Hiyoku Renri no Darling,PSP,2012,0.0,0.0,60000.0,0.0
The Fast and the Furious,PS2,2006,30000.0,20000.0,0.0,10000.0
Gem Smashers,Wii,2011,50000.0,0.0,0.0,0.0
Super Robot Wars OG: The Moon Dwellers,PS3,2016,0.0,0.0,60000.0,0.0
G-Police: Weapons of Justice,PS,1999,30000.0,20000.0,0.0,0.0
Killing Zone,PS,1996,30000.0,20000.0,0.0,0.0
All Kamen Rider: Rider Generation 2,PSP,2012,0.0,0.0,60000.0,0.0
Adventures of Lolo,NES,1989,60000.0,0.0,0.0,0.0
Game of Thrones (Telltale),PS3,2015,20000.0,30000.0,0.0,10000.0
Call of Duty: The War Collection,X360,2010,50000.0,0.0,0.0,0.0
Warriors Orochi 2,X360,2008,40000.0,0.0,10000.0,0.0
The History Channel: Battle for the Pacific,X360,2007,50000.0,0.0,0.0,0.0
Racing Gears Advance,GBA,2004,40000.0,20000.0,0.0,0.0
Project Setsuna,PS4,2016,0.0,0.0,60000.0,0.0
Syphon Filter: Logan's Shadow,PS2,2010,30000.0,20000.0,0.0,10000.0
NTRA Breeders' Cup World Thoroughbred Championships,XB,2005,40000.0,10000.0,0.0,0.0
Daito Giken Koushiki Pachi-Slot Simulator: Shin Yoshimune,PS2,2008,0.0,0.0,60000.0,0.0
Tanjou S Debut,SAT,1996,0.0,0.0,60000.0,0.0
Nendoroid Generation,PSP,2012,0.0,0.0,60000.0,0.0
Brave: A Warrior's Tale,X360,2009,50000.0,10000.0,0.0,0.0
Pop'n TwinBee: Rainbow Bell Adventure,SNES,1993,0.0,0.0,60000.0,0.0
Broken Helix,PS,1997,30000.0,20000.0,0.0,0.0
The Saboteur,PC,2009,0.0,50000.0,0.0,10000.0
Myst III: Exile,XB,2002,40000.0,10000.0,0.0,0.0
Warriors: Legends of Troy,X360,2011,0.0,40000.0,10000.0,10000.0
Hajime no Ippo Portable: Victorious Spirits,PSP,2007,0.0,0.0,60000.0,0.0
CMT Presents: Karaoke Revolution Country,PS2,2006,30000.0,20000.0,0.0,10000.0
Vitamin X to Z,PSP,2011,0.0,0.0,60000.0,0.0
Fatal Frame,XB,2002,40000.0,10000.0,0.0,0.0
Tom Clancy's Ghost Recon: Advanced Warfighter,PS2,2006,30000.0,20000.0,0.0,10000.0
Urban Chaos: Riot Response,PS2,2006,30000.0,20000.0,0.0,10000.0
Generation of Chaos,PSP,2005,50000.0,0.0,0.0,0.0
Teenage Mutant Ninja Turtles II: Back from the Sewers,GB,1991,0.0,0.0,60000.0,0.0
The Sims 2: University,PC,2005,10000.0,40000.0,0.0,10000.0
Resident Evil 2,GC,2003,40000.0,10000.0,0.0,0.0
World Championship Athletics,Wii,2009,40000.0,10000.0,0.0,0.0
The Amazing Spider-Man 2 (2014),WiiU,2014,30000.0,20000.0,0.0,0.0
Yomawari,PSV,2015,0.0,0.0,60000.0,0.0
Real Bout Garou Densetsu Special: Dominated Mind,PS,1998,0.0,0.0,50000.0,0.0
Vampire Rain: Altered Species,PS3,2008,50000.0,0.0,0.0,0.0
Sumikko Gurashi: Mura o Tsukurundesu,3DS,2016,0.0,0.0,60000.0,0.0
Harry Potter and the Sorcerer's Stone,PC,2001,10000.0,40000.0,0.0,10000.0
Minna no Sukkiri,PSP,2009,0.0,0.0,60000.0,0.0
Catwoman,XB,2004,40000.0,10000.0,0.0,0.0
Murdered: Soul Suspect,PC,2014,0.0,50000.0,0.0,10000.0
Romance of the Three Kingdoms 13,PS4,2015,10000.0,0.0,50000.0,0.0
Utawarerumono: Itsuwari no Kamen,PS4,2015,0.0,0.0,60000.0,0.0
Ride to Hell,X360,2013,40000.0,10000.0,0.0,0.0
Burning Rangers,SAT,1998,0.0,0.0,60000.0,0.0
Mana Khemia: Alchemists of Al-Revis,PS2,2007,30000.0,20000.0,0.0,10000.0
Interplay Sports Baseball 2000,PS,1999,30000.0,20000.0,0.0,0.0
Zone of the Enders: The Fist of Mars,GBA,2001,40000.0,20000.0,0.0,0.0
Animorphs: Shattered Reality,PS,2000,30000.0,20000.0,0.0,0.0
Teenage Mutant Ninja Turtles: Tournament Fighters,SNES,1992,0.0,0.0,60000.0,0.0
Eikan wa Kimini 2002: Koshien no Kodou,PS2,2002,0.0,0.0,60000.0,0.0
PopStar Guitar,Wii,2008,30000.0,30000.0,0.0,10000.0
Mirror's Edge,PC,2009,0.0,50000.0,0.0,10000.0
Blade Dancer: Lineage of Light,PSP,2006,50000.0,0.0,0.0,0.0
Terminator 3: Rise of the Machines,GBA,2003,40000.0,20000.0,0.0,0.0
Jissen Pachislot Hisshouhou! Hokuto no Ken Portable SE,PSP,2006,0.0,0.0,60000.0,0.0
Mayhem 3D,PS3,2011,50000.0,0.0,0.0,10000.0
G1 Jockey 2,PS2,2000,0.0,0.0,60000.0,0.0
Constantine,XB,2005,40000.0,10000.0,0.0,0.0
Chaos Rings III,PSV,2014,0.0,0.0,60000.0,0.0
Tom Clancy's Splinter Cell: Double Agent,GC,2006,40000.0,10000.0,0.0,0.0
Senritsu no Stratus,PSP,2011,0.0,0.0,60000.0,0.0
Titan Quest,PC,2006,10000.0,40000.0,0.0,10000.0
Evangelion: Jo,PSP,2009,0.0,0.0,60000.0,0.0
Bleach: Blade Battlers 2nd,PS2,2007,0.0,0.0,60000.0,0.0
Samurai Jack: The Shadow of Aku,PS2,2004,30000.0,20000.0,0.0,10000.0
Kamen Rider Kabuto,PS2,2006,0.0,0.0,60000.0,0.0
Men in Black The Series: Crashdown,PS,2001,30000.0,20000.0,0.0,0.0
Zero Divide,PS,1995,30000.0,20000.0,0.0,0.0
FIFA Street,GC,2005,40000.0,10000.0,0.0,0.0
Tsugunai: Atonement,PS2,2001,20000.0,10000.0,20000.0,0.0
Rugby World Cup 2015,PS4,2015,0.0,50000.0,0.0,10000.0
Lost Kingdoms II,GC,2003,40000.0,10000.0,0.0,0.0
Aggressive Inline,GC,2002,40000.0,10000.0,0.0,0.0
Nights of Azure,PS4,2015,30000.0,20000.0,0.0,10000.0
Dungeon Keeper 2,PC,1999,0.0,50000.0,0.0,10000.0
Viewtiful Joe: Red Hot Rumble,GC,2005,40000.0,10000.0,0.0,0.0
The Lord of the Rings: The Battle for Middle-Earth II,X360,2006,0.0,50000.0,0.0,10000.0
Pro Yaky? Spirits 2012,PSV,2012,0.0,0.0,60000.0,0.0
Samurai Warriors 4: Empires,PS3,2015,0.0,0.0,60000.0,0.0
SD Gundam G Generation Wars,Wii,2009,0.0,0.0,60000.0,0.0
Broken Sword II: The Smoking Mirror,PS,1997,30000.0,20000.0,0.0,0.0
Pump It Up: Exceed,PS2,2005,30000.0,20000.0,0.0,10000.0
Hakuouki: Yuugi Roku Ni - Matsuri Hayashi to Taishitachi,PSP,2012,0.0,0.0,60000.0,0.0
Wreckless: ThE YaKuza MisSiOns,GC,2002,40000.0,10000.0,0.0,0.0
Doki-Doki Universe,PSV,2013,10000.0,40000.0,0.0,10000.0
"Hisshou Pachinko*Pachi-Slot Kouryaku Series Vol. 11: Shinseiki Evangelion - Magokoro o, Kimi ni",PS2,2007,0.0,0.0,60000.0,0.0
TOCA Race Driver 2: Ultimate Racing Simulator,PS2,2004,30000.0,20000.0,0.0,10000.0
Girls RPG: Cinderellife,3DS,2012,0.0,0.0,60000.0,0.0
Dr. Muto,XB,2002,40000.0,10000.0,0.0,0.0
Gothic 3,PC,2006,0.0,50000.0,0.0,10000.0
Tokyo Twilight Ghost Hunters,PS3,2014,30000.0,0.0,20000.0,10000.0
Scrabble Blast!,GBA,2005,40000.0,10000.0,0.0,0.0
Fate/Stay Night [R?alta Nua],PSV,2012,0.0,0.0,60000.0,0.0
Gintama no Sugoroku,PSP,2013,0.0,0.0,60000.0,0.0
Kid Fit Island Resort,Wii,2010,50000.0,0.0,0.0,0.0
The Lord of the Rings: Aragorn's Quest,PS2,2010,30000.0,20000.0,0.0,10000.0
Roogoo Twisted Towers,Wii,2009,50000.0,0.0,0.0,0.0
Doraemon 4: Nobita to Toki no Okoku,SNES,1995,0.0,0.0,60000.0,0.0
Myst,SAT,1994,0.0,0.0,60000.0,0.0
F1 2010,PC,2010,0.0,50000.0,0.0,10000.0
Toaru Kagaku no Chou Denjihou,PSP,2011,0.0,0.0,60000.0,0.0
Starwinder: The Ultimate Space Race,PS,1996,30000.0,20000.0,0.0,0.0
The Lost Chronicles of Zerzura,PC,2012,0.0,50000.0,0.0,10000.0
Ski Region Simulator,PC,2011,0.0,50000.0,0.0,10000.0
Angelique Trois,PS2,2000,0.0,0.0,60000.0,0.0
Dance Dance Revolution: Mario Mix (JP sales),GC,2005,0.0,0.0,50000.0,0.0
A-Train 6,PS2,2000,0.0,0.0,60000.0,0.0
MotoGP,GBA,2002,40000.0,10000.0,0.0,0.0
ESPN International Winter Sports 2002,PS2,2002,30000.0,20000.0,0.0,10000.0
KimiKiss (ebKore+),PS2,2008,0.0,0.0,60000.0,0.0
Gold and Glory: The Road to El Dorado,PS,2000,30000.0,20000.0,0.0,0.0
NBA Live 07,XB,2006,40000.0,10000.0,0.0,0.0
Choro Q Marine: Q Boat,PS,1998,0.0,0.0,50000.0,0.0
GunPey,PSP,2006,50000.0,0.0,0.0,10000.0
BattleBots: Beyond the BattleBox,GBA,2002,40000.0,10000.0,0.0,0.0
MX vs. ATV Supercross Encore,PS4,2015,0.0,50000.0,0.0,10000.0
Yuugen Gaisha Brave Company,3DS,2011,0.0,0.0,60000.0,0.0
Mighty Beanz: Pocket Puzzles,GBA,2004,40000.0,10000.0,0.0,0.0
Ken to Mahou to Gakuen Mono. 3D,3DS,2011,0.0,0.0,60000.0,0.0
Friends: The One with All the Trivia,PS2,2005,30000.0,20000.0,0.0,10000.0
Backyard NFL Football '08,PS2,2007,30000.0,20000.0,0.0,10000.0
Coraline,Wii,2009,50000.0,0.0,0.0,0.0
Gunbird,SAT,1995,0.0,0.0,60000.0,0.0
Dream C Club Portable,PSP,2010,0.0,0.0,60000.0,0.0
Tom Clancy's Rainbow Six 3,GC,2004,40000.0,10000.0,0.0,0.0
Elemental Gearbolt,PS,1997,30000.0,20000.0,0.0,0.0
Tony Hawk's Pro Skater 5,PS3,2015,40000.0,0.0,0.0,10000.0
WWF Wrestlemania: The Arcade Game,PS,1995,30000.0,20000.0,0.0,0.0
Handball 16,PS4,2015,0.0,50000.0,0.0,10000.0
Cabela's Big Game Hunter 2005 Adventures,GBA,2004,40000.0,10000.0,0.0,0.0
Grand Kingdom,PS4,2015,20000.0,0.0,30000.0,0.0
Mega Man 8 Anniversary Collector's Edition,SAT,1997,0.0,0.0,60000.0,0.0
V-Rally 3,PS2,2002,30000.0,20000.0,0.0,10000.0
Nobunaga no Yabou: Souzou,PS4,2014,0.0,0.0,60000.0,0.0
Whiplash,XB,2003,40000.0,10000.0,0.0,0.0
Pro Yakyuu Famista 2011,3DS,2011,0.0,0.0,60000.0,0.0
Impact Racing,PS,1996,30000.0,20000.0,0.0,0.0
My Horse & Me: Riding for Gold,Wii,2008,40000.0,20000.0,0.0,0.0
Sled Shred featuring the Jamaican Bobsled Team,Wii,2010,50000.0,0.0,0.0,0.0
Amazing Island,GC,2004,40000.0,10000.0,0.0,0.0
SeaBlade,XB,2002,40000.0,10000.0,0.0,0.0
Jikkyou Powerful Pro Yakyuu DreamCast Edition,DC,2000,0.0,0.0,60000.0,0.0
Carmen Sandiego: The Secret of the Stolen Drums,PS2,2004,30000.0,20000.0,0.0,10000.0
Tokyo Mono Harashi: Karasu no Mori Gakuen Kitan,PSP,2010,0.0,0.0,60000.0,0.0
Activision Hits: Remixed,PSP,2006,50000.0,0.0,0.0,0.0
Death Jr. II: Root of Evil,PSP,2006,50000.0,0.0,0.0,0.0
Hail to the Chimp,X360,2008,50000.0,0.0,0.0,0.0
MotoGP 4 - Official Game of MotoGP,PS2,2005,30000.0,20000.0,0.0,10000.0
Legend of Kay,WiiU,2015,30000.0,20000.0,0.0,0.0
Kyoukai Senjou no Horizon Portable,PSP,2013,0.0,0.0,50000.0,0.0
4 Elements,PC,2009,0.0,40000.0,0.0,10000.0
Shining Force III: Scenario 2,SAT,1998,0.0,0.0,50000.0,0.0
Airline Tycoon 2,PC,2011,0.0,40000.0,0.0,10000.0
Worms World Party,GBA,2002,40000.0,10000.0,0.0,0.0
Medabots: Metabee,GBA,2002,40000.0,10000.0,0.0,0.0
Medal of Honor: Airborne,PC,2007,0.0,40000.0,0.0,10000.0
NHL Legacy,X360,2015,50000.0,0.0,0.0,10000.0
Final Fight: Streetwise,PS2,2006,30000.0,20000.0,0.0,10000.0
Speed Kings,XB,2003,40000.0,10000.0,0.0,0.0
Rebelstar: Tactical Command,GBA,2005,40000.0,10000.0,0.0,0.0
Kamen Rider: Battride War Genesis,PS4,2016,0.0,0.0,50000.0,0.0
IL-2 Sturmovik: Cliffs of Dover,PC,2011,0.0,40000.0,0.0,10000.0
Gladiator: Sword of Vengeance,XB,2003,40000.0,10000.0,0.0,0.0
Virtua Tennis 3,PSP,2007,20000.0,30000.0,0.0,10000.0
Bombastic,PS2,2002,30000.0,20000.0,0.0,10000.0
NHL Powerplay 98,PS,1997,30000.0,20000.0,0.0,0.0
Olympic Soccer: Atlanta 1996,PS,1996,30000.0,20000.0,0.0,0.0
Samurai Dou Portable,PSP,2008,0.0,0.0,50000.0,0.0
Countdown: The Game,Wii,2009,0.0,50000.0,0.0,0.0
Phantasy Star Online Episode I & II Plus,GC,2003,40000.0,10000.0,0.0,0.0
Samurai Warriors 4: Empires,PSV,2015,0.0,0.0,50000.0,0.0
DuckTales: Remastered,PS3,2013,10000.0,40000.0,0.0,10000.0
Miracle Girls Festival,PSV,2015,0.0,0.0,50000.0,0.0
Dual Hearts,PS2,2002,30000.0,20000.0,0.0,10000.0
NFL Quarterback Club 2002,GC,2001,40000.0,10000.0,0.0,0.0
Saki: Zenkoku-hen,PSV,2015,0.0,0.0,50000.0,0.0
Shiren the Wanderer 5 Plus: Fortune Tower and the Dice of Fate,PSV,2015,10000.0,0.0,40000.0,0.0
"Murder, She Wrote",PC,2009,0.0,40000.0,0.0,10000.0
Wing Commander: Prophecy,GBA,2003,40000.0,10000.0,0.0,0.0
Marc Ecko's Getting Up: Contents Under Pressure,PS2,2006,30000.0,20000.0,0.0,10000.0
Sega Soccer Slam,XB,2002,40000.0,10000.0,0.0,0.0
Hakuouki: Reimeiroku,PS2,2010,0.0,0.0,50000.0,0.0
Vertigo,Wii,2009,50000.0,0.0,0.0,0.0
Blood Omen 2,GC,2002,40000.0,10000.0,0.0,0.0
NBA 2K17,X360,2016,40000.0,0.0,0.0,10000.0
Shin Sangoku Musou 5 Empires,PSP,2010,0.0,0.0,50000.0,0.0
Front Mission Evolved,PC,2010,50000.0,0.0,0.0,0.0
Carve,XB,2004,40000.0,10000.0,0.0,0.0
BlowOut,XB,2003,40000.0,10000.0,0.0,0.0
McDROID,PSP,2011,0.0,0.0,50000.0,0.0
GachiTora! Abarenbou Kyoushi in High School,PSP,2011,0.0,0.0,50000.0,0.0
WTA Tour Tennis,PS2,2001,30000.0,20000.0,0.0,10000.0
Bottom of the 9th '99,PS,1998,30000.0,20000.0,0.0,0.0
Dynasty Warriors 5,XB,2005,40000.0,10000.0,0.0,0.0
Famicom Mini: Dig Dug,GBA,2004,0.0,0.0,50000.0,0.0
FIFA Soccer 2003,GBA,2002,40000.0,10000.0,0.0,0.0
Naval Ops: Commander,PS2,2004,30000.0,20000.0,0.0,10000.0
Adventure Time: Finn & Jake Investigations,WiiU,2015,30000.0,20000.0,0.0,0.0
Defendin' De Penguin,Wii,2008,50000.0,0.0,0.0,0.0
Bleach: Blade Battlers,PS2,2006,0.0,0.0,50000.0,0.0
Rez,PS2,2001,30000.0,20000.0,0.0,10000.0
Goosebumps: The Game,3DS,2015,50000.0,0.0,0.0,10000.0
MLB SlugFest 2006,XB,2006,40000.0,10000.0,0.0,0.0
Samurai Warriors 4-II,PSV,2015,0.0,0.0,50000.0,0.0
UEFA Euro 2004: Portugal,XB,2004,40000.0,10000.0,0.0,0.0
Lufia: The Ruins of Lore,GBA,2002,40000.0,10000.0,0.0,0.0
Major Minor's Majestic March,Wii,2009,50000.0,0.0,0.0,0.0
Shaman King: Soul Fight,GC,2003,0.0,0.0,50000.0,0.0
Samurai Deeper Kyo,PS,2002,0.0,0.0,50000.0,0.0
Dark Souls III,PC,2016,0.0,50000.0,0.0,0.0
Medabots: Infinity,GC,2003,40000.0,10000.0,0.0,0.0
Tom Clancy's HAWX 2,PC,2010,0.0,40000.0,0.0,10000.0
Zapper: One Wicked Cricket!,XB,2002,40000.0,10000.0,0.0,0.0
Jirou Akagawa: Majotachi no Nemuri,SNES,1995,0.0,0.0,50000.0,0.0
Arcana Heart 3,X360,2011,0.0,30000.0,20000.0,0.0
Bust-A-Bloc,PS2,2002,0.0,0.0,50000.0,0.0
Sitting Ducks,PS2,2003,30000.0,20000.0,0.0,10000.0
Puyo Puyo 7,Wii,2009,0.0,0.0,50000.0,0.0
Rugby 15,X360,2015,0.0,50000.0,0.0,0.0
NFL Blitz Pro,XB,2003,40000.0,10000.0,0.0,0.0
Major League Baseball 2K11,PSP,2011,50000.0,0.0,0.0,0.0
Uta no Prince-Sama: Music 3,PSV,2016,0.0,0.0,50000.0,0.0
Pretty Cure All Stars Everyone Gather ? Let's Dance!,Wii,2013,0.0,0.0,50000.0,0.0
New Prince of Tennis: Go to the Top,3DS,2015,0.0,0.0,50000.0,0.0
Zyuden Sentai Kyoryuger: Game de Gaburincho!!,3DS,2013,0.0,0.0,50000.0,0.0
Nobunaga's Ambition: Sphere of Influence,PSV,2014,0.0,0.0,50000.0,0.0
Hi-Octane: The Track Fights Back!,PS,1995,30000.0,20000.0,0.0,0.0
Venetica,PC,2009,0.0,40000.0,0.0,10000.0
Wakeboarding Unleashed Featuring Shaun Murray,XB,2003,40000.0,10000.0,0.0,0.0
ZombiU,PS4,2016,0.0,40000.0,10000.0,10000.0
Domino Rally,Wii,2007,50000.0,0.0,0.0,0.0
Doraemon 2: Nobita no Toizurando Daibouken,SNES,1993,0.0,0.0,50000.0,0.0
Samurai Champloo: Sidetracked,PS2,2006,30000.0,20000.0,0.0,10000.0
Teenage Mutant Ninja Turtles: Mutants in Manhattan,PS3,2016,10000.0,30000.0,0.0,10000.0
Utawarerumono: Futari no Hakuoro,PSV,2016,0.0,0.0,50000.0,0.0
Chaos;Child,PSV,2015,0.0,0.0,50000.0,0.0
Fatal Fury: Wild Ambition,PS,1999,30000.0,20000.0,0.0,0.0
Judge Dredd,PS,1997,30000.0,20000.0,0.0,0.0
FIFA 17,PC,2016,0.0,50000.0,0.0,0.0
Minna no Ennichi,3DS,2012,0.0,0.0,50000.0,0.0
Winning Post 8,PS3,2014,0.0,0.0,50000.0,0.0
King Arthur,XB,2004,40000.0,10000.0,0.0,0.0
DoDonPachi Resurrection,X360,2010,0.0,50000.0,0.0,10000.0
Bass Rise,PS,1999,30000.0,20000.0,0.0,0.0
UEFA Champions League 2006-2007,X360,2007,40000.0,10000.0,0.0,0.0
Hunted: The Demon's Forge,PC,2011,30000.0,10000.0,0.0,10000.0
Choujikuu Yousai Macross: Do You Remember Love,PS3,2012,0.0,0.0,50000.0,0.0
Arcania: Gothic 4,PS4,2015,40000.0,0.0,0.0,10000.0
Persona 2: Eternal Punishment,PSP,2012,0.0,0.0,50000.0,0.0
Dragon's Lair 3D: Return to the Lair,XB,2002,40000.0,10000.0,0.0,0.0
Growlanser: Heritage of War (jp sales),PS2,2006,0.0,0.0,50000.0,0.0
The Bureau: XCOM Declassified,PC,2013,0.0,50000.0,0.0,10000.0
Myst IV: Revelation,XB,2005,40000.0,10000.0,0.0,0.0
Culdcept Revolt,3DS,2016,0.0,0.0,50000.0,0.0
Sushi Go-Round,Wii,2010,50000.0,0.0,0.0,0.0
Pachinko Wars II,SNES,1993,0.0,0.0,50000.0,0.0
Myth Makers: Orbs of Doom,Wii,2007,50000.0,0.0,0.0,0.0
Toy Soldiers: War Chest,XOne,2015,50000.0,0.0,0.0,10000.0
The Nightmare of Druaga: Fushigino Dungeon,PS2,2004,30000.0,20000.0,0.0,10000.0
Omega Labyrinth,PSV,2015,0.0,0.0,50000.0,0.0
Air Conflicts: Aces of World War II,PSP,2009,50000.0,0.0,0.0,0.0
Cities in Motion,PC,2011,0.0,40000.0,0.0,10000.0
Virtua Striker 2002,GC,2002,10000.0,0.0,30000.0,0.0
Taito Legends Power Up,PSP,2007,50000.0,0.0,0.0,0.0
Fate/Unlimited Codes Portable,PSP,2009,0.0,0.0,50000.0,0.0
Metal Slug Anthology,PSP,2007,20000.0,0.0,20000.0,10000.0
Disney's PK: Out of the Shadows,GC,2002,40000.0,10000.0,0.0,0.0
JoJo no Kimy? na B?ken Fantomu Buraddo,PS2,2006,0.0,0.0,50000.0,0.0
The Idolmaster 2,X360,2011,0.0,0.0,50000.0,0.0
PQ2: Practical Intelligence Quotient,PSP,2006,40000.0,0.0,0.0,0.0
Mr Bean's Wacky World of Wii,Wii,2009,0.0,50000.0,0.0,0.0
Powerdrome,PS2,2004,30000.0,20000.0,0.0,10000.0
Pro Yakyuu Spirits 5 Kanzenban,PS2,2008,0.0,0.0,50000.0,0.0
Shin Sangoku Musou 5 Special,PSP,2009,0.0,0.0,50000.0,0.0
Otogi 2: Immortal Warriors,XB,2003,40000.0,10000.0,0.0,0.0
Legend of Kay,PS2,2005,30000.0,20000.0,0.0,10000.0
Piglet's Big Game,GC,2003,40000.0,10000.0,0.0,0.0
Dead or Alive Xtreme 3: Fortune,PS4,2016,0.0,0.0,50000.0,0.0
Fallout: Brotherhood of Steel,XB,2004,40000.0,10000.0,0.0,0.0
Koi to Senkyo to Chocolate Portable,PSP,2012,0.0,0.0,50000.0,0.0
IndyCar Series,XB,2003,40000.0,10000.0,0.0,0.0
Hysteria Hospital: Emergency Ward,Wii,2009,50000.0,0.0,0.0,0.0
Ultra Bust-A-Move,XB,2004,40000.0,10000.0,0.0,0.0
Rally Fusion: Race of Champions,XB,2002,40000.0,10000.0,0.0,0.0
Piglet's Big Game,GBA,2003,40000.0,10000.0,0.0,0.0
Lucha Libre AAA: Heroes del Ring,X360,2010,50000.0,0.0,0.0,0.0
Natural Doctrine,PS3,2014,30000.0,10000.0,10000.0,10000.0
Pinball Hall of Fame: The Gottlieb Collection,GC,2005,40000.0,10000.0,0.0,0.0
Ferrari F355 Challenge,PS2,2002,30000.0,20000.0,0.0,10000.0
MorphX,X360,2010,50000.0,0.0,0.0,0.0
Stranger of Sword City,PSV,2015,20000.0,20000.0,0.0,10000.0
Tiny Toon Adventures: Toonenstein - Dare to Scare,PS,1998,30000.0,20000.0,0.0,0.0
Shifters,PS2,2002,30000.0,20000.0,0.0,10000.0
WRC 5: FIA World Rally Championship,PS4,2015,0.0,40000.0,0.0,10000.0
Earth Defense Force 4.1: The Shadow of New Despair,PS4,2015,20000.0,20000.0,0.0,10000.0
TNA iMPACT: Cross the Line,PSP,2010,50000.0,0.0,0.0,0.0
SpongeBob: HeroPants,PSV,2015,30000.0,10000.0,0.0,10000.0
Lagoon,SNES,1991,0.0,0.0,50000.0,0.0
Project Setsuna,PSV,2016,0.0,0.0,50000.0,0.0
Microsoft Flight Simulator X Acceleration Expansion Pack,PC,2007,0.0,40000.0,0.0,10000.0
Trick x Logic: Season 1,PSP,2010,0.0,0.0,50000.0,0.0
Mortal Kombat X,PC,2015,10000.0,40000.0,0.0,0.0
Luminous Arc Infinity,PSV,2015,0.0,0.0,50000.0,0.0
Monster! Bass Fishing,GBA,2003,40000.0,10000.0,0.0,0.0
Sigma Star Saga,GBA,2005,40000.0,10000.0,0.0,0.0
Winning Post 7 2010,PSP,2010,0.0,0.0,50000.0,0.0
Assetto Corsa,PS4,2016,0.0,40000.0,0.0,10000.0
Batman: Gotham City Racer,PS,2001,30000.0,20000.0,0.0,0.0
Sengoku Basara X,PS2,2008,0.0,0.0,50000.0,0.0
Plants vs. Zombies,PC,2009,0.0,40000.0,0.0,10000.0
Hakuoki: Stories of the Shinsengumi,PS3,2010,20000.0,0.0,30000.0,0.0
Star Wars: Republic Commando,PC,2005,0.0,40000.0,0.0,10000.0
Starry ? Sky: In Spring,PSP,2010,0.0,0.0,50000.0,0.0
FIFA Soccer 2004,GBA,2003,40000.0,10000.0,0.0,0.0
Armored Core: Formula Front Extreme Battle,PSP,2004,50000.0,0.0,0.0,0.0
Downforce,PS2,2002,30000.0,20000.0,0.0,10000.0
Bejeweled Twist,PC,2008,10000.0,40000.0,0.0,10000.0
Street Fighter V,PC,2016,0.0,50000.0,0.0,0.0
Little Busters! Converted Edition,PS2,2009,0.0,0.0,50000.0,0.0
Enemy Front,X360,2014,20000.0,30000.0,0.0,0.0
Dream Salon,Wii,2009,50000.0,0.0,0.0,0.0
Disney's Party,GC,2002,40000.0,10000.0,0.0,0.0
Sherlock Holmes: Crimes & Punishments,PC,2014,0.0,50000.0,0.0,0.0
Jenga World Tour,Wii,2007,50000.0,0.0,0.0,0.0
Taiho Shichauzo!,PS,2001,0.0,0.0,50000.0,0.0
Phantom Crash,XB,2002,30000.0,10000.0,10000.0,0.0
Men of War: Assault Squad,PC,2011,10000.0,30000.0,0.0,10000.0
Yanya Caballista: City Skater,PS2,2001,20000.0,20000.0,0.0,10000.0
Expendable,PS,1999,30000.0,20000.0,0.0,0.0
The Idolmaster: Gravure For You! Vol. 2,PS3,2011,0.0,0.0,50000.0,0.0
Arthur! Ready to Race,PS,2000,30000.0,20000.0,0.0,0.0
Thunder Force V: Perfect System,PS,1998,30000.0,20000.0,0.0,0.0
The Typing of the Dead,DC,2000,0.0,0.0,50000.0,0.0
Child of Light,PS4,2014,0.0,10000.0,40000.0,0.0
Over the Hedge: Hammy Goes Nuts!,PSP,2006,50000.0,0.0,0.0,0.0
Kart Racer,Wii,2009,30000.0,10000.0,0.0,0.0
Bakemonogatari Portable,PSP,2012,0.0,0.0,50000.0,0.0
Sam & Max: Beyond Time and Space,Wii,2010,50000.0,0.0,0.0,0.0
To Heart 2: Dungeon Travelers,PSV,2015,0.0,0.0,50000.0,0.0
Shrek Super Party,GC,2003,40000.0,10000.0,0.0,0.0
Monster 4x4: Masters of Metal,GC,2003,40000.0,10000.0,0.0,0.0
Bakusou Kyoudai Let's & Go!! Eternal Wings,PS,1998,0.0,0.0,50000.0,0.0
Caligula,PSV,2016,0.0,0.0,50000.0,0.0
Steins;Gate 0,PSV,2015,0.0,0.0,50000.0,0.0
NHL Blades of Steel '99,N64,1999,50000.0,0.0,0.0,0.0
Lips: Deutsche Partyknaller,X360,2009,0.0,40000.0,0.0,10000.0
Second Sight,GC,2004,40000.0,10000.0,0.0,0.0
Philosoma,PS,1995,30000.0,20000.0,0.0,0.0
Virtua Fighter CG Portrait Series Vol.5: Wolf Hawkfield,SAT,1995,0.0,0.0,50000.0,0.0
Puyo Pop,GBA,2001,40000.0,10000.0,0.0,0.0
Marriage Royale: Prism Story,PSP,2010,0.0,0.0,50000.0,0.0
Super Heroine Chronicle,PSV,2014,0.0,0.0,50000.0,0.0
Kamiwaza,PS2,2006,0.0,0.0,50000.0,0.0
Rave Master,GC,2002,0.0,0.0,50000.0,0.0
The Technomancer,PS4,2016,10000.0,30000.0,0.0,10000.0
Ben 10 Galactic Racing,PSV,2012,20000.0,20000.0,0.0,10000.0
Kinnikuman Muscle Grand Prix Max,PS2,2006,0.0,0.0,50000.0,0.0
Hotel for Dogs,Wii,2009,40000.0,0.0,0.0,0.0
Mirror's Edge Catalyst,PC,2016,10000.0,30000.0,0.0,10000.0
Jim Henson's Muppets in Spy Muppets: License to Croak,GBA,2003,40000.0,10000.0,0.0,0.0
Medal of Honor: European Assault (weekly JP sales),PS2,2005,0.0,0.0,50000.0,0.0
LEGO The Hobbit,PC,2014,0.0,40000.0,0.0,10000.0
Alias,XB,2004,40000.0,10000.0,0.0,0.0
Super Robot Taisen Neo,Wii,2009,0.0,0.0,50000.0,0.0
PAC-MAN and the Ghostly Adventures,WiiU,2013,40000.0,10000.0,0.0,0.0
ESPN International Winter Sports 2002,GC,2002,40000.0,10000.0,0.0,0.0
Winter Sports 2011,PS3,2011,0.0,40000.0,0.0,10000.0
OutRun 2006: Coast 2 Coast,PS2,2006,20000.0,10000.0,10000.0,0.0
Blues Brothers 2000,N64,2000,40000.0,10000.0,0.0,0.0
All Star Tennis 99,N64,1999,40000.0,10000.0,0.0,0.0
Hercules: The Legendary Journeys,N64,2000,40000.0,10000.0,0.0,0.0
Dual Heroes,N64,1997,40000.0,10000.0,0.0,0.0
Fighter Destiny 2,N64,1999,40000.0,10000.0,0.0,0.0
Chameleon Twist 2,N64,1998,40000.0,10000.0,0.0,0.0
PachiPara 14: Fuu to Kumo to Super Umi in Okinawa,PS2,2007,0.0,0.0,50000.0,0.0
Winning Post World,PS3,2009,0.0,0.0,50000.0,0.0
Arx Fatalis,XB,2003,40000.0,10000.0,0.0,0.0
Slam Dunk SD Heat Up!!,SNES,1995,0.0,0.0,50000.0,0.0
My Body Coach,Wii,2009,0.0,40000.0,0.0,10000.0
Steins;Gate 0,PS4,2015,0.0,0.0,50000.0,0.0
Adventure Time: Finn & Jake Investigations,XOne,2015,20000.0,20000.0,0.0,0.0
Dead in the Water,PS,1999,30000.0,20000.0,0.0,0.0
Winning Post 7 2013,PS3,2013,0.0,0.0,50000.0,0.0
DiRT 2,PC,2009,0.0,40000.0,0.0,10000.0
Dr. Seuss: Green Eggs and Ham,GBA,2003,40000.0,10000.0,0.0,0.0
Sea Monsters: A Prehistoric Adventure,Wii,2007,40000.0,0.0,0.0,0.0
Atelier Rorona: Alchemist of Arland,PSV,2013,0.0,0.0,50000.0,0.0
Dark Summit,GC,2002,40000.0,10000.0,0.0,0.0
Singularity,PC,2010,0.0,40000.0,0.0,10000.0
Turbo Turtle Adventure,GBA,2002,40000.0,10000.0,0.0,0.0
Sengoku Basara 4: Sumeragi,PS4,2015,0.0,0.0,50000.0,0.0
"Warhammer 40,000: Dawn of War",PC,2004,10000.0,30000.0,0.0,10000.0
Shinseiki Evangelion 2: Tsukurareshi Sekai - Another Cases,PSP,2006,0.0,0.0,50000.0,0.0
Hisshou 777 Fighter: Pachi Slot Eiyu Densetsu,SNES,1994,0.0,0.0,50000.0,0.0
Corpse Party: Blood Covered - Repeated Fear,PSP,2010,0.0,0.0,50000.0,0.0
Chronicles of the Sword,PS,1996,30000.0,20000.0,0.0,0.0
Hail to the Chimp,PS3,2008,50000.0,0.0,0.0,0.0
The Lost Vikings,GBA,2003,40000.0,10000.0,0.0,0.0
Keiba Eight Special,SNES,1993,0.0,0.0,50000.0,0.0
Yaiba: Ninja Gaiden Z,X360,2014,30000.0,20000.0,0.0,0.0
Harukanaru Toki no Naka de 3,PS2,2004,0.0,0.0,50000.0,0.0
Codename: Kids Next Door: Operation V.I.D.E.O.G.A.M.E.,GC,2005,40000.0,10000.0,0.0,0.0
Need for Speed Carbon,PC,2006,0.0,40000.0,0.0,10000.0
Reel Fishing: The Great Outdoors,PSP,2006,50000.0,0.0,0.0,0.0
Pirates vs Ninja Dodgeball,Wii,2009,50000.0,0.0,0.0,0.0
Guild 01,3DS,2012,0.0,0.0,50000.0,0.0
Nike+ Kinect Training,X360,2012,20000.0,20000.0,0.0,0.0
Durarara!! 3-way Standoff,PSP,2010,0.0,0.0,50000.0,0.0
Ty the Tasmanian Tiger 3: Night of the Quinkan,GBA,2005,40000.0,10000.0,0.0,0.0
Tokimeki Memorial Girl's Side 2nd Kiss,PS2,2006,0.0,0.0,50000.0,0.0
Fushigi no Dungeon: Fuurai no Shiren 3 Portable,PSP,2010,0.0,0.0,50000.0,0.0
Active Life: Magical Carnival,Wii,2011,40000.0,10000.0,0.0,0.0
Hokuto no Ken,PS2,2007,0.0,0.0,50000.0,0.0
Stretch Panic,PS2,2001,20000.0,20000.0,0.0,10000.0
Empire Earth,PC,2001,0.0,40000.0,0.0,10000.0
Chousoku Henkei Gyrozetter: Albatross no Tsubasa,3DS,2013,0.0,0.0,50000.0,0.0
Baku Baku,SAT,1995,0.0,0.0,50000.0,0.0
Pro Cycling Manager 2016,PS4,2016,0.0,40000.0,0.0,10000.0
SD Gundam: Over Galaxian,PS,1996,0.0,0.0,50000.0,0.0
Rogue Ops,GC,2003,40000.0,10000.0,0.0,0.0
MXGP 2,XOne,2016,20000.0,20000.0,0.0,0.0
Virtua Tennis 3,X360,2007,30000.0,20000.0,0.0,0.0
BeatMania IIDX 3rd Style,PS2,2000,0.0,0.0,50000.0,0.0
Hummer Badlands,PS2,2006,20000.0,20000.0,0.0,10000.0
Freelancer,PC,2003,20000.0,20000.0,0.0,10000.0
Woody Woodpecker: Escape from Buzz Buzzard Park,PS2,2001,20000.0,20000.0,0.0,10000.0
Operation Flashpoint: Dragon Rising,PC,2009,10000.0,30000.0,0.0,10000.0
"Lupin III: Lupin ni wa Shi o, Zenigata ni wa Koi o",PS2,2007,0.0,0.0,50000.0,0.0
Furu Furu Park,Wii,2007,50000.0,0.0,0.0,0.0
Alter Echo,XB,2003,40000.0,10000.0,0.0,0.0
BeatMania IIDX 4th Style: New Songs Collection,PS2,2001,0.0,0.0,50000.0,0.0
G1 Grand Prix,3DS,2012,0.0,0.0,50000.0,0.0
LEGO Indiana Jones 2: The Adventure Continues,PC,2009,20000.0,30000.0,0.0,10000.0
QUIZ PARTY,Wii,2012,0.0,50000.0,0.0,0.0
MTX Mototrax,PSP,2006,40000.0,0.0,0.0,0.0
Around the World in 80 Days,GBA,2004,30000.0,10000.0,0.0,0.0
The Grim Adventures of Billy & Mandy,Wii,2006,40000.0,0.0,0.0,0.0
Classic Dungeon X2,PSP,2011,0.0,0.0,50000.0,0.0
Whirl Tour,GC,2002,40000.0,10000.0,0.0,0.0
Sesame Street: Cookie's Counting Carnival,PC,2010,50000.0,0.0,0.0,0.0
Pinball Tycoon,GBA,2002,30000.0,10000.0,0.0,0.0
Major League Baseball 2K11,PS2,2011,20000.0,20000.0,0.0,10000.0
Cartoon Network Block Party,GBA,2004,30000.0,10000.0,0.0,0.0
Power Spike Pro Beach Volleyball,PS,2000,30000.0,20000.0,0.0,0.0
White Album: Tsuzurareru Fuyu no Omoide,PS3,2010,0.0,0.0,50000.0,0.0
Shinseiki Evangelion- Eva: Yukai na Nakama Tachi,PS,1998,0.0,0.0,50000.0,0.0
SD Gundam: Scad Hammers,Wii,2006,0.0,0.0,50000.0,0.0
Super Bust-A-Move,GBA,2001,30000.0,10000.0,0.0,0.0
Adventure Time: Explore the Dungeon Because I Don't Know!,PS3,2013,20000.0,20000.0,0.0,10000.0
ZooCube,GBA,2002,30000.0,10000.0,0.0,0.0
Stunt GP,PS2,2001,20000.0,20000.0,0.0,10000.0
Wicked Monster Blast!,Wii,2011,40000.0,0.0,0.0,0.0
NBA 2K,DC,1999,0.0,0.0,50000.0,0.0
Bladestorm: Nightmare,XOne,2015,30000.0,20000.0,0.0,0.0
Strikers 1945,SAT,1996,0.0,0.0,50000.0,0.0
World Series of Poker,GC,2005,40000.0,10000.0,0.0,0.0
Jikkyou Oshaberi Parodius,SNES,1995,0.0,0.0,50000.0,0.0
Super Jinsei Game 2,SNES,1995,0.0,0.0,50000.0,0.0
Winter Sports 3: The Great Tournament,Wii,2010,20000.0,20000.0,0.0,0.0
J-League Winning Eleven 2010: Club Championship,PS2,2010,0.0,0.0,50000.0,0.0
Johnny Bazookatone,PS,1995,30000.0,20000.0,0.0,0.0
Neverland Card Battles,PSP,2008,40000.0,0.0,0.0,10000.0
Need for Speed Underground,PC,2003,0.0,40000.0,0.0,10000.0
Downtown no Gaki no Tsukai Yaarahen de!! Zettai ni Tsukamatte Haikenai Gasu Kurobikari Land,3DS,2015,0.0,0.0,50000.0,0.0
Reign of Fire,GBA,2002,30000.0,10000.0,0.0,0.0
Worms Reloaded,PC,2010,0.0,40000.0,0.0,10000.0
StarCraft,PC,1998,0.0,40000.0,0.0,10000.0
Koihime Musou,PS2,2008,0.0,0.0,50000.0,0.0
NBA 2K17,PS3,2016,30000.0,10000.0,0.0,10000.0
Blazing Souls: Accelate,PSP,2009,40000.0,0.0,10000.0,0.0
Ms Saga: A New Dawn,PS2,2005,20000.0,20000.0,0.0,10000.0
Kekkon Zenya,SAT,1995,0.0,0.0,50000.0,0.0
Finny the Fish & the Seven Waters,PS2,2004,20000.0,20000.0,0.0,10000.0
Barnyard,GBA,2006,30000.0,10000.0,0.0,0.0
Next Generation of Chaos,PS2,2002,0.0,0.0,50000.0,0.0
GrimGrimoire,PS2,2007,10000.0,10000.0,30000.0,0.0
J-League '96 Dream Stadium,SNES,1996,0.0,0.0,50000.0,0.0
Capcom vs. SNK: Millennium Fight 2000 Pro,DC,2001,0.0,0.0,50000.0,0.0
Golden Axe: The Duel,SAT,1994,0.0,0.0,50000.0,0.0
Crime Life: Gang Wars,XB,2005,40000.0,10000.0,0.0,0.0
Putty Squad,PSV,2013,20000.0,20000.0,0.0,10000.0
Rugby 2005,XB,2005,40000.0,10000.0,0.0,0.0
Rock 'N Roll Racing,GBA,2003,30000.0,10000.0,0.0,0.0
Taito Legends,XB,2005,40000.0,10000.0,0.0,0.0
Far Cry,PC,2004,0.0,40000.0,0.0,10000.0
Silhouette Mirage,PS,1998,30000.0,20000.0,0.0,0.0
Dynasty Warriors Vol. 2,PSP,2006,40000.0,0.0,0.0,0.0
Growlanser VI: Precarious World,PS2,2007,0.0,0.0,50000.0,0.0
Block Kuzushi,SNES,1995,0.0,0.0,50000.0,0.0
American Bass Challenge,GBA,2001,30000.0,10000.0,0.0,0.0
American Chopper 2: Full Throttle,GC,2005,40000.0,10000.0,0.0,0.0
Secret Service,X360,2008,40000.0,0.0,0.0,0.0
Sword Art Online: Game Director's Edition,PS4,2015,0.0,0.0,50000.0,0.0
Ultimate Ghosts 'n Goblins (JP sales),PSP,2006,0.0,0.0,50000.0,0.0
Rugby 06,PS2,2006,20000.0,20000.0,0.0,10000.0
Fatal Frame II: Crimson Butterfly Director's Cut,XB,2004,40000.0,10000.0,0.0,0.0
Deadliest Catch: Alaskan Storm,X360,2008,40000.0,0.0,0.0,0.0
2002 FIFA World Cup,GC,2002,40000.0,10000.0,0.0,0.0
Colin McRae Rally 2005,XB,2004,40000.0,10000.0,0.0,0.0
Kamen Rider: Battride War Genesis,PSV,2016,0.0,0.0,50000.0,0.0
Venus & Braves: Majo to Megami to Horobi no Yogen,PSP,2011,0.0,0.0,50000.0,0.0
Ship Simulator Extremes,PC,2010,0.0,40000.0,0.0,10000.0
Zoop,PS,1995,30000.0,20000.0,0.0,0.0
Saiyuki: Journey West,PS,1999,30000.0,20000.0,0.0,0.0
Detective Conan: Marionette Symphony,3DS,2013,0.0,0.0,50000.0,0.0
FIFA Soccer 10,PC,2009,0.0,40000.0,0.0,10000.0
Amnesia Crowd,PSP,2013,0.0,0.0,50000.0,0.0
American Chopper 2: Full Throttle,XB,2005,40000.0,10000.0,0.0,0.0
Pachitte Chonmage Tatsujin 15: Pachinko Fuyu no Sonata 2,PS2,2008,0.0,0.0,50000.0,0.0
Ribbit King,GC,2003,40000.0,10000.0,0.0,0.0
VR Soccer '96,PS,1996,30000.0,20000.0,0.0,0.0
Smash Court Tennis 3,PSP,2007,10000.0,10000.0,10000.0,10000.0
Diabolik Lovers,PSP,2012,0.0,0.0,50000.0,0.0
Summoner: A Goddess Reborn,GC,2003,40000.0,10000.0,0.0,0.0
Saints Row: Gat out of Hell,PS4,2015,0.0,40000.0,0.0,10000.0
Rock of the Dead,PS3,2010,40000.0,0.0,0.0,0.0
The Sims,PC,2000,10000.0,30000.0,0.0,10000.0
Wasteland 2,XOne,2015,40000.0,10000.0,0.0,0.0
E.X. Troopers,PS3,2012,0.0,0.0,50000.0,0.0
Kiniro no Corda 2 Encore,PS2,2007,0.0,0.0,50000.0,0.0
ESPN Great Outdoor Games Bass 2002,GBA,2001,30000.0,10000.0,0.0,0.0
Payday 2,PC,2013,40000.0,0.0,0.0,0.0
Grand Ages: Medieval,PC,2015,0.0,40000.0,0.0,0.0
Handball 16,PS3,2015,0.0,40000.0,0.0,10000.0
Company of Heroes,PC,2006,0.0,40000.0,0.0,10000.0
Rock Band Country Track Pack 2,X360,2011,40000.0,0.0,0.0,0.0
Gaist Crusher,3DS,2013,0.0,0.0,50000.0,0.0
Punch King,GBA,2002,30000.0,10000.0,0.0,0.0
Silent Hunter: Wolves of the Pacific,PC,2007,0.0,40000.0,0.0,10000.0
World Championship Pool 2004,PS2,2004,20000.0,20000.0,0.0,10000.0
V-Rally 3,GBA,2002,30000.0,10000.0,0.0,0.0
Kakuto Chojin,XB,2002,40000.0,10000.0,0.0,0.0
Forza Motorsport 3: Ultimate Edition,X360,2010,0.0,40000.0,0.0,10000.0
Robotech: Invasion,XB,2004,40000.0,10000.0,0.0,0.0
Wii de Asobu Chibi-Robo!,Wii,2009,0.0,0.0,50000.0,0.0
Romance of the Three Kingdoms VI: Awakening of the Dragon,PS,1998,30000.0,20000.0,0.0,0.0
To Heart 2 DX Plus,PS3,2011,0.0,0.0,50000.0,0.0
Star Driver: Kagayaki no Takuto - Ginga Bishounen Densetsu,PSP,2011,0.0,0.0,50000.0,0.0
Naruto: Uzumaki Chronicles 2 (JP sales),PS2,2006,0.0,0.0,50000.0,0.0
Frogger: Ancient Shadow,GC,2005,40000.0,10000.0,0.0,0.0
Snoopy vs the Red Baron,PSP,2006,40000.0,0.0,0.0,0.0
Jonah Lomu Rugby Challenge,PC,2011,0.0,40000.0,0.0,10000.0
World Series of Poker: Tournament of Champions 2007 Edition,Wii,2006,40000.0,0.0,0.0,0.0
National Geographic Challenge!,PS3,2011,10000.0,30000.0,0.0,10000.0
Raze's Hell,XB,2005,40000.0,10000.0,0.0,0.0
Rain (2013),PS3,2013,0.0,0.0,50000.0,0.0
Billy the Wizard: Rocket Broomstick Racing,Wii,2007,40000.0,0.0,0.0,0.0
Pool Party,Wii,2007,40000.0,0.0,0.0,0.0
Microsoft Train Simulator,PC,2001,0.0,40000.0,0.0,10000.0
Shin Megami Tensei NINE,XB,2002,0.0,0.0,50000.0,0.0
Magic Carpet,PS,1995,30000.0,20000.0,0.0,0.0
Hoshigami: Ruining Blue Earth,PS,2001,30000.0,20000.0,0.0,0.0
Cabela's African Safari,PSP,2006,40000.0,0.0,0.0,0.0
Wing Island,Wii,2006,30000.0,10000.0,10000.0,0.0
Utawarerumono: Itsuwari no Kamen,PS3,2015,0.0,0.0,50000.0,0.0
Supreme Commander,PC,2007,0.0,40000.0,0.0,10000.0
NightCaster II: Equinox,XB,2002,30000.0,10000.0,0.0,0.0
F1 2015,PC,2015,0.0,40000.0,0.0,0.0
SD Gundam G Generation World,Wii,2011,0.0,0.0,50000.0,0.0
Wonder World Amusement Park,Wii,2008,40000.0,0.0,0.0,0.0
Game of Thrones (Telltale),PS4,2015,40000.0,0.0,0.0,10000.0
Time Crisis: Project Titan,PS,2001,30000.0,20000.0,0.0,0.0
Ys: The Ark of Napishtim,PSP,2006,40000.0,0.0,0.0,0.0
Crusader: No Remorse,PS,1996,30000.0,20000.0,0.0,0.0
Black & Bruised,GC,2003,40000.0,10000.0,0.0,0.0
MiniCopter: Adventure Flight,Wii,2007,40000.0,0.0,0.0,0.0
Fast & Furious: Showdown,X360,2013,0.0,40000.0,0.0,0.0
World Championship Poker: Featuring Howard Lederer - All In,X360,2006,40000.0,0.0,0.0,0.0
Test Drive: Ferrari Legends,X360,2012,40000.0,0.0,0.0,0.0
Tom Clancy's Rainbow Six: Lockdown,GC,2005,40000.0,10000.0,0.0,0.0
FIFA Manager 12,PC,2011,0.0,30000.0,0.0,10000.0
Full Spectrum Warrior: Ten Hammers,XB,2006,30000.0,10000.0,0.0,0.0
Shin Hayarigami,PSV,2014,0.0,0.0,50000.0,0.0
Turok: Dinosaur Hunter,N64,1997,0.0,0.0,50000.0,0.0
Puyo Puyo Tetris,PSV,2014,0.0,0.0,50000.0,0.0
Taiko no Tatsujin Portable 2,PSP,2006,0.0,0.0,50000.0,0.0
Gitaroo Man,PS2,2001,20000.0,20000.0,0.0,10000.0
Super Bubble Pop,GC,2003,40000.0,10000.0,0.0,0.0
Mafia,PC,2002,0.0,40000.0,0.0,10000.0
Rapala Fishing Frenzy 2009,X360,2008,40000.0,0.0,0.0,0.0
Ride to Hell,PS3,2013,20000.0,20000.0,0.0,10000.0
Arctic Tale,Wii,2007,40000.0,0.0,0.0,0.0
Balloon Pop,Wii,2007,40000.0,0.0,0.0,0.0
XBLAZE Code: Embryo,PSV,2013,30000.0,0.0,10000.0,10000.0
Black Mirror 2,PC,2009,0.0,40000.0,0.0,10000.0
Time Travelers,PSV,2012,0.0,0.0,50000.0,0.0
Amnesia Later,PSP,2012,0.0,0.0,50000.0,0.0
B-Boy,PSP,2006,40000.0,0.0,0.0,0.0
Shin Kamaitachi no Yoru: 11 Hitome no Suspect,PSV,2011,0.0,0.0,50000.0,0.0
Intellivision Lives!,XB,2004,30000.0,10000.0,0.0,0.0
Test Drive Le Mans,PS,1999,30000.0,20000.0,0.0,0.0
Counter Force,Wii,2007,40000.0,0.0,0.0,0.0
Monster Jam: Maximum Destruction,GC,2002,40000.0,10000.0,0.0,0.0
Fantastic Four: Rise of the Silver Surfer,Wii,2007,40000.0,10000.0,0.0,0.0
Big Air Freestyle,GC,2002,40000.0,10000.0,0.0,0.0
Rimo-Cocoron,PS2,2001,0.0,0.0,50000.0,0.0
Rugby World Cup 2015,X360,2015,0.0,40000.0,0.0,0.0
Mike Tyson Heavyweight Boxing,XB,2002,30000.0,10000.0,0.0,0.0
To Love-Ru Trouble Darkness: Battle Ecstasy,PSV,2014,0.0,0.0,50000.0,0.0
The Berenstain Bears and the Spooky Old Tree,GBA,2005,30000.0,10000.0,0.0,0.0
Ford Bold Moves Street Racing,PSP,2006,40000.0,0.0,0.0,0.0
Cabela's Trophy Bucks,X360,2007,40000.0,0.0,0.0,0.0
Hakuouki: Bakumatsu Musou Roku,PSP,2012,0.0,0.0,50000.0,0.0
Mahjong 3D: Warriors of the Emperor,3DS,2011,0.0,40000.0,0.0,10000.0
Rock of the Dead,X360,2010,40000.0,0.0,0.0,0.0
Arcana Famiglia: La storia della Aracana Famiglia,PSP,2011,0.0,0.0,50000.0,0.0
Tokyo Ghoul: Jail,PSV,2015,0.0,0.0,50000.0,0.0
City Life: World Edition,PC,2007,0.0,40000.0,0.0,10000.0
The Misadventures of Tron Bonne,PS,1999,30000.0,20000.0,0.0,0.0
Centipede: Infestation,3DS,2011,40000.0,0.0,0.0,0.0
Wolfenstein,PC,2009,10000.0,30000.0,0.0,10000.0
Hero Bank 2,3DS,2014,0.0,0.0,50000.0,0.0
Atelier Ayesha: The Alchemist of Dusk,PSV,2014,0.0,0.0,50000.0,0.0
Brave Story: New Traveller (jp sales),PSP,2006,0.0,0.0,50000.0,0.0
Black Jack vs. Matsudajun,PS,2000,30000.0,20000.0,0.0,0.0
Arslan: The Warriors of Legend,PS3,2015,0.0,0.0,50000.0,0.0
SpongeBob SquarePants: Plankton's Robotic Revenge,X360,2013,40000.0,0.0,0.0,0.0
Wrath Unleashed,XB,2004,30000.0,10000.0,0.0,0.0
Yoru no Nai Kuni,PS3,2015,0.0,0.0,50000.0,0.0
Garou Densetsu 3: Road to the Final Victory,SAT,1996,0.0,0.0,50000.0,0.0
Bleach: Soul Carnival,PSP,2008,0.0,0.0,50000.0,0.0
Double Dragon Advance,GBA,2003,30000.0,10000.0,0.0,0.0
Sesame Street: Elmo's A-to-Zoo Adventure,PC,2010,40000.0,0.0,0.0,0.0
The Bible Game,XB,2005,30000.0,10000.0,0.0,0.0
Inspector Gadget: Gadget's Crazy Maze,PS,2001,30000.0,20000.0,0.0,0.0
World Fantasista,PS2,2002,0.0,0.0,50000.0,0.0
Yager,XB,2003,30000.0,10000.0,0.0,0.0
Toukiden Kiwami,PSP,2014,0.0,0.0,50000.0,0.0
Tropico 3,PC,2009,0.0,40000.0,0.0,10000.0
Avatar: The Game,PC,2009,0.0,40000.0,0.0,10000.0
Futurama,XB,2003,30000.0,10000.0,0.0,0.0
Pool Hall Pro,Wii,2009,40000.0,0.0,0.0,0.0
Nazo Waku Yakata: Oto no Ma ni Ma ni,3DS,2011,0.0,0.0,50000.0,0.0
Choro Q 64 2: Hacha Mecha Grand Prix Race,N64,1999,0.0,0.0,50000.0,0.0
Mighty No. 9,PS4,2016,40000.0,0.0,0.0,10000.0
Plants vs. Zombies: Garden Warfare 2,PC,2016,0.0,40000.0,0.0,0.0
Ape Escape,PS3,2010,0.0,30000.0,0.0,10000.0
Activision Anthology,GBA,2003,30000.0,10000.0,0.0,0.0
Gray Matter,X360,2011,0.0,40000.0,0.0,10000.0
LEGO Friends,3DS,2013,0.0,40000.0,0.0,0.0
Secret Files: Tunguska,PC,2006,0.0,40000.0,0.0,10000.0
Wayne Gretzky's 3D Hockey '98,PS,1997,30000.0,20000.0,0.0,0.0
Hakuouki SSL: Sweet School Life,PSV,2014,0.0,0.0,50000.0,0.0
Trigger Man,XB,2004,30000.0,10000.0,0.0,0.0
Bad Boys: Miami Takedown,GC,2004,30000.0,10000.0,0.0,0.0
SpongeBob SquarePants: Plankton's Robotic Revenge,WiiU,2013,0.0,40000.0,0.0,0.0
Short Track Racing: Trading Paint,PS2,2009,20000.0,20000.0,0.0,10000.0
Rat Attack!,PS,1999,30000.0,20000.0,0.0,0.0
Jewel Master: Cradle Of Rome 2,PC,2011,0.0,40000.0,0.0,10000.0
Sotsugyou II: Neo Generation,PS,1995,0.0,0.0,40000.0,0.0
Summon Night Craft Sword Monogatari: Hajimari no Ishi,GBA,2005,0.0,0.0,40000.0,0.0
The King of Fighters 2002: Unlimited Match,PS2,2009,0.0,0.0,40000.0,0.0
Art of Fighting Anthology,PS2,2006,20000.0,20000.0,0.0,10000.0
Rapala Trophies,PSP,2006,40000.0,0.0,0.0,0.0
Mana Khemia: Alchemists of Al-Revis (JP sales),PS2,2007,0.0,0.0,40000.0,0.0
Runaway: A Twist of Fate,PC,2009,0.0,40000.0,0.0,10000.0
The Tale of Despereaux,Wii,2008,40000.0,0.0,0.0,0.0
The Hustle: Detroit Streets,PS2,2006,20000.0,20000.0,0.0,10000.0
Virtua Fighter CG Portrait Series Vol.6: Lau Chan,SAT,1995,0.0,0.0,40000.0,0.0
Tomoyo After: It's a Wonderful Life CS Edition,PSP,2009,0.0,0.0,40000.0,0.0
Guilty Gear XX Accent Core,PS2,2007,0.0,0.0,40000.0,0.0
Atelier Escha & Logy: Alchemists of the Dusk Sky,PSV,2015,0.0,0.0,40000.0,0.0
Millipede / Super Breakout / Lunar Lander,GBA,2005,30000.0,10000.0,0.0,0.0
World Trigger: Borderless Mission,PSV,2015,0.0,0.0,40000.0,0.0
Disney's Donald Duck: Goin' Quackers,GC,2002,30000.0,10000.0,0.0,0.0
Assault Rigs,PS,1996,20000.0,20000.0,0.0,0.0
Backyard Baseball '09,Wii,2008,40000.0,0.0,0.0,0.0
Bionicle Heroes,Wii,2007,40000.0,0.0,0.0,0.0
Tom Clancy's HAWX,PC,2009,0.0,30000.0,0.0,10000.0
Exist Archive: The Other Side of the Sky,PSV,2015,0.0,0.0,40000.0,0.0
Honda ATV Fever,Wii,2010,40000.0,0.0,0.0,0.0
Operation Flashpoint: Elite,XB,2005,30000.0,10000.0,0.0,0.0
Nobunaga's Ambition: Sphere of Influence - Sengoku Risshiden,PS4,2016,0.0,0.0,40000.0,0.0
"Roswell Conspiracies: Aliens, Myths & Legends",PS,2001,20000.0,20000.0,0.0,0.0
Dead Island Definitive Collection,XOne,2016,20000.0,20000.0,0.0,0.0
Rugby Challenge 3,PS3,2016,0.0,40000.0,0.0,10000.0
Boktai 2: Solar Boy Django,GBA,2004,30000.0,10000.0,0.0,0.0
Praetorians,PC,2003,0.0,40000.0,0.0,0.0
Nobunaga's Ambition (3DS),3DS,2013,0.0,0.0,40000.0,0.0
Angelique Duet,PS,1998,0.0,0.0,40000.0,0.0
Shin Fortune Quest: Sokutaku no Kishi,PS,1996,0.0,0.0,40000.0,0.0
Resident Evil 6,PC,2012,0.0,40000.0,0.0,10000.0
Crushed Baseball,GBA,2004,30000.0,10000.0,0.0,0.0
Dark Arena,GBA,2002,30000.0,10000.0,0.0,0.0
Heatseeker,PSP,2007,40000.0,0.0,0.0,0.0
IL-2 Sturmovik: 1946,PC,2006,0.0,40000.0,0.0,10000.0
Jerry Rice and Nitus' Dog Football,Wii,2011,40000.0,0.0,0.0,0.0
TOCA Race Driver 2,XB,2004,30000.0,10000.0,0.0,0.0
I.Q. Remix+: Intelligent Qube,PS2,2000,0.0,0.0,40000.0,0.0
S?bastien Loeb Rally Evo,PS4,2016,0.0,40000.0,0.0,10000.0
Growlanser,PSP,2009,0.0,0.0,40000.0,0.0
Trollz: Hair Affair!,GBA,2005,30000.0,10000.0,0.0,0.0
Daito Giken Koushiki Pachi-Slot Simulator: Shake II,PS2,2007,0.0,0.0,40000.0,0.0
Grand Slam,PS,1997,20000.0,20000.0,0.0,0.0
The King of Fighters 2000,PS2,2002,0.0,0.0,40000.0,0.0
M&M's Beach Party,Wii,2009,40000.0,0.0,0.0,0.0
Dead Head Fred,PSP,2007,40000.0,0.0,0.0,0.0
D.C.F.S.: Da Capo Four Seasons,PS2,2005,0.0,0.0,40000.0,0.0
Hyperdimension Neptunia mk2,PSV,2014,0.0,0.0,40000.0,0.0
Disney's Meet the Robinsons,GC,2007,30000.0,10000.0,0.0,0.0
Minna ga Shuyaku no NHK Kouhaku Quiz Kassen,Wii,2009,0.0,0.0,40000.0,0.0
Puyo Puyo Tetris,PS3,2014,0.0,0.0,40000.0,0.0
FlatOut 2,XB,2006,30000.0,10000.0,0.0,0.0
Rogue Trooper,PS2,2006,20000.0,20000.0,0.0,10000.0
Spy Fiction,PS2,2003,20000.0,20000.0,0.0,10000.0
R.B.I. Baseball 2016,XOne,2016,40000.0,0.0,0.0,0.0
Justice League: Chronicles,GBA,2003,30000.0,10000.0,0.0,0.0
Resident Evil Director's Cut,PS3,2006,0.0,0.0,40000.0,0.0
Doko Demo Issho: Let's Gakkou!,PSP,2006,0.0,0.0,40000.0,0.0
Monster Trux Arenas: Special Edition,Wii,2007,40000.0,0.0,0.0,0.0
Conflict: Desert Storm II - Back to Bagdhad,GC,2004,30000.0,10000.0,0.0,0.0
Gem Smashers,3DS,2011,40000.0,0.0,0.0,0.0
Split/Second,PC,2010,0.0,40000.0,0.0,10000.0
King Arthur,GC,2004,30000.0,10000.0,0.0,0.0
Chicken Shoot,GBA,2005,30000.0,10000.0,0.0,0.0
Dai Senryaku VII: Modern Military Tactics,XB,2003,30000.0,10000.0,0.0,0.0
Gormiti: The Lords of Nature!,Wii,2010,40000.0,0.0,0.0,0.0
White Album 2: Shiawase no Mukougawa,PS3,2012,0.0,0.0,40000.0,0.0
Painkiller: Hell & Damnation,PS3,2013,20000.0,20000.0,0.0,10000.0
Go Go Ackman 3,SNES,1995,0.0,0.0,40000.0,0.0
WSC Real 11: World Snooker Championship,X360,2011,0.0,40000.0,0.0,10000.0
Advance Guardian Heroes,GBA,2004,30000.0,10000.0,0.0,0.0
Castle of Shikigami III,Wii,2007,40000.0,0.0,0.0,0.0
Star X,GBA,2002,30000.0,10000.0,0.0,0.0
Jewel Quest 5: The Sleepless Star,PC,2011,10000.0,20000.0,0.0,10000.0
Get Up and Dance,PS3,2011,30000.0,10000.0,0.0,0.0
The King of Fighters Kyo,PS,1998,0.0,0.0,40000.0,0.0
Yowamushi Pedal,3DS,2015,0.0,0.0,40000.0,0.0
WarTech: Senko no Ronde,X360,2006,40000.0,0.0,0.0,0.0
Record of Agarest War: Marriage,PSP,2012,0.0,0.0,40000.0,0.0
Corpse Party: Book of Shadows,PSP,2011,0.0,0.0,40000.0,0.0
428: Fuusa Sareta Shibuya de,PSP,2009,0.0,0.0,40000.0,0.0
Tennis no Oji-Sama: DokiDoki Survival - Sanroku no Mystic,PS2,2006,0.0,0.0,40000.0,0.0
Starry ? Sky: After Spring,PSP,2009,0.0,0.0,40000.0,0.0
Life is Strange,PC,2016,10000.0,30000.0,0.0,0.0
Need for Speed: ProStreet,PC,2007,0.0,40000.0,0.0,10000.0
Mechanic Escape,PS3,2012,0.0,0.0,40000.0,0.0
Pro Evolution Soccer 2016,PC,2015,0.0,40000.0,0.0,0.0
True Love Story 3,PS2,2001,0.0,0.0,40000.0,0.0
Little Battlers eXperience W,PSV,2012,0.0,0.0,40000.0,0.0
The Smurfs,PS,1998,20000.0,20000.0,0.0,0.0
Strike Force Bowling,XB,2004,30000.0,10000.0,0.0,0.0
Chessmaster,GBA,2002,30000.0,10000.0,0.0,0.0
Blood Will Tell: Tezuka Osamu's Dororo,PS2,2004,20000.0,20000.0,0.0,10000.0
The Kore Gang,Wii,2010,40000.0,0.0,0.0,0.0
Red Ninja: End of Honor,PS2,2005,20000.0,20000.0,0.0,10000.0
Kanuchi: Shiroki Tsubasa no Shou,PS2,2008,0.0,0.0,40000.0,0.0
Summer Athletics 2009,X360,2009,0.0,40000.0,0.0,0.0
SX Superstar,XB,2003,30000.0,10000.0,0.0,0.0
Katekyoo Hitman Reborn! Battle Arena,PSP,2008,0.0,0.0,40000.0,0.0
Saint Seiya: The Hades,PS2,2006,0.0,0.0,40000.0,0.0
Saki Portable,PSP,2010,0.0,0.0,40000.0,0.0
Riding Stables: The Whitakers present Milton and Friends,3DS,2011,0.0,40000.0,0.0,0.0
Metal Gear Solid: Digital Graphic Novel,PSP,2006,20000.0,0.0,20000.0,0.0
Max & the Magic Marker,Wii,2011,0.0,40000.0,0.0,0.0
Outlaw Tennis,XB,2005,30000.0,10000.0,0.0,0.0
Free Running,Wii,2009,20000.0,20000.0,0.0,0.0
Ore no Imouto ga Konna ni Kawaii Wake ga Nai Happy EnD,PS3,2013,0.0,0.0,40000.0,0.0
Barnyard,Wii,2006,40000.0,0.0,0.0,0.0
SPRay,Wii,2008,40000.0,0.0,0.0,0.0
No Rules: Get Phat,GBA,2001,30000.0,10000.0,0.0,0.0
Battle Rage,Wii,2008,40000.0,0.0,0.0,0.0
LEGO Indiana Jones: The Original Adventures,PC,2008,20000.0,20000.0,0.0,10000.0
Card Fight!! Vanguard G: Stride to Victory!!,3DS,2016,0.0,0.0,40000.0,0.0
Doraemon: Shin Nobita no Daimakyou Peko to 5-nin no Tankenta,3DS,2014,0.0,0.0,40000.0,0.0
The Invincible Iron Man,GBA,2002,30000.0,10000.0,0.0,0.0
NASCAR 07,XB,2006,30000.0,10000.0,0.0,0.0
Refrain no Chika Meikyuu to Majo no Ryodan,PSV,2016,0.0,0.0,40000.0,0.0
Dance Dance Revolution Disney Mix,PS,2000,20000.0,20000.0,0.0,0.0
Maken Shao: Demon Sword,PS2,2001,0.0,0.0,40000.0,0.0
The Monkey King: The Legend Begins,Wii,2007,40000.0,0.0,0.0,0.0
Super Robot Taisen OG Infinite Battle,PS3,2013,0.0,0.0,40000.0,0.0
Scaler,XB,2004,30000.0,10000.0,0.0,0.0
Attack of the Movies 3D,X360,2010,40000.0,0.0,0.0,0.0
BeatMania IIDX 16: Empress + Premium Best,PS2,2009,0.0,0.0,40000.0,0.0
FIFA Soccer 2003 (weekly jp sales),PS2,2002,0.0,0.0,40000.0,0.0
High Heat Baseball 2002,PS,2001,20000.0,20000.0,0.0,0.0
Utawarerumono: Futari no Hakuoro,PS4,2016,0.0,0.0,40000.0,0.0
Puyo Pop Fever,PSP,2004,0.0,0.0,40000.0,0.0
The Sims 2: Pets,PC,2006,10000.0,20000.0,0.0,10000.0
Hana to Ikimo no Rittai Zukan,3DS,2011,0.0,0.0,40000.0,0.0
Bloody Roar Extreme,XB,2003,30000.0,10000.0,0.0,0.0
Kamen Rider: Battride War Genesis,PS3,2016,0.0,0.0,40000.0,0.0
Tennis Masters Series 2003,XB,2002,30000.0,10000.0,0.0,0.0
The Sims Deluxe,PC,2002,10000.0,20000.0,0.0,10000.0
Port Royale 2,PC,2004,0.0,30000.0,0.0,10000.0
Amagami,PSV,2014,0.0,0.0,40000.0,0.0
MLB SlugFest 20-04,GC,2003,30000.0,10000.0,0.0,0.0
Pocket Pool,PSP,2007,40000.0,0.0,0.0,0.0
Black & White,PC,2001,0.0,40000.0,0.0,10000.0
NCIS,PC,2011,10000.0,20000.0,0.0,10000.0
The Cube,Wii,2012,0.0,40000.0,0.0,0.0
Company of Heroes: Tales of Valor,PC,2009,0.0,30000.0,0.0,10000.0
Myth Makers: Trixie in Toyland,Wii,2008,40000.0,0.0,0.0,0.0
NatGeo Challenge! Wild Life,Wii,2010,40000.0,0.0,0.0,0.0
Breath of Fire III,PSP,2005,0.0,30000.0,0.0,10000.0
Torino 2006,XB,2006,30000.0,10000.0,0.0,0.0
Devil May Cry 4,PC,2008,10000.0,20000.0,0.0,10000.0
Amnesia,PSP,2011,0.0,0.0,40000.0,0.0
Sherlock Holmes: Secret of The Silver Earring,Wii,2010,0.0,40000.0,0.0,10000.0
Metal Slug 4 & 5,XB,2005,30000.0,10000.0,0.0,0.0
Great Battle Full Blast,PSP,2012,0.0,0.0,40000.0,0.0
Guilty Gear XX Accent Core,Wii,2007,30000.0,0.0,0.0,0.0
Hitman (2016),PS4,2016,0.0,40000.0,0.0,10000.0
World Poker Tour,PSP,2006,40000.0,0.0,0.0,0.0
Saint Seiya: Soldiers' Soul,PS3,2015,0.0,0.0,40000.0,0.0
7 Days to Die,XOne,2016,20000.0,20000.0,0.0,0.0
Digimon Rumble Arena 2,GC,2004,30000.0,10000.0,0.0,0.0
Doki Doki! PreCure Narikiri Life!,3DS,2013,0.0,0.0,40000.0,0.0
Gravity Falls: Legend of the Gnome Gemulets,3DS,2015,30000.0,0.0,0.0,0.0
Phantom Kingdom Portable,PSP,2011,0.0,0.0,40000.0,0.0
Pac-Man World Rally,PSP,2006,40000.0,0.0,0.0,0.0
Way of the Samurai 2 Portable,PSP,2009,0.0,0.0,40000.0,0.0
Heroes of Might and Magic V,PC,2006,0.0,30000.0,0.0,10000.0
Hellboy: The Science of Evil,PSP,2008,40000.0,0.0,0.0,0.0
Virtua Tennis 4,PC,2011,0.0,30000.0,0.0,10000.0
Mortimer Beckett and the Secrets of Spooky Manor,Wii,2008,40000.0,0.0,0.0,0.0
Farm Frenzy 3,PC,2009,0.0,30000.0,0.0,10000.0
Little Busters! Converted Edition,PSP,2010,0.0,0.0,40000.0,0.0
Unison: Rebels of Rhythm & Dance,PS2,2000,20000.0,20000.0,0.0,10000.0
Ferrari Challenge Trofeo Pirelli,PS3,2008,0.0,30000.0,0.0,10000.0
WTF: Work Time Fun,PSP,2005,40000.0,0.0,0.0,0.0
Tennis no Oji-Sama: DokiDoki Survival - Umibe no Secret,PS2,2007,0.0,0.0,40000.0,0.0
Major League Baseball 2K12,PC,2012,40000.0,0.0,0.0,0.0
Dark Half,SNES,1996,0.0,0.0,40000.0,0.0
Nitroplus Blasterz: Heroines Infinite Duel,PS4,2015,10000.0,0.0,20000.0,0.0
Imperial Glory,PC,2005,0.0,40000.0,0.0,0.0
Shukufuku no Campanella Portable,PSP,2010,0.0,0.0,40000.0,0.0
The Wolf Among Us,X360,2011,10000.0,30000.0,0.0,0.0
Sonic PC Collection,PC,2009,0.0,40000.0,0.0,10000.0
Horses 3D,3DS,2012,40000.0,0.0,0.0,0.0
Yourself Fitness,PS2,2005,20000.0,20000.0,0.0,10000.0
Chaos;Head - Love Chu*Chu!,PSP,2011,0.0,0.0,40000.0,0.0
Lost Planet 3,PC,2013,0.0,30000.0,0.0,10000.0
Hannspree Ten Kate Honda: SBK Superbike World Championship,PSP,2007,30000.0,0.0,0.0,0.0
Star Trek: Shattered Universe,XB,2004,30000.0,10000.0,0.0,0.0
12Riven: The Psi-Climinal of Integral,PS2,2008,0.0,0.0,40000.0,0.0
Rise of Nations,PC,2003,10000.0,20000.0,0.0,10000.0
Deadliest Warrior: Ancient Combat,X360,2012,40000.0,0.0,0.0,0.0
WarJetz,PS2,2001,20000.0,20000.0,0.0,10000.0
Breeding Stud 2,PS,1998,0.0,0.0,40000.0,0.0
Catwoman,GBA,2004,30000.0,10000.0,0.0,0.0
Gakuen Hetalia Portable,PSP,2011,0.0,0.0,40000.0,0.0
Gitaroo Man Lives!,PSP,2006,30000.0,0.0,0.0,0.0
Capcom Fighting Evolution,XB,2005,30000.0,10000.0,0.0,0.0
XCOM 2,PS4,2016,10000.0,20000.0,0.0,10000.0
Company of Heroes: Opposing Fronts,PC,2007,10000.0,30000.0,0.0,10000.0
Novastorm,PS,1995,20000.0,20000.0,0.0,0.0
Shiren the Wanderer 4 - God's Eye and the Demon's Navel,PSP,2012,0.0,0.0,40000.0,0.0
PopCap Arcade Vol 1,X360,2007,40000.0,0.0,0.0,0.0
Dead Ball Zone,PS,1998,20000.0,20000.0,0.0,0.0
NBA in the Zone 2000,N64,2000,40000.0,0.0,0.0,0.0
Men of War: Vietnam,PC,2011,0.0,30000.0,0.0,10000.0
NBA In The Zone '99,N64,1998,40000.0,0.0,0.0,0.0
Winning Post World 2010,PS3,2010,0.0,0.0,40000.0,0.0
SWAT: Target Liberty,PSP,2007,30000.0,0.0,0.0,0.0
OutRun 2006: Coast 2 Coast,PSP,2006,30000.0,10000.0,0.0,10000.0
Haunted Casino,SAT,1996,0.0,0.0,40000.0,0.0
World Series Baseball,SAT,1994,0.0,0.0,40000.0,0.0
Ou to Maou to 7-nin no Himegimitachi: Shin Ousama Monogatari,PSV,2012,0.0,0.0,40000.0,0.0
Aeon Flux,PS2,2005,20000.0,20000.0,0.0,10000.0
Summer Challenge: Athletics Tournament,PS3,2011,0.0,30000.0,0.0,10000.0
S.Y.K Renshouden Portable,PSP,2011,0.0,0.0,40000.0,0.0
Metal Max Returns,SNES,1995,0.0,0.0,40000.0,0.0
Shattered Union,XB,2005,30000.0,10000.0,0.0,0.0
Off-Road Drive,PC,2011,0.0,30000.0,0.0,10000.0
Hanaoni: Yume no Tsudzuki,PSP,2012,0.0,0.0,40000.0,0.0
Mat Hoffman's Pro BMX 2,GC,2002,30000.0,10000.0,0.0,0.0
Unchained Blades,3DS,2011,0.0,0.0,40000.0,0.0
Harley-Davidson: Road Trip,Wii,2010,40000.0,0.0,0.0,0.0
Gal*Gun,X360,2011,0.0,0.0,40000.0,0.0
MLB 2K12 / NBA 2K12 Combo Pack,X360,2012,40000.0,0.0,0.0,0.0
Grand Theft Auto: Vice City,PC,2003,0.0,30000.0,0.0,10000.0
Ookami Kakushi,PSP,2009,0.0,0.0,40000.0,0.0
Zen-Nippon GT Senshuken,SNES,1995,0.0,0.0,40000.0,0.0
North American Hunting Extravaganza 2,Wii,2010,30000.0,0.0,0.0,0.0
City Builder,Wii,2010,40000.0,0.0,0.0,0.0
PD Ultraman Battle Collection 64,N64,1999,0.0,0.0,40000.0,0.0
Monaco Grand Prix,N64,1999,30000.0,10000.0,0.0,0.0
Worms Armageddon,N64,1999,30000.0,10000.0,0.0,0.0
Rally Challenge 2000,N64,1999,30000.0,10000.0,0.0,0.0
Looney Tunes Duck Dodgers Starring: Daffy Duck,N64,2000,30000.0,10000.0,0.0,0.0
Superman: Countdown to Apokolips,GBA,2003,30000.0,10000.0,0.0,0.0
Deadly Arts,N64,1998,30000.0,10000.0,0.0,0.0
Kikou Heidan J-Phoenix 2,PS2,2003,0.0,0.0,40000.0,0.0
Sengoku Musou 3 Z Special,PSP,2012,0.0,0.0,40000.0,0.0
Dragon's Lair 3D: Return to the Lair,GC,2002,30000.0,10000.0,0.0,0.0
Harukanaru Toki no Naka de 5,PSP,2011,0.0,0.0,40000.0,0.0
Worms 4: Mayhem,XB,2005,30000.0,10000.0,0.0,0.0
Resident Evil: Operation Raccoon City,PC,2012,0.0,30000.0,0.0,10000.0
Winning Post 7 2012,PSP,2012,0.0,0.0,40000.0,0.0
Samurai Warriors 2: Empires,X360,2007,30000.0,0.0,10000.0,0.0
Point Blank 2,PS,1998,20000.0,20000.0,0.0,0.0
Test Drive: Ferrari Legends,PS3,2012,40000.0,0.0,0.0,0.0
Saru! Get You! Pipo Saru Senki,PSP,2009,0.0,0.0,40000.0,0.0
Infamous: First Light,PS4,2014,0.0,30000.0,0.0,10000.0
J.League Pro Soccer Club o Tsukurou! 8 Euro Plus,PSP,2013,0.0,0.0,40000.0,0.0
Imabikisou,PS3,2007,0.0,0.0,40000.0,0.0
One Piece: Burning Blood,XOne,2016,30000.0,10000.0,0.0,0.0
Hakuouki: Reimeiroku Portable,PSP,2011,0.0,0.0,40000.0,0.0
Sega Ages 2500 Series Vol. 33: Fantasy Zone Complete Collection,PS2,2008,0.0,0.0,40000.0,0.0
Antz Extreme Racing,PS2,2002,20000.0,20000.0,0.0,10000.0
Atelier Iris 3: Grand Phantasm (JP Sales),PS2,2006,0.0,0.0,40000.0,0.0
Terraria,XOne,2014,0.0,40000.0,0.0,0.0
Dolly Kanon Dokidoki Tokimeki Himitsu no Ongaku Katsudou Start Desu!!,3DS,2014,0.0,0.0,40000.0,0.0
Empire Earth III,PC,2007,0.0,30000.0,0.0,10000.0
Mike Tyson Boxing,GBA,2002,30000.0,10000.0,0.0,0.0
The Legend of Heroes: Trails in the Sky First Chapter,PS3,2012,0.0,0.0,40000.0,0.0
Go Diego Go!: Safari Rescue,PS2,2008,20000.0,20000.0,0.0,10000.0
Clannad,PS2,2006,0.0,0.0,40000.0,0.0
Nobunaga's Ambition: Sphere of Influence,PS4,2014,30000.0,0.0,0.0,10000.0
Fisherman's Challenge,PS2,2003,20000.0,20000.0,0.0,10000.0
Katekyoo Hitman Reborn! Battle Arena 2 - Spirits Burst,PSP,2009,0.0,0.0,40000.0,0.0
Mission: Impossible - Operation Surma,GBA,2003,30000.0,10000.0,0.0,0.0
Guild Wars Trilogy,PC,2005,0.0,30000.0,0.0,10000.0
Patrician IV,PC,2010,30000.0,0.0,0.0,0.0
Deadliest Warrior: Ancient Combat,PS3,2012,40000.0,0.0,0.0,0.0
King of Fighters: Maximum Impact Regulation A,PS2,2007,0.0,0.0,40000.0,0.0
Star Ocean 5: Integrity and Faithlessness,PS3,2016,0.0,0.0,40000.0,0.0
Date A Live: Rine Utopia,PS3,2013,0.0,0.0,40000.0,0.0
CSI: Fatal Conspiracy,PC,2010,0.0,30000.0,0.0,10000.0
Durarara!! 3way Standoff: Alley,PSP,2011,0.0,0.0,40000.0,0.0
Surf's Up,PS3,2007,30000.0,0.0,0.0,0.0
Fritz Chess,PS3,2009,0.0,30000.0,0.0,10000.0
The Da Vinci Code,XB,2006,30000.0,10000.0,0.0,0.0
Famicom Mini: Clu Clu Land,GBA,2004,0.0,0.0,40000.0,0.0
Astro Boy: The Video Game,PSP,2009,40000.0,0.0,0.0,0.0
Metal Slug XX,PSP,2009,30000.0,0.0,0.0,0.0
Sacred Blaze,PS2,2009,0.0,0.0,40000.0,0.0
Thoroughbred Breeder II Plus,PS,1995,0.0,0.0,40000.0,0.0
Pure Pinball,XB,2004,30000.0,10000.0,0.0,0.0
Hanaoni: Koisomeru Koku - Eikyuu no Shirushi,PSP,2011,0.0,0.0,40000.0,0.0
Resident Evil: Revelations,PC,2013,0.0,30000.0,0.0,10000.0
Daikaijuu Battle: Ultra Coliseum DX - Ultra Senshi Daishuuketsu,Wii,2010,0.0,0.0,40000.0,0.0
Shadow of the Colossus,PS3,2011,0.0,0.0,40000.0,0.0
Phantom Breaker,X360,2011,20000.0,0.0,20000.0,0.0
Gummy Bears Mini Golf,Wii,2010,40000.0,0.0,0.0,0.0
Valhalla Knights 2: Battle Stance,PSP,2009,0.0,0.0,40000.0,0.0
Clannad,PSP,2008,0.0,0.0,40000.0,0.0
Cyber Troopers Virtual-On Marz,PS2,2003,20000.0,10000.0,0.0,0.0
Headhunter: Redemption,PS2,2004,20000.0,10000.0,0.0,0.0
Bomberman: Act Zero,X360,2006,40000.0,0.0,0.0,0.0
Stuntman,GBA,2003,30000.0,10000.0,0.0,0.0
Time Travelers,3DS,2012,0.0,0.0,40000.0,0.0
Burnout Paradise: The Ultimate Box,X360,2009,0.0,30000.0,0.0,0.0
Stoked: Big Air Edition,X360,2009,20000.0,20000.0,0.0,0.0
Syndicate Wars,PS,1997,20000.0,10000.0,0.0,0.0
Castlevania: Lords of Shadow 2,PC,2014,10000.0,30000.0,0.0,0.0
Herc's Adventures,PS,1997,20000.0,10000.0,0.0,0.0
Tiger Woods PGA Tour Golf,GBA,2002,30000.0,10000.0,0.0,0.0
Twin Strike: Operation Thunder,Wii,2008,40000.0,0.0,0.0,0.0
BlazBlue: Chrono Phantasma Extend,PS3,2015,0.0,0.0,40000.0,0.0
All Points Bulletin,PC,2010,0.0,30000.0,0.0,10000.0
Romance of the Three Kingdoms 13,PS3,2015,0.0,0.0,40000.0,0.0
The Movies,PC,2005,10000.0,30000.0,0.0,10000.0
SuperCar Challenge,PS3,2009,0.0,30000.0,0.0,10000.0
Dreamfall: The Longest Journey,XB,2006,30000.0,10000.0,0.0,0.0
The Sims 4: Spa Day,PC,2015,0.0,40000.0,0.0,0.0
Tokimeki Mahjong Paradise: Koi no Tenpai Beat,SAT,1995,0.0,0.0,40000.0,0.0
Yuki Yuna is a Hero: Memory of the Forest,PSV,2015,0.0,0.0,40000.0,0.0
JASF: Jane's Advanced Strike Fighters,PC,2011,20000.0,10000.0,0.0,0.0
Blue Roses: Yousei to Aoi Hitomi no Senshitachi,PSP,2010,0.0,0.0,40000.0,0.0
Zatch Bell! Mamodo Fury,GC,2005,30000.0,10000.0,0.0,0.0
Dora's Big Birthday Adventure,PS2,2010,20000.0,10000.0,0.0,0.0
PopStar Guitar,PS2,2008,20000.0,10000.0,0.0,0.0
Haikyu!! Cross Team Match!,3DS,2016,0.0,0.0,40000.0,0.0
NHL Blades of Steel 2000,PS,1999,20000.0,10000.0,0.0,0.0
Outlaw Volleyball Remixed,PS2,2004,20000.0,10000.0,0.0,0.0
The Adventures of Darwin,PS2,2006,10000.0,0.0,30000.0,0.0
Scarface: The World is Yours,PC,2006,10000.0,20000.0,0.0,10000.0
Blood Bowl,PC,2009,10000.0,20000.0,0.0,10000.0
Supreme Commander: Forged Alliance,PC,2007,10000.0,20000.0,0.0,10000.0
Klonoa Heroes: Densetsu no Star Medal,GBA,2002,0.0,0.0,40000.0,0.0
Hyperdimension Neptunia Victory II,PS4,2015,0.0,0.0,40000.0,0.0
Pajama Sam: You are What You Eat From Your Head to Your Feet,PS,2001,20000.0,10000.0,0.0,0.0
Sid Meier's Railroads!,PC,2006,10000.0,30000.0,0.0,10000.0
Brothers: A Tale of Two Sons,XOne,2015,30000.0,10000.0,0.0,0.0
Warhammer: Dark Omen,PS,1998,20000.0,10000.0,0.0,0.0
Mobile Suit Gundam: Mokuba no Kiseki,PSP,2012,0.0,0.0,40000.0,0.0
Denki Blocks!,GBA,2001,30000.0,10000.0,0.0,0.0
Harukanaru Toki no Naka de 4: Aizouban,PSP,2010,0.0,0.0,40000.0,0.0
Tsurugi no Machi no Ihoujin: Kuro no Kyuuden,PSV,2015,0.0,0.0,40000.0,0.0
Colin McRae Rally 3,XB,2002,30000.0,10000.0,0.0,0.0
Ballistic,PS,1999,20000.0,10000.0,0.0,0.0
Paddington: Adventures in London,3DS,2015,0.0,40000.0,0.0,0.0
Nobunaga's Ambition: Sphere of Influence - Sengoku Risshiden,PSV,2016,0.0,0.0,40000.0,0.0
Caesar IV,PC,2006,0.0,30000.0,0.0,10000.0
Song of the Deep,XOne,2016,30000.0,0.0,0.0,0.0
Gundam Battle Online,DC,2001,0.0,0.0,40000.0,0.0
Harry Potter and the Order of the Phoenix,PC,2007,0.0,30000.0,0.0,10000.0
Shonen Jump's One Piece: Grand Adventure,GC,2006,30000.0,10000.0,0.0,0.0
Kevin Van Dam: Big Bass Challenge,Wii,2010,40000.0,0.0,0.0,0.0
Stolen,PS2,2005,20000.0,10000.0,0.0,0.0
Monster High: New Ghoul in School,X360,2015,0.0,40000.0,0.0,0.0
Glacier2,Wii,2009,40000.0,0.0,0.0,0.0
Rugby Challenge 3,PS4,2016,0.0,30000.0,0.0,10000.0
Memories Off 6: T-Wave,PS2,2008,0.0,0.0,40000.0,0.0
Superstars V8 Racing,PS3,2009,0.0,20000.0,0.0,10000.0
Halo: Combat Evolved,PC,2003,10000.0,20000.0,0.0,10000.0
Hatsune Miku: Project Diva X,PS4,2016,10000.0,0.0,20000.0,0.0
Bullet Girls 2,PSV,2016,0.0,0.0,40000.0,0.0
Famicom Remix Best Choice,3DS,2015,0.0,0.0,40000.0,0.0
Pro Race Driver,XB,2003,30000.0,10000.0,0.0,0.0
Sleepover Party,Wii,2009,30000.0,0.0,0.0,0.0
Ide Yosuke no Mahjong Kazoku,PS,1995,0.0,0.0,40000.0,0.0
Richard Burns Rally,PC,2004,0.0,30000.0,0.0,10000.0
WRC: FIA World Rally Championship,PSP,2005,20000.0,10000.0,0.0,10000.0
Quiz Mobile Gundam: Toi Senshi DX,PSP,2006,0.0,0.0,40000.0,0.0
R-Type Command (correct US sales),PSP,2007,40000.0,0.0,0.0,0.0
E.T. The Extra-Terrestrial: Interplanetary Mission,PS,2001,20000.0,10000.0,0.0,0.0
Story Hour: Fairy Tales,Wii,2008,40000.0,0.0,0.0,0.0
Dynasty Warriors Vol. 2 (JP sales),PSP,2006,0.0,0.0,40000.0,0.0
Countdown Vampires,PS,1999,20000.0,10000.0,0.0,0.0
Crypt Killer,PS,1997,20000.0,10000.0,0.0,0.0
Dramatic Soccer Game: Nippon Daihyou Senshu Ninarou!,PS2,2002,0.0,0.0,40000.0,0.0
Saints Row 2,PC,2009,0.0,30000.0,0.0,10000.0
Harry Potter and the Prisoner of Azkaban,PC,2004,0.0,30000.0,0.0,10000.0
Battle Hunter,PS,1999,20000.0,10000.0,0.0,0.0
PO'ed,PS,1996,20000.0,10000.0,0.0,0.0
Adidas Power Soccer,PS,1996,20000.0,10000.0,0.0,0.0
LEGO Jurassic World,PC,2015,0.0,40000.0,0.0,0.0
Secret Files 2: Puritas Cordis,PC,2009,0.0,30000.0,0.0,10000.0
Darklight Conflict,PS,1997,20000.0,10000.0,0.0,0.0
Dragon Ball: Advanced Adventure,GBA,2004,30000.0,10000.0,0.0,0.0
Rabbids Land,WiiU,2012,20000.0,10000.0,0.0,0.0
Civilization Beyond Earth: Rising Tide,PC,2015,0.0,40000.0,0.0,0.0
The Ripping Friends,GBA,2002,30000.0,10000.0,0.0,0.0
Rodea the Sky Soldier,3DS,2015,30000.0,0.0,0.0,0.0
Konami Arcade Classics,PS,1999,20000.0,10000.0,0.0,0.0
Hunter x Hunter: Wonder Adventure,PSP,2012,0.0,0.0,40000.0,0.0
Super Army War,GBA,2005,30000.0,10000.0,0.0,0.0
Ao no Exorcist: Genkoku no Labyrinth,PSP,2012,0.0,0.0,40000.0,0.0
Don Bradman Cricket 14,XOne,2015,0.0,40000.0,0.0,0.0
Echo Night Beyond,PS2,2004,20000.0,10000.0,0.0,0.0
Minna no Chizu,PSP,2006,0.0,0.0,40000.0,0.0
Doom II: Hell on Earth,GBA,2002,30000.0,10000.0,0.0,0.0
Taikou Risshiden V,PSP,2009,0.0,0.0,40000.0,0.0
Shin Hayarigami,PS3,2014,0.0,0.0,40000.0,0.0
Jikkyou Powerful Major League,GC,2006,0.0,0.0,40000.0,0.0
Train Simulator 2016,PC,2015,0.0,40000.0,0.0,0.0
Corpse Party: Blood Covered - Repeated Fear,3DS,2015,0.0,0.0,40000.0,0.0
Suzumiya Haruhi no Tsuisou,PSP,2011,0.0,0.0,40000.0,0.0
Evolution Skateboarding,GC,2002,30000.0,10000.0,0.0,0.0
The Idolm@ster: Must Songs - Red Board / Blue Board,PSV,2015,0.0,0.0,40000.0,0.0
Jikkyou World Soccer 2002,PS2,2002,0.0,0.0,40000.0,0.0
Tenshou Gakuen Gekkouroku,PS2,2006,0.0,0.0,40000.0,0.0
Ski-Doo Snowmobile Challenge,X360,2009,30000.0,0.0,0.0,0.0
Aquanaut's Holiday: Kakusareta Kiroku,PS3,2008,0.0,0.0,40000.0,0.0
DuckTales: Remastered,X360,2013,30000.0,0.0,0.0,0.0
APB Reloaded,PC,2011,20000.0,10000.0,0.0,0.0
Railroad Tycoon 3,PC,2003,0.0,30000.0,0.0,10000.0
Big Mutha Truckers,GBA,2005,30000.0,10000.0,0.0,0.0
DT Carnage,PSP,2009,30000.0,0.0,0.0,0.0
Resident Evil 6,XOne,2016,30000.0,0.0,0.0,0.0
Ar Nosurge: Ode to an Unborn Star,PSV,2014,0.0,0.0,40000.0,0.0
Warriors Orochi 3,XOne,2014,10000.0,30000.0,0.0,0.0
Monster High: New Ghoul in School,3DS,2015,0.0,30000.0,0.0,0.0
Ragnarok Odyssey,PS3,2014,30000.0,10000.0,0.0,10000.0
Rugby 08,PS2,2007,20000.0,10000.0,0.0,0.0
Pia Carrot e Youkoso!! 2.5,DC,2008,0.0,0.0,40000.0,0.0
Cy Girls,PS2,2004,20000.0,10000.0,0.0,0.0
The Sum of All Fears,GBA,2002,30000.0,10000.0,0.0,0.0
Da Capo I & II Plus Situation Portable,PSP,2010,0.0,0.0,40000.0,0.0
Minority Report: Everybody Runs,GBA,2002,30000.0,10000.0,0.0,0.0
Monster Hunter Frontier Online: Season 9.0,X360,2010,0.0,0.0,40000.0,0.0
Winning Post 8,PSV,2014,0.0,0.0,40000.0,0.0
Garfield: The Search for Pooky,GBA,2003,30000.0,10000.0,0.0,0.0
Rugby World Cup 2015,PSV,2015,0.0,30000.0,0.0,10000.0
Galaxy Fight,SAT,1994,0.0,0.0,40000.0,0.0
Chaos Wars,PS2,2006,0.0,0.0,40000.0,0.0
Steambot Chronicles,PS2,2005,20000.0,10000.0,0.0,0.0
Toki no Kizuna: Sekigahara Kitan,PSP,2012,0.0,0.0,40000.0,0.0
Mr. Driller,PS,1999,20000.0,10000.0,0.0,0.0
Norn9: Norn + Nonette,PSP,2013,0.0,0.0,40000.0,0.0
Super Hero Generation,PSV,2014,0.0,0.0,40000.0,0.0
Gumby vs. the Astrobots,GBA,2005,30000.0,10000.0,0.0,0.0
Trine 2,PC,2011,0.0,30000.0,0.0,10000.0
Doraemon: Shin Nobita no Nihon Tanjou,3DS,2016,0.0,0.0,40000.0,0.0
Hisshou Pachinko*Pachi-Slot Kouryaku Series Vol. 13: Shinseiki Evangelion - Yakusoku no Toki,PS2,2008,0.0,0.0,40000.0,0.0
Worms: Ultimate Mayhem,PC,2011,0.0,30000.0,0.0,0.0
Scaler,GC,2004,30000.0,10000.0,0.0,0.0
NHL Legacy,PS3,2015,30000.0,0.0,0.0,10000.0
Chaos;Head Noah,X360,2009,0.0,0.0,40000.0,0.0
Tears to Tiara Anecdotes: The Secret of Avalon,PS3,2009,0.0,0.0,40000.0,0.0
Legasista,PS3,2012,0.0,0.0,40000.0,0.0
Fatal Fury: Battle Archives Volume 1,PS2,2006,20000.0,10000.0,0.0,0.0
The Night of the Rabbit,PC,2013,0.0,30000.0,0.0,0.0
Harukanaru Toki no Naka de 3: Unmei no Meikyuu Aizouban,PSP,2009,0.0,0.0,40000.0,0.0
Rhapsody: A Musical Adventure,PS,1998,20000.0,10000.0,0.0,0.0
NHL 16,PS3,2015,0.0,30000.0,0.0,10000.0
Destiny: The Collection,XOne,2016,10000.0,20000.0,0.0,0.0
Music Maker: Rockstar,PS2,2009,20000.0,10000.0,0.0,0.0
Fading Shadows,PSP,2008,30000.0,0.0,0.0,0.0
Formula 1 06,PS2,2006,0.0,0.0,40000.0,0.0
Without Warning,PS2,2005,20000.0,10000.0,0.0,0.0
Smashing Drive,XB,2002,30000.0,10000.0,0.0,0.0
Age of Mythology: The Titans,PC,2003,10000.0,20000.0,0.0,0.0
Fighting Vipers 2,DC,2000,0.0,0.0,40000.0,0.0
Teenage Mutant Ninja Turtles 3: Mutant Nightmare,XB,2005,30000.0,10000.0,0.0,0.0
Sudoku Ball Detective,Wii,2009,20000.0,10000.0,0.0,0.0
12-Sai. Koisuru Diary,3DS,2016,0.0,0.0,40000.0,0.0
Castlevania: Lords of Shadow - Reverie,PS3,2011,20000.0,10000.0,0.0,10000.0
Napoleon Dynamite: The Game,PSP,2007,30000.0,0.0,0.0,0.0
Beatdown: Fists of Vengeance,XB,2005,30000.0,10000.0,0.0,0.0
Enchanted Arms (JP sales),PS3,2007,0.0,0.0,40000.0,0.0
Monster Force,GBA,2002,30000.0,10000.0,0.0,0.0
World of Goo,PC,2008,0.0,30000.0,0.0,10000.0
Clock Zero: Shuuen no Ichibyou Portable,PSP,2011,0.0,0.0,40000.0,0.0
Trick x Logic: Season 2,PSP,2010,0.0,0.0,40000.0,0.0
Hakuouki: Zuisouroku,PS2,2009,0.0,0.0,40000.0,0.0
World in Conflict,PC,2007,0.0,30000.0,0.0,10000.0
World Championship Pool 2004,XB,2003,30000.0,10000.0,0.0,0.0
Derby Tsuku 5: Derby Uma o Tsukurou!,PS2,2006,0.0,0.0,40000.0,0.0
S.T.A.L.K.E.R.: Clear Sky,PC,2008,0.0,30000.0,0.0,10000.0
Jikkyou Powerful Major League 2009,Wii,2009,0.0,0.0,40000.0,0.0
SD Gundam Force: Showdown!,PS2,2004,20000.0,10000.0,0.0,0.0
Ray Gigant,PSV,2015,0.0,0.0,40000.0,0.0
Negima!? 3-Jikanme ~Koi to Mahou to Sekaiju Densetsu~,PS2,2006,0.0,0.0,40000.0,0.0
Flow: Urban Dance Uprising,PS2,2005,20000.0,10000.0,0.0,0.0
Ailu de Puzzle,PSP,2012,0.0,0.0,40000.0,0.0
World in Conflict: Complete Edition,PC,2009,0.0,30000.0,0.0,10000.0
True Pinball,PS,1996,20000.0,10000.0,0.0,0.0
Stadium Games,GBA,2003,30000.0,10000.0,0.0,0.0
RLH: Run Like Hell,XB,2003,30000.0,10000.0,0.0,0.0
Obscure,XB,2004,30000.0,10000.0,0.0,0.0
Caesar III,PC,1998,0.0,30000.0,0.0,10000.0
Super Robot Taisen: Scramble Commander the 2nd,PS2,2007,0.0,0.0,40000.0,0.0
Tomb Raider: Anniversary,PC,2007,0.0,30000.0,0.0,10000.0
Espgaluda II Black Label,X360,2010,0.0,0.0,40000.0,0.0
The Croods: Prehistoric Party!,3DS,2013,10000.0,20000.0,0.0,0.0
Hot Potato!,GBA,2001,30000.0,10000.0,0.0,0.0
Barbie and Her Sisters Puppy Rescue,3DS,2015,0.0,30000.0,0.0,0.0
Kiniro no Corda 2 f,PSP,2009,0.0,0.0,40000.0,0.0
Winter Sports 3: The Great Tournament,PS3,2010,0.0,30000.0,0.0,10000.0
Deception III: Dark Delusion,PS,1999,20000.0,10000.0,0.0,0.0
Gothic Universe,PC,2007,0.0,30000.0,0.0,10000.0
Alpha Protocol,PC,2010,0.0,30000.0,0.0,10000.0
Penguins of Madagascar,WiiU,2014,10000.0,20000.0,0.0,0.0
Nobunaga's Ambition II,3DS,2015,0.0,0.0,40000.0,0.0
DarkStar One,PC,2006,0.0,30000.0,0.0,10000.0
Monster Kingdom: Jewel Summoner,PSP,2006,0.0,0.0,40000.0,0.0
Cook Wars,Wii,2009,30000.0,0.0,0.0,0.0
Sins of a Solar Empire: Trinity,PC,2010,0.0,30000.0,0.0,10000.0
Shin Koihime Musou: Otome Ryouran * Sangokushi Engi - Shu-Hen,PSP,2010,0.0,0.0,40000.0,0.0
The Ant Bully,GBA,2006,30000.0,10000.0,0.0,0.0
Sega Arcade Gallery,GBA,2003,30000.0,10000.0,0.0,0.0
Planescape: Torment,PC,1998,10000.0,20000.0,0.0,10000.0
Aegis of Earth: Protonovus Assault,PSV,2016,20000.0,10000.0,0.0,10000.0
Hello Kitty: Roller Rescue,PC,2005,0.0,30000.0,0.0,0.0
A Game of Thrones: Genesis,PC,2011,0.0,30000.0,0.0,10000.0
Hotel Giant 2,PC,2008,0.0,30000.0,0.0,10000.0
NHRA Drag Racing: Countdown to the Championship,PS2,2007,20000.0,10000.0,0.0,0.0
Black Stone: Magic & Steel,XB,2003,30000.0,10000.0,0.0,0.0
MLB 15: The Show,PSV,2015,30000.0,0.0,0.0,10000.0
Hitman: Blood Money,PC,2006,0.0,30000.0,0.0,10000.0
Assassin's Creed Chronicles: China,PS4,2015,0.0,30000.0,0.0,10000.0
The Cursed Crusade,PC,2011,0.0,30000.0,0.0,10000.0
Harukanaru Toki no Naka de: Maihitoyo,PS2,2006,0.0,0.0,40000.0,0.0
Painkiller: Hell Wars,XB,2006,30000.0,10000.0,0.0,0.0
FunkMaster Flex's Digital Hitz Factory,PS2,2003,20000.0,10000.0,0.0,0.0
Star Wars Jedi Knight: Jedi Academy,PC,2003,0.0,30000.0,0.0,10000.0
Greg Hastings Paintball 2,PS3,2010,30000.0,0.0,0.0,0.0
Sangoku Koi Senki: Otome no Heihou!,PSP,2012,0.0,0.0,40000.0,0.0
Batman: A Telltale Game Series,PS4,2016,10000.0,20000.0,0.0,10000.0
Might & Magic X: Legacy,PC,2014,0.0,30000.0,0.0,0.0
Detective Conan: Prelude from the Past,PSP,2012,0.0,0.0,40000.0,0.0
FabStyle,3DS,2011,0.0,0.0,30000.0,0.0
Rebel Raiders: Operation Nighthawk,PS2,2006,20000.0,10000.0,0.0,0.0
Zenkoku Dekotora Matsuri,Wii,2008,0.0,0.0,30000.0,0.0
Adventure Time: Explore the Dungeon Because I Don't Know!,WiiU,2013,20000.0,10000.0,0.0,0.0
Fast & Furious: Showdown,PS3,2013,0.0,30000.0,0.0,0.0
Alienators: Evolution Continues,GBA,2001,30000.0,10000.0,0.0,0.0
Onechanbara Z Kagura,PS3,2013,0.0,0.0,30000.0,0.0
Marines: Modern Urban Combat,Wii,2010,30000.0,0.0,0.0,0.0
DoraMoji: Nobita no Kanji Daisakusen,3DS,2015,0.0,0.0,30000.0,0.0
Gekiatsu!! Pachi Game Tamashi: CR Evangelion - Hajimari no Fukuin,PS3,2010,0.0,0.0,30000.0,0.0
Supreme Ruler: Cold War,PC,2011,0.0,30000.0,0.0,10000.0
Top Gun: Hard Lock,PS3,2012,0.0,30000.0,0.0,10000.0
MX World Tour Featuring Jamie Little,XB,2005,30000.0,10000.0,0.0,0.0
XBLAZE Code: Embryo,PS3,2013,20000.0,0.0,10000.0,0.0
The Idolmaster: Gravure For You! Vol. 4,PS3,2012,0.0,0.0,30000.0,0.0
RedCard 20-03,XB,2002,30000.0,10000.0,0.0,0.0
Puyo Puyo 7,PSP,2009,0.0,0.0,30000.0,0.0
Asterix & Obelix: Kick Buttix,PS2,2004,20000.0,10000.0,0.0,0.0
Radiant Silvergun,SAT,1998,0.0,0.0,30000.0,0.0
Bounty Hounds,PSP,2006,30000.0,0.0,0.0,0.0
Care Bears - Care Quest,GBA,2005,20000.0,10000.0,0.0,0.0
Apache: Air Assault,PC,2010,0.0,30000.0,0.0,10000.0
Cooking Mama: My Sweets Shop,3DS,2014,0.0,0.0,30000.0,0.0
Championship Manager Season 01/02,PC,2001,0.0,30000.0,0.0,10000.0
Even in a Game Listen to Me Girls. I Am Your Father!,PSP,2012,0.0,0.0,30000.0,0.0
Boboboubo Boubobo: Ougi 87.5 Bakuretsu Hanage Shinken,GBA,2002,0.0,0.0,30000.0,0.0
Zatch Bell! Electric Arena,GBA,2003,20000.0,10000.0,0.0,0.0
NHRA Drag Racing: Countdown to the Championship,PSP,2007,30000.0,0.0,0.0,0.0
The Void,PC,2008,0.0,30000.0,0.0,10000.0
TOCA Race Driver 3,XB,2006,30000.0,10000.0,0.0,0.0
Daito Giken Premium Pachi-Slot Collection: Yoshimune,PS2,2006,0.0,0.0,30000.0,0.0
Maximum Racing: Drag & Stock Racer,Wii,2010,30000.0,0.0,0.0,0.0
Sky Dancers,GBA,2005,20000.0,10000.0,0.0,0.0
Silent Scope,GBA,2002,20000.0,10000.0,0.0,0.0
Resident Evil 4 HD,PS4,2016,30000.0,0.0,0.0,10000.0
World Series of Poker: Tournament of Champions 2007 Edition,PS2,2006,20000.0,10000.0,0.0,0.0
Yggdra Union: We'll Never Fight Alone,GBA,2006,0.0,0.0,30000.0,0.0
Tour de France 2014,PS4,2014,0.0,30000.0,0.0,0.0
Gekiatsu!! Pachi Game Tamashi Max: Evangelion 7 x Seimei no Kodou,PS3,2012,0.0,0.0,30000.0,0.0
Rapala Tournament Fishing!,X360,2006,30000.0,0.0,0.0,0.0
The Legend of Heroes: Trails in the Sky SC Evolution,PSV,2015,0.0,0.0,30000.0,0.0
Prey,PC,2006,0.0,30000.0,0.0,10000.0
Wangan Midnight,PS3,2007,0.0,0.0,30000.0,0.0
ESPN NBA 2Night 2002,PS2,2002,20000.0,10000.0,0.0,0.0
Cabela's Dangerous Hunts 2,GC,2005,30000.0,10000.0,0.0,0.0
SpongeBob: HeroPants,3DS,2015,30000.0,0.0,0.0,0.0
Kekkaishi: Kokubourou no Kage,Wii,2007,0.0,0.0,30000.0,0.0
Trap Gunner: Countdown to Oblivion,PS,1998,20000.0,10000.0,0.0,0.0
Suzumiya Haruhi no Tsuisou,PS3,2011,0.0,0.0,30000.0,0.0
Mame Goma: Shiro to Kuro no Meikyuu,3DS,2012,0.0,0.0,30000.0,0.0
"Crouching Tiger, Hidden Dragon",GBA,2003,20000.0,10000.0,0.0,0.0
Clash of Elementalists,3DS,2013,0.0,30000.0,0.0,0.0
Harukanaru Toki no Naka de Yumenoukihashi Special,PS2,2009,0.0,0.0,30000.0,0.0
Rise of Nations: Rise of Legends,PC,2006,0.0,30000.0,0.0,10000.0
Tsuyo Kiss: Mighty Heart,PS2,2006,0.0,0.0,30000.0,0.0
Zoo Tycoon,PC,2001,0.0,30000.0,0.0,10000.0
Gacharoku,PS2,2002,0.0,0.0,30000.0,0.0
SX Superstar,GC,2003,30000.0,10000.0,0.0,0.0
Cake Mania: Baker's Challenge,PSP,2008,30000.0,0.0,0.0,0.0
MotoGP,PSP,2006,30000.0,0.0,0.0,0.0
Deer Drive: Legends,3DS,2012,30000.0,0.0,0.0,0.0
Driven,GBA,2001,20000.0,10000.0,0.0,0.0
Red Faction II,GC,2003,30000.0,10000.0,0.0,0.0
Criminal Girls 2,PSV,2015,0.0,0.0,30000.0,0.0
Who Wants to be a Millionaire: 1st Edition,Wii,2007,0.0,30000.0,0.0,0.0
Diabolik Lovers: Dark Fate,PSV,2015,0.0,0.0,30000.0,0.0
Battle Engine Aquila,PS2,2003,20000.0,10000.0,0.0,0.0
Astonishia Story,PSP,2006,30000.0,0.0,0.0,0.0
Nobunaga's Ambition: Sphere of Influence - Sengoku Risshiden,PS3,2016,0.0,0.0,30000.0,0.0
Special Forces: Nemesis Strike,XB,2005,30000.0,10000.0,0.0,0.0
Women's Volleyball Championship,PS2,2007,0.0,0.0,30000.0,0.0
Jikkyou Powerful Pro Yakyuu Wii Ketteiban,Wii,2007,0.0,0.0,30000.0,0.0
MX vs. ATV Supercross,PS3,2014,20000.0,10000.0,0.0,10000.0
Rakushou! Pachi-Slot Sengen 5: Rio Paradise,PS2,2007,0.0,0.0,30000.0,0.0
Sacra Terra: Angelic Night,PC,2011,10000.0,20000.0,0.0,10000.0
Teenage Mutant Ninja Turtles: Mutants in Manhattan,XOne,2016,20000.0,10000.0,0.0,0.0
Battle Assault 3 featuring Gundam Seed,PS2,2004,20000.0,10000.0,0.0,0.0
Crimson Tears,PS2,2004,20000.0,10000.0,0.0,0.0
Batman Forever: The Arcade Game,PS,1996,20000.0,10000.0,0.0,0.0
Romance of the Three Kingdoms (3DS),3DS,2013,0.0,0.0,30000.0,0.0
Cabela's Outdoor Adventures,GC,2005,30000.0,10000.0,0.0,0.0
Makai Senki Disgaea 4: Fuuka & Desco-hen Hajime Mashita,PS3,2011,0.0,0.0,30000.0,0.0
Backyard NFL Football 2006,GBA,2005,20000.0,10000.0,0.0,0.0
Game of Thrones (Telltale),X360,2015,20000.0,10000.0,0.0,0.0
Mashiro Iro Symphony: *mutsu-no-hana,PSP,2011,0.0,0.0,30000.0,0.0
Monster Guardians,GBA,2001,0.0,0.0,30000.0,0.0
Sunday vs Magazine Shuuketsu! Choujou Daikessen,PSP,2009,0.0,0.0,30000.0,0.0
An American Tail: Fievel's Gold Rush,GBA,2002,20000.0,10000.0,0.0,0.0
Dead or Alive Xtreme 3: Venus,PSV,2016,0.0,0.0,30000.0,0.0
Diabolik Lovers: More Blood,PSP,2013,0.0,0.0,30000.0,0.0
Magna Carta Portable,PSP,2006,0.0,0.0,30000.0,0.0
Red Faction: Guerrilla,PC,2009,0.0,30000.0,0.0,10000.0
The Italian Job,GC,2003,30000.0,10000.0,0.0,0.0
Detective Conan: Phantom Rhapsody,3DS,2014,0.0,0.0,30000.0,0.0
Makai Senki Disgaea Portable: Tsuushin Taisen Hajime Mashita,PSP,2007,0.0,0.0,30000.0,0.0
M&Ms Shell Shocked,PS,2001,20000.0,10000.0,0.0,0.0
RACE On,PC,2009,0.0,30000.0,0.0,10000.0
K-On! After School Live!! HD Ver.,PS3,2012,0.0,0.0,30000.0,0.0
Metal Gear Solid: The Essential Collection (JP sales),PS2,2007,0.0,0.0,30000.0,0.0
Overlord II,PC,2009,0.0,30000.0,0.0,10000.0
Young Justice: Legacy,Wii,2013,0.0,30000.0,0.0,0.0
3D Baseball,PS,1996,20000.0,10000.0,0.0,0.0
Pachitte Chonmage Tatsujin 12: Pachinko Ultraman,PS2,2007,0.0,0.0,30000.0,0.0
First Queen: Ornic Senki,SNES,1994,0.0,0.0,30000.0,0.0
Call of Juarez: Bound in Blood,PC,2009,0.0,30000.0,0.0,10000.0
Dream C Club Zero,X360,2011,0.0,0.0,30000.0,0.0
Tail Concerto,PS,1998,20000.0,10000.0,0.0,0.0
The Sum of All Fears,GC,2003,30000.0,10000.0,0.0,0.0
James Pond: Codename Robocod,GBA,2005,20000.0,10000.0,0.0,0.0
Yumi's Odd Odyssey,3DS,2013,0.0,0.0,30000.0,0.0
Night Head: The Labyrinth,PS,1995,0.0,0.0,30000.0,0.0
JoJo's Bizarre Adventure: Eyes of Heaven,PS4,2015,0.0,0.0,30000.0,0.0
Angler's Club: Ultimate Bass Fishing 3D,3DS,2011,0.0,30000.0,0.0,0.0
Utawarerumono Portable,PSP,2009,0.0,0.0,30000.0,0.0
Gaia Saver Hero Saidai no Sakusen,SNES,1994,0.0,0.0,30000.0,0.0
EverBlue 2,PS2,2002,20000.0,10000.0,0.0,0.0
NASCAR Heat Evolution,PS4,2016,30000.0,0.0,0.0,10000.0
The Sims 2: Glamour Life Stuff,PC,2006,0.0,30000.0,0.0,10000.0
Safari Adventures: Africa,Wii,2007,30000.0,0.0,0.0,0.0
Summer Athletics: The Ultimate Challenge,X360,2008,20000.0,10000.0,0.0,0.0
Prince of Persia: The Forgotten Sands,PC,2010,0.0,30000.0,0.0,0.0
Daito Giken Koushiki Pachi-Slot Simulator: Yoshimune Portable,PSP,2006,0.0,0.0,30000.0,0.0
Clannad,PS3,2011,0.0,0.0,30000.0,0.0
Maximum Racing: GP Classic Racing,Wii,2010,30000.0,0.0,0.0,0.0
Trials Fusion,PC,2014,0.0,30000.0,0.0,0.0
Rugby League Live 3,PS3,2015,0.0,30000.0,0.0,0.0
PowerSlave,PS,1996,20000.0,10000.0,0.0,0.0
Legend of the Dragon,PSP,2007,30000.0,0.0,0.0,0.0
Project Gotham Racing 2 (JP weekly sales),XB,2003,0.0,0.0,30000.0,0.0
Ukiyo no Shishi,PS3,2015,0.0,0.0,30000.0,0.0
The Binding of Isaac,PC,2012,0.0,30000.0,0.0,0.0
CT Special Forces,GBA,2002,20000.0,10000.0,0.0,0.0
FIFA World Cup: Germany 2006,GBA,2006,20000.0,10000.0,0.0,0.0
Jewel Master: Cradle of Rome,Wii,2008,30000.0,0.0,0.0,0.0
Midnight Mysteries: The Edgar Allan Poe Conspiracy,PC,2009,0.0,30000.0,0.0,10000.0
Beastly,Wii,2011,30000.0,0.0,0.0,0.0
Crash Time: Autobahn Pusuit,X360,2008,30000.0,0.0,0.0,0.0
Earthworm Jim 2,GBA,2002,20000.0,10000.0,0.0,0.0
Tamagotchi no Doki Doki Dream Omisecchi,3DS,2013,0.0,0.0,30000.0,0.0
Toushin Toshi,3DS,2014,0.0,0.0,30000.0,0.0
SBK 2011: FIM Superbike World Championship,PC,2011,0.0,30000.0,0.0,10000.0
Driv3r,GBA,2005,20000.0,10000.0,0.0,0.0
Street Supremacy,PSP,2005,30000.0,0.0,0.0,0.0
Combat Mission: Shock Force,PC,2007,0.0,30000.0,0.0,10000.0
Rome: Total War - Gold Edition,PC,2006,0.0,30000.0,0.0,10000.0
Mystery Case Files: Ravenhearst,PC,2007,10000.0,20000.0,0.0,10000.0
YoKai Watch Dance: Just Dance Special Version,WiiU,2015,0.0,0.0,30000.0,0.0
Winning Post World,PS2,2009,0.0,0.0,30000.0,0.0
Living Legends: Frozen Beauty,PC,2014,0.0,30000.0,0.0,0.0
Super Hero Generation,PS3,2014,0.0,0.0,30000.0,0.0
.hack: Sekai no Mukou ni + Versus,PS3,2012,0.0,0.0,30000.0,0.0
Disney Sports Soccer,GC,2002,30000.0,10000.0,0.0,0.0
Cooking Mama 5: Bon Appetit!,3DS,2013,0.0,0.0,30000.0,0.0
Guitar Hero: World Tour,PC,2009,0.0,30000.0,0.0,10000.0
Nancy Drew: Alibi In Ashes,PC,2011,30000.0,0.0,0.0,0.0
The Walking Dead: Season One,PC,2012,0.0,30000.0,0.0,10000.0
Ultimate Block Party,PSP,2004,30000.0,0.0,0.0,0.0
Disney's Hide & Sneak,GC,2003,30000.0,10000.0,0.0,0.0
Super Robot Taisen OG Saga: Masou Kishin III - Pride of Justice,PSV,2013,0.0,0.0,30000.0,0.0
Nobunaga no Yabou: Kakushin with Power-Up Kit,PS2,2008,0.0,0.0,30000.0,0.0
Raw Danger!,PS2,2006,20000.0,10000.0,0.0,0.0
Medarot 9: Kabuto Ver. / Kuwagata Ver.,3DS,2015,0.0,0.0,30000.0,0.0
Monster Rancher Hop-A-Bout,PS,2000,20000.0,10000.0,0.0,0.0
Accel World: Ginyoku no Kakusei,PS3,2012,0.0,0.0,30000.0,0.0
Elf Bowling 1 & 2,GBA,2005,20000.0,10000.0,0.0,0.0
Men of War,PC,2009,10000.0,20000.0,0.0,10000.0
Metroid Prime: Federation Force,3DS,2016,20000.0,10000.0,10000.0,0.0
GunGriffon: Allied Strike,XB,2004,20000.0,10000.0,0.0,0.0
Stacked with Daniel Negreanu,PSP,2006,30000.0,0.0,0.0,0.0
Saru! Get You! SaruSaru Daisakusen,PSP,2007,0.0,0.0,30000.0,0.0
Sonic Boom: Fire & Ice,3DS,2016,30000.0,0.0,0.0,0.0
The Flintstones: Big Trouble in Bedrock,GBA,2001,20000.0,10000.0,0.0,0.0
Hallowed Legends: Samhain,PC,2011,0.0,20000.0,0.0,10000.0
Gakusen Toshi Asterisk Festa: Houka Kenran,PSV,2016,0.0,0.0,30000.0,0.0
BeatMania IIDX 14 Gold,PS2,2008,0.0,0.0,30000.0,0.0
PopCap Arcade Vol 2,X360,2009,30000.0,0.0,0.0,0.0
Toriko: Ultimate Survival,3DS,2013,0.0,0.0,30000.0,0.0
Big Ichigeki! Pachi-Slot Taikouryku Universal Museum,SAT,1996,0.0,0.0,30000.0,0.0
Monster High: New Ghoul in School,Wii,2015,0.0,30000.0,0.0,0.0
Madou Monogatari,SAT,1998,0.0,0.0,30000.0,0.0
Tork: Prehistoric Punk,XB,2005,20000.0,10000.0,0.0,0.0
Togainu no Chi: True Blood,PS2,2008,0.0,0.0,30000.0,0.0
Onna no Ko to Misshitsu ni Itara **shichau Kamoshirenai,3DS,2012,0.0,0.0,30000.0,0.0
Chicken Shoot 2,GBA,2005,20000.0,10000.0,0.0,0.0
Neverwinter Nights,PC,2002,0.0,30000.0,0.0,10000.0
East India Company Collection,PC,2010,0.0,30000.0,0.0,0.0
Battle vs. Chess,X360,2011,0.0,30000.0,0.0,0.0
The Inner World,PC,2013,0.0,30000.0,0.0,0.0
Pachinko Kamen Rider: Shocker Zenmetsu Daisakusen,PS2,2008,0.0,0.0,30000.0,0.0
Accel World: Ginyoku no Kakusei,PSP,2012,0.0,0.0,30000.0,0.0
Classic Dungeon: Fuyoku no Masoujin,PSP,2010,0.0,0.0,30000.0,0.0
Alter Ego,PC,1985,0.0,30000.0,0.0,10000.0
Dragon's Dogma Online,PS3,2015,0.0,0.0,30000.0,0.0
Rampo,SAT,1995,0.0,0.0,30000.0,0.0
Exstetra,PSV,2013,0.0,0.0,30000.0,0.0
Atelier Sophie: The Alchemist of the Mysterious Book,PS3,2015,0.0,0.0,30000.0,0.0
SingStar Chartbreaker,PS3,2009,0.0,20000.0,0.0,10000.0
Hiiro no Kakera 2: Hisui no Shizuku,PS2,2007,0.0,0.0,30000.0,0.0
Pro Yakyuu Spirits 5 Kanzenban,PS3,2008,0.0,0.0,30000.0,0.0
Sorcery Saga: The Curse of the Great Curry God,PSV,2013,0.0,0.0,30000.0,0.0
SingStar Fussballhits,PS3,2010,0.0,20000.0,0.0,10000.0
A Good Librarian Like a Good Shepherd: Library Party,PSV,2015,0.0,0.0,30000.0,0.0
Dance Factory,PS2,2006,20000.0,10000.0,0.0,0.0
Totally Spies!,GBA,2005,20000.0,10000.0,0.0,0.0
DragonHeart: Fire & Steel,PS,1996,20000.0,10000.0,0.0,0.0
Nishijin Pachinko Monogatari 2,SNES,1996,0.0,0.0,30000.0,0.0
Chaos;Head - Love Chu*Chu!,X360,2010,0.0,0.0,30000.0,0.0
Gal Gun: Double Peace,PSV,2015,0.0,20000.0,10000.0,0.0
PriPara & Pretty Rhythm: PriPara de Tsukaeru Oshare Item 1450!,3DS,2015,0.0,0.0,30000.0,0.0
RoadKill,GC,2003,20000.0,10000.0,0.0,0.0
The Legend of Heroes III: Song of the Ocean,PSP,2006,30000.0,0.0,0.0,0.0
Dungeon Maker: Hunting Ground,PSP,2006,30000.0,0.0,0.0,0.0
Mushihimesama Futari Ver 1.5,X360,2009,0.0,0.0,30000.0,0.0
F1 2002,GC,2002,20000.0,10000.0,0.0,0.0
Pocket Fighter,SAT,1998,0.0,0.0,30000.0,0.0
Lock On: Modern Air Combat,PC,2003,0.0,30000.0,0.0,10000.0
Toaru Majutsu no Kagaku no Ensemble,PSP,2013,0.0,0.0,30000.0,0.0
Ojyousama Express,SAT,1998,0.0,0.0,30000.0,0.0
Guilty Gear XX Accent Core Plus,Wii,2009,10000.0,20000.0,0.0,0.0
Starsky & Hutch,GBA,2003,20000.0,10000.0,0.0,0.0
Super Meat Boy: Ultra Edition!,PC,2011,0.0,20000.0,0.0,10000.0
Sitting Ducks,GBA,2003,20000.0,10000.0,0.0,0.0
Brothers Conflict: Brilliant Blue,PSP,2013,0.0,0.0,30000.0,0.0
JoJo's Bizarre Adventure: Eyes of Heaven,PS3,2015,0.0,0.0,30000.0,0.0
Hajime no Ippo: The Fighting! (2014),PS3,2014,0.0,0.0,30000.0,0.0
Eyeshield 21: Field Saikyou no Senshi Tachi,Wii,2007,0.0,0.0,30000.0,0.0
Medabots 9: Metabee / Rokusho,3DS,2015,0.0,0.0,30000.0,0.0
Homeworld 2,PC,2003,0.0,30000.0,0.0,10000.0
Hakuoki Zuisouroku Omokage Hana,PSV,2015,0.0,0.0,30000.0,0.0
Hearts of Iron IV,PC,2016,0.0,30000.0,0.0,0.0
thinkSMART FAMILY!,Wii,2010,30000.0,0.0,0.0,0.0
Last Escort: Club Katze,PSP,2010,0.0,0.0,30000.0,0.0
Stacked with Daniel Negreanu,XB,2006,20000.0,10000.0,0.0,0.0
Shin Koihime Musou: Otome Ryouran * Sangokushi Engi - Wei-Hen,PSP,2010,0.0,0.0,30000.0,0.0
Rayman 3: Hoodlum Havoc,PC,2003,0.0,30000.0,0.0,10000.0
Otometeki Koi Kakumei * Love Revo,PS2,2006,0.0,0.0,30000.0,0.0
Phantasy Star Online 2 Episode 4: Deluxe Package,PS4,2017,0.0,0.0,30000.0,0.0
Infinite Stratos 2: Ignition Hearts,PSV,2014,0.0,0.0,30000.0,0.0
Dr. Muto,GC,2002,20000.0,10000.0,0.0,0.0
Airship Q,PSV,2015,0.0,0.0,30000.0,0.0
Ratatouille,PC,2007,10000.0,10000.0,0.0,0.0
Otomedius Gorgeous,X360,2008,0.0,0.0,30000.0,0.0
Jikandia: The Timeless Land,PSP,2010,30000.0,0.0,0.0,0.0
Egg Mania: Eggstreme Madness,PS2,2002,20000.0,10000.0,0.0,0.0
Super Heroine Chronicle,PS3,2014,0.0,0.0,30000.0,0.0
Boot Camp Academy,Wii,2010,30000.0,0.0,0.0,0.0
Kiniro no Corda 3,PS2,2010,0.0,0.0,30000.0,0.0
Zero Escape: Virtue's Last Reward,3DS,2012,30000.0,0.0,0.0,0.0
Darkstalkers Resurrection,PS3,2013,0.0,0.0,30000.0,0.0
Take On Helicopters,PC,2011,0.0,20000.0,0.0,10000.0
Highschool Terra Story,SAT,1998,0.0,0.0,30000.0,0.0
Shaun White Skateboarding,PC,2010,0.0,30000.0,0.0,10000.0
Empire Earth II,PC,2005,0.0,30000.0,0.0,0.0
Suggoi! Arcana Heart 2,PS2,2009,0.0,0.0,30000.0,0.0
MotoGP 15,XOne,2015,0.0,30000.0,0.0,0.0
NBA 2K13,PC,2012,0.0,20000.0,0.0,0.0
Mother Goose no Himitsu no Yakata,PSP,2011,0.0,0.0,30000.0,0.0
Harry Potter and the Half-Blood Prince,PC,2009,0.0,30000.0,0.0,10000.0
Winning Post 7 2009,PSP,2009,0.0,0.0,30000.0,0.0
Knights of Honor,PC,2004,0.0,20000.0,0.0,10000.0
Code Lyoko: Quest for Infinity,PSP,2008,30000.0,0.0,0.0,0.0
Digimon World 4,XB,2005,20000.0,10000.0,0.0,0.0
Bubble Bobble Evolution,PSP,2006,30000.0,0.0,0.0,0.0
Codename: Panzers Cold War,PC,2009,0.0,20000.0,0.0,10000.0
Galleon: Islands of Mystery,XB,2004,20000.0,10000.0,0.0,0.0
Renai 0 Kilometer,PSP,2013,0.0,0.0,30000.0,0.0
World Sports Competition,PS3,2009,20000.0,0.0,0.0,10000.0
Summon Night 6: Lost Borders,PS4,2016,0.0,0.0,30000.0,0.0
Sunny Garcia Surfing,PS2,2001,20000.0,10000.0,0.0,0.0
MotorHead,PS,1998,20000.0,10000.0,0.0,0.0
Alia's Carnival! Sacrament,PSV,2015,0.0,0.0,30000.0,0.0
StormLover,PSP,2010,0.0,0.0,30000.0,0.0
Gensou Suikoden I & II,PSP,2006,0.0,0.0,30000.0,0.0
Gloria Union,PSP,2011,0.0,0.0,30000.0,0.0
Ebikore Photo Kano Kiss,PSV,2015,0.0,0.0,30000.0,0.0
Bad Apple Wars,PSV,2015,0.0,0.0,30000.0,0.0
Transformers: Devastation,PC,2015,0.0,30000.0,0.0,0.0
Eyeshield 21: DevilBats DevilDays,GBA,2006,0.0,0.0,30000.0,0.0
Jyuzaengi: Engetsu Sangokuden,PSP,2012,0.0,0.0,30000.0,0.0
Shin Sangoku Musou Online: Kamishou Ranbu,PS3,2010,0.0,0.0,30000.0,0.0
Dancing Blade II: Tears of Eden,PS,1999,0.0,0.0,30000.0,0.0
Hiiro no Kakera 3: Aoikuro no Kusabi,PS2,2008,0.0,0.0,30000.0,0.0
BeatMania IIDX 13: DistorteD,PS2,2007,0.0,0.0,30000.0,0.0
Section 8,PC,2009,10000.0,10000.0,0.0,0.0
Go! Go! Hypergrind,GC,2003,20000.0,10000.0,0.0,0.0
Hot Pixel,PSP,2007,30000.0,0.0,0.0,0.0
Peak Performance,PS,1997,20000.0,10000.0,0.0,0.0
Dance Dance Revolution: Hottest Party 5,Wii,2011,0.0,30000.0,0.0,0.0
Who Wants to be a Millionaire: 2nd Edition,Wii,2008,0.0,30000.0,0.0,0.0
Kyokugen Dasshutsu ADV: Zennin Shiboudesu,3DS,2012,0.0,0.0,30000.0,0.0
S.L.A.I.: Steel Lancer Arena International,PS2,2005,10000.0,10000.0,0.0,0.0
Freaky Flyers,XB,2003,20000.0,10000.0,0.0,0.0
Blokus Portable: Steambot Championship,PSP,2006,30000.0,0.0,0.0,0.0
Renai Revenge,PSV,2015,0.0,0.0,30000.0,0.0
Zoboomafoo: Leapin' Lemurs!,PS,2001,20000.0,10000.0,0.0,0.0
Atelier Shallie Plus: Alchemists of the Dusk Sea,PSV,2016,0.0,0.0,30000.0,0.0
Dennou Senki Virtual-On Force,X360,2010,0.0,0.0,30000.0,0.0
Sins of a Solar Empire,PC,2008,0.0,20000.0,0.0,10000.0
Graffiti Kingdom,PS2,2004,10000.0,10000.0,0.0,0.0
Langrisser: Re:Incarnation Tensei,3DS,2015,20000.0,0.0,10000.0,0.0
Lords of the Fallen,PC,2014,0.0,30000.0,0.0,0.0
Great Edo Blacksmith,PSV,2014,0.0,0.0,30000.0,0.0
Armored Core SL: Silent Line Portable,PSP,2009,0.0,0.0,30000.0,0.0
Gotouchi Tetsudou: Gotouchi Chara to Nihon Zenkoku no Tabi,WiiU,2014,0.0,0.0,30000.0,0.0
To LoveRu Trouble: Doki Doki! Rinkaigakkou-Hen,PSP,2008,0.0,0.0,30000.0,0.0
Lethal Enforcers I & II,PS,1996,20000.0,10000.0,0.0,0.0
Klonoa 2: Dream Champ Tournament,GBA,2002,20000.0,10000.0,0.0,0.0
Shantae and the Pirate's Curse,3DS,2015,0.0,0.0,30000.0,0.0
Minna no Golf Jou Vol.1,PSP,2007,0.0,0.0,30000.0,0.0
The Peanuts Movie: Snoopy's Grand Adventure,3DS,2015,0.0,30000.0,0.0,0.0
Resident Evil 4,PC,2007,0.0,20000.0,0.0,10000.0
Power Rangers Super Megaforce,3DS,2014,10000.0,10000.0,0.0,0.0
Teenage Mutant Ninja Turtles: Mutants in Manhattan,X360,2016,10000.0,20000.0,0.0,0.0
Cabela's Big Game Hunter: Pro Hunts,PS3,2014,30000.0,0.0,0.0,0.0
Super Collapse! II,GBA,2004,20000.0,10000.0,0.0,0.0
Ducati World Racing Challenge,PS,2001,20000.0,10000.0,0.0,0.0
Pop'n Music 14 Fever!,PS2,2007,0.0,0.0,30000.0,0.0
Golden Nugget Casino / Texas Hold 'Em Double Pack,GBA,2005,20000.0,10000.0,0.0,0.0
Judie no Atelier: Guramnat no Renkinjutsu - Toraware no Morito,PSP,2010,0.0,0.0,30000.0,0.0
Smashing Drive,GBA,2004,20000.0,10000.0,0.0,0.0
Senko no Ronde DUO,X360,2010,0.0,0.0,30000.0,0.0
Starshot: Space Circus Fever,N64,1998,20000.0,10000.0,0.0,0.0
Charlie Blasts Territory,N64,1999,20000.0,10000.0,0.0,0.0
Big Mountain 2000,N64,1998,20000.0,10000.0,0.0,0.0
CIMA: The Enemy,GBA,2003,20000.0,10000.0,0.0,0.0
N+,PSP,2007,30000.0,0.0,0.0,0.0
Katekyoo Hitman Reborn! Kizuna no Tag Battle,PSP,2010,0.0,0.0,30000.0,0.0
GTR Evolution,PC,2008,0.0,20000.0,0.0,10000.0
Daibakushou: Jinsei Gekijou,SNES,1995,0.0,0.0,30000.0,0.0
Marble Madness / Klax,GBA,2005,20000.0,10000.0,0.0,0.0
Downstream Panic!,PSP,2008,30000.0,0.0,0.0,0.0
DJ Max Portable 3,PSP,2010,10000.0,0.0,20000.0,0.0
SimCity,PC,1988,0.0,20000.0,0.0,10000.0
The Idolmaster: Gravure For You! Vol. 5,PS3,2012,0.0,0.0,30000.0,0.0
S.Y.K Renshouden,PS2,2010,0.0,0.0,30000.0,0.0
Casino Chaos With Las Vegas Players Collection,PC,2011,30000.0,0.0,0.0,0.0
Hiiro no Kakera: Shin Tamayori Hime Denshou - Piece of Future,PSP,2011,0.0,0.0,30000.0,0.0
Konpeki no Kantai,SNES,1995,0.0,0.0,30000.0,0.0
D.C.I.F.: Da Capo Innocent Finale,PS2,2009,0.0,0.0,30000.0,0.0
Galaxy Angel II: Mugen Kairou no Kagi,PS2,2007,0.0,0.0,30000.0,0.0
Nectaris: Military Madness,PS,1998,20000.0,10000.0,0.0,0.0
Doom 3 BFG Edition,PC,2012,0.0,20000.0,0.0,10000.0
Tenka-bito,PS2,2006,0.0,0.0,30000.0,0.0
BRAHMA Force: The Assault on Beltlogger 9,PS,1996,20000.0,10000.0,0.0,0.0
Star Trek: Tactical Assault,PSP,2006,20000.0,10000.0,0.0,0.0
Robo Pit,PS,1995,20000.0,10000.0,0.0,0.0
Story Hour: Adventures,Wii,2008,30000.0,0.0,0.0,0.0
Braid,PC,2009,0.0,20000.0,0.0,10000.0
Muv-Luv Alternative: Total Eclipse,PS3,2013,0.0,0.0,30000.0,0.0
R-Type III: The Third Lightning,GBA,2004,20000.0,10000.0,0.0,0.0
Star Wars: The Force Unleashed II,PC,2010,30000.0,0.0,0.0,0.0
Need for Speed (2015),PC,2016,0.0,30000.0,0.0,0.0
Hakuouki,PS2,2008,0.0,0.0,30000.0,0.0
Atomic Betty,GBA,2005,20000.0,10000.0,0.0,0.0
Monster Hunter Frontier Online: Season 10,X360,2011,0.0,0.0,30000.0,0.0
Robin Hood: Defender of the Crown,XB,2003,20000.0,10000.0,0.0,0.0
Street Jam Basketball,GBA,2004,20000.0,10000.0,0.0,0.0
Master of Monsters: Disciples of Gaia,PS,1997,20000.0,10000.0,0.0,0.0
Armored Core: Last Raven Portable,PSP,2010,0.0,0.0,30000.0,0.0
SD Gundam: Gashapon Wars,Wii,2010,0.0,0.0,30000.0,0.0
Commander: Conquest of the Americas,PC,2010,0.0,20000.0,0.0,10000.0
Curious George,XB,2006,20000.0,10000.0,0.0,0.0
Disney's Aladdin,GBA,2003,20000.0,10000.0,0.0,0.0
Royal Palace of White Sword and The City of Gentiles,PC,2009,0.0,20000.0,0.0,10000.0
Virtual Pool: Tournament Edition,XB,2005,20000.0,10000.0,0.0,0.0
Kung Fu Panda: Showdown of Legendary Legends,X360,2015,0.0,30000.0,0.0,0.0
Nippon no Asoko de,PSP,2008,0.0,0.0,30000.0,0.0
007: Quantum of Solace,PC,2008,10000.0,10000.0,0.0,0.0
Phantasy Star Online 2: Episode 3 Deluxe Package,PSV,2015,0.0,0.0,30000.0,0.0
Let's Dance with Mel B,PS3,2011,0.0,20000.0,0.0,10000.0
Popeye: Rush for Spinach,GBA,2005,20000.0,10000.0,0.0,0.0
Culdcept,PS2,2002,10000.0,10000.0,0.0,0.0
Beyblade Evolution,3DS,2013,20000.0,10000.0,0.0,0.0
Pro Cycling Manager 2016,PC,2016,0.0,30000.0,0.0,0.0
BeatMania IIDX 15: DJ Troopers,PS2,2008,0.0,0.0,30000.0,0.0
Heathcliff! The Fast and the Furriest,Wii,2010,30000.0,0.0,0.0,0.0
Hyperdimension Neptunia Vs. Sega Hard Girls: Yume no Gattai Special,PSV,2015,0.0,0.0,30000.0,0.0
Planet of the Apes,GBA,2001,20000.0,10000.0,0.0,0.0
Gekiatsu!! Pachi Game Tamashi Vol. 1: CR Evangelion - Shinjitsu no Tsubasa,PSP,2011,0.0,0.0,30000.0,0.0
Worms,PS3,2009,0.0,20000.0,0.0,10000.0
Real World Golf,XB,2006,20000.0,10000.0,0.0,0.0
Hissatsu Pachinko Collection 3,SNES,1995,0.0,0.0,30000.0,0.0
Oumagatoki: Kaidan Romance,PSP,2012,0.0,0.0,30000.0,0.0
Jack Keane,PC,2008,0.0,20000.0,0.0,0.0
World of Zoo,PC,2009,0.0,20000.0,0.0,10000.0
Mahjong Kakutou Club: Zenkoku Taisenban,PS3,2006,0.0,0.0,30000.0,0.0
Hayate no Gotoku! Nightmare Paradise,PSP,2009,0.0,0.0,30000.0,0.0
NBA 08,PSP,2007,30000.0,0.0,0.0,0.0
Secret Files 2: Puritas Cordis,Wii,2009,0.0,30000.0,0.0,0.0
Young Justice: Legacy,3DS,2013,30000.0,0.0,0.0,0.0
Syberia,PC,2002,0.0,20000.0,0.0,0.0
Bladestorm: Nightmare,PS3,2015,0.0,0.0,30000.0,0.0
NatGeo Challenge! Wild Life,X360,2010,0.0,20000.0,0.0,0.0
Higurashi no Naku Koro ni Iki,PSV,2015,0.0,0.0,30000.0,0.0
HappinessCharge PreCure! Kawarun Collection,3DS,2014,0.0,0.0,30000.0,0.0
DICE: DNA Integrated Cybernetic Enterprises,PS2,2005,10000.0,10000.0,0.0,0.0
Battlefield 1942: The WW II Anthology,PC,2004,10000.0,10000.0,0.0,0.0
Megpoid the Music#,PSP,2013,0.0,0.0,30000.0,0.0
Game of Thrones (Telltale),XOne,2015,30000.0,0.0,0.0,0.0
Wallace & Gromit in Project Zoo,XB,2003,20000.0,10000.0,0.0,0.0
Rugby League Live,PS3,2010,0.0,20000.0,0.0,10000.0
Grid Runner,PS,1996,20000.0,10000.0,0.0,0.0
Metal Dungeon,XB,2002,20000.0,10000.0,0.0,0.0
Drome Racers,GC,2003,20000.0,10000.0,0.0,0.0
Guitar Freaks V & DrumMania V,PS2,2006,0.0,0.0,30000.0,0.0
Driver: Parallel Lines,Wii,2007,10000.0,10000.0,0.0,0.0
Doom,PC,1992,20000.0,0.0,0.0,0.0
Gekido Advance: Kintaro's Revenge,GBA,2002,20000.0,10000.0,0.0,0.0
OZMAFIA!! -vivace-,PSV,2015,0.0,0.0,30000.0,0.0
Future Tactics: The Uprising,XB,2004,20000.0,10000.0,0.0,0.0
Power Poke Dash,GBA,2006,0.0,0.0,30000.0,0.0
Detective Opera: Milky Holmes 2,PSP,2012,0.0,0.0,30000.0,0.0
Blaze Union: Story to Reach the Future,PSP,2010,0.0,0.0,30000.0,0.0
Attack on Titan (KOEI),XOne,2016,10000.0,10000.0,0.0,0.0
Medabots Girls Mission: Metabee Ver. / Rokusho Ver.,3DS,2016,0.0,0.0,30000.0,0.0
Race Driver 2006,PSP,2006,30000.0,0.0,0.0,0.0
Buffy the Vampire Slayer: Wrath of the Darkhul King,GBA,2003,20000.0,10000.0,0.0,0.0
My Hero Academia: Battle for All,3DS,2016,0.0,0.0,30000.0,0.0
Nisekoi: Yomeiri!?,PSV,2014,0.0,0.0,30000.0,0.0
New Tokyo Legacy: Operation Babel,PSV,2015,0.0,0.0,30000.0,0.0
Gekiatsu!! Pachi Game Tamashi Vol. 2: CR Evangelion - Shinjitsu no Tsubasa,PS3,2011,0.0,0.0,30000.0,0.0
Rugby League Live 3,X360,2015,0.0,30000.0,0.0,0.0
Triple Pack: Xbox Live Arcade Compilation,X360,2011,30000.0,0.0,0.0,0.0
101-in-1 Sports Party Megamix,Wii,2010,20000.0,0.0,0.0,0.0
Roadsters,PS,2000,20000.0,10000.0,0.0,0.0
The Croods: Prehistoric Party!,WiiU,2013,10000.0,10000.0,0.0,0.0
Exist Archive: The Other Side of the Sky,PS4,2015,0.0,0.0,30000.0,0.0
DeathSmiles II,X360,2010,0.0,0.0,30000.0,0.0
Romance of the Three Kingdoms II,3DS,2015,0.0,0.0,30000.0,0.0
Calcio Bit,GBA,2006,0.0,0.0,30000.0,0.0
Monsters vs. Aliens,PC,2009,10000.0,10000.0,0.0,0.0
Whiteout,XB,2002,20000.0,10000.0,0.0,0.0
Hyakumanton no Bara Bara,PSP,2010,0.0,0.0,30000.0,0.0
Galaxy Angel II: Zettairyouiki no Tobira,PS2,2006,0.0,0.0,30000.0,0.0
The Great Mystery Hidden Object Package 5,PC,2015,0.0,30000.0,0.0,0.0
Hajime no Ippo: The Fighting,GBA,2002,0.0,0.0,30000.0,0.0
Stellaris,PC,2016,0.0,30000.0,0.0,0.0
Spectral Souls: Resurrection of the Ethereal Empires,PSP,2005,30000.0,0.0,0.0,0.0
Sokukoku no Kusabi: Hiiro no Kakera 3 Portable,PSP,2010,0.0,0.0,30000.0,0.0
Syberia II,XB,2004,20000.0,10000.0,0.0,0.0
PopCap Hits! Vol 2,X360,2011,0.0,30000.0,0.0,0.0
Ao no Kanata no Four Rhythm,PSV,2016,0.0,0.0,30000.0,0.0
Motor Trend presents Lotus Challenge,XB,2003,20000.0,10000.0,0.0,0.0
Mystery Trackers: The Void,PC,2011,0.0,20000.0,0.0,10000.0
Trine 2,WiiU,2012,0.0,30000.0,0.0,0.0
Pacific Liberator,Wii,2009,30000.0,0.0,0.0,0.0
Botanicula,PC,2012,0.0,20000.0,0.0,0.0
Parfait,PSV,2015,0.0,0.0,30000.0,0.0
The King of Fighters Portable '94~'98: Chapter of Orochi,PSP,2010,0.0,0.0,30000.0,0.0
Puzzle Challenge: Crosswords and More!,Wii,2009,30000.0,0.0,0.0,0.0
Nisenochigiri: Omoide no Saki e,PSP,2011,0.0,0.0,30000.0,0.0
Rugby League Live,X360,2010,0.0,20000.0,0.0,0.0
Age of Conan: Rise of the Godslayer,PC,2010,0.0,20000.0,0.0,0.0
Totally Spies! Totally Party,PC,2008,0.0,20000.0,0.0,0.0
Battlefield Vietnam,PC,2004,0.0,20000.0,0.0,0.0
In Cold Blood,PS,2000,20000.0,10000.0,0.0,0.0
Mega Minis Volume 2,PSP,2011,0.0,20000.0,0.0,10000.0
Kamigami no Asobi,PSP,2013,0.0,0.0,30000.0,0.0
Fireblade,GC,2002,20000.0,10000.0,0.0,0.0
Kong: King of Atlantis,GBA,2005,20000.0,10000.0,0.0,0.0
Kidou Senshi V Gundam,SNES,1994,0.0,0.0,30000.0,0.0
The Settlers II 10th Anniversary,PC,2006,0.0,20000.0,0.0,0.0
Wrestle Angels: Survivor 2,PS2,2008,0.0,0.0,30000.0,0.0
Onechanbara Z Kagura,X360,2012,0.0,0.0,30000.0,0.0
Ride,PC,2015,0.0,30000.0,0.0,0.0
The King of Fighters 02/03,XB,2005,20000.0,10000.0,0.0,0.0
ESPN Winter X Games: Snowboarding 2002,XB,2002,20000.0,10000.0,0.0,0.0
Warhammer: Mark of Chaos,PC,2006,0.0,20000.0,0.0,0.0
Tsuku Monogatari,PSP,2011,0.0,0.0,30000.0,0.0
Vitamin Z,PS2,2009,0.0,0.0,30000.0,0.0
Kaitou Tenshi Twin Angel: Toki to Sekai no Meikyuu,PSP,2011,0.0,0.0,30000.0,0.0
Shin Koihime Musou: Otome Ryouran * Sangokushi Engi - Wu-Hen,PSP,2010,0.0,0.0,30000.0,0.0
Harukanaru Toki no Naka de 5: Kazahanaki,PSP,2012,0.0,0.0,30000.0,0.0
The IdolM@ster: Gravure For You! Vol. 6,PS3,2012,0.0,0.0,30000.0,0.0
Schlag den Raab,PC,2010,0.0,20000.0,0.0,10000.0
Ghostbusters (2016),PS4,2016,20000.0,0.0,0.0,10000.0
Animaniacs: The Great Edgar Hunt,GC,2005,20000.0,10000.0,0.0,0.0
Harukanaru Toki no Naka de 6,PSV,2015,0.0,0.0,30000.0,0.0
Dream Club Zero Portable,PSV,2011,0.0,0.0,30000.0,0.0
Samurai Warriors 2,PS3,2013,0.0,0.0,30000.0,0.0
Cossacks: European Wars,PC,2001,0.0,20000.0,0.0,0.0
The Island of Dr. Frankenstein,Wii,2009,30000.0,0.0,0.0,0.0
TV Total Events,Wii,2011,0.0,20000.0,0.0,0.0
Battle Arena Toshinden URA,SAT,1995,0.0,0.0,30000.0,0.0
Darius Burst: Chronicle Saviours,PSV,2016,0.0,0.0,30000.0,0.0
Biohazard: Revival Selection,X360,2011,0.0,0.0,30000.0,0.0
Labyrinth Cross Blood: Infinity,PSV,2013,0.0,0.0,30000.0,0.0
Prince of Persia (2008),PC,2008,0.0,20000.0,0.0,0.0
HotBrain,PSP,2007,20000.0,0.0,0.0,0.0
UK Truck Simulator,PC,2010,0.0,30000.0,0.0,0.0
Gudetama: Hanjuku de Tanomuwa,3DS,2015,0.0,0.0,30000.0,0.0
Magicka,PC,2011,0.0,20000.0,0.0,10000.0
Star Trek: The Game,PC,2013,0.0,20000.0,0.0,0.0
The Last Guy,PS3,2009,0.0,0.0,30000.0,0.0
Disney Sports Soccer,GBA,2002,20000.0,10000.0,0.0,0.0
Akane Iro ni Somaru Saka Parallel,PS2,2008,0.0,0.0,30000.0,0.0
Otome wa Oanesama ni Koi Shiteru Portable: 2-Jin no Elder,PSP,2011,0.0,0.0,30000.0,0.0
Monster Hunter Frontier Online: Forward 1,X360,2011,0.0,0.0,30000.0,0.0
X3: Terran Conflict,PC,2008,0.0,20000.0,0.0,10000.0
Timeshock! Pro Pinball,PS,1998,20000.0,10000.0,0.0,0.0
Max Payne,GBA,2003,20000.0,10000.0,0.0,0.0
D1 Professional Drift Grand Prix Series,PS2,2005,10000.0,10000.0,0.0,0.0
Starry ? Sky: In Winter,PSP,2011,0.0,0.0,30000.0,0.0
Rush Hour,PS,1997,20000.0,10000.0,0.0,0.0
Pro Cast Sports Fishing,XB,2003,20000.0,10000.0,0.0,0.0
Gintama: Banji Oku Chuubu!,Wii,2007,0.0,0.0,30000.0,0.0
Aegis of Earth: Protonovus Assault,PS3,2016,10000.0,10000.0,0.0,0.0
Saka Agari Hurricane Portable,PSP,2011,0.0,0.0,30000.0,0.0
Negima!? Dream Tactic Yumemiru Otome Princess,PS2,2007,0.0,0.0,30000.0,0.0
King Arthur II,PC,2011,0.0,20000.0,0.0,0.0
Max Payne 2: The Fall of Max Payne,PC,2003,0.0,20000.0,0.0,0.0
Dakar 2: The World's Ultimate Rally,GC,2003,20000.0,10000.0,0.0,0.0
NBA 2K7,XB,2006,20000.0,10000.0,0.0,0.0
Auto Modellista,GC,2003,20000.0,10000.0,0.0,0.0
"Hanayaka Kana, Ware ga Ichizoku Twin Pack",PSP,2011,0.0,0.0,30000.0,0.0
MySims,PC,2008,0.0,20000.0,0.0,0.0
Guild Wars: Nightfall,PC,2006,0.0,20000.0,0.0,10000.0
Greg Hastings' Tournament Paintball Max'd,GBA,2006,20000.0,10000.0,0.0,0.0
Dave Mirra Freestyle BMX 3,GBA,2002,20000.0,10000.0,0.0,0.0
My Animal Centre,Wii,2009,0.0,20000.0,0.0,0.0
Frogger: Ancient Shadow,XB,2005,20000.0,10000.0,0.0,0.0
Pro Evolution Soccer 2017,XOne,2016,0.0,20000.0,0.0,0.0
La Pucelle: Ragnarok,PSP,2009,0.0,0.0,30000.0,0.0
Kiniro no Corda 2 f Encore,PSP,2009,0.0,0.0,30000.0,0.0
Darius II,SAT,1995,0.0,0.0,30000.0,0.0
RollerCoaster Tycoon 2: Triple Thrill Pack,PC,2003,0.0,20000.0,0.0,10000.0
Bleach: Soul Carnival 2,PSP,2009,0.0,0.0,30000.0,0.0
ParaParaParadise,PS2,2001,0.0,0.0,30000.0,0.0
Tiger & Bunny: On-Air Jack!,PSP,2012,0.0,0.0,30000.0,0.0
Pro Evolution Soccer 2012,3DS,2011,20000.0,0.0,0.0,0.0
Eureka Seven AO: Jungfrau no Hanabanatachi,PS3,2012,0.0,0.0,30000.0,0.0
Warship Gunner 2,PS2,2006,10000.0,10000.0,0.0,0.0
Gotcha Force,GC,2003,10000.0,0.0,10000.0,0.0
The Battle of Yuu Yuu Hakusho: Shitou! Ankoku Bujutsukai! 120%,PS2,2007,0.0,0.0,30000.0,0.0
Star Wars The Clone Wars: Republic Heroes,PC,2009,0.0,20000.0,0.0,0.0
CID The Dummy,PSP,2009,20000.0,0.0,0.0,0.0
Xblaze: Lost Memories,PSV,2015,20000.0,0.0,0.0,10000.0
DiRT Rally,PC,2016,0.0,30000.0,0.0,0.0
The Perfect Golf,PS,1995,0.0,0.0,30000.0,0.0
Let's Sing 2016,PS4,2015,20000.0,0.0,0.0,10000.0
Wrestle Kingdom,PS2,2006,0.0,0.0,30000.0,0.0
Demon Driver: Time to Burn Rubber!,GBA,2003,20000.0,10000.0,0.0,0.0
The Golf Club,XOne,2014,20000.0,0.0,0.0,0.0
Bigfoot King of Crush,Wii,2011,20000.0,0.0,0.0,0.0
Mojo!,XB,2003,20000.0,10000.0,0.0,0.0
Infinite Stratos 2: Ignition Hearts,PS3,2014,0.0,0.0,30000.0,0.0
Cabela's Big Game Hunter: Pro Hunts,X360,2014,20000.0,0.0,0.0,0.0
Mahou Sensei Negima! Kagai Jugyou ~Otome no Dokidoki Beachside~,PS2,2006,0.0,0.0,30000.0,0.0
Nekketsu Kouha Kunio-Kun SP: Rantou Kyousoukyoku,3DS,2013,0.0,0.0,30000.0,0.0
The Sims 2: Bon Voyage,PC,2007,10000.0,10000.0,0.0,0.0
Buffy the Vampire Slayer: Chaos Bleeds,GC,2003,20000.0,10000.0,0.0,0.0
Clannad,X360,2008,0.0,0.0,30000.0,0.0
Brothers Conflict: Passion Pink,PSP,2012,0.0,0.0,30000.0,0.0
Kuryuu Youma Gakuenki Recharge,PS2,2006,0.0,0.0,30000.0,0.0
Jet Grind Radio,GBA,2003,20000.0,10000.0,0.0,0.0
3DS Classic Collection,3DS,2016,20000.0,0.0,0.0,0.0
Baldur's Gate: Dark Alliance,GBA,2004,20000.0,10000.0,0.0,0.0
GRID Autosport,PC,2014,0.0,20000.0,0.0,0.0
The Adventures of Lomax,PS,1996,10000.0,10000.0,0.0,0.0
Neverwinter Nights Diamond,PC,2004,0.0,20000.0,0.0,0.0
Divinity II: Flames of Vengeance,PC,2010,0.0,20000.0,0.0,10000.0
Under the Skin,PS2,2004,10000.0,10000.0,0.0,0.0
Battlefield 2142,PC,2006,0.0,20000.0,0.0,0.0
Air Conflicts: Secret Wars,PC,2011,0.0,20000.0,0.0,10000.0
Poy Poy,PS,1997,10000.0,10000.0,0.0,0.0
Hermie Hopperhead: Scrap Panic,PS,1995,0.0,0.0,20000.0,0.0
Lost Planet 2,PC,2010,0.0,20000.0,0.0,10000.0
NHL 07,XB,2006,20000.0,10000.0,0.0,0.0
DrumMania 7th Mix,PS2,2001,0.0,0.0,30000.0,0.0
Runabout 3: Neo Age,PS2,2002,0.0,0.0,30000.0,0.0
AMNESIA World,PSV,2014,0.0,0.0,30000.0,0.0
Captain Morgane and the Golden Turtle,PS3,2012,0.0,20000.0,0.0,10000.0
Bully: Scholarship Edition,PC,2008,0.0,20000.0,0.0,0.0
My Ballet Studio,Wii,2009,20000.0,0.0,0.0,0.0
Guild Wars,PC,2005,20000.0,0.0,0.0,0.0
Clannad: Mitsumi Mamoru Sakamichi de - Gekan,PSP,2010,0.0,0.0,30000.0,0.0
Archer Maclean Presents: Pool Paradise,GC,2004,20000.0,10000.0,0.0,0.0
Sengoku Efuda Yuugi: Hototogisu Tairan,PSP,2010,0.0,0.0,30000.0,0.0
Battlezone,PSP,2006,20000.0,0.0,0.0,0.0
Medal of Honor: Vanguard,PS2,2007,0.0,0.0,30000.0,0.0
Touch Shot! Love Application,PS3,2012,0.0,0.0,30000.0,0.0
Nanotek Warrior,PS,1997,10000.0,10000.0,0.0,0.0
Cake Mania: Baker's Challenge,PS2,2008,10000.0,10000.0,0.0,0.0
Captain Tsubasa J: The Way to World Youth,SNES,1995,0.0,0.0,30000.0,0.0
Super Monkey Ball Adventure,PS2,2006,10000.0,10000.0,0.0,0.0
Alien Breed Trilogy,X360,2011,0.0,20000.0,0.0,0.0
Himoutou! Umaru-Chan: Himoutou Ikusei Keikaku,PSV,2015,0.0,0.0,30000.0,0.0
Sengoku Basara: Sanada Yukimura-Den,PS4,2016,0.0,0.0,30000.0,0.0
CID The Dummy,Wii,2009,20000.0,0.0,0.0,0.0
Kisuato,PSV,2015,0.0,0.0,30000.0,0.0
Madden NFL 07,GBA,2006,20000.0,10000.0,0.0,0.0
Renegade Racers,PS,1999,10000.0,10000.0,0.0,0.0
The Legend of Korra (3DS),3DS,2014,20000.0,0.0,0.0,0.0
Monster High 13 Wishes,WiiU,2013,20000.0,0.0,0.0,0.0
Franklin the Turtle,GBA,2005,20000.0,10000.0,0.0,0.0
Steins;Gate 0,PS3,2015,0.0,0.0,30000.0,0.0
Backyard NFL Football,Wii,2007,20000.0,0.0,0.0,0.0
Captain Morgane and the Golden Turtle,PC,2012,0.0,20000.0,0.0,0.0
Gauntlet / Rampart,GBA,2005,20000.0,10000.0,0.0,0.0
Age of Empires III: Gold Edition,PC,2007,0.0,20000.0,0.0,10000.0
Let's Play Ballerina,Wii,2010,20000.0,0.0,0.0,0.0
Disney Planes Fire & Rescue,WiiU,2014,10000.0,10000.0,0.0,0.0
Dream Girl Premier,3DS,2015,0.0,0.0,30000.0,0.0
River King: Wonderful Journey,PS2,2005,10000.0,10000.0,0.0,0.0
Senran Kagura: Bon App?tit!,PSV,2014,0.0,0.0,30000.0,0.0
Justice League Heroes: The Flash,GBA,2006,20000.0,10000.0,0.0,0.0
The Peanuts Movie: Snoopy's Grand Adventure,PS4,2015,0.0,20000.0,0.0,0.0
Kawasaki Snowmobiles,Wii,2008,20000.0,0.0,0.0,0.0
Dungeon Siege II,PC,2005,0.0,20000.0,0.0,0.0
World War II Combat: Road To Berlin,XB,2006,20000.0,10000.0,0.0,0.0
Metal Saga,PS2,2005,10000.0,10000.0,0.0,0.0
SWAT 4,PC,2005,0.0,20000.0,0.0,0.0
Last Escort 2: Shinya no Amai Toge,PS2,2008,0.0,0.0,30000.0,0.0
Pop'n Music 13 Carnival,PS2,2006,0.0,0.0,30000.0,0.0
Magicka Collection,PC,2011,0.0,20000.0,0.0,0.0
Bookworm,GBA,2004,20000.0,10000.0,0.0,0.0
Tokushu Houdoubu,PSV,2012,0.0,0.0,30000.0,0.0
Terraria,WiiU,2016,0.0,20000.0,0.0,0.0
Shakugan no Shana,PS2,2006,0.0,0.0,30000.0,0.0
Monster Mayhem: Build and Battle,Wii,2009,20000.0,0.0,0.0,0.0
The Lord of the Rings: Conquest,PC,2009,0.0,20000.0,0.0,0.0
Wand of Fortune 2: Jikuu ni Shizumu Mokushiroku,PSP,2011,0.0,0.0,30000.0,0.0
Little Busters! Converted Edition,PSV,2012,0.0,0.0,30000.0,0.0
Hankou Shashin,SAT,1996,0.0,0.0,30000.0,0.0
MeiQ no Chika Ni Shisu: A Maze to Eradicate Them All,PSV,2015,0.0,10000.0,10000.0,0.0
Capcom Digital Collection,X360,2012,20000.0,10000.0,0.0,0.0
Pro Yakyuu Family Stadium,Wii,2008,0.0,0.0,30000.0,0.0
Open Season,PS2,2006,10000.0,10000.0,0.0,0.0
Monster Hunter Frontier Online: Forward 2,X360,2011,0.0,0.0,30000.0,0.0
A Ressha de Gyoukou 2001,PS2,2001,0.0,0.0,30000.0,0.0
Diabolik Lovers: Lunatic Parade,PSV,2016,0.0,0.0,30000.0,0.0
Let's Dance with Mel B,Wii,2011,0.0,20000.0,0.0,0.0
Battlestations: Pacific,PC,2009,0.0,20000.0,0.0,0.0
Neverwinter Nights 2,PC,2006,0.0,20000.0,0.0,0.0
Starry ? Sky: In Autumn,PSP,2010,0.0,0.0,30000.0,0.0
Battlefield 1942,PC,2002,10000.0,10000.0,0.0,0.0
Back to the Future: The Game,X360,2015,20000.0,10000.0,0.0,0.0
Pitball,PS,1996,10000.0,10000.0,0.0,0.0
X-Men Origins: Wolverine - Uncaged Edition,PC,2009,20000.0,0.0,0.0,0.0
D.C. III: Da Capo III,PSP,2013,0.0,0.0,30000.0,0.0
Judge Dredd: Dredd Vs Death,PS2,2003,10000.0,10000.0,0.0,0.0
Ocean Commander,Wii,2009,20000.0,0.0,0.0,0.0
Drome Racers,GBA,2003,20000.0,10000.0,0.0,0.0
Wand of Fortune 2 FD: Kimi ni Sasageru Epilogue,PSP,2012,0.0,0.0,30000.0,0.0
God Eater Off Shot: Lindow-hen Twin Pack & Animation Vol. 2,PS4,2015,0.0,0.0,30000.0,0.0
LEGO Pirates of the Caribbean: The Video Game,PC,2011,20000.0,0.0,0.0,0.0
Turbo: Super Stunt Squad,WiiU,2013,0.0,20000.0,0.0,0.0
Jurassic Park: Operation Genesis,PC,2003,0.0,20000.0,0.0,0.0
The Peanuts Movie: Snoopy's Grand Adventure,X360,2015,0.0,20000.0,0.0,0.0
Daito Giken Koushiki Pachi-Slot Simulator Hihouden: Taiyou o Motomeru Monotachi,PS3,2013,0.0,0.0,30000.0,0.0
Jissen Pachi-Slot Hisshouhou! Hokuto no Ken 2,PS2,2007,0.0,0.0,30000.0,0.0
Bode Miller Alpine Skiing,PS2,2006,10000.0,10000.0,0.0,0.0
Mahou Sensei Negima! Private Lesson 2: Ojama Shimasu Parasite de Chu,GBA,2006,0.0,0.0,20000.0,0.0
R-Type Delta,PS,1998,10000.0,10000.0,0.0,0.0
Angelique: Maren no Rokukishi,PSP,2011,0.0,0.0,30000.0,0.0
Soul Eater: Battle Resonance,PSP,2009,0.0,0.0,30000.0,0.0
Psycho-Pass: Mandatory Happiness,PS4,2016,20000.0,0.0,0.0,0.0
The Great Battle Gaiden 2: Matsuri da Wasshoi,SNES,1994,0.0,0.0,30000.0,0.0
Rock 'N' Roll Adventures,Wii,2007,20000.0,0.0,0.0,0.0
War Gods,PS,1996,10000.0,10000.0,0.0,0.0
Evangelion: Jo,PS2,2009,0.0,0.0,30000.0,0.0
Doki Oki,PS,1995,0.0,0.0,20000.0,0.0
Kyokugen Dasshutsu ADV: Zennin Shiboudesu,PSV,2012,0.0,0.0,30000.0,0.0
Konohana 2: Todoke Kanai Requiem,PS2,2002,0.0,0.0,30000.0,0.0
Derby Time 2006,PSP,2006,0.0,0.0,30000.0,0.0
Yuusha Shisu.,PSV,2016,0.0,0.0,20000.0,0.0
Senjou no Waltz,PSV,2014,0.0,0.0,20000.0,0.0
Chuck E. Cheese's Sports Games,Wii,2011,20000.0,0.0,0.0,0.0
Ghostbusters (2016),XOne,2016,20000.0,0.0,0.0,0.0
Stronghold 2 Deluxe,PC,2005,0.0,20000.0,0.0,0.0
MAPLUS: Portable Navi 3,PSP,2009,0.0,0.0,20000.0,0.0
ZooCube,GC,2002,20000.0,0.0,0.0,0.0
Puppet Show 3: Lost Town,PC,2011,0.0,20000.0,0.0,0.0
Star Wars: Empire at War - Forces of Corruption,PC,2006,0.0,20000.0,0.0,0.0
Spy Hunter / Super Sprint,GBA,2005,20000.0,10000.0,0.0,0.0
Otometeki Koi Kakumei * Love Revo! Portable,PSP,2010,0.0,0.0,20000.0,0.0
Clover no Kuni no Alice: Wonderful Wonder World,PS2,2010,0.0,0.0,20000.0,0.0
Room Zoom: Race for Impact,XB,2004,20000.0,10000.0,0.0,0.0
Yahari Game Demo Ore no Seishun Love-Kome Hamachi Gatteiru,PSV,2013,0.0,0.0,20000.0,0.0
Ghost Pirates of Vooju Island,PC,2009,0.0,20000.0,0.0,0.0
America Oudan Ultra-Quiz,SAT,1995,0.0,0.0,20000.0,0.0
DoDonPachi Dai-Oujou: Black Label Extra,X360,2009,0.0,0.0,20000.0,0.0
ParaWorld,PC,2006,0.0,20000.0,0.0,0.0
Tropico Reloaded,PC,2009,0.0,20000.0,0.0,0.0
Shinseiki Evangelion: Battle Orchestra,PS2,2007,0.0,0.0,20000.0,0.0
Pharaoh,PC,1998,0.0,20000.0,0.0,0.0
Battlefield 2: Modern Combat(JP sales),PS2,2005,0.0,0.0,20000.0,0.0
The Idolmaster: Gravure For You! Vol.7,PS3,2012,0.0,0.0,20000.0,0.0
Stake: Fortune Fighters,XB,2003,20000.0,10000.0,0.0,0.0
Serious Sam Advance,GBA,2004,20000.0,10000.0,0.0,0.0
The Settlers: Rise of an Empire,PC,2007,10000.0,10000.0,0.0,0.0
Let's Play Garden,Wii,2010,20000.0,0.0,0.0,0.0
Pop'n Music 12 Iroha,PS2,2006,0.0,0.0,20000.0,0.0
BeatMania IIDX 11: IIDX Red,PS2,2006,0.0,0.0,20000.0,0.0
Warhammer Online: Age of Reckoning,PC,2008,0.0,20000.0,0.0,0.0
Jikkyou Powerful Pro Yakyuu 12 Ketteiban,GC,2005,0.0,0.0,20000.0,0.0
Road Trip: The Arcade Edition,GC,2002,20000.0,0.0,0.0,0.0
Juusanshi Engi Engetsu Sangokuden 2,PSP,2014,0.0,0.0,20000.0,0.0
No More Heroes: Heroes' Paradise,X360,2010,0.0,0.0,20000.0,0.0
Virtua Tennis: World Tour (jp sales),PSP,2005,0.0,0.0,20000.0,0.0
World Series of Poker 2008: Battle for the Bracelets,PSP,2007,20000.0,0.0,0.0,0.0
Ano Hi Mita Hana no Namae o Bokutachi wa Mada Shiranai,PSP,2012,0.0,0.0,20000.0,0.0
Cold War,XB,2005,20000.0,10000.0,0.0,0.0
Steel Battalion: Line of Contact,XB,2004,20000.0,10000.0,0.0,0.0
Naruto Shippuden: Ultimate Ninja Storm Collection,PS3,2016,0.0,20000.0,0.0,0.0
Ken to Mahou to Gakuen Mono. 2G,PS3,2010,0.0,0.0,20000.0,0.0
NBA Starting Five,XB,2002,20000.0,10000.0,0.0,0.0
Kami Naru Kimi to,PSP,2011,0.0,0.0,20000.0,0.0
Spy Hunter: Nowhere To Run,PS2,2006,10000.0,10000.0,0.0,0.0
LEGO Harry Potter: Years 1-4,PC,2010,10000.0,10000.0,0.0,0.0
Ikki Tousen: Eloquent Fist,PSP,2008,0.0,0.0,20000.0,0.0
Viva Pinata,PC,2007,0.0,20000.0,0.0,0.0
Carmen Sandiego: The Secret of the Stolen Drums,XB,2004,20000.0,10000.0,0.0,0.0
Disney's Magical Quest 3 Starring Mickey and Donald,GBA,2003,20000.0,10000.0,0.0,0.0
Chili Con Carnage,PSP,2007,0.0,20000.0,0.0,10000.0
Bus Simulator 16,PC,2016,0.0,20000.0,0.0,0.0
Rengoku II:  The Stairway To H.E.A.V.E.N.,PSP,2006,20000.0,0.0,0.0,0.0
Teddy Together,3DS,2016,0.0,20000.0,0.0,0.0
Omega Quintet,PS4,2014,0.0,0.0,20000.0,0.0
TV Anime Idolm@ster: Cinderella Girls G4U! Pack Vol.1,PS3,2015,0.0,0.0,20000.0,0.0
Demigod,PC,2009,0.0,20000.0,0.0,0.0
The Voice,PS3,2014,20000.0,0.0,0.0,0.0
"Ed, Edd n Eddy: The Mis-Edventures",XB,2005,20000.0,10000.0,0.0,0.0
Bunmei Haruka: Aoiza Ibunroku,PSP,2011,0.0,0.0,20000.0,0.0
TV Anime Idolm@ster: Cinderella Girls G4U! Pack Vol.6,PS3,2015,0.0,0.0,20000.0,0.0
Blade Arcus from Shining EX,PS4,2015,0.0,0.0,20000.0,0.0
Vantage Master Portable,PSP,2008,0.0,0.0,20000.0,0.0
Star Trek Online,PC,2010,0.0,20000.0,0.0,0.0
Rapala for Kinect,X360,2011,0.0,20000.0,0.0,0.0
Rugby Challenge 3,X360,2016,0.0,20000.0,0.0,0.0
Diabolik Lovers: Vandead Carnival,PSV,2014,0.0,0.0,20000.0,0.0
Ty the Tasmanian Tiger 3: Night of the Quinkan,XB,2005,20000.0,10000.0,0.0,0.0
AMF Xtreme Bowling,PS2,2006,10000.0,10000.0,0.0,0.0
Total Overdose: A Gunslinger's Tale in Mexico,XB,2005,20000.0,10000.0,0.0,0.0
Bomberman Fantasy Race,PS,1998,10000.0,10000.0,0.0,0.0
Colin McRae Rally 2.0,GBA,2002,20000.0,10000.0,0.0,0.0
Carnage Heart EXA,PSP,2010,0.0,0.0,20000.0,0.0
Tropico 4: Modern Times,PC,2012,0.0,20000.0,0.0,0.0
Europa Universalis III Complete,PC,2008,0.0,20000.0,0.0,0.0
Bugriders: The Race of Kings,PS,1997,10000.0,10000.0,0.0,0.0
Wangan Midnight Portable,PSP,2007,0.0,0.0,20000.0,0.0
Cross Ange: Tenshi to Ryuu no Rondo tr.,PSV,2015,0.0,0.0,20000.0,0.0
Canvas 2,PS2,2006,0.0,0.0,20000.0,0.0
Memories Off: Sorekara Again,PS2,2006,0.0,0.0,20000.0,0.0
Tom Clancy's Rainbow Six: Vegas 2,PC,2008,0.0,20000.0,0.0,0.0
11eyes: CrossOver,X360,2009,0.0,0.0,20000.0,0.0
Kenka Bancho Otome,PSV,2016,0.0,0.0,20000.0,0.0
George of the Jungle and the Search for the Secret,Wii,2008,20000.0,0.0,0.0,0.0
AirForce Delta Storm,GBA,2002,20000.0,10000.0,0.0,0.0
Serious Sam HD: Gold Edition,X360,2011,0.0,20000.0,0.0,0.0
Peter Pan in Disney's Return to Never Land,PS,2002,10000.0,10000.0,0.0,0.0
Ferrari Challenge Trofeo Pirelli Deluxe,Wii,2009,0.0,20000.0,0.0,0.0
SimCity Societies,PC,2007,0.0,20000.0,0.0,0.0
Mesaze!! Tsuri Master: Sekai ni Challenge! Hen,Wii,2008,0.0,0.0,20000.0,0.0
TV Anime Idolm@ster: Cinderella Girls G4U! Pack Vol.9,PS3,2016,0.0,0.0,20000.0,0.0
Fishdom 2 Deluxe,PC,2010,0.0,20000.0,0.0,10000.0
Kuusen II,PS2,2004,0.0,0.0,20000.0,0.0
Cross Channel: In Memory of All People,X360,2011,0.0,0.0,20000.0,0.0
Penguins of Madagascar,Wii,2014,0.0,20000.0,0.0,0.0
Clannad: Mitsumi Mamoru Sakamichi de - Joukan,PSP,2010,0.0,0.0,20000.0,0.0
Brothers in Arms: Hell's Highway,PC,2008,0.0,20000.0,0.0,0.0
Are You Alice?,PSP,2011,0.0,0.0,20000.0,0.0
Future Tactics: The Uprising,GC,2004,20000.0,0.0,0.0,0.0
Stronghold Crusader Extreme,PC,2008,0.0,20000.0,0.0,0.0
Kensei: Sacred Fist,PS,1997,10000.0,10000.0,0.0,0.0
Okashi na Shima no Peter Pan: Sweet Never Land,PSP,2011,0.0,0.0,20000.0,0.0
Urakata Hakuoki,PSP,2013,0.0,0.0,20000.0,0.0
Cities XL 2011,PC,2010,0.0,20000.0,0.0,0.0
Kung Fu Panda,PC,2008,0.0,20000.0,0.0,0.0
Gift: Prism,PS2,2006,0.0,0.0,20000.0,0.0
PDC World Championship Darts: Pro Tour,X360,2010,0.0,20000.0,0.0,0.0
Shanghai: True Valor,PS,1998,10000.0,10000.0,0.0,0.0
Tokyo Xanadu eX+,PS4,2016,0.0,0.0,20000.0,0.0
Steins;Gate: Senkei Kousoku no Phonogram,X360,2013,0.0,0.0,20000.0,0.0
Thunderbirds,GBA,2004,20000.0,10000.0,0.0,0.0
Winning Post 8 2015,PSV,2015,0.0,0.0,20000.0,0.0
Vitamin Z Revolution,PSP,2010,0.0,0.0,20000.0,0.0
Aria: The Origination ~Aoi Wakusei no El Cielo~,PS2,2008,0.0,0.0,20000.0,0.0
Street Fighter X Tekken,PC,2012,0.0,20000.0,0.0,0.0
Lunatic Dawn Tempest,PS2,2001,0.0,0.0,20000.0,0.0
Ceville,PC,2009,0.0,20000.0,0.0,0.0
Strike Witches: Shirogane no Tsubasa,PSP,2012,0.0,0.0,20000.0,0.0
Total Immersion Racing,XB,2002,20000.0,10000.0,0.0,0.0
Luxor: The Wrath of Set,PSP,2006,20000.0,0.0,0.0,0.0
NASCAR Heat Evolution,XOne,2016,20000.0,0.0,0.0,0.0
Board Game: Top Shop,PS,1999,10000.0,10000.0,0.0,0.0
Castlevania: Lords of Shadow - Reverie,X360,2011,20000.0,0.0,0.0,0.0
Cocoto Magic Circus,Wii,2008,20000.0,0.0,0.0,0.0
Zero no Tsukaima: Shou-akuma to Harukaze no Concerto,PS2,2007,0.0,0.0,20000.0,0.0
Dunamis 15,PS3,2011,0.0,0.0,20000.0,0.0
DemiKids: Dark Version,GBA,2002,20000.0,10000.0,0.0,0.0
GT Legends,PC,2005,0.0,20000.0,0.0,0.0
Blender Bros.,GBA,2002,20000.0,10000.0,0.0,0.0
Suzumiya Haruhi no Heiretsu,Wii,2009,0.0,0.0,20000.0,0.0
F1 Race Stars,PC,2012,0.0,20000.0,0.0,0.0
DemiKids: Light Version,GBA,2002,20000.0,10000.0,0.0,0.0
Nanatsuiro * Drops Pure!!,PS2,2007,0.0,0.0,20000.0,0.0
Escape the Emerald Star,PC,2011,20000.0,0.0,0.0,0.0
La Corda d'Oro 4,PSV,2016,0.0,0.0,20000.0,0.0
Thomas and Friends: Steaming around Sodor,3DS,2015,0.0,20000.0,0.0,0.0
Titanic Mystery,Wii,2010,20000.0,0.0,0.0,0.0
Falcon 4.0: Allied Force,PC,2005,0.0,20000.0,0.0,0.0
Bottom of the 9th '97,PS,1997,10000.0,10000.0,0.0,0.0
Shaman King: Chou Senjiryokketsu 3,GBA,2002,0.0,0.0,20000.0,0.0
Ride,X360,2015,0.0,20000.0,0.0,0.0
Line Rider 2: Unbound,Wii,2008,20000.0,0.0,0.0,0.0
HatsuKare * Renai Debut Sengen!,PSP,2013,0.0,0.0,20000.0,0.0
Unreal Anthology,PC,2006,0.0,20000.0,0.0,0.0
X3: Terran War Pack,PC,2012,0.0,20000.0,0.0,0.0
Prison Architect,PS4,2016,10000.0,10000.0,0.0,0.0
G1 Jockey Wii,Wii,2007,0.0,10000.0,20000.0,0.0
Kingdom: Ikkitousen no Ken,PSP,2010,0.0,0.0,20000.0,0.0
Wrestle Kingdom 2: Pro Wrestling Sekai Taisen,PS2,2007,0.0,0.0,20000.0,0.0
Rugby League Live 3,PS4,2015,0.0,20000.0,0.0,0.0
Tom Clancy's EndWar,PC,2009,0.0,20000.0,0.0,0.0
RayCrisis: Series Termination,PS,1999,10000.0,10000.0,0.0,0.0
Left 4 Dead,PC,2008,0.0,20000.0,0.0,0.0
Bejeweled 2 Deluxe,PC,2006,0.0,20000.0,0.0,0.0
Ikki Tousen: Shining Dragon,PS2,2007,0.0,0.0,20000.0,0.0
Kimi ga Aruji de Shitsuji ga Ore de: Oshie Nikki,PS2,2008,0.0,0.0,20000.0,0.0
Toxic Grind,XB,2002,20000.0,0.0,0.0,0.0
DiRT,PC,2007,0.0,20000.0,0.0,0.0
Kawasaki Jet Ski,Wii,2008,20000.0,0.0,0.0,0.0
Genkai Tokki: Seven Pirates,PSV,2016,0.0,0.0,20000.0,0.0
Enchanted Arms (JP sales),X360,2006,0.0,0.0,20000.0,0.0
ScrapLand,XB,2005,20000.0,0.0,0.0,0.0
Daito Giken Koushiki Pachi-Slot Simulator: Hihouden - Fuujirareta Megami Portable,PSP,2011,0.0,0.0,20000.0,0.0
Geten no Hana,PSP,2013,0.0,0.0,20000.0,0.0
Crazy Machines,Wii,2010,10000.0,10000.0,0.0,0.0
Harukanaru Toki no Naka de 3 with Izayoiki Aizouban,PSP,2009,0.0,0.0,20000.0,0.0
Blade Arcus from Shining EX,PS3,2015,0.0,0.0,20000.0,0.0
Brave: The Video Game,Wii,2012,0.0,20000.0,0.0,0.0
Frontlines: Fuel of War,PC,2008,0.0,20000.0,0.0,0.0
D.Gray-man: Sousha no Shikaku,PS2,2008,0.0,0.0,20000.0,0.0
Indianapolis 500 Evolution,X360,2009,20000.0,0.0,0.0,0.0
Grey's Anatomy: The Video Game,PC,2009,0.0,20000.0,0.0,0.0
School Days LxH,PS2,2008,0.0,0.0,20000.0,0.0
Neo Angelique,PS2,2006,0.0,0.0,20000.0,0.0
Big Idea's VeggieTales: LarryBoy and the Bad Apple,PS2,2006,10000.0,10000.0,0.0,0.0
Namco Museum Battle Collection (JP sales),PSP,2005,0.0,0.0,20000.0,0.0
Chaos;Head Noah,PSP,2010,0.0,0.0,20000.0,0.0
Brandish: The Dark Revenant,PSP,2009,0.0,0.0,20000.0,0.0
Summon Night: Swordcraft Story,GBA,2003,20000.0,10000.0,0.0,0.0
Samurai Shodown V,XB,2006,20000.0,0.0,0.0,0.0
Pro Fishing Challenge,XB,2004,20000.0,0.0,0.0,0.0
Minna no Chizu 2,PSP,2007,0.0,0.0,20000.0,0.0
Test Drive Unlimited,PC,2007,0.0,20000.0,0.0,0.0
SAW,PC,2009,0.0,20000.0,0.0,0.0
Princess Saver! Eternal Love for My Lady,PS2,2010,0.0,0.0,20000.0,0.0
To Love-Ru Trouble: Darkness - True Princess,PSV,2015,0.0,0.0,20000.0,0.0
Tokyo Mew Mew,PS,2002,0.0,0.0,20000.0,0.0
Jitsumei Jikkyou Keiba Dream Classic 2002,PS2,2002,0.0,0.0,20000.0,0.0
Ice Age: Dawn of the Dinosaurs,PC,2009,20000.0,0.0,0.0,0.0
Moujuutsukai to Oujisama: Snow Bride Portable,PSP,2012,0.0,0.0,20000.0,0.0
Twinkle * Crusaders GoGo!,PSP,2010,0.0,0.0,20000.0,0.0
Serious Sam HD: Gold Edition,PC,2010,0.0,20000.0,0.0,0.0
Rule of Rose,PS2,2006,10000.0,10000.0,0.0,0.0
RedCard 20-03,GC,2002,20000.0,0.0,0.0,0.0
Homeworld,PC,1998,0.0,20000.0,0.0,0.0
Freestyle Metal X,XB,2003,20000.0,0.0,0.0,0.0
Shonen Jump's One Piece: Grand Adventure,PS2,2005,10000.0,10000.0,0.0,0.0
Pac-Man World Rally,PS2,2006,10000.0,10000.0,0.0,0.0
Plants vs. Zombies: Garden Warfare,PC,2014,0.0,20000.0,0.0,0.0
Max Payne,PC,2001,0.0,20000.0,0.0,0.0
Uta Kumi 575,PSV,2014,0.0,0.0,20000.0,0.0
Invizimals: The Lost Kingdom,PS3,2013,0.0,20000.0,0.0,10000.0
428: Fuusa Sareta Shibuya de,PS3,2009,0.0,0.0,20000.0,0.0
IL-2 Sturmovik: Forgotten Battles,PC,2003,0.0,20000.0,0.0,0.0
Overlord,PC,2007,0.0,20000.0,0.0,0.0
Sacred 3,PC,2014,0.0,20000.0,0.0,0.0
Fritz Chess,Wii,2009,20000.0,10000.0,0.0,0.0
Hisshou Pachinko * Pachi-Slot Kouryaku Series Portable Vol. 2: CR Evangelion - Hajimari no Fukuin,PSP,2010,0.0,0.0,20000.0,0.0
NFL Blitz Pro,GC,2003,20000.0,0.0,0.0,0.0
Rocket League,PC,2016,10000.0,10000.0,0.0,0.0
Balls of Fury,Wii,2007,20000.0,0.0,0.0,0.0
18 Wheels of Steel: Extreme Trucker,PC,2009,0.0,20000.0,0.0,0.0
Rugby World Cup 2015,XOne,2015,0.0,20000.0,0.0,0.0
Winning Post 8 2015,PS3,2015,0.0,0.0,20000.0,0.0
Commandos: Strike Force,XB,2006,20000.0,0.0,0.0,0.0
Ukiyo no Roushi,PSV,2015,0.0,0.0,20000.0,0.0
Warriors of the Lost Empire (JP sales),PSP,2007,0.0,0.0,20000.0,0.0
Jojo's Bizarre Adventure,PS,1999,10000.0,10000.0,0.0,0.0
Zathura,XB,2005,20000.0,0.0,0.0,0.0
Cities in Motion Collection,PC,2011,0.0,20000.0,0.0,0.0
Evolution Snowboarding,PS2,2002,10000.0,10000.0,0.0,0.0
Jissen Pachinko Hisshouhou! CR Sakura Taisen,PS2,2007,0.0,0.0,20000.0,0.0
Aegis of Earth: Protonovus Assault,PS4,2016,20000.0,0.0,0.0,0.0
Super Nazo Puyo Tsuu: Ruruu no Tetsuwan Hanjyouki,SNES,1996,0.0,0.0,20000.0,0.0
Zillions of Enemy X: Zetsukai no Crusade,PS3,2013,0.0,0.0,20000.0,0.0
Kung Fu Panda: Showdown of Legendary Legends,PS3,2015,0.0,20000.0,0.0,0.0
The Settlers IV,PC,2001,0.0,20000.0,0.0,0.0
Happiness! De-Lucks,PS2,2007,0.0,0.0,20000.0,0.0
Mount & Blade,PC,2008,0.0,20000.0,0.0,0.0
Eureka Seven Vol. 2: The New Vision,PS2,2006,0.0,0.0,20000.0,0.0
Love Once: Mermaid's Tears,PS3,2011,0.0,0.0,20000.0,0.0
Puzzle Challenge: Crosswords and More!,PS2,2006,10000.0,10000.0,0.0,0.0
Mata Hari: Betrayal is only a Kiss Away,PC,2008,0.0,20000.0,0.0,0.0
"Simple 2500 Series Portable!! Vol. 12: The Hohei 2: Senyuu yo, Sakini Ike",PSP,2009,0.0,0.0,20000.0,0.0
Muppets Party Cruise,GC,2003,20000.0,0.0,0.0,0.0
Quake 4,PC,2005,0.0,20000.0,0.0,0.0
Maximum Capacity: Hotel Giant,PC,2002,0.0,20000.0,0.0,0.0
Sengoku Otome: Legend Battle,PSV,2016,0.0,0.0,20000.0,0.0
Shippuu Mahou Daisakusen: Kingdom-Grandprix,SAT,1996,0.0,0.0,20000.0,0.0
Yamasa Digi Portable: Matsuri no Tatsujin - Win-Chan no Natsumatsuri,PSP,2006,0.0,0.0,20000.0,0.0
Heart no Kuni no Alice Anniversary Ver.: Wonderful Wonder World,PSP,2011,0.0,0.0,20000.0,0.0
Fuel,PC,2009,0.0,20000.0,0.0,0.0
Serious Sam: Next Encounter,GC,2004,20000.0,0.0,0.0,0.0
PachiPara 15: Super Umi Monogatari in Okinawa 2,PS3,2010,0.0,0.0,20000.0,0.0
Motto! SoniComi,PS3,2014,0.0,0.0,20000.0,0.0
Knight's Apprentice: Memorick's Adventures,XB,2004,20000.0,0.0,0.0,0.0
Darksiders,PS3,2010,10000.0,10000.0,0.0,0.0
Natsuiro no Sunadokei,PS2,2002,0.0,0.0,20000.0,0.0
Indigo Prophecy,PC,2005,0.0,20000.0,0.0,0.0
Jissen Pachi-Slot Hisshouhou! Mister Magic Neo,PS2,2007,0.0,0.0,20000.0,0.0
Tale of a Hero,PC,2010,0.0,20000.0,0.0,10000.0
Valentino Rossi: The Game,XOne,2016,0.0,20000.0,0.0,0.0
Turbo: Super Stunt Squad,PS3,2013,0.0,20000.0,0.0,0.0
FIFA Soccer 09,PC,2008,0.0,20000.0,0.0,0.0
The Lord of the Rings: The Battle for Middle-Earth II,PC,2006,10000.0,10000.0,0.0,0.0
Ballblazer Champions,PS,1997,10000.0,10000.0,0.0,0.0
So Blonde,PC,2008,0.0,20000.0,0.0,0.0
Winter Sports 2011,X360,2011,0.0,20000.0,0.0,0.0
Koisuru Otome to Shugo no Tate: The Shield of AIGIS,PS2,2008,0.0,0.0,20000.0,0.0
Moujuutsukai to Oujisama Portable,PSP,2011,0.0,0.0,20000.0,0.0
Galaxy Angel II: Eigou Kaiki no Koku,PS2,2009,0.0,0.0,20000.0,0.0
Genroh,PSP,2012,0.0,0.0,20000.0,0.0
Otome wa Oanesama Boku ni Koi Shiteru Portable,PSP,2010,0.0,0.0,20000.0,0.0
Iron Phoenix,XB,2005,20000.0,0.0,0.0,0.0
Legend: Hand of God,PC,2007,0.0,20000.0,0.0,0.0
Geon Cube,Wii,2009,20000.0,0.0,0.0,0.0
Kuon,PS2,2004,10000.0,10000.0,0.0,0.0
Kannou Mukashi Banashi Portable,PSP,2012,0.0,0.0,20000.0,0.0
Umineko no Naku Koro ni: Majo to Suiri no Rinbukyoku,PS3,2010,0.0,0.0,20000.0,0.0
Diabolik Lovers: More Blood,PSV,2015,0.0,0.0,20000.0,0.0
Triple Crown Championship Snowboarding,Wii,2010,20000.0,0.0,0.0,0.0
UnchainBlades EXXiV,3DS,2012,0.0,0.0,20000.0,0.0
The Fast and the Furious,PSP,2007,20000.0,0.0,0.0,0.0
Fallout Trilogy,PC,2004,0.0,20000.0,0.0,0.0
Carmen Sandiego: The Secret of the Stolen Drums,GC,2004,20000.0,0.0,0.0,0.0
The Sims: Complete Collection,PC,2005,10000.0,10000.0,0.0,0.0
Command & Conquer 3: Deluxe Edition,PC,2008,0.0,20000.0,0.0,0.0
Dance! It's Your Stage,PS3,2011,0.0,20000.0,0.0,10000.0
Sacred Gold,PC,2005,0.0,20000.0,0.0,0.0
Dies Irae: Amantes Amentes,PSP,2012,0.0,0.0,20000.0,0.0
Puyo Puyo! 15th Anniversary,PSP,2007,0.0,0.0,20000.0,0.0
The Idolmaster: Gravure For You! Vol.9,PS3,2012,0.0,0.0,20000.0,0.0
Ryu-koku,PS2,2006,0.0,0.0,20000.0,0.0
Group S Challenge,XB,2003,20000.0,0.0,0.0,0.0
GunParade Orchestra: Midori no Shou,PS2,2006,0.0,0.0,20000.0,0.0
Shooter: Starfighter Sanvein,PS,2000,10000.0,10000.0,0.0,0.0
Sakura Wars 1 & 2,PSP,2006,0.0,0.0,20000.0,0.0
Kao Challengers,PSP,2005,20000.0,0.0,0.0,0.0
Order of War,PC,2009,0.0,10000.0,0.0,0.0
Terminator 3: The Redemption,GC,2004,20000.0,0.0,0.0,0.0
Painkiller,PC,2004,0.0,20000.0,0.0,0.0
Date A Live: Arusu Install,PS3,2014,0.0,0.0,20000.0,0.0
Canimal Triple,PSV,2014,0.0,20000.0,0.0,0.0
Sugoi Hebereke,SNES,1994,0.0,0.0,20000.0,0.0
Pebble Beach Golf Links,SAT,1994,0.0,0.0,20000.0,0.0
Spider-Man: Web of Shadows,PC,2008,0.0,20000.0,0.0,0.0
Dakar 2: The World's Ultimate Rally,XB,2003,20000.0,0.0,0.0,0.0
Jelly Belly: Ballistic Beans,Wii,2009,20000.0,0.0,0.0,0.0
PopCap Hits!,X360,2011,0.0,20000.0,0.0,0.0
Higurashi Daybreak Portable Mega Edition,PSP,2009,0.0,0.0,20000.0,0.0
Shinken de Watashi ni Koi Shinasai! R,PS3,2012,0.0,0.0,20000.0,0.0
Whiteout,PS2,2002,10000.0,10000.0,0.0,0.0
Shiratsuyu no Kai,PSP,2013,0.0,0.0,20000.0,0.0
Dungeon Defenders,PC,2011,20000.0,0.0,0.0,0.0
Final Fantasy XIV: Heavensward,PS3,2015,10000.0,0.0,10000.0,0.0
Sniper Elite V2,WiiU,2013,0.0,20000.0,0.0,0.0
World Neverland 2in1 Portable: Olerud Kingdom & Republic of Pluto,PSP,2008,0.0,0.0,20000.0,0.0
XGRA: Extreme G Racing Association,GC,2003,20000.0,0.0,0.0,0.0
Command & Conquer: The First Decade,PC,2006,10000.0,10000.0,0.0,0.0
Thomas & Friends: Hero of the Rails,Wii,2010,0.0,20000.0,0.0,0.0
Taito Legends 2,PS2,2006,10000.0,10000.0,0.0,0.0
World Championship Poker featuring Howard Lederer: All In,Wii,2006,20000.0,0.0,0.0,0.0
Kill.Switch,GBA,2004,20000.0,10000.0,0.0,0.0
"Renai Banchou: Inochi Meishi, Koiseyo Otome! Love is Power!!!",PSP,2010,0.0,0.0,20000.0,0.0
Jinsei Game Wii,Wii,2007,0.0,0.0,20000.0,0.0
Heavy Fire: The Chosen Few 3D,3DS,2011,20000.0,0.0,0.0,0.0
Hyakka Hyakurou: Sengoku Ninpoujou,PSV,2016,0.0,0.0,20000.0,0.0
Gekka Ryouran Romance,PSP,2011,0.0,0.0,20000.0,0.0
Don Bradman Cricket 14,PS3,2014,0.0,20000.0,0.0,0.0
Guess the Logos,XB,2004,20000.0,0.0,0.0,0.0
Ore no Yome: Anata Dake no Hanayome,X360,2010,0.0,0.0,20000.0,0.0
Military History: Commander - Europe at War,PSP,2009,0.0,10000.0,0.0,10000.0
NightTruth: Explanation of the Paranormal - The Making of Nighttruth: Voice Selection,SAT,1996,0.0,0.0,20000.0,0.0
Final Approach 2: 1st Priority,PS2,2008,0.0,0.0,20000.0,0.0
Stormrise,PC,2009,0.0,20000.0,0.0,0.0
Gochuumon wa Usagi Desu ka?? Wonderful Party!,PSV,2016,0.0,0.0,20000.0,0.0
Moujuutsukai to Oujisama: Snow Bride,PS2,2011,0.0,0.0,20000.0,0.0
Detective Jinguuji Saburo: Ronde Revenge,3DS,2012,0.0,0.0,20000.0,0.0
Casper: Spirit Dimensions,GC,2002,20000.0,0.0,0.0,0.0
Meitantei Evangelion,PS2,2007,0.0,0.0,20000.0,0.0
Tsuyo Kiss 2 Portable,PSP,2010,0.0,0.0,20000.0,0.0
Butt-Ugly Martians: Zoom or Doom!,PS2,2002,10000.0,10000.0,0.0,0.0
F1 2016 (Codemasters),PC,2016,0.0,20000.0,0.0,0.0
Brain Dead 13,PS,1996,10000.0,10000.0,0.0,0.0
Spider-Man 3,PC,2007,20000.0,0.0,0.0,0.0
Robotics;Notes,X360,2012,0.0,0.0,20000.0,0.0
Rugby League Team Manager 2015,PC,2015,0.0,20000.0,0.0,0.0
The Lord of the Rings Online: Mines of Moria,PC,2008,0.0,20000.0,0.0,0.0
War Leaders: Clash of Nations,PC,2009,0.0,20000.0,0.0,0.0
Dungeons & Dragons: Shadow over Mystara,PS3,2013,0.0,0.0,20000.0,0.0
The King of Fighters NeoWave,XB,2006,20000.0,0.0,0.0,0.0
Super PickUps,PS2,2007,10000.0,10000.0,0.0,0.0
Puzzle Quest: Challenge of the Warlords,PSP,2007,10000.0,0.0,0.0,0.0
Aquanaut's Holiday,PS,1995,10000.0,10000.0,0.0,0.0
Nisenochigiri,PSP,2010,0.0,0.0,20000.0,0.0
Wakeboarding Unleashed Featuring Shaun Murray,GBA,2003,10000.0,10000.0,0.0,0.0
The Testament of Sherlock Holmes,X360,2012,0.0,20000.0,0.0,0.0
Kikou Heidan J-Phoenix: Cobalt Shoutaihen,PS2,2002,0.0,0.0,20000.0,0.0
Last Escort,PS2,2006,0.0,0.0,20000.0,0.0
Meikyuu Cross Blood: Reloaded,X360,2011,0.0,0.0,20000.0,0.0
Nicktoons Collection: Game Boy Advance Video Volume 3,GBA,2005,10000.0,10000.0,0.0,0.0
Elminage III: Ankoku no Shito to Yaiyou no Kyuuden,PSP,2011,0.0,0.0,20000.0,0.0
Aria: The Natural ~Tooi Yume no Mirage~,PS2,2006,0.0,0.0,20000.0,0.0
Hellgate: London,PC,2007,0.0,20000.0,0.0,0.0
Katekyoo Hitman Reborn! Dream Hyper Battle! Wii,Wii,2008,0.0,0.0,20000.0,0.0
The Awakened Fate Ultimatum,PS3,2014,0.0,0.0,20000.0,0.0
Gal Gun,PS3,2012,0.0,0.0,20000.0,0.0
Chuck E. Cheese's Super Collection,Wii,2011,20000.0,0.0,0.0,0.0
Kung Fu Panda: Showdown of Legendary Legends,3DS,2015,0.0,20000.0,0.0,0.0
Shonen Jump's Shaman King: Master of Spirits 2,GBA,2005,10000.0,10000.0,0.0,0.0
Dead Rising,PS4,2016,10000.0,0.0,0.0,0.0
Homefront: The Revolution,PC,2016,0.0,20000.0,0.0,0.0
Toki no Kizuna: Hanayui Tsuzuri,PSP,2013,0.0,0.0,20000.0,0.0
The Technomancer,XOne,2016,10000.0,10000.0,0.0,0.0
Rinne no Lagrange: Kamogawa Days,PS3,2012,0.0,0.0,20000.0,0.0
TOCA Race Driver 3,PC,2006,0.0,20000.0,0.0,0.0
Airport Simulator,PC,2011,0.0,20000.0,0.0,0.0
Casper's Scare School: Spooky Sports Day,Wii,2009,20000.0,0.0,0.0,0.0
Code R,SAT,1998,0.0,0.0,20000.0,0.0
The Idolmaster: Gravure For You! Vol.8,PS3,2012,0.0,0.0,20000.0,0.0
Disney Sports Football,GBA,2002,10000.0,10000.0,0.0,0.0
Oil Rush,PC,2012,0.0,20000.0,0.0,0.0
Cabela's Big Game Hunter: Pro Hunts,WiiU,2014,20000.0,0.0,0.0,0.0
Hakuoki: Shinkai - Furi no Shou,PSV,2015,0.0,0.0,20000.0,0.0
Demolition Company: Gold Edition,PC,2011,0.0,20000.0,0.0,0.0
Headhunter: Redemption,XB,2004,20000.0,0.0,0.0,0.0
Onechanbara Special,PSP,2011,0.0,0.0,20000.0,0.0
Daikaijuu Battle: Ultra Coliseum,Wii,2008,0.0,0.0,20000.0,0.0
Saki: Achiga-Hen Portable,PSP,2013,0.0,0.0,20000.0,0.0
Bella Sara 2 - The Magic of Drasilmare,3DS,2013,0.0,20000.0,0.0,0.0
Minna de Dokusho: Keatai Shousetsu Desu,PSP,2008,0.0,0.0,20000.0,0.0
Prehistorik Man,GBA,2001,10000.0,10000.0,0.0,0.0
F1 2002,GBA,2002,10000.0,10000.0,0.0,0.0
Chicago Enforcer,XB,2005,20000.0,0.0,0.0,0.0
Dance Dance Revolution Extra Mix,PS,2001,0.0,0.0,20000.0,0.0
UnchainBlades EXXiV,PSP,2012,0.0,0.0,20000.0,0.0
Princess Isabella: A Witch's Curse,Wii,2010,20000.0,0.0,0.0,0.0
The Legend of Heroes: Trails in the Sky Third Chapter,PSV,2016,0.0,0.0,20000.0,0.0
Pippa Funnell: Ranch Rescue,Wii,2007,0.0,20000.0,0.0,0.0
Super Bowling,N64,1999,20000.0,0.0,0.0,0.0
Rat Attack!,N64,2000,20000.0,0.0,0.0,0.0
Chuugen no Hasha: Sangoku Shouseiden,PSP,2006,0.0,0.0,20000.0,0.0
The Sims 2: Happy Holiday Stuff,PC,2006,10000.0,10000.0,0.0,0.0
Largo Winch .// Commando Sar,PS,2002,10000.0,10000.0,0.0,0.0
Joker no Kuni no Alice: Wonderful Wonder World,PSP,2011,0.0,0.0,20000.0,0.0
Ruff Trigger: The Vanocore Conspiracy,PS2,2006,10000.0,10000.0,0.0,0.0
Silent Bomber,PS,1999,10000.0,10000.0,0.0,0.0
Samurai & Dragons,PSV,2012,0.0,0.0,20000.0,0.0
TV Anime Idolm@ster: Cinderella Girls G4U! Pack Vol.7,PS3,2015,0.0,0.0,20000.0,0.0
Elminage Original: Majo to Megami to Kamigami no Yubiwa,PSP,2011,0.0,0.0,20000.0,0.0
TalkMan,PSP,2006,0.0,0.0,20000.0,0.0
XGRA: Extreme G Racing Association,XB,2003,20000.0,0.0,0.0,0.0
Uta no * Prince-Sama,PSP,2010,0.0,0.0,20000.0,0.0
Ridge Racer Unbounded,PC,2012,0.0,20000.0,0.0,0.0
Elminage Gothic: Ulm Zakir to Yami no Gishiki,PSP,2012,0.0,0.0,20000.0,0.0
Planetarium Creator Ohira Takayuki Kanshuu: HomeStar Portable - 21st Century Star Navigator,PSP,2006,0.0,0.0,20000.0,0.0
Crayon Shin-Chan: Uchuu de Achoo!? Yuujou no Oba-Karate!!,3DS,2011,0.0,0.0,20000.0,0.0
Invizimals: The Resistance,PSV,2014,0.0,20000.0,0.0,0.0
Anima - Gate of Memories,PS4,2016,0.0,20000.0,0.0,0.0
Arcana Famiglia: Vascello Phantasma no Majutsushi,PSP,2012,0.0,0.0,20000.0,0.0
The Legend of Heroes: Trails in the Sky Second Chapter,PS3,2013,0.0,0.0,20000.0,0.0
Motocross Mania 3,XB,2005,10000.0,0.0,0.0,0.0
Psycho-Pass: Mandatory Happiness,PSV,2016,0.0,10000.0,10000.0,0.0
ESPN MLS ExtraTime 2002,GC,2002,20000.0,0.0,0.0,0.0
Winning Post 7: Maximum 2007,PS2,2007,0.0,0.0,20000.0,0.0
Resident Evil: Umbrella Corps,PS4,2016,0.0,0.0,20000.0,0.0
Strike Witches: Anata to Dekiru Koto - A Little Peaceful Days,PS2,2010,0.0,0.0,20000.0,0.0
Vitamin R,PSP,2013,0.0,0.0,20000.0,0.0
Fist of the North Star: Ken's Rage 2,WiiU,2013,0.0,0.0,20000.0,0.0
Maximum Racing: Crash Car Racer,Wii,2010,10000.0,10000.0,0.0,0.0
Dragon Ball Z: Buu's Fury / Dragon Ball GT: Transformation,GBA,2006,10000.0,10000.0,0.0,0.0
Deus Ex: Mankind Divided,PC,2016,0.0,20000.0,0.0,0.0
Guitar Freaks V2 & DrumMania V2,PS2,2006,0.0,0.0,20000.0,0.0
Backyard Baseball '09,PS2,2008,10000.0,10000.0,0.0,0.0
Gakuen K: Wonderful School Days,PSP,2014,0.0,0.0,20000.0,0.0
Worms,X360,2007,0.0,20000.0,0.0,0.0
RollerCoaster Tycoon World,PC,2016,0.0,20000.0,0.0,0.0
Pastel Chime Continue,PSP,2010,0.0,0.0,20000.0,0.0
Trapped Dead,PC,2011,0.0,20000.0,0.0,0.0
Super Fruit Fall,Wii,2006,10000.0,0.0,0.0,0.0
Zwei!!,PSP,2008,0.0,0.0,20000.0,0.0
Pump It Up: Exceed,XB,2005,10000.0,0.0,0.0,0.0
Ro-Kyu-Bu! Lost Secret,PSP,2013,0.0,0.0,20000.0,0.0
CV Casting Voice,PS3,2014,0.0,0.0,20000.0,0.0
Littlest Pet Shop,PC,2008,0.0,20000.0,0.0,0.0
Net High,PSV,2015,0.0,0.0,20000.0,0.0
Malice,PS2,2004,10000.0,10000.0,0.0,0.0
The Sims 2: Family Fun Stuff,PC,2006,0.0,10000.0,0.0,0.0
Sega Ages 2500 Series Vol. 32: Phantasy Star Complete Collection,PS2,2008,0.0,0.0,20000.0,0.0
Worldwide Soccer Manager 2007,PC,2006,0.0,20000.0,0.0,0.0
Heroes of the Pacific,PC,2005,0.0,20000.0,0.0,0.0
Kokoro Connect: Yochi Random,PSP,2012,0.0,0.0,20000.0,0.0
Tenkai Knights: Brave Battle,3DS,2014,10000.0,10000.0,0.0,0.0
Mount & Blade: Warband,PC,2010,10000.0,10000.0,0.0,0.0
Horrid Henry: Missions of Mischief,Wii,2010,0.0,20000.0,0.0,0.0
Dark Tales: Edgar Allan Poe's The Premature Burial,PC,2012,0.0,20000.0,0.0,0.0
Painkiller: Hell & Damnation,X360,2013,0.0,10000.0,0.0,0.0
Resident Evil Zero,PC,2016,10000.0,10000.0,0.0,0.0
Warship Gunner 2 Portable,PSP,2009,0.0,0.0,20000.0,0.0
Downtown Nekketsu Jidaigek,3DS,2015,0.0,0.0,20000.0,0.0
Mini Ninjas,PC,2009,0.0,20000.0,0.0,0.0
Legend of Kay Anniversary,PS4,2015,0.0,20000.0,0.0,0.0
NHL 09,PC,2008,0.0,20000.0,0.0,0.0
Battle Princess of Arcadias,PS3,2013,0.0,0.0,20000.0,0.0
Nobunaga's Ambition: Tenshouki with Power-Up Kit HD Version,PSV,2015,0.0,0.0,20000.0,0.0
Germany's Next Topmodel 2011,Wii,2011,0.0,20000.0,0.0,0.0
Uchuu Keiji Tamashii: The Space Sheriff Spirits,PS2,2006,0.0,0.0,20000.0,0.0
Angelique Retour,PSV,2015,0.0,0.0,20000.0,0.0
UFO: Trilogy,PC,2007,0.0,20000.0,0.0,0.0
Mount & Blade Collection,PC,2012,0.0,20000.0,0.0,0.0
Car Battler Joe,GBA,2001,10000.0,10000.0,0.0,0.0
Vietcong,PC,2003,0.0,20000.0,0.0,0.0
StormLover Karen!!,PSP,2011,0.0,0.0,20000.0,0.0
Digimon Rumble Arena 2,XB,2004,10000.0,0.0,0.0,0.0
Steins;Gate: Hiyoku Renri no Darling,PS3,2012,0.0,0.0,20000.0,0.0
Ten Pin Alley 2,Wii,2008,20000.0,0.0,0.0,0.0
Coded Soul: Uke Keigareshi Idea,PSP,2008,0.0,0.0,20000.0,0.0
Starship Troopers,PC,2005,0.0,20000.0,0.0,0.0
AIR,PSP,2007,0.0,0.0,20000.0,0.0
Crysis: Warhead,PC,2008,0.0,20000.0,0.0,0.0
Hana to Otome ni Shukufuku o: Harekaze no Okurimono,PS2,2010,0.0,0.0,20000.0,0.0
Dino Dini's Kick Off Revival,PS4,2016,0.0,20000.0,0.0,0.0
Mighty No. 9,WiiU,2016,10000.0,10000.0,0.0,0.0
Atlantic Quest,PC,2011,0.0,20000.0,0.0,0.0
Tycoon City: New York,PC,2006,0.0,20000.0,0.0,0.0
TV Anime Idolm@ster: Cinderella Girls G4U! Pack Vol.5,PS3,2015,0.0,0.0,20000.0,0.0
Agatha Christie: The ABC Murders,PC,2016,0.0,20000.0,0.0,0.0
Virtua Pro Football,PS2,2006,0.0,0.0,20000.0,0.0
Date-A-Live Twin Edition: Rio Reincarnation,PSV,2015,0.0,0.0,20000.0,0.0
Adidas Power Soccer 98,PS,1998,10000.0,10000.0,0.0,0.0
Natsuiro High School: Seishun Hakusho,PS4,2015,0.0,0.0,20000.0,0.0
Black Rose Valkyrie,PS4,2016,0.0,0.0,20000.0,0.0
Heroes VS,PSP,2013,0.0,0.0,20000.0,0.0
Kazoku Keikaku,PSP,2010,0.0,0.0,20000.0,0.0
"Transformers: Revenge of the Fallen (XBox 360, PS3, & PC Versions)",PC,2009,20000.0,0.0,0.0,0.0
Agatha Christie's The ABC Murders,PS4,2016,10000.0,10000.0,0.0,0.0
Tom Clancy's Splinter Cell Classic Trilogy HD,PS3,2011,20000.0,0.0,0.0,0.0
Aoishiro,PS2,2008,0.0,0.0,20000.0,0.0
"Warhammer 40,000: Dawn of War: Soulstorm",PC,2008,0.0,20000.0,0.0,0.0
Virtual Kasparov,GBA,2002,10000.0,10000.0,0.0,0.0
Codename: Kids Next Door: Operation V.I.D.E.O.G.A.M.E.,XB,2005,10000.0,0.0,0.0,0.0
Dynasty Warriors 8: Empires,PSV,2015,0.0,0.0,20000.0,0.0
Devil Survivor: Over Clock,3DS,2015,0.0,0.0,20000.0,0.0
PC Engine Best Collection: Tengai Makyou Collection,PSP,2008,0.0,0.0,20000.0,0.0
Commandos 3: Destination Berlin,PC,2003,0.0,20000.0,0.0,0.0
Otoko Yukaku,PSV,2015,0.0,0.0,20000.0,0.0
Speed Kings,GC,2003,10000.0,0.0,0.0,0.0
Spirits and Demons: 5 Game Pack,PC,2015,0.0,20000.0,0.0,0.0
Rose to Tasogare no Kojou,PSV,2016,0.0,0.0,20000.0,0.0
Army Rescue,Wii,2009,20000.0,0.0,0.0,0.0
Azada,3DS,2012,0.0,20000.0,0.0,0.0
ESPN MLS ExtraTime 2002,XB,2002,10000.0,0.0,0.0,0.0
Zettai Meikyuu Grimm: Nanatsu no Kagi to Rakuen no Otome,PSP,2010,0.0,0.0,20000.0,0.0
Hogs of War,PS,2000,10000.0,10000.0,0.0,0.0
Katekyoo Hitman Reborn! Dream Hyper Battle!,PS2,2007,0.0,0.0,20000.0,0.0
Muchi Muchi Pork & Pink Sweets,X360,2011,0.0,0.0,20000.0,0.0
Point Blank 3,PS,2000,10000.0,10000.0,0.0,0.0
Meiji Toukyou Renka,PSP,2013,0.0,0.0,20000.0,0.0
Sengoku Basara: Sanada Yukimura-Den,PS3,2016,0.0,0.0,20000.0,0.0
Hakuoki: Shinkai - Hana no Shou,PSV,2016,0.0,0.0,20000.0,0.0
Mushihimesama,X360,2012,0.0,0.0,20000.0,0.0
Uru: Ages Beyond Myst,PC,2003,0.0,20000.0,0.0,0.0
Higurashi no Naku Koro ni: Jan,PSP,2009,0.0,0.0,20000.0,0.0
Soukoku no Kusabi: Hiiro no Kakera 3 - Ashita e no Tobira,PSP,2012,0.0,0.0,20000.0,0.0
Elvandia Story,PS2,2007,0.0,0.0,20000.0,0.0
Triggerheart Excelica Enhanced,PS2,2009,0.0,0.0,20000.0,0.0
Puzzle Star Sweep,PS,1997,10000.0,10000.0,0.0,0.0
Battle Spirits: Kiseki no Hasha,PSP,2009,0.0,0.0,20000.0,0.0
X-Plane 10 Global,PC,2013,0.0,20000.0,0.0,0.0
The Conveni 4,PS2,2006,0.0,0.0,20000.0,0.0
The Cheetah Girls,GBA,2006,10000.0,0.0,0.0,0.0
Charlie's Angels,GC,2003,10000.0,0.0,0.0,0.0
WRC 2: FIA World Rally Championship,PC,2011,0.0,10000.0,0.0,0.0
uDraw Studio: Instant Artist,X360,2011,10000.0,10000.0,0.0,0.0
Teenage Mutant Ninja Turtles Double Pack,GBA,2006,10000.0,0.0,0.0,0.0
Prism Ark: Awake,PS2,2008,0.0,0.0,20000.0,0.0
Rozen Maiden: Duellwalzer,PS2,2006,0.0,0.0,20000.0,0.0
Rugby 06,XB,2006,10000.0,0.0,0.0,0.0
Marvel Avengers: Battle for Earth,X360,2012,20000.0,0.0,0.0,0.0
Winter Blast: 9 Snow & Ice Games,Wii,2010,20000.0,0.0,0.0,0.0
Natsuiro High School: Seishun Hakusho,PS3,2015,0.0,0.0,20000.0,0.0
Kamen Rider: Battride War II,WiiU,2014,0.0,0.0,20000.0,0.0
Shrek / Shark Tale Game Boy Advance Video,GBA,2006,10000.0,0.0,0.0,0.0
Urban Chaos: Riot Response,XB,2006,10000.0,0.0,0.0,0.0
Katekyoo Hitman Reborn!! Let's Ansatsu!? Nerawareta 10 Daime!,PS2,2007,0.0,0.0,20000.0,0.0
The Mummy,GBA,2002,10000.0,0.0,0.0,0.0
Guitar Freaks V3 & DrumMania V3,PS2,2007,0.0,0.0,20000.0,0.0
The Talos Principle,PS4,2015,0.0,20000.0,0.0,0.0
The Crow: City of Angels,PS,1997,10000.0,10000.0,0.0,0.0
Legendary,PC,2008,0.0,10000.0,0.0,0.0
Snow Portable,PSP,2007,0.0,0.0,20000.0,0.0
Poyo Poyo Kansatsu Nikki,3DS,2012,0.0,0.0,20000.0,0.0
Guitar Freaks & DrumMania: Masterpiece Gold,PS2,2007,0.0,0.0,20000.0,0.0
Broken Sword: The Sleeping Dragon,XB,2003,10000.0,0.0,0.0,0.0
Wild West Shootout,Wii,2010,10000.0,10000.0,0.0,0.0
Miyako,PSP,2010,0.0,0.0,20000.0,0.0
Motto NUGA-CEL!,PSP,2010,0.0,0.0,20000.0,0.0
Yu-Gi-Oh! GX: The Beginning of Destiny (JP sales),PS2,2007,0.0,0.0,20000.0,0.0
11eyes: CrossOver,PSP,2010,0.0,0.0,20000.0,0.0
Tsuki ni Yori Sou Otome no Sahou: Hidamari no Hibi,PSV,2015,0.0,0.0,20000.0,0.0
Gon: BakuBakuBakuBaku Adventure,3DS,2012,0.0,0.0,20000.0,0.0
Amatsumi Sora ni! Kumo no Hatate ni,PSV,2015,0.0,0.0,20000.0,0.0
Earth Seeker,Wii,2011,0.0,0.0,20000.0,0.0
Downtown Nekketsu Koushinkyoku: Soreyuke Daiundoukai All-Star Special,PS3,2015,0.0,0.0,20000.0,0.0
Lovely x Cation 1 & 2,PSV,2015,0.0,0.0,20000.0,0.0
Barbie as the Princess and the Pauper,GBA,2004,10000.0,0.0,0.0,0.0
Blood Bowl: Legendary Edition,PC,2010,0.0,10000.0,0.0,0.0
Tantei Opera: Milky Holmes,PSP,2010,0.0,0.0,20000.0,0.0
Pirates of the Burning Sea,PC,2008,0.0,10000.0,0.0,0.0
TV Anime Idolm@ster: Cinderella Girls G4U! Pack Vol.8,PS3,2016,0.0,0.0,20000.0,0.0
Mary King's Riding School 2,Wii,2009,0.0,20000.0,0.0,0.0
Micro Machines V4,PSP,2006,10000.0,0.0,0.0,0.0
Entaku no Seito: The Eternal Legend,PSP,2012,0.0,0.0,20000.0,0.0
New Atelier Rorona: Hajimari no Monogatari,3DS,2015,0.0,0.0,20000.0,0.0
WorldShift,PC,2009,20000.0,0.0,0.0,0.0
The Crew: Wild Run,PC,2015,0.0,20000.0,0.0,0.0
7 Roses: A Darkness Rises,PC,2015,0.0,20000.0,0.0,0.0
Sega Ages 2500 Series Vol. 29: Monster World Complete Collection,PS2,2007,0.0,0.0,20000.0,0.0
Bakumatsu Rock: Ultra Soul,PSV,2014,0.0,0.0,20000.0,0.0
Metal Fight Beyblade Portable: Chouzetsu Tensei Vulcan Horses,PSP,2010,0.0,0.0,20000.0,0.0
Niko Puchi Girls Runway,3DS,2015,0.0,0.0,20000.0,0.0
MotoGP 14,PSV,2014,0.0,10000.0,0.0,0.0
Arabians Lost: The Engagement on Desert,PS2,2007,0.0,0.0,20000.0,0.0
Summon Night Granthese: Horobi no Ken to Yakusoku no Kishi,PS2,2010,0.0,0.0,20000.0,0.0
Peggle Nights,PC,2008,0.0,10000.0,0.0,0.0
Starry ? Sky: After Summer,PSP,2013,0.0,0.0,20000.0,0.0
Puzzle Guzzle,PSP,2007,20000.0,0.0,0.0,0.0
ESPN NFL Primetime 2002,XB,2002,10000.0,0.0,0.0,0.0
Gallop Racer Inbreed,PS2,2006,0.0,0.0,20000.0,0.0
Myth Makers: Super Kart GP,Wii,2007,10000.0,0.0,0.0,0.0
Red Ninja: End of Honor,XB,2005,10000.0,0.0,0.0,0.0
Ketsui: Kizuna Jigoku Tachi Extra,X360,2010,0.0,0.0,20000.0,0.0
Call of Duty: Modern Warfare Trilogy,PS3,2016,0.0,10000.0,0.0,0.0
The King of Fighters Collection: The Orochi Saga (JP sales),PS2,2006,0.0,0.0,20000.0,0.0
Command & Conquer 3: Kane's Wrath,PC,2008,0.0,10000.0,0.0,0.0
Suzumiya Haruhi-Chan no Mahjong,PSP,2011,0.0,0.0,20000.0,0.0
Tsuki no Hikari: Shizumeru Kane no Satsujin,PS2,2002,0.0,0.0,20000.0,0.0
James Bond 007: Blood Stone,PC,2010,20000.0,0.0,0.0,0.0
Sega Ages 2500 Series Vol. 26: Dynamite Deka,PS2,2006,0.0,0.0,20000.0,0.0
Kong: The Animated Series,GBA,2002,10000.0,0.0,0.0,0.0
Heavy Fire: Afghanistan,PC,2011,20000.0,0.0,0.0,0.0
Let's Dance with Mel B,X360,2011,0.0,20000.0,0.0,0.0
Agatha Christie: Death on the Nile,PC,2008,0.0,10000.0,0.0,0.0
The Crew: Wild Run,XOne,2015,0.0,20000.0,0.0,0.0
Toukiden 2,PS3,2016,0.0,0.0,20000.0,0.0
Koisuru Otome to Shugo no Tate Portable,PSP,2010,0.0,0.0,20000.0,0.0
PachiPara 3D: Ooumi Monogatari 2 - Pachi Pro Fuuunroku Hana,3DS,2012,0.0,0.0,20000.0,0.0
Iridium Runners,PS2,2008,10000.0,10000.0,0.0,0.0
Ben 10 Omniverse 2,3DS,2013,0.0,20000.0,0.0,0.0
"Shounen Onmyouji: Tsubasa Yoima, Ten e Kaere",PS2,2007,0.0,0.0,20000.0,0.0
Bakumatsu Renka: Karyuu Kenshi-den,PS2,2007,0.0,0.0,20000.0,0.0
Tiny Toon Adventures: Wacky Stackers,GBA,2001,10000.0,0.0,0.0,0.0
Princess Frontier Portable,PSP,2011,0.0,0.0,20000.0,0.0
Rock Blast,Wii,2010,20000.0,0.0,0.0,0.0
Tomb Raider: Legend,PC,2006,0.0,10000.0,0.0,0.0
Emergency Mayhem,Wii,2008,20000.0,0.0,0.0,0.0
Rising Zan: The Samurai Gunman,PS,1998,10000.0,10000.0,0.0,0.0
Mai-Otome Hime: Otome Butou Shi,PS2,2006,0.0,0.0,20000.0,0.0
Robopon 2: Cross Version,GBA,2001,10000.0,0.0,0.0,0.0
TMNT: Mutant Melee,XB,2005,10000.0,0.0,0.0,0.0
Ultimate Puzzle Games,GBA,2005,10000.0,0.0,0.0,0.0
Combat Flight Simulator 3: Battle for Europe,PC,2002,10000.0,10000.0,0.0,0.0
Kimikare: New Semester,PSP,2012,0.0,0.0,20000.0,0.0
Katekyoo Hitman Reborn! Kindan no Yami no Delta,PS2,2008,0.0,0.0,20000.0,0.0
Haneru no Tobira Wii: Girigirissu,Wii,2007,0.0,0.0,20000.0,0.0
RoboCop,XB,2003,10000.0,0.0,0.0,0.0
Elminage II: Sousei no Megami to Unmei no Daichi,PSP,2009,0.0,0.0,20000.0,0.0
Lara Croft and the Temple of Osiris,PC,2014,0.0,20000.0,0.0,0.0
Final Fantasy XIV: Heavensward,PC,2015,10000.0,10000.0,0.0,0.0
Grisaia no Rakuen: Le Eden de la Grisaia,PSV,2014,0.0,0.0,20000.0,0.0
Blazing Souls,PS2,2006,0.0,0.0,20000.0,0.0
Seinaru Kana: Orichalcum no Na no Motoni,PSP,2012,0.0,0.0,20000.0,0.0
NHL 2K3,GC,2002,10000.0,0.0,0.0,0.0
PDC World Championship Darts 2009,Wii,2009,0.0,20000.0,0.0,0.0
Tour de France 2014,PS3,2014,0.0,20000.0,0.0,0.0
The Hustle: Detroit Streets,XB,2006,10000.0,0.0,0.0,0.0
Tail of the Sun,PS,1996,10000.0,10000.0,0.0,0.0
Canada Hunt,Wii,2010,20000.0,0.0,0.0,0.0
Space Channel 5: Ulala's Cosmic Attack,GBA,2002,10000.0,0.0,0.0,0.0
Airline Tycoon,PC,2000,0.0,10000.0,0.0,0.0
Disney Sports Basketball,GBA,2002,10000.0,0.0,0.0,0.0
Bejeweled Blitz,PC,2010,0.0,10000.0,0.0,0.0
Ozzy & Drix,GBA,2003,10000.0,0.0,0.0,0.0
SBK09 Superbike World Championship,PS3,2009,0.0,10000.0,0.0,0.0
Song of the Deep,PC,2016,20000.0,0.0,0.0,0.0
Yamasa Digi World SP: Moeyo! Kung Fu Shukujo,PS2,2006,0.0,0.0,20000.0,0.0
Nobunaga no Yabou: Soutensoku with Power-Up Kit,PSP,2011,0.0,0.0,20000.0,0.0
Disney Sports Football,GC,2002,10000.0,0.0,0.0,0.0
Castle Shikigami 2,PS2,2004,10000.0,10000.0,0.0,0.0
Wizardry Twin Pack,PS3,2011,0.0,0.0,20000.0,0.0
Rabbids Invasion: The Interactive TV Show,PS4,2014,0.0,10000.0,0.0,0.0
Gadget Racers (PAL),PS2,2002,0.0,0.0,20000.0,0.0
Pulse Racer,XB,2003,10000.0,0.0,0.0,0.0
Freestyle Metal X,GC,2003,10000.0,0.0,0.0,0.0
Tegami Bachi: Kokoro Tsumugu Mono e,PSP,2010,0.0,0.0,20000.0,0.0
Unreal Tournament 2004,PC,2004,0.0,10000.0,0.0,0.0
NBA 07,PS2,2006,10000.0,10000.0,0.0,0.0
Antiphona no Seikahime: Tenshi no Gakufu Op.A,PSP,2009,0.0,0.0,20000.0,0.0
Rogue Trooper,XB,2006,10000.0,0.0,0.0,0.0
Spirits & Spells,GC,2003,10000.0,0.0,0.0,0.0
TV Anime Idolm@ster: Cinderella Girls G4U! Pack Vol.2,PS3,2015,0.0,0.0,20000.0,0.0
50 Classic Games,3DS,2012,0.0,20000.0,0.0,0.0
The Longest Journey,PC,1999,0.0,10000.0,0.0,0.0
Eyeshield 21: Portable Edition,PSP,2006,0.0,0.0,20000.0,0.0
Stronghold Legends,PC,2006,0.0,10000.0,0.0,0.0
Machi: Unmei no Kousaten,PSP,2006,0.0,0.0,20000.0,0.0
Winning Post 8 2016,PS4,2016,0.0,0.0,20000.0,0.0
Machi-ing Maker 4,PS3,2011,0.0,0.0,20000.0,0.0
World Class Rugby 2: Kokunai Gekitou Hen '93,SNES,1994,0.0,0.0,20000.0,0.0
Pirates PlundArrr,Wii,2010,20000.0,0.0,0.0,0.0
Robotics;Notes,PSV,2014,0.0,0.0,20000.0,0.0
Prince of Stride,PSV,2015,0.0,0.0,20000.0,0.0
Syberia II,PC,2004,0.0,10000.0,0.0,0.0
SD Gundam Force,GBA,2004,10000.0,0.0,0.0,0.0
Dungeons - The Dark Lord,PC,2011,0.0,10000.0,0.0,0.0
Clover no Kuni no Alice: Wonderful Wonder World,PSP,2011,0.0,0.0,20000.0,0.0
Hisshou Pachinko*Pachi-Slot Kouryaku Series Vol. 9: CR Fever Captain Harlock,PS2,2007,0.0,0.0,20000.0,0.0
Lost: Via Domus,PC,2008,0.0,10000.0,0.0,0.0
Monster High 13 Wishes,3DS,2013,0.0,20000.0,0.0,0.0
GA - Geijutsuka Art Design Class: Slapstick Wonder Land,PSP,2010,0.0,0.0,20000.0,0.0
Planetarian: Chiisana Hoshi no Yume,PSP,2009,0.0,0.0,20000.0,0.0
Roommate Asami: Okusama wa Joshikousei,PS2,2002,0.0,0.0,20000.0,0.0
Cabbage Patch Kids: The Patch Puppy Rescue,GBA,2007,10000.0,0.0,0.0,0.0
Pirates: Legend of the Black Buccaneer,PS2,2006,10000.0,10000.0,0.0,0.0
Back to the Future: The Game,XOne,2015,0.0,20000.0,0.0,0.0
Post Mortem,PC,2003,0.0,10000.0,0.0,0.0
Ultraman Star Chronicles,PSP,2013,0.0,0.0,20000.0,0.0
TV Anime Idolm@ster: Cinderella Girls G4U! Pack Vol.3,PS3,2015,0.0,0.0,20000.0,0.0
Amagoushi no Yakata,PS2,2007,0.0,0.0,20000.0,0.0
Aedis Eclipse: Generation of Chaos,PSP,2006,20000.0,0.0,0.0,0.0
This War of Mine,PS4,2016,0.0,10000.0,0.0,0.0
Franklin: A Birthday Surprise,PS2,2006,10000.0,10000.0,0.0,0.0
Nil Admirari no Tenbin: Teito Genwaku Toukidan,PSV,2016,0.0,0.0,20000.0,0.0
Marvel Superheroes 3D: Grandmaster's Challenge,Wii,2010,0.0,10000.0,0.0,0.0
Suzunone Seven: Rebirth Knot,PS2,2010,0.0,0.0,20000.0,0.0
Arslan: The Warriors of Legend,XOne,2016,10000.0,0.0,0.0,0.0
"Hanayaka Kana, Ware ga Ichizoku: Tasogare Polarstar",PSP,2013,0.0,0.0,20000.0,0.0
Digimon Rumble Arena,PS,2001,10000.0,10000.0,0.0,0.0
Vitamin X Evolution Plus,PSP,2010,0.0,0.0,20000.0,0.0
Disciples III: Renaissance,PC,2010,0.0,10000.0,0.0,0.0
Revolution: 25th Anniversary Collection,PC,2016,0.0,20000.0,0.0,0.0
MX vs. ATV Supercross Encore,XOne,2015,20000.0,0.0,0.0,0.0
Final Fight: Streetwise,XB,2006,10000.0,0.0,0.0,0.0
Goblin Commander: Unleash the Horde,GC,2003,10000.0,0.0,0.0,0.0
Nano Diver,PSP,2011,0.0,0.0,20000.0,0.0
Elkrone no Atelier: Dear for Otomate,PSP,2012,0.0,0.0,20000.0,0.0
Top Gear RPM Tuning,XB,2005,10000.0,0.0,0.0,0.0
Memories Off: Yubikiri no Kioku,X360,2010,0.0,0.0,20000.0,0.0
TV Anime Idolm@ster: Cinderella Girls G4U! Pack Vol.4,PS3,2015,0.0,0.0,20000.0,0.0
Elven Legacy Collection,PC,2010,0.0,10000.0,0.0,0.0
Cross + Channel,PSP,2010,0.0,0.0,20000.0,0.0
LEGO Star Wars II: The Original Trilogy,PC,2006,0.0,10000.0,0.0,0.0
Summer Challenge: Athletics Tournament,Wii,2011,0.0,10000.0,0.0,0.0
Just Cause,PC,2006,0.0,10000.0,0.0,0.0
Abunai: Koi no Sousa Shitsu,PSV,2015,0.0,0.0,20000.0,0.0
Blazing Angels: Squadrons of WWII,PC,2006,10000.0,0.0,0.0,0.0
Zero no Tsukaima: Muma ga Tsumugu Yokaze no Nocturne,PS2,2007,0.0,0.0,20000.0,0.0
Memories Off: Yubikiri no Kikou,PSP,2011,0.0,0.0,20000.0,0.0
L.G.S: Shinsetsu Houshinengi,PSP,2012,0.0,0.0,20000.0,0.0
Battle Engine Aquila,XB,2003,10000.0,0.0,0.0,0.0
Turbo: Super Stunt Squad,Wii,2013,0.0,20000.0,0.0,0.0
Discworld II: Mortality Bytes!,PS,1996,10000.0,10000.0,0.0,0.0
One Piece Mansion,PS,2001,10000.0,10000.0,0.0,0.0
Divinity: Original Sin,PC,2014,0.0,20000.0,0.0,0.0
Soul Eater: Monotone Princess,Wii,2008,0.0,0.0,20000.0,0.0
Strike Witches: Shirogane no Tsubasa,X360,2010,0.0,0.0,20000.0,0.0
Big Idea's VeggieTales: LarryBoy and the Bad Apple,GBA,2006,10000.0,0.0,0.0,0.0
Still Life 2,PC,2009,0.0,10000.0,0.0,0.0
Clock Zero: Shuuen no Ichibyou - ExTime,PSV,2015,0.0,0.0,20000.0,0.0
Moujuutsukai to Oujisama,PS2,2010,0.0,0.0,20000.0,0.0
Root Infinity Rexx,PSV,2015,0.0,0.0,20000.0,0.0
Cube,PSP,2007,20000.0,0.0,0.0,0.0
Shinseiki GPX Cyber Formula: Road To The INFINITY 4,PS2,2007,0.0,0.0,20000.0,0.0
Army Men: Major Malfunction,XB,2006,10000.0,0.0,0.0,0.0
Dunamis 15,X360,2011,0.0,0.0,20000.0,0.0
Worms World Party,PC,2001,0.0,10000.0,0.0,0.0
Yoake Yori Ruriiro na Portable,PSP,2010,0.0,0.0,20000.0,0.0
Big Bass Fishing,PS,2002,0.0,0.0,20000.0,0.0
Reine des Fleurs,PSV,2015,0.0,0.0,20000.0,0.0
Gears of War,PC,2007,0.0,10000.0,0.0,0.0
Densha de Go! Shinkansen EX: Sanyou Shinkansen-hen,Wii,2007,0.0,0.0,20000.0,0.0
Namco Museum 50th Anniversary (JP sales),PS2,2005,0.0,0.0,20000.0,0.0
Gummy Bears Magical Medallion,Wii,2011,20000.0,0.0,0.0,0.0
Colin McRae Rally 2005,PC,2004,0.0,10000.0,0.0,0.0
Mana Khemia 2: Ochita Gakuen to Renkinjutsushi Tachi Portable+,PSP,2009,0.0,0.0,20000.0,0.0
LEGO Star Wars: The Video Game,PC,2005,0.0,10000.0,0.0,0.0
"Moshi, Kono Sekai ni Kami-sama ga Iru to suru Naraba.",PSV,2016,0.0,0.0,20000.0,0.0
Dark Void,PC,2010,0.0,10000.0,0.0,0.0
Irritating Stick,PS,1998,10000.0,10000.0,0.0,0.0
WTA Tour Tennis,GBA,2002,10000.0,0.0,0.0,0.0
Kaleidoeve,PSV,2015,0.0,0.0,20000.0,0.0
Judge Dredd: Dredd Vs Death,XB,2003,10000.0,0.0,0.0,0.0
Star Trek: Legacy,PC,2006,0.0,10000.0,0.0,0.0
NHL 16,X360,2015,0.0,20000.0,0.0,0.0
Wall-E,PC,2008,0.0,10000.0,0.0,0.0
Simple 2000 Series Vol. 105: The Maid Fuku to Kikanjuu,PS2,2006,0.0,0.0,20000.0,0.0
Davis Cup Tennis,GBA,2002,10000.0,0.0,0.0,0.0
Pro Rally,GC,2002,10000.0,0.0,0.0,0.0
XCOM 2,XOne,2016,10000.0,10000.0,0.0,0.0
Call of Duty: Modern Warfare Trilogy,X360,2016,10000.0,10000.0,0.0,0.0
Memories Off #5: Encore,PS2,2007,0.0,0.0,20000.0,0.0
Zombie Hunters 2,PS2,2006,0.0,0.0,20000.0,0.0
WRC 5: FIA World Rally Championship,X360,2015,0.0,20000.0,0.0,0.0
Custom Drive,PSP,2012,0.0,0.0,20000.0,0.0
Tsuyo Kiss 2 Gakki: Swift Love,PS2,2009,0.0,0.0,20000.0,0.0
Achtung Panzer: Kharkov 1943,PC,2010,0.0,10000.0,0.0,0.0
Samurai Jack: The Shadow of Aku,GC,2004,10000.0,0.0,0.0,0.0
Winning Post 7 2013,PSV,2013,0.0,0.0,20000.0,0.0
Platypus,PSP,2006,20000.0,0.0,0.0,0.0
Command & Conquer 4: Tiberian Twilight,PC,2010,0.0,10000.0,0.0,0.0
The Incredibles: Rise of the Underminer,PC,2005,10000.0,0.0,0.0,0.0
Winter Sports 3: The Great Tournament,X360,2010,0.0,10000.0,0.0,0.0
Farm Frenzy,PC,2008,10000.0,0.0,0.0,0.0
Ore wa Shoujo Mangaka,PSP,2012,0.0,0.0,20000.0,0.0
Busou Renkin: Youkoso Papillon Park e,PS2,2007,0.0,0.0,20000.0,0.0
A Vampyre Story,PC,2008,0.0,10000.0,0.0,0.0
Puyo Puyo Tetris,WiiU,2014,0.0,0.0,20000.0,0.0
Exhibition Volume 6,XB,2004,10000.0,0.0,0.0,0.0
The Haunted: Hell's Reach,PC,2011,20000.0,0.0,0.0,0.0
Phoenix Wright: Ace Attorney Trilogy,3DS,2014,0.0,0.0,20000.0,0.0
I Love Horses: Rider's Paradise,Wii,2010,20000.0,0.0,0.0,0.0
Kao the Kangaroo Round 2,GC,2005,10000.0,0.0,0.0,0.0
Majesty 2 Collection,PC,2011,0.0,10000.0,0.0,0.0
Sniper Elite,PC,2005,0.0,10000.0,0.0,0.0
The Dark Hills of Cherai,PC,2009,0.0,10000.0,0.0,0.0
FIFA Soccer 08,PC,2007,0.0,10000.0,0.0,0.0
Dream C Club: GoGo,PS3,2014,0.0,0.0,20000.0,0.0
Battle Spirits: Hero's Soul,PSP,2010,0.0,0.0,20000.0,0.0
Pachi-Slot Higrashi no Naku Koro ni Matsuri,PS2,2010,0.0,0.0,20000.0,0.0
White Album 2: Shiawase no Mukougawa,PSV,2013,0.0,0.0,20000.0,0.0
W.L.O. Sekai Renai Kikousen,X360,2010,0.0,0.0,20000.0,0.0
Psychedelica of the Black Butterfly,PSV,2015,0.0,0.0,20000.0,0.0
Final Fantasy XI: All-In-One Pack 2006,X360,2006,0.0,0.0,20000.0,0.0
Joint Operations: Combined Arms,PC,2009,10000.0,0.0,0.0,0.0
Winning Post 7: Maximum 2007,PS3,2007,0.0,0.0,20000.0,0.0
Monster Trux Offroad,Wii,2007,10000.0,0.0,0.0,0.0
Assault Suit Leynos,PS4,2016,10000.0,0.0,0.0,0.0
Drakensang: The Dark Eye,PC,2009,10000.0,0.0,0.0,0.0
Storm Lover 2nd,PSP,2013,0.0,0.0,20000.0,0.0
Kadenz fermata//Akkord:fortissimo,PSV,2014,0.0,0.0,20000.0,0.0
DuckTales: Remastered,PC,2013,0.0,10000.0,0.0,0.0
Transformers: Prime,Wii,2012,0.0,10000.0,0.0,0.0
Contrast,PC,2013,0.0,10000.0,0.0,0.0
Arcana Famiglia 2,PSP,2013,0.0,0.0,20000.0,0.0
Taishou Moebius Line Vitable,PSV,2016,0.0,0.0,20000.0,0.0
Gaist Crusher God,3DS,2014,0.0,0.0,20000.0,0.0
Shinkyoku Soukai Polyphonica,PS2,2007,0.0,0.0,20000.0,0.0
Shin Sangoku Musou Online: Souten Ranbu,PS3,2010,0.0,0.0,20000.0,0.0
Elven Legacy,PC,2009,10000.0,0.0,0.0,0.0
V-Rally 3,XB,2003,10000.0,0.0,0.0,0.0
Full House Kiss 2,PS2,2006,0.0,0.0,20000.0,0.0
Dead to Rights,GBA,2004,10000.0,0.0,0.0,0.0
Thunder Force VI,PS2,2008,0.0,0.0,20000.0,0.0
Majesty 2: The Fantasy Kingdom Sim,PC,2009,10000.0,0.0,0.0,0.0
Turbo: Super Stunt Squad,3DS,2013,0.0,10000.0,0.0,0.0
Daito Giken Koushiki Pachi-Slot Simulator: Ossu! Misao + Maguro Densetsu Portable,PSP,2010,0.0,0.0,20000.0,0.0
PachiPara 3D,3DS,2011,0.0,0.0,20000.0,0.0
Command & Conquer Collection,PC,2003,10000.0,0.0,0.0,0.0
Kiss Bell,PSV,2014,0.0,0.0,20000.0,0.0
Earth Defense Force 2017 (old JP sales),X360,2006,0.0,0.0,20000.0,0.0
Sengoku Hime: Senran ni Mau Otometachi,PS2,2009,0.0,0.0,20000.0,0.0
GTI Club: Supermini Festa!,Wii,2010,10000.0,0.0,0.0,0.0
MuvLuv Double Pack,PSV,2016,0.0,0.0,20000.0,0.0
Koihime Enbu,PS4,2016,0.0,0.0,20000.0,0.0
Romance of the Three Kingdoms XII,WiiU,2012,0.0,0.0,20000.0,0.0
Worldwide Soccer Manager 2006,PC,2004,0.0,10000.0,0.0,0.0
Mission: Impossible - Operation Surma,GC,2004,10000.0,0.0,0.0,0.0
Trigger Man,GC,2004,10000.0,0.0,0.0,0.0
Hiiro no Kakera Portable,PSP,2008,0.0,0.0,20000.0,0.0
Antz Extreme Racing,XB,2002,10000.0,0.0,0.0,0.0
Enemy Territory: Quake Wars,PC,2007,10000.0,0.0,0.0,0.0
Truck Racer,Wii,2009,0.0,10000.0,0.0,0.0
The Sims 4: Luxury Party Stuff,PC,2015,0.0,10000.0,0.0,0.0
"Nogizaka Haruka no Himitsu Cosplay, Hajime Mashita",PS2,2008,0.0,0.0,20000.0,0.0
Triggerheart Exelica,DC,2007,0.0,0.0,20000.0,0.0
Games Explosion!,GBA,2006,10000.0,0.0,0.0,0.0
Tennis no Oji-Sama: Card Hunter,PS2,2007,0.0,0.0,20000.0,0.0
Portable Island: Tenohira Resort,PSP,2006,0.0,0.0,20000.0,0.0
Night Wizard the Video Game: Denial of the World,PS2,2008,0.0,0.0,20000.0,0.0
Sengoku Efuda Yuugi: Hototogisu Ran,PSP,2008,0.0,0.0,20000.0,0.0
Saenai Kanojo no Sodatekata: Blessing Flowers,PSV,2015,0.0,0.0,20000.0,0.0
Adventure Time: The Secret of the Nameless,3DS,2014,10000.0,0.0,0.0,0.0
Kao the Kangaroo Round 2,PS2,2005,10000.0,10000.0,0.0,0.0
Shin Hisui no Shizuku: Hiiro no Kakera 2 Portable,PSP,2010,0.0,0.0,20000.0,0.0
Robopon 2: Ring Version,GBA,2001,10000.0,0.0,0.0,0.0
Evil Genius,PC,2004,0.0,10000.0,0.0,0.0
Dragon Tales: Dragon Adventures,GBA,2003,10000.0,0.0,0.0,0.0
Moe Moe 2-ji Taisen (Ryoku) * Deluxe,PSP,2008,0.0,0.0,20000.0,0.0
Violet no Atelier: Gramnad no Renkinjutsushi 2 - Gunjou no Omoide,PSP,2011,0.0,0.0,20000.0,0.0
Rayman 10th Anniversary,GBA,2005,10000.0,0.0,0.0,0.0
Online Chess Kingdoms,PSP,2006,10000.0,0.0,0.0,0.0
Gaku ? Ou: The Royal Seven Stars,PSP,2012,0.0,0.0,20000.0,0.0
Pillars of Eternity,PC,2014,0.0,10000.0,0.0,0.0
RollerCoaster Tycoon: Gold Edition,PC,2002,10000.0,0.0,0.0,0.0
Professional Farmer 2016,PS4,2015,0.0,10000.0,0.0,0.0
Storm Lover Kai!!,PSP,2012,0.0,0.0,20000.0,0.0
Nurarihyon no Mago: Hyakki Ryouran Taisen,PS3,2011,0.0,0.0,20000.0,0.0
Minna to Issho,PSV,2011,0.0,0.0,20000.0,0.0
Harukanaru Toki no Naka de 6,PSP,2015,0.0,0.0,20000.0,0.0
Hummer Badlands,XB,2006,10000.0,0.0,0.0,0.0
I Doll U,PSV,2015,0.0,0.0,20000.0,0.0
Enkaku Sousa: Sana e no 23 Hiai,PSP,2009,0.0,0.0,20000.0,0.0
Iron Soldier 3,PS,1999,10000.0,10000.0,0.0,0.0
Barbie and Her Sisters Puppy Rescue,PS3,2015,0.0,10000.0,0.0,0.0
Worms: WMD,PS4,2016,10000.0,10000.0,0.0,0.0
Myst,PSP,2006,0.0,10000.0,0.0,0.0
Tiger & Bunny: Hero's Day,PSP,2013,0.0,0.0,20000.0,0.0
Storm Lover 2nd V,PSV,2016,0.0,0.0,20000.0,0.0
Grisaia no Meikyuu: Le Labyrinthe de la Grisaia,PSV,2014,0.0,0.0,20000.0,0.0
Touhou Genso Rondo: Bullet Ballet,PS4,2016,10000.0,0.0,0.0,0.0
Accel World: Kasoku no Chouten,PS3,2013,0.0,0.0,20000.0,0.0
Pachinko Kaou: Misora Hibari,PS2,2007,0.0,0.0,20000.0,0.0
Just Cause,PS2,2006,10000.0,10000.0,0.0,0.0
Choro Q,PS2,2003,10000.0,10000.0,0.0,0.0
Narcissus: Moshimo Ashita ga Runara,PSP,2010,0.0,0.0,20000.0,0.0
Girl Friend Beta: Kimi to Sugosu Natsuyasumi,PSV,2015,0.0,0.0,20000.0,0.0
IHRA Drag Racing: Sportsman Edition,XB,2006,10000.0,0.0,0.0,0.0
"Sharin no Kuni, Himawari no Shoujo",X360,2010,0.0,0.0,20000.0,0.0
Guild Wars: Factions,PC,2006,0.0,10000.0,0.0,0.0
Technic Beat,PS2,2002,10000.0,10000.0,0.0,0.0
So-Ra-No-Wo-To: Otome no Gojuusou,PSP,2010,0.0,0.0,20000.0,0.0
Farming Simulator 2014,PSV,2014,10000.0,0.0,0.0,0.0
Imperium Romanum,PC,2008,0.0,10000.0,0.0,0.0
Ship Simulator 2008,PC,2007,0.0,10000.0,0.0,0.0
Sengoku,PC,2011,0.0,10000.0,0.0,0.0
Dream C Club,PS3,2012,0.0,0.0,20000.0,0.0
IGT Slots: Lucky Larry's Lobstermania,PC,2011,10000.0,0.0,0.0,0.0
Sid Meier's Civilization Revolution 2+,PSV,2015,0.0,0.0,20000.0,0.0
SBK Superbike World Championship,PS2,2008,10000.0,10000.0,0.0,0.0
Memories Off 6: Next Relation,PS2,2009,0.0,0.0,20000.0,0.0
Scared Rider Xechs,PS2,2010,0.0,0.0,20000.0,0.0
Vitamin X: Detective B6,PSP,2012,0.0,0.0,20000.0,0.0
Misshitsu no Sacrifice,PSP,2010,0.0,0.0,20000.0,0.0
You Don't Know Jack,PC,1995,10000.0,0.0,0.0,0.0
Ouran Koukou Host Bu,PS2,2007,0.0,0.0,20000.0,0.0
Lotus Challenge,GC,2004,10000.0,0.0,0.0,0.0
Meiji Toukyou Renka: Twilight Kiss,PSP,2015,0.0,0.0,20000.0,0.0
Xblaze: Lost Memories,PS3,2015,10000.0,0.0,0.0,0.0
Turok,PC,2008,0.0,10000.0,0.0,0.0
Coven and Labyrinth of Refrain,PSV,2016,0.0,0.0,10000.0,0.0
Super Battle For Money Sentouchuu: Kyuukyoku no Shinobu to Battle Player Choujou Kessen!,3DS,2016,0.0,0.0,10000.0,0.0
Sora no Otoshimono: DokiDoki Summer Vacation,PSP,2010,0.0,0.0,10000.0,0.0
Blackthorne,GBA,2003,10000.0,0.0,0.0,0.0
Don Bradman Cricket 14,X360,2014,0.0,10000.0,0.0,0.0
DokuSui: DokiDoki Suikoden,PSP,2011,0.0,0.0,10000.0,0.0
Shinseiki Evangelion: Battle Orchestra Portable,PSP,2009,0.0,0.0,10000.0,0.0
Donkey Kong Jungle Beat,Wii,2008,0.0,10000.0,0.0,0.0
Bomberman (jp sales),PSP,2006,0.0,0.0,10000.0,0.0
Blazblue: Continuum Shift Extend,PSP,2012,0.0,0.0,10000.0,0.0
S.Y.K: Shinsetsu Saiyuuki,PS2,2009,0.0,0.0,10000.0,0.0
Football Manager Live,PC,2009,0.0,10000.0,0.0,0.0
Captain Morgane and the Golden Turtle,Wii,2012,0.0,10000.0,0.0,0.0
Black Cat,PS2,2006,0.0,0.0,10000.0,0.0
One Piece: Daikaizoku Coliseum,3DS,2016,0.0,0.0,10000.0,0.0
Mortal Kombat,PC,1994,10000.0,0.0,0.0,0.0
Serious Sam II,PC,2005,0.0,10000.0,0.0,0.0
Wand of Fortune: Mirai e no Prologue Portable,PSP,2010,0.0,0.0,10000.0,0.0
Sengoku Hime: Senran ni Mau Otometachi,PSP,2009,0.0,0.0,10000.0,0.0
Secret Game Portable,PSP,2010,0.0,0.0,10000.0,0.0
Demon Gaze 2,PSV,2014,0.0,0.0,10000.0,0.0
Neverwinter Nights 2: Mask of the Betrayer,PC,2007,0.0,10000.0,0.0,0.0
Call of Juarez,PC,2006,0.0,10000.0,0.0,0.0
Tom Clancy's  Ghost Recon Advanced Warfighter (weekly JP sales),X360,2006,0.0,0.0,10000.0,0.0
UEFA Champions League 2006-2007,PSP,2007,10000.0,0.0,0.0,0.0
Codename: Panzers Phase Two,PC,2005,0.0,10000.0,0.0,0.0
Nobunaga no Yabou Online: Houou no Shou,PS3,2012,0.0,0.0,10000.0,0.0
Rise of Flight: Iron Cross Edition,PC,2010,10000.0,0.0,0.0,0.0
Unreal Tournament 2003,PC,2002,0.0,10000.0,0.0,0.0
God Eater Off Shot: Soma Shikkuzaru-hen Twin Pack & Animation Vol.4,PS4,2016,0.0,0.0,10000.0,0.0
Uppers,PSV,2016,0.0,0.0,10000.0,0.0
Wand of Fortune Portable,PSP,2010,0.0,0.0,10000.0,0.0
Rengoku II: The Stairway to H.E.A.V.E.N. (jp sales),PSP,2006,0.0,0.0,10000.0,0.0
The Last Remnant,PC,2009,0.0,10000.0,0.0,0.0
Ten Pin Alley 2,GBA,2004,10000.0,0.0,0.0,0.0
Himawari: Pebble in the Sky Portable,PSP,2010,0.0,0.0,10000.0,0.0
Wand of Fortune R,PSV,2016,0.0,0.0,10000.0,0.0
Katekyoo Hitman Reborn Nerae!? Ring x Bongole Returns,PS2,2008,0.0,0.0,10000.0,0.0
Kono Aozora ni Yakusoku o: Tenohira no Rakuen,PSP,2009,0.0,0.0,10000.0,0.0
Shinobi Koutsutsu,PSP,2014,0.0,0.0,10000.0,0.0
NiGHTS into dreams...,PS2,2008,0.0,0.0,10000.0,0.0
WinBack 2: Project Poseidon,PS2,2006,10000.0,10000.0,0.0,0.0
Utawarerumono: Futari no Hakuoro,PS3,2016,0.0,0.0,10000.0,0.0
WRC 5: FIA World Rally Championship,XOne,2015,0.0,10000.0,0.0,0.0
Totally Spies! Totally Party,PS2,2008,10000.0,10000.0,0.0,0.0
GunParade Orchestra: Ao no Shou,PS2,2006,0.0,0.0,10000.0,0.0
Impossible Creatures,PC,2002,0.0,10000.0,0.0,0.0
Puyo Pop Fever,GC,2004,10000.0,0.0,0.0,0.0
Wizardry XTH: Unlimited Students,PS2,2006,0.0,0.0,10000.0,0.0
Raven's Cry,PS4,2015,0.0,10000.0,0.0,0.0
Instant Brain,X360,2011,0.0,0.0,10000.0,0.0
Guitar Hero III: Legends of Rock,PC,2007,10000.0,0.0,0.0,0.0
Blitzkrieg 2 Anthology,PC,2008,0.0,10000.0,0.0,0.0
Rayman Raving Rabbids,PC,2006,0.0,10000.0,0.0,0.0
God Eater Off Shot:Shiou-hen Twin Pack & Animation Vol.5,PS4,2016,0.0,0.0,10000.0,0.0
Abunai: Koi no Sousa Shitsu,PSP,2012,0.0,0.0,10000.0,0.0
Coronation Street: The Mystery of the Missing Hotpot Recipe,PC,2011,0.0,10000.0,0.0,0.0
Battle Worlds: Kronos,PC,2016,0.0,10000.0,0.0,0.0
SoulLink Extension,PS2,2006,0.0,0.0,10000.0,0.0
Banjo-Kazooie,X360,2008,0.0,10000.0,0.0,0.0
Samurai Shodown Anthology (JP sales),PS2,2008,0.0,0.0,10000.0,0.0
Winning Post 7 Maximum 2008,PS2,2008,0.0,0.0,10000.0,0.0
Sangoku Koi Senki: Otome no Heihou!,PS2,2011,0.0,0.0,10000.0,0.0
Alfa Romeo Racing Italiano,PS2,2005,10000.0,10000.0,0.0,0.0
"Pachi-Slot Teiou: Golgo 13 Las Vegas (JP sales, but wrong system)",PS2,2002,0.0,0.0,10000.0,0.0
Digger Simulator,PC,2011,0.0,10000.0,0.0,0.0
Turbo: Super Stunt Squad,X360,2013,0.0,10000.0,0.0,0.0
Super Robot Taisen XO,X360,2006,0.0,0.0,10000.0,0.0
Kaitou Joker: Toki o Koeru Kaitou to Ushinawareta Houseki,3DS,2015,0.0,0.0,10000.0,0.0
Pachitte Chonmage Tatsujin 16: Pachinko Hissatsu Shigotojin III,PS2,2010,0.0,0.0,10000.0,0.0
IL-2 Sturmovik,PC,2001,0.0,10000.0,0.0,0.0
Mortal Kombat: Tournament Edition,GBA,2003,10000.0,0.0,0.0,0.0
SeaWorld Adventure Parks: Shamu's Deep Sea Adventure,XB,2005,10000.0,0.0,0.0,0.0
East India Company,PC,2009,10000.0,0.0,0.0,0.0
World Poker Tour,GBA,2005,10000.0,0.0,0.0,0.0
Sousaku Alice to Oujisama!,3DS,2015,0.0,0.0,10000.0,0.0
Empire Deluxe,PC,1992,10000.0,0.0,0.0,0.0
Infinite Stratos 2: Love and Purge,PSV,2015,0.0,0.0,10000.0,0.0
Egg Mania: Eggstreme Madness,XB,2002,10000.0,0.0,0.0,0.0
Virtua Tennis 3,PC,2007,0.0,10000.0,0.0,0.0
Pro Angler Moves,PS3,2012,10000.0,0.0,0.0,0.0
Sakura Sakura: Haru Urara,PSP,2010,0.0,0.0,10000.0,0.0
Uta no * Prince-Sama: Sweet Serenade,PSP,2011,0.0,0.0,10000.0,0.0
The Legend of Heroes: Trails in the Sky Third Chapter,PS3,2013,0.0,0.0,10000.0,0.0
Road Trip: Shifting Gears,GBA,2002,10000.0,0.0,0.0,0.0
"Iza, Shutsujin! Koisen",PSP,2011,0.0,0.0,10000.0,0.0
Major Dream: Major Wii Nagero! Gyroball!!,Wii,2008,0.0,0.0,10000.0,0.0
Hiiro no Kakera: Shin Tamayori Hime Denshou,PS2,2009,0.0,0.0,10000.0,0.0
Grooverider: Slot Car Thunder,XB,2003,10000.0,0.0,0.0,0.0
Superstars V8 Racing,X360,2009,0.0,10000.0,0.0,0.0
Grand Theft Auto III,PC,2002,0.0,10000.0,0.0,0.0
Resident Evil 5 HD,PS4,2016,10000.0,0.0,0.0,0.0
Miyako: Awayuki no Utage,PSP,2012,0.0,0.0,10000.0,0.0
Super PickUps,Wii,2009,10000.0,0.0,0.0,0.0
Ben 10 Omniverse 2,X360,2013,0.0,10000.0,0.0,0.0
Rewrite,PSV,2014,0.0,0.0,10000.0,0.0
Konami Classics Vol. 2,X360,2009,10000.0,0.0,0.0,0.0
Aeon Flux,XB,2005,10000.0,0.0,0.0,0.0
Kana: Imouto,PSP,2010,0.0,0.0,10000.0,0.0
Barbie and Her Sisters Puppy Rescue,WiiU,2015,0.0,10000.0,0.0,0.0
Rock N' Roll Racing,SNES,1993,0.0,0.0,10000.0,0.0
Higurashi no Naku Koro ni Iki,PS3,2015,0.0,0.0,10000.0,0.0
Marginal #4: Idol of Supernova,PSV,2014,0.0,0.0,10000.0,0.0
Nodame Cantabile,PS2,2007,0.0,0.0,10000.0,0.0
Paranormal Pursuit: The Gifted One,PC,2015,0.0,10000.0,0.0,0.0
DoDonPachi Saidaioujou,X360,2013,0.0,0.0,10000.0,0.0
Last Escort: Club Katze,PS2,2010,0.0,0.0,10000.0,0.0
1/2 Summer +,PSP,2013,0.0,0.0,10000.0,0.0
Winning Post 7 Maximum 2008,PS3,2008,0.0,0.0,10000.0,0.0
Psycho-Pass,XOne,2014,0.0,0.0,10000.0,0.0
Brain Exercise With Dr. Kawashima,PC,2009,0.0,10000.0,0.0,0.0
Tears to Tiara: Kakan no Daichi Portable,PSP,2010,0.0,0.0,10000.0,0.0
Football Manager 2005,PC,2004,0.0,10000.0,0.0,0.0
Hitotsu Tobashi Renai V,PSV,2015,0.0,0.0,10000.0,0.0
Ninja Gaiden Sigma 2,PSV,2013,0.0,0.0,10000.0,0.0
Turbo Trainz,Wii,2012,0.0,10000.0,0.0,0.0
Theatre Of War,PC,2007,0.0,10000.0,0.0,0.0
Nintendogs and Cats Golden Retriever and New Friends,3DS,2011,0.0,10000.0,0.0,0.0
Young Justice: Legacy,X360,2013,0.0,10000.0,0.0,0.0
Monster Rancher Advance 2,GBA,2002,10000.0,0.0,0.0,0.0
Madden NFL 13,PS3,2012,0.0,10000.0,0.0,0.0
Voodoo Chronicles: First Sign,PC,2011,10000.0,0.0,0.0,0.0
Umineko no Naku Koro ni Portable 1,PSP,2011,0.0,0.0,10000.0,0.0
Geten no Hana: Yume Akari,PSP,2014,0.0,0.0,10000.0,0.0
Festa!! Hyper Girls Party,PS2,2006,0.0,0.0,10000.0,0.0
Collar x Malice,PSV,2016,0.0,0.0,10000.0,0.0
Vanark,PS,1999,10000.0,10000.0,0.0,0.0
Dragon's Dogma Online: Season 2,PS4,2016,0.0,0.0,10000.0,0.0
WTA Tour Tennis,XB,2002,10000.0,0.0,0.0,0.0
Norn + Nonette: Last Era,PSV,2015,0.0,0.0,10000.0,0.0
BlazBlue: Calamity Trigger,PC,2010,0.0,10000.0,0.0,0.0
Furious Karting,XB,2003,10000.0,0.0,0.0,0.0
WSC REAL 09: World Snooker Championship,PS3,2009,0.0,10000.0,0.0,0.0
Harry Potter and the Chamber of Secrets,PC,2002,0.0,10000.0,0.0,0.0
Mystery Legends: Beauty and the Beast,PC,2012,0.0,10000.0,0.0,0.0
Fuuraiki 3,PSV,2015,0.0,0.0,10000.0,0.0
Hot Wheels: Stunt Track Challenge / World Race,GBA,2006,10000.0,0.0,0.0,0.0
Accel World: Kasoku no Chouten,PSP,2013,0.0,0.0,10000.0,0.0
SoulCalibur Legends (JP sales),Wii,2007,0.0,0.0,10000.0,0.0
Izumo 2,PS2,2006,0.0,0.0,10000.0,0.0
Entaku no Seito: Students of Round,X360,2011,0.0,0.0,10000.0,0.0
Bratz: Forever Diamondz,PS2,2006,10000.0,10000.0,0.0,0.0
Isshoni Gohan. Portable,PSP,2013,0.0,0.0,10000.0,0.0
PC Engine Best Collention: Ginga Ojousama Densetsu Collection,PSP,2008,0.0,0.0,10000.0,0.0
King of Fighters 2002: Unlimited Match Tougeki Ver.,PS2,2010,0.0,0.0,10000.0,0.0
Malice,XB,2004,10000.0,0.0,0.0,0.0
Raven Squad: Operation Hidden Dagger,PC,2009,10000.0,0.0,0.0,0.0
htoL#NiQ: The Firefly Diary,PSV,2014,0.0,0.0,10000.0,0.0
Tiger Woods PGA Tour 2005,PC,2004,0.0,10000.0,0.0,0.0
Deus Ex,PC,2000,0.0,10000.0,0.0,0.0
Ouka Sengoku Portable,PSP,2012,0.0,0.0,10000.0,0.0
Order Up!!,3DS,2011,0.0,10000.0,0.0,0.0
Wallace & Gromit: Curse of the Were-Rabbit,XB,2005,10000.0,0.0,0.0,0.0
Hanayamata: Yosakoi Live,PSV,2014,0.0,0.0,10000.0,0.0
Shepherd's Crossing,PSP,2009,0.0,0.0,10000.0,0.0
Dark Parables: The Exiled Prince,PC,2011,0.0,10000.0,0.0,0.0
We Sing 80s,Wii,2012,0.0,10000.0,0.0,0.0
Republique,PS4,2016,0.0,10000.0,10000.0,0.0
Rail Simulator,PC,2007,0.0,10000.0,0.0,0.0
Putty Squad,PS3,2013,0.0,10000.0,0.0,0.0
Sega Golf Club: Miyazato San Kyoudai Naizou,PS3,2006,0.0,0.0,10000.0,0.0
Rozen Maiden: Gebetgarten,PS2,2007,0.0,0.0,10000.0,0.0
Resistance Dual Pack,PS3,2011,0.0,10000.0,0.0,0.0
Princess Arthur,PSP,2013,0.0,0.0,10000.0,0.0
Sakura-Sou no Pet na Kanojo,PSP,2013,0.0,0.0,10000.0,0.0
Fatal Fury: Battle Archives Volume 2 (JP sales),PS2,2007,0.0,0.0,10000.0,0.0
Tantei Jinguuji Saburo: Hai to Diamond,PSP,2009,0.0,0.0,10000.0,0.0
BattleForge,PC,2009,0.0,10000.0,0.0,0.0
Jewel Quest II,PC,2007,0.0,10000.0,0.0,0.0
Toro to Morimori,PS3,2009,0.0,0.0,10000.0,0.0
Sonic & All-Stars Racing Transformed,PC,2013,0.0,10000.0,0.0,0.0
Satisfashion,Wii,2010,10000.0,0.0,0.0,0.0
Metal Slug Anthology,PS2,2007,0.0,0.0,10000.0,0.0
K-1 Grand Prix,PS,1999,10000.0,10000.0,0.0,0.0
Legoland,PC,1999,0.0,10000.0,0.0,0.0
Rave Master: Special Attack Force!,GBA,2002,10000.0,0.0,0.0,0.0
Simple 2000 Series Vol. 120: The Saigo no Nippon Tsuwamono,PS2,2007,0.0,0.0,10000.0,0.0
Casper,GBA,2002,10000.0,0.0,0.0,0.0
Hyakka Yakou,PSV,2015,0.0,0.0,10000.0,0.0
Adventure Time: The Secret of the Nameless,X360,2014,10000.0,0.0,0.0,0.0
Shin Hayarigami 2,PSV,2016,0.0,0.0,10000.0,0.0
Ro-Kyu-Bu! Secret Photo Op,PSV,2014,0.0,0.0,10000.0,0.0
Caladrius,X360,2013,0.0,0.0,10000.0,0.0
Super Robot Monkey Team: Game Boy Advance Video Volume 1,GBA,2005,10000.0,0.0,0.0,0.0
Freekstyle,GBA,2003,10000.0,0.0,0.0,0.0
Groovin' Blocks,Wii,2009,10000.0,0.0,0.0,0.0
Tomoyo After: It's a Wonderful Life CS Edition,PS2,2007,0.0,0.0,10000.0,0.0
Aa Megami-samaa,PS2,2007,0.0,0.0,10000.0,0.0
Bunmei Kaika: Aoiza Ibunroku Saien,PSP,2012,0.0,0.0,10000.0,0.0
Tsukigime Ranko's Longest Day,PS3,2014,0.0,10000.0,0.0,0.0
Bakumatsu Rock,PSP,2014,0.0,0.0,10000.0,0.0
Family Jockey,Wii,2008,0.0,0.0,10000.0,0.0
Thunder Alley,GBA,2004,10000.0,0.0,0.0,0.0
Dynasty Warriors: Eiketsuden,PS4,2016,0.0,0.0,10000.0,0.0
Spider-Man: Friend or Foe,PC,2007,10000.0,0.0,0.0,0.0
Carmageddon: Max Damage,XOne,2016,10000.0,10000.0,0.0,0.0
Nyaruko-San: Nafushigatai Game no You na Mono,PSV,2013,0.0,0.0,10000.0,0.0
New Interpretation Stranger of Sword City,PSV,2016,0.0,0.0,10000.0,0.0
Soshite Kono Uchuu ni Kirameku Kimi no Shi XXX,PS2,2007,0.0,0.0,10000.0,0.0
Victory Spike,PS,1996,0.0,0.0,10000.0,0.0
Sengoku Basara 2 Heroes,Wii,2007,0.0,0.0,10000.0,0.0
Densetsu no Yuusha no Densetsu: Legendary Saga,PSP,2010,0.0,0.0,10000.0,0.0
Zero no Tsukaima: Maigo no Period to Ikusen no Symphony,PS2,2008,0.0,0.0,10000.0,0.0
Marvel: Ultimate Alliance,PC,2006,10000.0,0.0,0.0,0.0
Broken Sword 5: The Serpent's Curse,XOne,2015,0.0,10000.0,0.0,0.0
Shitsuji ga Aruji o Erabu Toki,PSV,2016,0.0,0.0,10000.0,0.0
Batman: A Telltale Game Series,PS3,2016,0.0,10000.0,0.0,0.0
Hiiro no Kakera: Shin Tamayori Hime Denshou Portable,PSP,2010,0.0,0.0,10000.0,0.0
Kao the Kangaroo,GBA,2001,10000.0,0.0,0.0,0.0
Builder's Block,PS,1999,10000.0,0.0,0.0,0.0
Seisou no Amazones,3DS,2013,0.0,0.0,10000.0,0.0
Phantasy Star Online 2 Episode 4: Deluxe Package,PSV,2017,0.0,0.0,10000.0,0.0
F.E.A.R. Perseus Mandate,PC,2007,10000.0,0.0,0.0,0.0
Mahjong Taikai IV,PS3,2006,0.0,0.0,10000.0,0.0
Valentino Rossi: The Game,PC,2016,0.0,10000.0,0.0,0.0
FlatOut: Ultimate Carnage,PC,2008,0.0,10000.0,0.0,0.0
Ultraman Fighting Evolution 0,PSP,2006,0.0,0.0,10000.0,0.0
Aquaman: Battle for Atlantis,GC,2003,10000.0,0.0,0.0,0.0
Strider (2014),PS3,2014,0.0,0.0,10000.0,0.0
The Book of Unwritten Tales 2,WiiU,2016,0.0,10000.0,0.0,0.0
Doraemon Wii: Himitsu Douguou Ketteisen!,Wii,2007,0.0,0.0,10000.0,0.0
Goku Makaimura Kai,PSP,2007,0.0,0.0,10000.0,0.0
No Fate! Only the Power of Will,X360,2010,0.0,0.0,10000.0,0.0
Conflict: Denied Ops,PC,2008,0.0,10000.0,0.0,0.0
Makai Senki Disgaea 3 Append Disc: Raspberyl-hen Hajime Mashita,PS3,2009,0.0,0.0,10000.0,0.0
Championship Manager 2010,PC,2009,0.0,10000.0,0.0,0.0
Paragon,PS4,2016,10000.0,0.0,0.0,0.0
Naxat Soft Reachmania Vol. 1: CR Galaxy Angel,PS2,2008,0.0,0.0,10000.0,0.0
"Hanayaka Kana, Ware ga Ichizoku",PSP,2010,0.0,0.0,10000.0,0.0
Mamoru-kun wa Norowarete Shimatta!,X360,2009,0.0,0.0,10000.0,0.0
Sengoku Hime 2 Arashi: Hyakubana Senran Tatsukaze no Gotoku,PSP,2010,0.0,0.0,10000.0,0.0
Myself; Yourself,PS2,2007,0.0,0.0,10000.0,0.0
Kurogane Kaikitan,PSV,2015,0.0,0.0,10000.0,0.0
Starry ? Sky: After Autumn,PSP,2011,0.0,0.0,10000.0,0.0
Dokuro,PSV,2012,0.0,0.0,10000.0,0.0
Smuggler's Run,GBA,2002,10000.0,0.0,0.0,0.0
Chaos;Head Noah,PSV,2014,0.0,0.0,10000.0,0.0
Battlestations: Midway,PC,2007,0.0,10000.0,0.0,0.0
Farming Simulator 15 Expansion Pack,PC,2015,0.0,10000.0,0.0,0.0
Jan Sangoku Musou,PS2,2006,0.0,0.0,10000.0,0.0
Assetto Corsa,XOne,2016,0.0,10000.0,0.0,0.0
Kono Aozora ni Yakusoku o: Melody of the Sun and Sea,PS2,2007,0.0,0.0,10000.0,0.0
Rakushou! Pachi-Slot Sengen 6: Rio 2 Cruising Vanadis,PS2,2009,0.0,0.0,10000.0,0.0
Fatal Fury: Battle Archives Volume 1 (JP sales),PS2,2006,0.0,0.0,10000.0,0.0
CT Special Forces 2: Back in the Trenches,GBA,2003,10000.0,0.0,0.0,0.0
Kamaitachi no Yoru 2: Tokubetsu Hen,PSP,2006,0.0,0.0,10000.0,0.0
The Chronicles of Riddick: Assault on Dark Athena,PC,2009,0.0,10000.0,0.0,0.0
The Ultimate Battle of the Sexes,Wii,2010,10000.0,10000.0,0.0,0.0
Root Double: Before Crime After Days,X360,2012,0.0,0.0,10000.0,0.0
War for the Overworld,PC,2015,0.0,10000.0,0.0,0.0
TimeShift,PC,2007,10000.0,0.0,0.0,0.0
ef - a fairy tale of the two.,PS2,2010,0.0,0.0,10000.0,0.0
The Train Giant,PC,2012,0.0,10000.0,0.0,0.0
Sangoku Koi Senki: Omoide Gaeshi - CS Edition,PSV,2016,0.0,0.0,10000.0,0.0
FairlyLife: MiracleDays,PSP,2010,0.0,0.0,10000.0,0.0
Surf's Up,GC,2007,10000.0,0.0,0.0,0.0
Death Connection Portable,PSP,2011,0.0,0.0,10000.0,0.0
Rainbow Islands: Revolution,PSP,2005,10000.0,0.0,0.0,0.0
Legend of Kay Anniversary,WiiU,2015,0.0,10000.0,0.0,0.0
Rakushou! Pachi-Slot Sengen 4,PS2,2006,0.0,0.0,10000.0,0.0
Nitroplus Blasterz: Heroines Infinite Duel,PS3,2015,0.0,0.0,10000.0,0.0
Moe Moe 2-Ji Daisenryaku 2,PSP,2010,0.0,0.0,10000.0,0.0
Tsuyo Kiss 3 Portable,PSP,2012,0.0,0.0,10000.0,0.0
Tetris Ultimate,PSV,2014,0.0,10000.0,0.0,0.0
Durarara!! Relay,PSV,2015,0.0,0.0,10000.0,0.0
Moto Racer Advance,GBA,2002,10000.0,0.0,0.0,0.0
Duel Masters: Shadow of the Code,GBA,2004,10000.0,0.0,0.0,0.0
Full Auto 2: Battlelines,PSP,2007,0.0,10000.0,0.0,0.0
Army Men: Air Combat - The Elite Missions,GC,2003,10000.0,0.0,0.0,0.0
Rally Championship,GC,2003,10000.0,0.0,0.0,0.0
Happy Dance Collection,Wii,2008,0.0,0.0,10000.0,0.0
Space Hulk,PSV,2015,0.0,10000.0,0.0,0.0
Fuun Shinsengumi Bakumatsuden Portable,PSP,2009,10000.0,0.0,0.0,0.0
Musou Tourou,PSP,2009,0.0,0.0,10000.0,0.0
Daiya no Kuni no Alice: Wonderful Mirror World,PSP,2013,0.0,0.0,10000.0,0.0
Touch Detective 3: Does Funghi Dream of Bananas?,3DS,2014,0.0,0.0,10000.0,0.0
Dungeon Explorer: Warriors of Ancient Arts,PSP,2007,10000.0,0.0,0.0,0.0
Period Cube: Torikago no Amadeus,PSV,2016,0.0,0.0,10000.0,0.0
Tringo,GBA,2006,10000.0,0.0,0.0,0.0
Binary Star,PSV,2014,0.0,0.0,10000.0,0.0
MXGP 2,PC,2016,0.0,10000.0,0.0,0.0
Professional Farmer 2016,PSV,2015,0.0,10000.0,0.0,0.0
RalliSport Challenge(JP sales),XB,2002,0.0,0.0,10000.0,0.0
Dragon Quest X: All in One Package,WiiU,2015,0.0,0.0,10000.0,0.0
Ultraman Fighting Evolution 3,PS2,2004,0.0,0.0,10000.0,0.0
The Eye of Judgment: Legends,PSP,2010,0.0,0.0,10000.0,0.0
Chaos;Child,PS4,2015,0.0,0.0,10000.0,0.0
Greg Hastings' Tournament Paintball Max'd,PS2,2006,10000.0,0.0,0.0,0.0
Whac-A-Mole,GBA,2005,10000.0,0.0,0.0,0.0
Shinseiki Evangelion: Koutetsu no Girlfriend Tokubetsu-Hen Portable,PSP,2009,0.0,0.0,10000.0,0.0
Fullmetal Alchemist: Prince of the Dawn,Wii,2009,0.0,0.0,10000.0,0.0
Command & Conquer Renegade,PC,2002,0.0,10000.0,0.0,0.0
Grooverider: Slot Car Thunder,GC,2003,10000.0,0.0,0.0,0.0
H2O+: Footprints in the Sand,PS2,2008,0.0,0.0,10000.0,0.0
Sekirei: Mirai Kara no Okurimono,PS2,2009,0.0,0.0,10000.0,0.0
Cities: Skylines Snowfall,PC,2016,0.0,10000.0,0.0,0.0
Ultimate Board Game Collection,PS2,2006,10000.0,0.0,0.0,0.0
Dinotopia: The Sunstone Odyssey,XB,2003,10000.0,0.0,0.0,0.0
Idol Janshi Suchie-Pai IV,PS2,2007,0.0,0.0,10000.0,0.0
Dungeons & Dragons: Neverwinter Nights - Complete,PC,2011,10000.0,0.0,0.0,0.0
Natsuzora no Monologue,PSP,2013,0.0,0.0,10000.0,0.0
Kenka Banchou Portable,PSP,2009,0.0,0.0,10000.0,0.0
World Snooker Challenge 2005,PSP,2005,0.0,10000.0,0.0,0.0
Juiced 2: Hot Import Nights,PC,2007,0.0,10000.0,0.0,0.0
G1 Jockey 4 2008,PS3,2008,0.0,10000.0,0.0,0.0
Monster Jam,PC,2007,10000.0,0.0,0.0,0.0
Icewind Dale II,PC,2002,0.0,10000.0,0.0,0.0
The Amazing Spider-Man (DS & Mobile Versions),PSP,2009,0.0,10000.0,0.0,0.0
Mario vs. Donkey Kong: Tipping Stars,WiiU,2015,0.0,0.0,10000.0,0.0
Ishin Renka: Ryouma Gaiden,PSP,2010,0.0,0.0,10000.0,0.0
NHL 2K7,XB,2006,10000.0,0.0,0.0,0.0
Shirahana no Ori: Hiiro no Kakera 4 - Shiki no Uta,PSP,2013,0.0,0.0,10000.0,0.0
Act of Aggression,PC,2015,0.0,10000.0,0.0,0.0
Powerdrome,XB,2004,10000.0,0.0,0.0,0.0
Fallout Anthology,PC,2015,0.0,10000.0,0.0,0.0
Tropico 3: Gold Edition,PC,2010,0.0,10000.0,0.0,0.0
Survivor,Wii,2010,10000.0,0.0,0.0,0.0
Dance with Devils,PSV,2016,0.0,0.0,10000.0,0.0
Wand of Fortune,PS2,2009,0.0,0.0,10000.0,0.0
Arabians Lost: The Engagement on Desert,PSP,2012,0.0,0.0,10000.0,0.0
Gobliiins 4,PC,2009,0.0,10000.0,0.0,0.0
S.Y.K: Shinsetsu Saiyuuki Portable,PSP,2010,0.0,0.0,10000.0,0.0
"Crouching Tiger, Hidden Dragon",XB,2003,10000.0,0.0,0.0,0.0
Meru Purana,PS,1996,0.0,0.0,10000.0,0.0
Cross Edge Dash,X360,2009,0.0,0.0,10000.0,0.0
Colin McRae Rally 04,PC,2004,0.0,10000.0,0.0,0.0
Super Bubble Pop,XB,2002,10000.0,0.0,0.0,0.0
Grand Prix Legends,PC,1997,0.0,10000.0,0.0,0.0
Fate/kaleid liner Prisma Illya,3DS,2014,0.0,0.0,10000.0,0.0
Akatsuki no Amaneka to Aoi Kyojin,PSP,2010,0.0,0.0,10000.0,0.0
Pilot Academy,PSP,2006,0.0,10000.0,0.0,0.0
Poker for Dummies,PC,2008,0.0,10000.0,0.0,0.0
John Daly's ProStroke Golf,X360,2010,10000.0,0.0,0.0,0.0
TrackMania Turbo,PC,2016,0.0,10000.0,0.0,0.0
Darkened Skye,GC,2002,10000.0,0.0,0.0,0.0
Sakura-Sou no Pet na Kanojo,PSV,2013,0.0,0.0,10000.0,0.0
WSC REAL 09: World Snooker Championship,X360,2009,0.0,10000.0,0.0,0.0
World Snooker Championship 2007,X360,2007,0.0,10000.0,0.0,0.0
Handball 16,X360,2015,0.0,10000.0,0.0,0.0
Wand of Fortune: Mirai e no Prologue,PS2,2010,0.0,0.0,10000.0,0.0
Alone in the Dark,PC,2008,0.0,10000.0,0.0,0.0
LMA Manager 2007,X360,2006,0.0,10000.0,0.0,0.0
Heart no Kuni no Alice,PSP,2009,0.0,0.0,10000.0,0.0
Petz: Hamsterz Life 2,GBA,2007,10000.0,0.0,0.0,0.0
The Technomancer,PC,2016,0.0,10000.0,0.0,0.0
Pro Evolution Soccer 2010,PC,2009,0.0,10000.0,0.0,0.0
Memories Off,PSP,2008,0.0,0.0,10000.0,0.0
Tenchu San Portable,PSP,2009,0.0,0.0,10000.0,0.0
Ratchet & Clank: Full Frontal Assault,PSV,2012,10000.0,0.0,0.0,0.0
Vitamin X,PS2,2007,0.0,0.0,10000.0,0.0
The Amazing Spider-Man 2 (2014),PC,2014,0.0,10000.0,0.0,0.0
Saint Seiya Omega: Ultimate Cosmo,PSP,2012,0.0,0.0,10000.0,0.0
Sega Rally Revo,PC,2007,0.0,10000.0,0.0,0.0
"Sakigake!! Otokojuku - Nihon yo, Kore ga Otoko Dearu!",PS3,2014,0.0,0.0,10000.0,0.0
Teenage Mutant Ninja Turtles (3DS),3DS,2013,10000.0,0.0,0.0,0.0
Time Leap,X360,2009,0.0,0.0,10000.0,0.0
The Godfather (JP sales),X360,2006,0.0,0.0,10000.0,0.0
World Heroes Anthology,PS2,2007,0.0,0.0,10000.0,0.0
Chaos;Child,PS3,2015,0.0,0.0,10000.0,0.0
th!nk Logic Trainer,Wii,2009,10000.0,0.0,0.0,0.0
Routes PE,PS2,2007,0.0,0.0,10000.0,0.0
Winning Eleven: Pro Evolution Soccer 2007,PC,2006,0.0,10000.0,0.0,0.0
Railfan,PS3,2006,0.0,0.0,10000.0,0.0
SoniPro,3DS,2014,0.0,0.0,10000.0,0.0
Akatsuki no Goei Trinity,PSP,2012,0.0,0.0,10000.0,0.0
ESPN NBA 2Night 2002,XB,2002,10000.0,0.0,0.0,0.0
Aladdin Magic Racer,Wii,2011,10000.0,0.0,0.0,0.0
Goat Simulator,XOne,2016,0.0,10000.0,0.0,0.0
Golden Time: Vivid Memories,PSV,2014,0.0,0.0,10000.0,0.0
Kamigami no Asobi InFinite,PSV,2016,0.0,0.0,10000.0,0.0
Shinseiki Evangelion: Koutetsu no Girlfriend 2nd Portable,PSP,2009,0.0,0.0,10000.0,0.0
Clive Barker's Jericho,PC,2007,0.0,10000.0,0.0,0.0
Tenjin Ranman: Happy GO Lucky!!,PSP,2010,0.0,0.0,10000.0,0.0
Getsuei Gakuen: kou,PSV,2013,0.0,0.0,10000.0,0.0
Worms 2,PC,1997,0.0,10000.0,0.0,0.0
The Cages: Pro Style Batting Practice,Wii,2010,10000.0,0.0,0.0,0.0
Brothers Conflict: Precious Baby,PSV,2017,0.0,0.0,10000.0,0.0
Shin Sangoku Musou 4 Special,X360,2005,0.0,0.0,10000.0,0.0
Bullet Soul: Tama Tamashii,X360,2011,0.0,0.0,10000.0,0.0
G1 Jockey 4 2007,PS2,2007,0.0,0.0,10000.0,0.0
Colin McRae Rally 2005 plus,PSP,2005,0.0,0.0,10000.0,0.0
Heart no Kuni no Alice: Wonderful Twin World,PSP,2014,0.0,0.0,10000.0,0.0
Madagascar: Escape 2 Africa,PC,2008,10000.0,0.0,0.0,0.0
Wade Hixton's Counter Punch,GBA,2004,10000.0,0.0,0.0,0.0
Junjou Romanchika: Koi no Doki Doki Daisakusen,PS2,2008,0.0,0.0,10000.0,0.0
Legacy of Kain: Defiance,PC,2003,0.0,10000.0,0.0,0.0
Assassin's Creed Chronicles,XOne,2016,0.0,10000.0,0.0,0.0
King's Bounty: Armored Princess,PC,2009,0.0,10000.0,0.0,0.0
Hyperdimension Neptunia mk2,PS3,2011,0.0,10000.0,0.0,0.0
Shin Koihime Musou: Otome Taisen * Sangokushi Engi,PS3,2014,0.0,0.0,10000.0,0.0
Rugby League Live 3,XOne,2015,0.0,10000.0,0.0,0.0
Winx Club: Saving Alfea,3DS,2014,0.0,10000.0,0.0,0.0
Heart no Kuni no Alice,PS2,2008,0.0,0.0,10000.0,0.0
Shijyou Saikyou no Deshi Kenichi: Gekitou! Ragnarok Hachikengou,PS2,2007,0.0,0.0,10000.0,0.0
Art Academy: Home Studio,WiiU,2015,0.0,0.0,10000.0,0.0
Katekyoo Hitman Reborn! Kindan no Yami no Delta,Wii,2008,0.0,0.0,10000.0,0.0
Rugby World Cup 2015,PC,2015,0.0,10000.0,0.0,0.0
"Horse Life 4: My Horse, My Friend, My Champion",3DS,2015,0.0,10000.0,0.0,0.0
Razor Freestyle Scooter,GBA,2001,10000.0,0.0,0.0,0.0
Outdoors Unleashed: Alaska 3D,3DS,2011,10000.0,0.0,0.0,0.0
Egg Mania: Eggstreme Madness,GC,2002,10000.0,0.0,0.0,0.0
Help Wanted: 50 Wacky Jobs (jp sales),Wii,2008,0.0,10000.0,10000.0,0.0
Magicians Academy,PS2,2007,0.0,0.0,10000.0,0.0
Memories Off #5: Togireta Film,PSP,2009,0.0,0.0,10000.0,0.0
Exstetra,3DS,2013,0.0,0.0,10000.0,0.0
Lucian Bee's: Resurrection Supernova,PS2,2009,0.0,0.0,10000.0,0.0
Amnesia Later,PSV,2014,0.0,0.0,10000.0,0.0
MotoGP 15,X360,2015,0.0,10000.0,0.0,0.0
Azure Striker Gunvolt: Striker Pack,3DS,2016,0.0,0.0,10000.0,0.0
Captain Rainbow,Wii,2008,0.0,0.0,10000.0,0.0
Total War Attila: Tyrants & Kings,PC,2016,0.0,10000.0,0.0,0.0
Space Raiders,GC,2003,10000.0,0.0,0.0,0.0
DoDonPachi Daifukkatsu: Black Label,X360,2011,0.0,0.0,10000.0,0.0
"Shinobi, Koi Utsutsu: Setsugetsuka Koi Emaki",PSV,2015,0.0,0.0,10000.0,0.0
Agatha Christie: Peril at End House,PC,2009,0.0,10000.0,0.0,0.0
Muv-Luv Alternative,PS3,2012,0.0,0.0,10000.0,0.0
Dragon Ball Z for Kinect,X360,2012,10000.0,0.0,0.0,0.0
Hospital Tycoon,PC,2007,0.0,10000.0,0.0,0.0
Koi Sentai Love & Peace the P.S.P: Power Zenkai! Special Youso Tenkomori de Portable Ka Daisakusen de Aru!,PSP,2012,0.0,0.0,10000.0,0.0
Case Closed: One Truth Prevails,Wii,2007,0.0,0.0,10000.0,0.0
Slotter Mania P: Tetsuya Shinjuku vs Ueno,PSP,2010,0.0,0.0,10000.0,0.0
Bomberman,Wii,2008,0.0,0.0,10000.0,0.0
Micro Machines V4,PS2,2006,10000.0,0.0,0.0,0.0
SBK Superbike World Championship,PSP,2008,10000.0,0.0,0.0,0.0
Summer Athletics,PC,2008,0.0,10000.0,0.0,0.0
Daito Giken Koushiki Pachi-Slot Simulator: 24 - Twenty-Four,PS2,2008,0.0,0.0,10000.0,0.0
Legends of Oz: Dorothy's Return,3DS,2014,0.0,10000.0,0.0,0.0
Unending Bloody Call,PSP,2012,0.0,0.0,10000.0,0.0
Shutsugeki! Otometachi no Senjou 2: Ikusabana no Kizuna,PSP,2011,0.0,0.0,10000.0,0.0
Snood 2: On Vacation,GBA,2005,10000.0,0.0,0.0,0.0
The Land Before Time: Into the Mysterious Beyond,GBA,2006,10000.0,0.0,0.0,0.0
Irotoridori no Sekai: World's End Re-Birth,PSV,2015,0.0,0.0,10000.0,0.0
Satomi Hakkenden: Hachi Tamanoki,PSP,2014,0.0,0.0,10000.0,0.0
"Transformers: War for Cybertron (XBox 360, PS3, & PC Versions)",PC,2010,10000.0,0.0,0.0,0.0
Naraku no Shiro,PS2,2008,0.0,0.0,10000.0,0.0
Shinigami to Shoujo,PSP,2011,0.0,0.0,10000.0,0.0
Mystereet,PS2,2006,0.0,0.0,10000.0,0.0
Rabbids Invasion: The Interactive TV Show,XOne,2014,0.0,10000.0,0.0,0.0
Samurai Shodown: Warrios Rage,PS,1999,10000.0,0.0,0.0,0.0
Romeo Vs. Juliet,PSP,2013,0.0,0.0,10000.0,0.0
The Rise of the Argonauts,PC,2008,0.0,10000.0,0.0,0.0
Trine,PC,2009,0.0,10000.0,0.0,0.0
Palais de Reine,PS2,2007,0.0,0.0,10000.0,0.0
Pony Friends 2,PC,2009,0.0,10000.0,0.0,0.0
Balloon Pop 2,3DS,2012,10000.0,0.0,0.0,0.0
Deal or No Deal,PC,2006,0.0,10000.0,0.0,0.0
DJ Max Technika Tune,PSV,2012,0.0,0.0,10000.0,0.0
Teenage Mutant Ninja Turtles,Wii,2007,0.0,10000.0,0.0,0.0
Crossroad Crisis,PS,2000,10000.0,0.0,0.0,0.0
Bakumatsu Rock: Ultra Soul,PSP,2014,0.0,0.0,10000.0,0.0
Tengai Makyo: Dai Yon no Mokushiroku,PSP,2006,0.0,0.0,10000.0,0.0
Akatsuki no Goei Trinity,PS3,2012,0.0,0.0,10000.0,0.0
Karnaaj Rally,GBA,2003,10000.0,0.0,0.0,0.0
Shirogane no Soleil: Contract to the Future - Mirai e no Keiyaku,PS2,2008,0.0,0.0,10000.0,0.0
Onigokko! Portable,PSP,2013,0.0,0.0,10000.0,0.0
Kiniro no Corda 3,3DS,2015,0.0,0.0,10000.0,0.0
S?bastien Loeb Rally Evo,XOne,2016,0.0,10000.0,0.0,0.0
Hitman (2016),XOne,2016,0.0,10000.0,0.0,0.0
STORM: Frontline Nation,PC,2011,0.0,10000.0,0.0,0.0
Metal Gear Solid HD Edition,X360,2011,0.0,0.0,10000.0,0.0
Time Travelers,PSP,2012,0.0,0.0,10000.0,0.0
Mushi Bugyou,3DS,2013,0.0,0.0,10000.0,0.0
Patrician IV: Gold Edition,PC,2011,0.0,10000.0,0.0,0.0
Transformers: Fall of Cybertron,PC,2012,10000.0,0.0,0.0,0.0
Spore Galactic Adventures,PC,2009,0.0,10000.0,0.0,0.0
15 Days,PC,2009,0.0,10000.0,0.0,0.0
Battle Fantasia,PS3,2008,0.0,0.0,10000.0,0.0
Mario & Luigi: Paper Jam & Mario Kart 7 Double Pack,3DS,2015,0.0,0.0,10000.0,0.0
Driving Simulator 2011,PC,2011,0.0,10000.0,0.0,0.0
The Treasures of Mystery Island 3 Pack - Save Mystery Island!,PC,2011,10000.0,0.0,0.0,0.0
Hyakki Yagyou Kaidan Romance,PSP,2012,0.0,0.0,10000.0,0.0
Bookworm Deluxe,PC,2006,10000.0,0.0,0.0,0.0
Hakuoki: Reimeiroku - Omouhase Kara,PSV,2015,0.0,0.0,10000.0,0.0
E.T. The Extra-Terrestrial,GBA,2001,10000.0,0.0,0.0,0.0
God Eater Off Shot: Tachibana Sakuya-hen Twin Pack & Animation Vol.7,PS4,2016,0.0,0.0,10000.0,0.0
Sweet Honey Coming,PS2,2009,0.0,0.0,10000.0,0.0
Mahou Sensei Negima!? Neo-Pactio Fight!!,Wii,2007,0.0,0.0,10000.0,0.0
Bound By Flame,X360,2014,0.0,10000.0,0.0,0.0
Psychic Detective,PS,1995,10000.0,0.0,0.0,0.0
Codename: Panzers Complete Collection,PC,2016,0.0,10000.0,0.0,0.0
Super Robot Taisen: Original Generation,GBA,2002,10000.0,0.0,0.0,0.0
Dramatical Murder Re:code,PSV,2014,0.0,0.0,10000.0,0.0
Pro Evolution Soccer 2008,PC,2007,0.0,10000.0,0.0,0.0
Sugar + Spice! Anoko no Suteki na Nanimokamo,PS2,2008,0.0,0.0,10000.0,0.0
Hanasaku Manimani,PSV,2014,0.0,0.0,10000.0,0.0
Kanokon: Esuii,PS2,2008,0.0,0.0,10000.0,0.0
Mighty No. 9,XOne,2016,10000.0,0.0,0.0,0.0
Mortal Kombat: Deadly Alliance,GBA,2002,10000.0,0.0,0.0,0.0
Teslagrad,PSV,2015,0.0,10000.0,0.0,0.0
End of Nations,PC,2012,10000.0,0.0,0.0,0.0
Fujiko F. Fujio Characters: Great Assembly! Slightly Fantastic Slapstick Party,3DS,2014,0.0,0.0,10000.0,0.0
XI Coliseum,PSP,2006,0.0,0.0,10000.0,0.0
Resident Evil 4 HD,XOne,2016,10000.0,0.0,0.0,0.0
Farming 2017 - The Simulation,PS4,2016,0.0,10000.0,0.0,0.0
Grisaia no Kajitsu: La Fruit de la Grisaia,PSP,2013,0.0,0.0,10000.0,0.0
Scarlett: Nichijou no Kyoukaisen,PS2,2008,0.0,0.0,10000.0,0.0
Mini Desktop Racing,Wii,2007,10000.0,0.0,0.0,0.0
Yattaman Wii: BikkuriDokkiri Machine de Mou Race da Koron,Wii,2008,0.0,0.0,10000.0,0.0
Neo Angelique Special,PSP,2008,0.0,0.0,10000.0,0.0
Rugby Challenge 3,XOne,2016,0.0,10000.0,0.0,0.0
Damnation,PC,2009,0.0,10000.0,0.0,0.0
Outdoors Unleashed: Africa 3D,3DS,2011,10000.0,0.0,0.0,0.0
PGA European Tour,N64,2000,10000.0,0.0,0.0,0.0
Real Rode,PS2,2008,0.0,0.0,10000.0,0.0
Fit & Fun,Wii,2011,0.0,10000.0,0.0,0.0
Planet Monsters,GBA,2001,10000.0,0.0,0.0,0.0
Carmageddon 64,N64,1999,10000.0,0.0,0.0,0.0
Bust-A-Move 3000,GC,2003,10000.0,0.0,0.0,0.0
Breach,PC,2011,10000.0,0.0,0.0,0.0
Chou Ezaru wa Akai Hana: Koi wa Tsuki ni Shirube Kareru,PSV,2016,0.0,0.0,10000.0,0.0
Eiyuu Densetsu: Sora no Kiseki Material Collection Portable,PSP,2007,0.0,0.0,10000.0,0.0
Myst IV: Revelation,PC,2004,10000.0,0.0,0.0,0.0
Woody Woodpecker in Crazy Castle 5,GBA,2002,10000.0,0.0,0.0,0.0
Men in Black II: Alien Escape,GC,2003,10000.0,0.0,0.0,0.0
SCORE International Baja 1000: The Official Game,PS2,2008,0.0,0.0,0.0,0.0
Spirits & Spells,GBA,2003,10000.0,0.0,0.0,0.0
